tournament_id;date;archetype_id;group;set;number;card;copies_total;lists_with_card;lists_total;avg_count;inclusion_rate
6a9ee909a4272c53be649d1f;2026-09-08;dragapult-dudunsparce;pokemon;TWM;128;Dreepy;8;2;2;4.0;1.0
6a9ee909a4272c53be649d1f;2026-09-08;dragapult-dudunsparce;pokemon;TWM;129;Drakloak;8;2;2;4.0;1.0
6a9ee909a4272c53be649d1f;2026-09-08;dragapult-dudunsparce;pokemon;TWM;130;Dragapult ex;6;2;2;3.0;1.0
6a9ee909a4272c53be649d1f;2026-09-08;dragapult-dudunsparce;pokemon;JTG;120;Dunsparce;4;2;2;2.0;1.0
6a9ee909a4272c53be649d1f;2026-09-08;dragapult-dudunsparce;pokemon;TEF;129;Dudunsparce;2;2;2;1.0;1.0
6a9ee909a4272c53be649d1f;2026-09-08;dragapult-dudunsparce;pokemon;JTG;121;Dudunsparce ex;2;2;2;1.0;1.0
6a9ee909a4272c53be649d1f;2026-09-08;dragapult-dudunsparce;pokemon;TWM;95;Munkidori;4;2;2;2.0;1.0
6a9ee909a4272c53be649d1f;2026-09-08;dragapult-dudunsparce;pokemon;POR;62;Meowth ex;2;2;2;1.0;1.0
6a9ee909a4272c53be649d1f;2026-09-08;dragapult-dudunsparce;pokemon;ASC;16;Budew;2;2;2;1.0;1.0
6a9ee909a4272c53be649d1f;2026-09-08;dragapult-dudunsparce;pokemon;DRI;10;Shaymin;1;1;2;0.5;0.5
6a9ee909a4272c53be649d1f;2026-09-08;dragapult-dudunsparce;pokemon;PFL;14;Moltres;2;2;2;1.0;1.0
6a9ee909a4272c53be649d1f;2026-09-08;dragapult-dudunsparce;pokemon;ASC;142;Fezandipiti ex;2;2;2;1.0;1.0
6a9ee909a4272c53be649d1f;2026-09-08;dragapult-dudunsparce;trainer;MEG;119;Lillie's Determination;8;2;2;4.0;1.0
6a9ee909a4272c53be649d1f;2026-09-08;dragapult-dudunsparce;trainer;MEG;114;Boss's Orders;5;2;2;2.5;1.0
6a9ee909a4272c53be649d1f;2026-09-08;dragapult-dudunsparce;trainer;SCR;133;Crispin;4;2;2;2.0;1.0
6a9ee909a4272c53be649d1f;2026-09-08;dragapult-dudunsparce;trainer;POR;76;Judge;1;1;2;0.5;0.5
6a9ee909a4272c53be649d1f;2026-09-08;dragapult-dudunsparce;trainer;SFA;64;Xerosic's Machinations;2;2;2;1.0;1.0
6a9ee909a4272c53be649d1f;2026-09-08;dragapult-dudunsparce;trainer;POR;84;Rosa's Encouragement;2;2;2;1.0;1.0
6a9ee909a4272c53be649d1f;2026-09-08;dragapult-dudunsparce;trainer;POR;81;Poké Pad;8;2;2;4.0;1.0
6a9ee909a4272c53be649d1f;2026-09-08;dragapult-dudunsparce;trainer;TEF;144;Buddy-Buddy Poffin;8;2;2;4.0;1.0
6a9ee909a4272c53be649d1f;2026-09-08;dragapult-dudunsparce;trainer;MEG;131;Ultra Ball;8;2;2;4.0;1.0
6a9ee909a4272c53be649d1f;2026-09-08;dragapult-dudunsparce;trainer;ASC;196;Night Stretcher;6;2;2;3.0;1.0
6a9ee909a4272c53be649d1f;2026-09-08;dragapult-dudunsparce;trainer;CRI;82;Special Red Card;2;2;2;1.0;1.0
6a9ee909a4272c53be649d1f;2026-09-08;dragapult-dudunsparce;trainer;TEF;152;Hero's Cape;2;2;2;1.0;1.0
6a9ee909a4272c53be649d1f;2026-09-08;dragapult-dudunsparce;trainer;MEG;127;Risky Ruins;4;2;2;2.0;1.0
6a9ee909a4272c53be649d1f;2026-09-08;dragapult-dudunsparce;energy;MEE;5;Psychic Energy;6;2;2;3.0;1.0
6a9ee909a4272c53be649d1f;2026-09-08;dragapult-dudunsparce;energy;MEE;2;Fire Energy;7;2;2;3.5;1.0
6a9ee909a4272c53be649d1f;2026-09-08;dragapult-dudunsparce;energy;MEE;7;Darkness Energy;4;2;2;2.0;1.0
6a9ee909a4272c53be649d1f;2026-09-08;dragapult-dusknoir;pokemon;TWM;128;Dreepy;32;8;8;4.0;1.0
6a9ee909a4272c53be649d1f;2026-09-08;dragapult-dusknoir;pokemon;TWM;129;Drakloak;32;8;8;4.0;1.0
6a9ee909a4272c53be649d1f;2026-09-08;dragapult-dusknoir;pokemon;TWM;130;Dragapult ex;23;8;8;2.875;1.0
6a9ee909a4272c53be649d1f;2026-09-08;dragapult-dusknoir;pokemon;PRE;35;Duskull;16;8;8;2.0;1.0
6a9ee909a4272c53be649d1f;2026-09-08;dragapult-dusknoir;pokemon;PRE;36;Dusclops;13;8;8;1.625;1.0
6a9ee909a4272c53be649d1f;2026-09-08;dragapult-dusknoir;pokemon;PRE;37;Dusknoir;10;8;8;1.25;1.0
6a9ee909a4272c53be649d1f;2026-09-08;dragapult-dusknoir;pokemon;ASC;16;Budew;13;8;8;1.625;1.0
6a9ee909a4272c53be649d1f;2026-09-08;dragapult-dusknoir;pokemon;DRI;10;Shaymin;1;1;8;0.125;0.125
6a9ee909a4272c53be649d1f;2026-09-08;dragapult-dusknoir;pokemon;ASC;142;Fezandipiti ex;8;8;8;1.0;1.0
6a9ee909a4272c53be649d1f;2026-09-08;dragapult-dusknoir;trainer;MEG;119;Lillie's Determination;30;8;8;3.75;1.0
6a9ee909a4272c53be649d1f;2026-09-08;dragapult-dusknoir;trainer;MEG;114;Boss's Orders;22;8;8;2.75;1.0
6a9ee909a4272c53be649d1f;2026-09-08;dragapult-dusknoir;trainer;SCR;133;Crispin;16;8;8;2.0;1.0
6a9ee909a4272c53be649d1f;2026-09-08;dragapult-dusknoir;trainer;POR;84;Rosa's Encouragement;5;5;8;0.625;0.625
6a9ee909a4272c53be649d1f;2026-09-08;dragapult-dusknoir;trainer;TEF;144;Buddy-Buddy Poffin;31;8;8;3.875;1.0
6a9ee909a4272c53be649d1f;2026-09-08;dragapult-dusknoir;trainer;POR;81;Poké Pad;29;8;8;3.625;1.0
6a9ee909a4272c53be649d1f;2026-09-08;dragapult-dusknoir;trainer;MEG;125;Rare Candy;12;5;8;1.5;0.625
6a9ee909a4272c53be649d1f;2026-09-08;dragapult-dusknoir;trainer;MEG;131;Ultra Ball;26;8;8;3.25;1.0
6a9ee909a4272c53be649d1f;2026-09-08;dragapult-dusknoir;trainer;ASC;196;Night Stretcher;21;8;8;2.625;1.0
6a9ee909a4272c53be649d1f;2026-09-08;dragapult-dusknoir;trainer;CRI;82;Special Red Card;7;7;8;0.875;0.875
6a9ee909a4272c53be649d1f;2026-09-08;dragapult-dusknoir;trainer;TWM;165;Unfair Stamp;5;5;8;0.625;0.625
6a9ee909a4272c53be649d1f;2026-09-08;dragapult-dusknoir;trainer;DRI;180;Team Rocket's Watchtower;4;3;8;0.5;0.375
6a9ee909a4272c53be649d1f;2026-09-08;dragapult-dusknoir;trainer;TWM;153;Jamming Tower;6;6;8;0.75;0.75
6a9ee909a4272c53be649d1f;2026-09-08;dragapult-dusknoir;energy;MEE;2;Fire Energy;27;8;8;3.375;1.0
6a9ee909a4272c53be649d1f;2026-09-08;dragapult-dusknoir;energy;MEE;5;Psychic Energy;25;8;8;3.125;1.0
6a9ee909a4272c53be649d1f;2026-09-08;froslass-munkidori;pokemon;TWM;95;Munkidori;4;1;1;4.0;1.0
6a9ee909a4272c53be649d1f;2026-09-08;froslass-munkidori;pokemon;ASC;46;Snorunt;3;1;1;3.0;1.0
6a9ee909a4272c53be649d1f;2026-09-08;froslass-munkidori;pokemon;TWM;53;Froslass;3;1;1;3.0;1.0
6a9ee909a4272c53be649d1f;2026-09-08;froslass-munkidori;pokemon;ASC;47;Mega Froslass ex;1;1;1;1.0;1.0
6a9ee909a4272c53be649d1f;2026-09-08;froslass-munkidori;pokemon;MEG;88;Yveltal;2;1;1;2.0;1.0
6a9ee909a4272c53be649d1f;2026-09-08;froslass-munkidori;pokemon;JTG;120;Dunsparce;1;1;1;1.0;1.0
6a9ee909a4272c53be649d1f;2026-09-08;froslass-munkidori;pokemon;TEF;129;Dudunsparce;1;1;1;1.0;1.0
6a9ee909a4272c53be649d1f;2026-09-08;froslass-munkidori;pokemon;ASC;16;Budew;1;1;1;1.0;1.0
6a9ee909a4272c53be649d1f;2026-09-08;froslass-munkidori;pokemon;POR;53;Yveltal ex;1;1;1;1.0;1.0
6a9ee909a4272c53be649d1f;2026-09-08;froslass-munkidori;pokemon;DRI;10;Shaymin;1;1;1;1.0;1.0
6a9ee909a4272c53be649d1f;2026-09-08;froslass-munkidori;trainer;MEG;119;Lillie's Determination;4;1;1;4.0;1.0
6a9ee909a4272c53be649d1f;2026-09-08;froslass-munkidori;trainer;MEG;114;Boss's Orders;3;1;1;3.0;1.0
6a9ee909a4272c53be649d1f;2026-09-08;froslass-munkidori;trainer;SCR;133;Crispin;2;1;1;2.0;1.0
6a9ee909a4272c53be649d1f;2026-09-08;froslass-munkidori;trainer;WHT;84;Hilda;2;1;1;2.0;1.0
6a9ee909a4272c53be649d1f;2026-09-08;froslass-munkidori;trainer;TEF;144;Buddy-Buddy Poffin;4;1;1;4.0;1.0
6a9ee909a4272c53be649d1f;2026-09-08;froslass-munkidori;trainer;POR;81;Poké Pad;4;1;1;4.0;1.0
6a9ee909a4272c53be649d1f;2026-09-08;froslass-munkidori;trainer;POR;71;Crushing Hammer;3;1;1;3.0;1.0
6a9ee909a4272c53be649d1f;2026-09-08;froslass-munkidori;trainer;POR;82;Pokémon Catcher;3;1;1;3.0;1.0
6a9ee909a4272c53be649d1f;2026-09-08;froslass-munkidori;trainer;ASC;196;Night Stretcher;3;1;1;3.0;1.0
6a9ee909a4272c53be649d1f;2026-09-08;froslass-munkidori;trainer;TWM;163;Secret Box;1;1;1;1.0;1.0
6a9ee909a4272c53be649d1f;2026-09-08;froslass-munkidori;trainer;CRI;82;Special Red Card;1;1;1;1.0;1.0
6a9ee909a4272c53be649d1f;2026-09-08;froslass-munkidori;trainer;ASC;181;Air Balloon;1;1;1;1.0;1.0
6a9ee909a4272c53be649d1f;2026-09-08;froslass-munkidori;trainer;POR;77;Lumiose City;1;1;1;1.0;1.0
6a9ee909a4272c53be649d1f;2026-09-08;froslass-munkidori;trainer;MEG;127;Risky Ruins;1;1;1;1.0;1.0
6a9ee909a4272c53be649d1f;2026-09-08;froslass-munkidori;trainer;SSP;177;Gravity Mountain;1;1;1;1.0;1.0
6a9ee909a4272c53be649d1f;2026-09-08;froslass-munkidori;energy;MEE;7;Darkness Energy;4;1;1;4.0;1.0
6a9ee909a4272c53be649d1f;2026-09-08;froslass-munkidori;energy;MEE;3;Water Energy;2;1;1;2.0;1.0
6a9ee909a4272c53be649d1f;2026-09-08;froslass-munkidori;energy;ASC;216;Prism Energy;2;1;1;2.0;1.0
6a9ee909a4272c53be649d1f;2026-09-08;grimmsnarl-froslass;pokemon;TWM;95;Munkidori;16;4;4;4.0;1.0
6a9ee909a4272c53be649d1f;2026-09-08;grimmsnarl-froslass;pokemon;DRI;134;Marnie's Impidimp;13;4;4;3.25;1.0
6a9ee909a4272c53be649d1f;2026-09-08;grimmsnarl-froslass;pokemon;DRI;135;Marnie's Morgrem;10;4;4;2.5;1.0
6a9ee909a4272c53be649d1f;2026-09-08;grimmsnarl-froslass;pokemon;DRI;136;Marnie's Grimmsnarl ex;10;4;4;2.5;1.0
6a9ee909a4272c53be649d1f;2026-09-08;grimmsnarl-froslass;pokemon;ASC;46;Snorunt;11;4;4;2.75;1.0
6a9ee909a4272c53be649d1f;2026-09-08;grimmsnarl-froslass;pokemon;TWM;53;Froslass;11;4;4;2.75;1.0
6a9ee909a4272c53be649d1f;2026-09-08;grimmsnarl-froslass;pokemon;ASC;16;Budew;6;4;4;1.5;1.0
6a9ee909a4272c53be649d1f;2026-09-08;grimmsnarl-froslass;pokemon;MEG;88;Yveltal;4;4;4;1.0;1.0
6a9ee909a4272c53be649d1f;2026-09-08;grimmsnarl-froslass;pokemon;DRI;10;Shaymin;3;3;4;0.75;0.75
6a9ee909a4272c53be649d1f;2026-09-08;grimmsnarl-froslass;trainer;MEG;119;Lillie's Determination;16;4;4;4.0;1.0
6a9ee909a4272c53be649d1f;2026-09-08;grimmsnarl-froslass;trainer;DRI;176;Team Rocket's Petrel;10;4;4;2.5;1.0
6a9ee909a4272c53be649d1f;2026-09-08;grimmsnarl-froslass;trainer;PBL;78;Gwynn;5;3;4;1.25;0.75
6a9ee909a4272c53be649d1f;2026-09-08;grimmsnarl-froslass;trainer;MEG;114;Boss's Orders;11;4;4;2.75;1.0
6a9ee909a4272c53be649d1f;2026-09-08;grimmsnarl-froslass;trainer;POR;81;Poké Pad;16;4;4;4.0;1.0
6a9ee909a4272c53be649d1f;2026-09-08;grimmsnarl-froslass;trainer;TEF;144;Buddy-Buddy Poffin;10;4;4;2.5;1.0
6a9ee909a4272c53be649d1f;2026-09-08;grimmsnarl-froslass;trainer;ASC;196;Night Stretcher;9;4;4;2.25;1.0
6a9ee909a4272c53be649d1f;2026-09-08;grimmsnarl-froslass;trainer;MEG;125;Rare Candy;6;4;4;1.5;1.0
6a9ee909a4272c53be649d1f;2026-09-08;grimmsnarl-froslass;trainer;TWM;163;Secret Box;3;3;4;0.75;0.75
6a9ee909a4272c53be649d1f;2026-09-08;grimmsnarl-froslass;trainer;SVI;186;Pokégear 3.0;2;2;4;0.5;0.5
6a9ee909a4272c53be649d1f;2026-09-08;grimmsnarl-froslass;trainer;CRI;82;Special Red Card;4;4;4;1.0;1.0
6a9ee909a4272c53be649d1f;2026-09-08;grimmsnarl-froslass;trainer;ASC;181;Air Balloon;4;4;4;1.0;1.0
6a9ee909a4272c53be649d1f;2026-09-08;grimmsnarl-froslass;trainer;DRI;169;Spikemuth Gym;13;4;4;3.25;1.0
6a9ee909a4272c53be649d1f;2026-09-08;grimmsnarl-froslass;trainer;DRI;180;Team Rocket's Watchtower;1;1;4;0.25;0.25
6a9ee909a4272c53be649d1f;2026-09-08;grimmsnarl-froslass;energy;MEE;7;Darkness Energy;34;4;4;8.5;1.0
6a9ee909a4272c53be649d1f;2026-09-08;rockets-honchkrow;pokemon;DRI;127;Team Rocket's Murkrow;12;3;3;4.0;1.0
6a9ee909a4272c53be649d1f;2026-09-08;rockets-honchkrow;pokemon;ASC;127;Team Rocket's Honchkrow;9;3;3;3.0;1.0
6a9ee909a4272c53be649d1f;2026-09-08;rockets-honchkrow;pokemon;DRI;153;Team Rocket's Porygon;6;3;3;2.0;1.0
6a9ee909a4272c53be649d1f;2026-09-08;rockets-honchkrow;pokemon;DRI;154;Team Rocket's Porygon2;3;3;3;1.0;1.0
6a9ee909a4272c53be649d1f;2026-09-08;rockets-honchkrow;pokemon;DRI;51;Team Rocket's Articuno;6;3;3;2.0;1.0
6a9ee909a4272c53be649d1f;2026-09-08;rockets-honchkrow;trainer;DRI;174;Team Rocket's Giovanni;12;3;3;4.0;1.0
6a9ee909a4272c53be649d1f;2026-09-08;rockets-honchkrow;trainer;DRI;170;Team Rocket's Archer;12;3;3;4.0;1.0
6a9ee909a4272c53be649d1f;2026-09-08;rockets-honchkrow;trainer;DRI;171;Team Rocket's Ariana;12;3;3;4.0;1.0
6a9ee909a4272c53be649d1f;2026-09-08;rockets-honchkrow;trainer;DRI;176;Team Rocket's Petrel;12;3;3;4.0;1.0
6a9ee909a4272c53be649d1f;2026-09-08;rockets-honchkrow;trainer;DRI;177;Team Rocket's Proton;12;3;3;4.0;1.0
6a9ee909a4272c53be649d1f;2026-09-08;rockets-honchkrow;trainer;DRI;178;Team Rocket's Transceiver;12;3;3;4.0;1.0
6a9ee909a4272c53be649d1f;2026-09-08;rockets-honchkrow;trainer;PRE;127;Roto-Stick;11;3;3;3.6667;1.0
6a9ee909a4272c53be649d1f;2026-09-08;rockets-honchkrow;trainer;POR;81;Poké Pad;12;3;3;4.0;1.0
6a9ee909a4272c53be649d1f;2026-09-08;rockets-honchkrow;trainer;ASC;196;Night Stretcher;9;3;3;3.0;1.0
6a9ee909a4272c53be649d1f;2026-09-08;rockets-honchkrow;trainer;MEG;131;Ultra Ball;2;2;3;0.6667;0.6667
6a9ee909a4272c53be649d1f;2026-09-08;rockets-honchkrow;trainer;SSP;183;Miracle Headset;3;3;3;1.0;1.0
6a9ee909a4272c53be649d1f;2026-09-08;rockets-honchkrow;trainer;DRI;173;Team Rocket's Factory;9;3;3;3.0;1.0
6a9ee909a4272c53be649d1f;2026-09-08;rockets-honchkrow;energy;DRI;182;Team Rocket's Energy;12;3;3;4.0;1.0
6a9ee909a4272c53be649d1f;2026-09-08;rockets-honchkrow;energy;WHT;86;Ignition Energy;12;3;3;4.0;1.0
6a9ee909a4272c53be649d1f;2026-09-08;lopunny-dudunsparce;pokemon;PFL;83;Buneary;7;3;3;2.3333;1.0
6a9ee909a4272c53be649d1f;2026-09-08;lopunny-dudunsparce;pokemon;PFL;84;Mega Lopunny ex;7;3;3;2.3333;1.0
6a9ee909a4272c53be649d1f;2026-09-08;lopunny-dudunsparce;pokemon;JTG;120;Dunsparce;8;3;3;2.6667;1.0
6a9ee909a4272c53be649d1f;2026-09-08;lopunny-dudunsparce;pokemon;TEF;129;Dudunsparce;9;3;3;3.0;1.0
6a9ee909a4272c53be649d1f;2026-09-08;lopunny-dudunsparce;pokemon;SCR;118;Fan Rotom;4;3;3;1.3333;1.0
6a9ee909a4272c53be649d1f;2026-09-08;lopunny-dudunsparce;pokemon;DRI;10;Shaymin;2;2;3;0.6667;0.6667
6a9ee909a4272c53be649d1f;2026-09-08;lopunny-dudunsparce;pokemon;ASC;62;Stunfisk;2;2;3;0.6667;0.6667
6a9ee909a4272c53be649d1f;2026-09-08;lopunny-dudunsparce;pokemon;PFL;14;Moltres;1;1;3;0.3333;0.3333
6a9ee909a4272c53be649d1f;2026-09-08;lopunny-dudunsparce;pokemon;ASC;39;Psyduck;1;1;3;0.3333;0.3333
6a9ee909a4272c53be649d1f;2026-09-08;lopunny-dudunsparce;trainer;WHT;84;Hilda;9;3;3;3.0;1.0
6a9ee909a4272c53be649d1f;2026-09-08;lopunny-dudunsparce;trainer;MEG;119;Lillie's Determination;9;3;3;3.0;1.0
6a9ee909a4272c53be649d1f;2026-09-08;lopunny-dudunsparce;trainer;MEG;132;Wally's Compassion;11;3;3;3.6667;1.0
6a9ee909a4272c53be649d1f;2026-09-08;lopunny-dudunsparce;trainer;MEG;114;Boss's Orders;9;3;3;3.0;1.0
6a9ee909a4272c53be649d1f;2026-09-08;lopunny-dudunsparce;trainer;DRI;176;Team Rocket's Petrel;1;1;3;0.3333;0.3333
6a9ee909a4272c53be649d1f;2026-09-08;lopunny-dudunsparce;trainer;POR;81;Poké Pad;12;3;3;4.0;1.0
6a9ee909a4272c53be649d1f;2026-09-08;lopunny-dudunsparce;trainer;SVI;186;Pokégear 3.0;7;3;3;2.3333;1.0
6a9ee909a4272c53be649d1f;2026-09-08;lopunny-dudunsparce;trainer;TEF;144;Buddy-Buddy Poffin;11;3;3;3.6667;1.0
6a9ee909a4272c53be649d1f;2026-09-08;lopunny-dudunsparce;trainer;MEG;131;Ultra Ball;8;3;3;2.6667;1.0
6a9ee909a4272c53be649d1f;2026-09-08;lopunny-dudunsparce;trainer;CRI;82;Special Red Card;2;2;3;0.6667;0.6667
6a9ee909a4272c53be649d1f;2026-09-08;lopunny-dudunsparce;trainer;ASC;196;Night Stretcher;3;3;3;1.0;1.0
6a9ee909a4272c53be649d1f;2026-09-08;lopunny-dudunsparce;trainer;ASC;181;Air Balloon;8;3;3;2.6667;1.0
6a9ee909a4272c53be649d1f;2026-09-08;lopunny-dudunsparce;trainer;TEF;152;Hero's Cape;3;3;3;1.0;1.0
6a9ee909a4272c53be649d1f;2026-09-08;lopunny-dudunsparce;trainer;PFL;85;Battle Cage;7;3;3;2.3333;1.0
6a9ee909a4272c53be649d1f;2026-09-08;lopunny-dudunsparce;energy;ASC;216;Prism Energy;4;1;3;1.3333;0.3333
6a9ee909a4272c53be649d1f;2026-09-08;lopunny-dudunsparce;energy;TEF;161;Mist Energy;12;3;3;4.0;1.0
6a9ee909a4272c53be649d1f;2026-09-08;slowking-scr;pokemon;SCR;57;Slowpoke;20;5;6;3.3333;0.8333
6a9ee909a4272c53be649d1f;2026-09-08;slowking-scr;pokemon;SCR;58;Slowking;19;6;6;3.1667;1.0
6a9ee909a4272c53be649d1f;2026-09-08;slowking-scr;pokemon;MEG;104;Mega Kangaskhan ex;16;6;6;2.6667;1.0
6a9ee909a4272c53be649d1f;2026-09-08;slowking-scr;pokemon;SSP;76;Latias ex;12;6;6;2.0;1.0
6a9ee909a4272c53be649d1f;2026-09-08;slowking-scr;pokemon;SFA;47;Kyurem;11;6;6;1.8333;1.0
6a9ee909a4272c53be649d1f;2026-09-08;slowking-scr;pokemon;POR;62;Meowth ex;6;6;6;1.0;1.0
6a9ee909a4272c53be649d1f;2026-09-08;slowking-scr;pokemon;ASC;142;Fezandipiti ex;5;5;6;0.8333;0.8333
6a9ee909a4272c53be649d1f;2026-09-08;slowking-scr;pokemon;ASC;98;Spectrier;1;1;6;0.1667;0.1667
6a9ee909a4272c53be649d1f;2026-09-08;slowking-scr;pokemon;JTG;56;Lillie's Clefairy ex;5;5;6;0.8333;0.8333
6a9ee909a4272c53be649d1f;2026-09-08;slowking-scr;pokemon;SSP;100;Annihilape;4;4;6;0.6667;0.6667
6a9ee909a4272c53be649d1f;2026-09-08;slowking-scr;pokemon;DRI;78;Zeraora;2;2;6;0.3333;0.3333
6a9ee909a4272c53be649d1f;2026-09-08;slowking-scr;pokemon;CRI;61;Metagross;8;6;6;1.3333;1.0
6a9ee909a4272c53be649d1f;2026-09-08;slowking-scr;trainer;MEG;119;Lillie's Determination;24;6;6;4.0;1.0
6a9ee909a4272c53be649d1f;2026-09-08;slowking-scr;trainer;TEF;145;Ciphermaniac's Codebreaking;22;6;6;3.6667;1.0
6a9ee909a4272c53be649d1f;2026-09-08;slowking-scr;trainer;POR;81;Poké Pad;24;6;6;4.0;1.0
6a9ee909a4272c53be649d1f;2026-09-08;slowking-scr;trainer;ASC;196;Night Stretcher;15;6;6;2.5;1.0
6a9ee909a4272c53be649d1f;2026-09-08;slowking-scr;trainer;MEG;131;Ultra Ball;22;6;6;3.6667;1.0
6a9ee909a4272c53be649d1f;2026-09-08;slowking-scr;trainer;PFL;94;Wondrous Patch;18;6;6;3.0;1.0
6a9ee909a4272c53be649d1f;2026-09-08;slowking-scr;trainer;MEG;130;Switch;7;4;6;1.1667;0.6667
6a9ee909a4272c53be649d1f;2026-09-08;slowking-scr;trainer;TWM;163;Secret Box;3;3;6;0.5;0.5
6a9ee909a4272c53be649d1f;2026-09-08;slowking-scr;trainer;DRI;168;Sacred Ash;2;2;6;0.3333;0.3333
6a9ee909a4272c53be649d1f;2026-09-08;slowking-scr;trainer;SFA;54;Academy at Night;24;6;6;4.0;1.0
6a9ee909a4272c53be649d1f;2026-09-08;slowking-scr;energy;MEE;5;Psychic Energy;23;6;6;3.8333;1.0
6a9ee909a4272c53be649d1f;2026-09-08;slowking-scr;energy;TWM;166;Boomerang Energy;11;5;6;1.8333;0.8333
6a9ee909a4272c53be649d1f;2026-09-08;slowking-scr;energy;POR;88;Telepathic Psychic Energy;23;6;6;3.8333;1.0
6a9ee909a4272c53be649d1f;2026-09-08;rockets-honchkrow;trainer;ASC;181;Air Balloon;1;1;3;0.3333;0.3333
6a9ee909a4272c53be649d1f;2026-09-08;rockets-honchkrow;trainer;WHT;80;Brave Bangle;1;1;3;0.3333;0.3333
6a9ee909a4272c53be649d1f;2026-09-08;toucannon-pbl;pokemon;PBL;66;Pikipek;8;2;2;4.0;1.0
6a9ee909a4272c53be649d1f;2026-09-08;toucannon-pbl;pokemon;PBL;67;Trumbeak;4;2;2;2.0;1.0
6a9ee909a4272c53be649d1f;2026-09-08;toucannon-pbl;pokemon;PBL;68;Toucannon;7;2;2;3.5;1.0
6a9ee909a4272c53be649d1f;2026-09-08;toucannon-pbl;pokemon;JTG;120;Dunsparce;7;2;2;3.5;1.0
6a9ee909a4272c53be649d1f;2026-09-08;toucannon-pbl;pokemon;TEF;129;Dudunsparce;6;2;2;3.0;1.0
6a9ee909a4272c53be649d1f;2026-09-08;toucannon-pbl;pokemon;SCR;128;Terapagos ex;3;1;2;1.5;0.5
6a9ee909a4272c53be649d1f;2026-09-08;toucannon-pbl;pokemon;CRI;70;Patrat;2;1;2;1.0;0.5
6a9ee909a4272c53be649d1f;2026-09-08;toucannon-pbl;pokemon;SCR;118;Fan Rotom;4;2;2;2.0;1.0
6a9ee909a4272c53be649d1f;2026-09-08;toucannon-pbl;trainer;MEG;119;Lillie's Determination;8;2;2;4.0;1.0
6a9ee909a4272c53be649d1f;2026-09-08;toucannon-pbl;trainer;MEG;114;Boss's Orders;5;2;2;2.5;1.0
6a9ee909a4272c53be649d1f;2026-09-08;toucannon-pbl;trainer;JTG;143;Black Belt's Training;2;1;2;1.0;0.5
6a9ee909a4272c53be649d1f;2026-09-08;toucannon-pbl;trainer;TEF;144;Buddy-Buddy Poffin;8;2;2;4.0;1.0
6a9ee909a4272c53be649d1f;2026-09-08;toucannon-pbl;trainer;MEG;125;Rare Candy;7;2;2;3.5;1.0
6a9ee909a4272c53be649d1f;2026-09-08;toucannon-pbl;trainer;POR;81;Poké Pad;8;2;2;4.0;1.0
6a9ee909a4272c53be649d1f;2026-09-08;toucannon-pbl;trainer;ASC;196;Night Stretcher;2;1;2;1.0;0.5
6a9ee909a4272c53be649d1f;2026-09-08;toucannon-pbl;trainer;TEF;157;Prime Catcher;1;1;2;0.5;0.5
6a9ee909a4272c53be649d1f;2026-09-08;toucannon-pbl;trainer;DRI;168;Sacred Ash;2;2;2;1.0;1.0
6a9ee909a4272c53be649d1f;2026-09-08;toucannon-pbl;trainer;SSP;169;Counter Gain;1;1;2;0.5;0.5
6a9ee909a4272c53be649d1f;2026-09-08;toucannon-pbl;trainer;WHT;80;Brave Bangle;2;2;2;1.0;1.0
6a9ee909a4272c53be649d1f;2026-09-08;toucannon-pbl;trainer;SCR;131;Area Zero Underdepths;8;2;2;4.0;1.0
6a9ee909a4272c53be649d1f;2026-09-08;toucannon-pbl;energy;JTG;159;Spiky Energy;7;2;2;3.5;1.0
6a9ee909a4272c53be649d1f;2026-09-08;toucannon-pbl;energy;TEF;161;Mist Energy;6;2;2;3.0;1.0
6a9ee909a4272c53be649d1f;2026-09-08;toxtricity-box;pokemon;PFL;67;Toxel;4;1;1;4.0;1.0
6a9ee909a4272c53be649d1f;2026-09-08;toxtricity-box;pokemon;PFL;68;Toxtricity;4;1;1;4.0;1.0
6a9ee909a4272c53be649d1f;2026-09-08;toxtricity-box;pokemon;TWM;95;Munkidori;3;1;1;3.0;1.0
6a9ee909a4272c53be649d1f;2026-09-08;toxtricity-box;pokemon;DRI;10;Shaymin;1;1;1;1.0;1.0
6a9ee909a4272c53be649d1f;2026-09-08;toxtricity-box;pokemon;PBL;59;Chi-Yu;1;1;1;1.0;1.0
6a9ee909a4272c53be649d1f;2026-09-08;toxtricity-box;pokemon;SVP;149;Pecharunt;1;1;1;1.0;1.0
6a9ee909a4272c53be649d1f;2026-09-08;toxtricity-box;pokemon;TWM;118;Brute Bonnet;1;1;1;1.0;1.0
6a9ee909a4272c53be649d1f;2026-09-08;toxtricity-box;pokemon;SFA;39;Pecharunt ex;1;1;1;1.0;1.0
6a9ee909a4272c53be649d1f;2026-09-08;toxtricity-box;pokemon;ASC;142;Fezandipiti ex;1;1;1;1.0;1.0
6a9ee909a4272c53be649d1f;2026-09-08;toxtricity-box;pokemon;MEG;86;Mega Absol ex;1;1;1;1.0;1.0
6a9ee909a4272c53be649d1f;2026-09-08;toxtricity-box;trainer;MEG;119;Lillie's Determination;4;1;1;4.0;1.0
6a9ee909a4272c53be649d1f;2026-09-08;toxtricity-box;trainer;MEG;114;Boss's Orders;3;1;1;3.0;1.0
6a9ee909a4272c53be649d1f;2026-09-08;toxtricity-box;trainer;DRI;176;Team Rocket's Petrel;2;1;1;2.0;1.0
6a9ee909a4272c53be649d1f;2026-09-08;toxtricity-box;trainer;POR;76;Judge;1;1;1;1.0;1.0
6a9ee909a4272c53be649d1f;2026-09-08;toxtricity-box;trainer;POR;81;Poké Pad;4;1;1;4.0;1.0
6a9ee909a4272c53be649d1f;2026-09-08;toxtricity-box;trainer;ASC;196;Night Stretcher;3;1;1;3.0;1.0
6a9ee909a4272c53be649d1f;2026-09-08;toxtricity-box;trainer;MEG;115;Energy Switch;2;1;1;2.0;1.0
6a9ee909a4272c53be649d1f;2026-09-08;toxtricity-box;trainer;DRI;164;Energy Recycler;2;1;1;2.0;1.0
6a9ee909a4272c53be649d1f;2026-09-08;toxtricity-box;trainer;SVI;186;Pokégear 3.0;2;1;1;2.0;1.0
6a9ee909a4272c53be649d1f;2026-09-08;toxtricity-box;trainer;TWM;163;Secret Box;1;1;1;1.0;1.0
6a9ee909a4272c53be649d1f;2026-09-08;toxtricity-box;trainer;TEF;144;Buddy-Buddy Poffin;1;1;1;1.0;1.0
6a9ee909a4272c53be649d1f;2026-09-08;toxtricity-box;trainer;MEG;131;Ultra Ball;1;1;1;1.0;1.0
6a9ee909a4272c53be649d1f;2026-09-08;toxtricity-box;trainer;CRI;82;Special Red Card;1;1;1;1.0;1.0
6a9ee909a4272c53be649d1f;2026-09-08;toxtricity-box;trainer;ASC;181;Air Balloon;2;1;1;2.0;1.0
6a9ee909a4272c53be649d1f;2026-09-08;toxtricity-box;trainer;DRI;180;Team Rocket's Watchtower;2;1;1;2.0;1.0
6a9ee909a4272c53be649d1f;2026-09-08;toxtricity-box;trainer;POR;77;Lumiose City;1;1;1;1.0;1.0
6a9ee909a4272c53be649d1f;2026-09-08;toxtricity-box;energy;MEE;7;Darkness Energy;10;1;1;10.0;1.0
6a9ee909a4272c53be649d1f;2026-09-08;dragapult-dusknoir;pokemon;JTG;120;Dunsparce;1;1;8;0.125;0.125
6a9ee909a4272c53be649d1f;2026-09-08;dragapult-dusknoir;pokemon;TEF;128;Dunsparce;1;1;8;0.125;0.125
6a9ee909a4272c53be649d1f;2026-09-08;dragapult-dusknoir;pokemon;JTG;121;Dudunsparce ex;1;1;8;0.125;0.125
6a9ee909a4272c53be649d1f;2026-09-08;dragapult-dusknoir;pokemon;TEF;129;Dudunsparce;1;1;8;0.125;0.125
6a9ee909a4272c53be649d1f;2026-09-08;dragapult-dusknoir;pokemon;TWM;95;Munkidori;9;6;8;1.125;0.75
6a9ee909a4272c53be649d1f;2026-09-08;dragapult-dusknoir;pokemon;POR;62;Meowth ex;6;6;8;0.75;0.75
6a9ee909a4272c53be649d1f;2026-09-08;dragapult-dusknoir;pokemon;MEG;88;Yveltal;1;1;8;0.125;0.125
6a9ee909a4272c53be649d1f;2026-09-08;dragapult-dusknoir;pokemon;PFL;14;Moltres;4;4;8;0.5;0.5
6a9ee909a4272c53be649d1f;2026-09-08;dragapult-dusknoir;trainer;MEG;127;Risky Ruins;5;3;8;0.625;0.375
6a9ee909a4272c53be649d1f;2026-09-08;dragapult-dusknoir;energy;MEE;7;Darkness Energy;11;6;8;1.375;0.75
6a9ee909a4272c53be649d1f;2026-09-08;ethan-typhlosion;pokemon;DRI;32;Ethan's Cyndaquil;4;1;1;4.0;1.0
6a9ee909a4272c53be649d1f;2026-09-08;ethan-typhlosion;pokemon;DRI;33;Ethan's Quilava;4;1;1;4.0;1.0
6a9ee909a4272c53be649d1f;2026-09-08;ethan-typhlosion;pokemon;DRI;34;Ethan's Typhlosion;3;1;1;3.0;1.0
6a9ee909a4272c53be649d1f;2026-09-08;ethan-typhlosion;pokemon;PBL;66;Pikipek;2;1;1;2.0;1.0
6a9ee909a4272c53be649d1f;2026-09-08;ethan-typhlosion;pokemon;PBL;67;Trumbeak;2;1;1;2.0;1.0
6a9ee909a4272c53be649d1f;2026-09-08;ethan-typhlosion;pokemon;PBL;68;Toucannon;2;1;1;2.0;1.0
6a9ee909a4272c53be649d1f;2026-09-08;ethan-typhlosion;pokemon;ASC;142;Fezandipiti ex;1;1;1;1.0;1.0
6a9ee909a4272c53be649d1f;2026-09-08;ethan-typhlosion;pokemon;SSP;21;Victini;1;1;1;1.0;1.0
6a9ee909a4272c53be649d1f;2026-09-08;ethan-typhlosion;pokemon;DRI;10;Shaymin;1;1;1;1.0;1.0
6a9ee909a4272c53be649d1f;2026-09-08;ethan-typhlosion;pokemon;ASC;39;Psyduck;1;1;1;1.0;1.0
6a9ee909a4272c53be649d1f;2026-09-08;ethan-typhlosion;trainer;DRI;165;Ethan's Adventure;4;1;1;4.0;1.0
6a9ee909a4272c53be649d1f;2026-09-08;ethan-typhlosion;trainer;MEG;119;Lillie's Determination;3;1;1;3.0;1.0
6a9ee909a4272c53be649d1f;2026-09-08;ethan-typhlosion;trainer;MEG;114;Boss's Orders;3;1;1;3.0;1.0
6a9ee909a4272c53be649d1f;2026-09-08;ethan-typhlosion;trainer;TWM;155;Lana's Aid;1;1;1;1.0;1.0
6a9ee909a4272c53be649d1f;2026-09-08;ethan-typhlosion;trainer;TWM;154;Kieran;1;1;1;1.0;1.0
6a9ee909a4272c53be649d1f;2026-09-08;ethan-typhlosion;trainer;SFA;64;Xerosic's Machinations;1;1;1;1.0;1.0
6a9ee909a4272c53be649d1f;2026-09-08;ethan-typhlosion;trainer;TEF;144;Buddy-Buddy Poffin;3;1;1;3.0;1.0
6a9ee909a4272c53be649d1f;2026-09-08;ethan-typhlosion;trainer;MEG;131;Ultra Ball;3;1;1;3.0;1.0
6a9ee909a4272c53be649d1f;2026-09-08;ethan-typhlosion;trainer;POR;81;Poké Pad;2;1;1;2.0;1.0
6a9ee909a4272c53be649d1f;2026-09-08;ethan-typhlosion;trainer;MEG;125;Rare Candy;2;1;1;2.0;1.0
6a9ee909a4272c53be649d1f;2026-09-08;ethan-typhlosion;trainer;ASC;196;Night Stretcher;2;1;1;2.0;1.0
6a9ee909a4272c53be649d1f;2026-09-08;ethan-typhlosion;trainer;TWM;163;Secret Box;1;1;1;1.0;1.0
6a9ee909a4272c53be649d1f;2026-09-08;ethan-typhlosion;trainer;CRI;82;Special Red Card;1;1;1;1.0;1.0
6a9ee909a4272c53be649d1f;2026-09-08;ethan-typhlosion;trainer;DRI;168;Sacred Ash;1;1;1;1.0;1.0
6a9ee909a4272c53be649d1f;2026-09-08;ethan-typhlosion;trainer;JTG;156;Redeemable Ticket;1;1;1;1.0;1.0
6a9ee909a4272c53be649d1f;2026-09-08;ethan-typhlosion;trainer;WHT;80;Brave Bangle;2;1;1;2.0;1.0
6a9ee909a4272c53be649d1f;2026-09-08;ethan-typhlosion;trainer;PFL;85;Battle Cage;1;1;1;1.0;1.0
6a9ee909a4272c53be649d1f;2026-09-08;ethan-typhlosion;trainer;SSP;177;Gravity Mountain;1;1;1;1.0;1.0
6a9ee909a4272c53be649d1f;2026-09-08;ethan-typhlosion;energy;MEE;2;Fire Energy;5;1;1;5.0;1.0
6a9ee909a4272c53be649d1f;2026-09-08;ethan-typhlosion;energy;CRI;86;Nitro Fire Energy;1;1;1;1.0;1.0
6a9ee909a4272c53be649d1f;2026-09-08;greninja-ex;pokemon;ASC;46;Snorunt;4;3;4;1.0;0.75
6a9ee909a4272c53be649d1f;2026-09-08;greninja-ex;pokemon;ASC;47;Mega Froslass ex;4;3;4;1.0;0.75
6a9ee909a4272c53be649d1f;2026-09-08;greninja-ex;pokemon;CRI;20;Froakie;11;4;4;2.75;1.0
6a9ee909a4272c53be649d1f;2026-09-08;greninja-ex;pokemon;CRI;21;Frogadier;8;4;4;2.0;1.0
6a9ee909a4272c53be649d1f;2026-09-08;greninja-ex;pokemon;TWM;106;Greninja ex;8;4;4;2.0;1.0
6a9ee909a4272c53be649d1f;2026-09-08;greninja-ex;pokemon;POR;20;Staryu;5;4;4;1.25;1.0
6a9ee909a4272c53be649d1f;2026-09-08;greninja-ex;pokemon;POR;21;Mega Starmie ex;5;4;4;1.25;1.0
6a9ee909a4272c53be649d1f;2026-09-08;greninja-ex;pokemon;PRE;35;Duskull;8;4;4;2.0;1.0
6a9ee909a4272c53be649d1f;2026-09-08;greninja-ex;pokemon;PRE;36;Dusclops;8;4;4;2.0;1.0
6a9ee909a4272c53be649d1f;2026-09-08;greninja-ex;pokemon;PRE;37;Dusknoir;8;4;4;2.0;1.0
6a9ee909a4272c53be649d1f;2026-09-08;greninja-ex;pokemon;POR;62;Meowth ex;8;4;4;2.0;1.0
6a9ee909a4272c53be649d1f;2026-09-08;greninja-ex;pokemon;ASC;142;Fezandipiti ex;4;4;4;1.0;1.0
6a9ee909a4272c53be649d1f;2026-09-08;greninja-ex;pokemon;ASC;16;Budew;4;4;4;1.0;1.0
6a9ee909a4272c53be649d1f;2026-09-08;greninja-ex;trainer;MEG;119;Lillie's Determination;15;4;4;3.75;1.0
6a9ee909a4272c53be649d1f;2026-09-08;greninja-ex;trainer;WHT;84;Hilda;9;4;4;2.25;1.0
6a9ee909a4272c53be649d1f;2026-09-08;greninja-ex;trainer;MEG;114;Boss's Orders;8;4;4;2.0;1.0
6a9ee909a4272c53be649d1f;2026-09-08;greninja-ex;trainer;MEG;132;Wally's Compassion;1;1;4;0.25;0.25
6a9ee909a4272c53be649d1f;2026-09-08;greninja-ex;trainer;POR;76;Judge;1;1;4;0.25;0.25
6a9ee909a4272c53be649d1f;2026-09-08;greninja-ex;trainer;SFA;57;Colress's Tenacity;7;4;4;1.75;1.0
6a9ee909a4272c53be649d1f;2026-09-08;greninja-ex;trainer;DRI;176;Team Rocket's Petrel;2;2;4;0.5;0.5
6a9ee909a4272c53be649d1f;2026-09-08;greninja-ex;trainer;POR;81;Poké Pad;12;4;4;3.0;1.0
6a9ee909a4272c53be649d1f;2026-09-08;greninja-ex;trainer;TEF;144;Buddy-Buddy Poffin;15;4;4;3.75;1.0
6a9ee909a4272c53be649d1f;2026-09-08;greninja-ex;trainer;MEG;131;Ultra Ball;15;4;4;3.75;1.0
6a9ee909a4272c53be649d1f;2026-09-08;greninja-ex;trainer;MEG;125;Rare Candy;10;4;4;2.5;1.0
6a9ee909a4272c53be649d1f;2026-09-08;greninja-ex;trainer;CRI;82;Special Red Card;2;2;4;0.5;0.5
6a9ee909a4272c53be649d1f;2026-09-08;greninja-ex;trainer;ASC;196;Night Stretcher;7;4;4;1.75;1.0
6a9ee909a4272c53be649d1f;2026-09-08;greninja-ex;trainer;MEG;130;Switch;2;2;4;0.5;0.5
6a9ee909a4272c53be649d1f;2026-09-08;greninja-ex;trainer;ASC;181;Air Balloon;2;2;4;0.5;0.5
6a9ee909a4272c53be649d1f;2026-09-08;greninja-ex;trainer;MEG;129;Surfing Beach;1;1;4;0.25;0.25
6a9ee909a4272c53be649d1f;2026-09-08;greninja-ex;trainer;DRI;180;Team Rocket's Watchtower;1;1;4;0.25;0.25
6a9ee909a4272c53be649d1f;2026-09-08;greninja-ex;trainer;SCR;136;Grand Tree;4;4;4;1.0;1.0
6a9ee909a4272c53be649d1f;2026-09-08;greninja-ex;energy;MEE;3;Water Energy;21;4;4;5.25;1.0
6a9ee909a4272c53be649d1f;2026-09-08;greninja-ex;energy;WHT;86;Ignition Energy;12;4;4;3.0;1.0
6a9ee909a4272c53be649d1f;2026-09-08;greninja-ex;energy;CRI;84;Bubbly Water Energy;2;2;4;0.5;0.5
6a9ee909a4272c53be649d1f;2026-09-08;alakazam-dudunsparce;pokemon;MEG;54;Abra;20;5;5;4.0;1.0
6a9ee909a4272c53be649d1f;2026-09-08;alakazam-dudunsparce;pokemon;MEG;55;Kadabra;20;5;5;4.0;1.0
6a9ee909a4272c53be649d1f;2026-09-08;alakazam-dudunsparce;pokemon;MEG;56;Alakazam;16;5;5;3.2;1.0
6a9ee909a4272c53be649d1f;2026-09-08;alakazam-dudunsparce;pokemon;JTG;120;Dunsparce;14;5;5;2.8;1.0
6a9ee909a4272c53be649d1f;2026-09-08;alakazam-dudunsparce;pokemon;TEF;129;Dudunsparce;14;5;5;2.8;1.0
6a9ee909a4272c53be649d1f;2026-09-08;alakazam-dudunsparce;pokemon;PFL;83;Buneary;1;1;5;0.2;0.2
6a9ee909a4272c53be649d1f;2026-09-08;alakazam-dudunsparce;pokemon;PFL;84;Mega Lopunny ex;1;1;5;0.2;0.2
6a9ee909a4272c53be649d1f;2026-09-08;alakazam-dudunsparce;pokemon;DRI;10;Shaymin;4;4;5;0.8;0.8
6a9ee909a4272c53be649d1f;2026-09-08;alakazam-dudunsparce;pokemon;ASC;142;Fezandipiti ex;5;5;5;1.0;1.0
6a9ee909a4272c53be649d1f;2026-09-08;alakazam-dudunsparce;pokemon;SFA;40;Genesect;7;5;5;1.4;1.0
6a9ee909a4272c53be649d1f;2026-09-08;alakazam-dudunsparce;pokemon;ASC;39;Psyduck;3;3;5;0.6;0.6
6a9ee909a4272c53be649d1f;2026-09-08;alakazam-dudunsparce;trainer;PFL;87;Dawn;18;5;5;3.6;1.0
6a9ee909a4272c53be649d1f;2026-09-08;alakazam-dudunsparce;trainer;WHT;84;Hilda;15;5;5;3.0;1.0
6a9ee909a4272c53be649d1f;2026-09-08;alakazam-dudunsparce;trainer;MEG;114;Boss's Orders;10;5;5;2.0;1.0
6a9ee909a4272c53be649d1f;2026-09-08;alakazam-dudunsparce;trainer;TEF;146;Eri;5;5;5;1.0;1.0
6a9ee909a4272c53be649d1f;2026-09-08;alakazam-dudunsparce;trainer;TWM;155;Lana's Aid;7;5;5;1.4;1.0
6a9ee909a4272c53be649d1f;2026-09-08;alakazam-dudunsparce;trainer;POR;81;Poké Pad;19;5;5;3.8;1.0
6a9ee909a4272c53be649d1f;2026-09-08;alakazam-dudunsparce;trainer;TEF;144;Buddy-Buddy Poffin;20;5;5;4.0;1.0
6a9ee909a4272c53be649d1f;2026-09-08;alakazam-dudunsparce;trainer;MEG;125;Rare Candy;14;5;5;2.8;1.0
6a9ee909a4272c53be649d1f;2026-09-08;alakazam-dudunsparce;trainer;TWM;148;Enhanced Hammer;6;4;5;1.2;0.8
6a9ee909a4272c53be649d1f;2026-09-08;alakazam-dudunsparce;trainer;MEG;130;Switch;1;1;5;0.2;0.2
6a9ee909a4272c53be649d1f;2026-09-08;alakazam-dudunsparce;trainer;CRI;82;Special Red Card;2;2;5;0.4;0.4
6a9ee909a4272c53be649d1f;2026-09-08;alakazam-dudunsparce;trainer;DRI;168;Sacred Ash;5;5;5;1.0;1.0
6a9ee909a4272c53be649d1f;2026-09-08;alakazam-dudunsparce;trainer;TWM;150;Handheld Fan;3;2;5;0.6;0.4
6a9ee909a4272c53be649d1f;2026-09-08;alakazam-dudunsparce;trainer;ASC;181;Air Balloon;10;5;5;2.0;1.0
6a9ee909a4272c53be649d1f;2026-09-08;alakazam-dudunsparce;trainer;PFL;85;Battle Cage;12;4;5;2.4;0.8
6a9ee909a4272c53be649d1f;2026-09-08;alakazam-dudunsparce;energy;POR;88;Telepathic Psychic Energy;20;5;5;4.0;1.0
6a9ee909a4272c53be649d1f;2026-09-08;alakazam-dudunsparce;energy;MEE;5;Psychic Energy;5;5;5;1.0;1.0
6a9ee909a4272c53be649d1f;2026-09-08;alakazam-dudunsparce;energy;SSP;191;Enriching Energy;5;5;5;1.0;1.0
6a9ee909a4272c53be649d1f;2026-09-08;dragapult-dusknoir;trainer;PFL;87;Dawn;4;4;8;0.5;0.5
6a9ee909a4272c53be649d1f;2026-09-08;mega-greninja-ex;pokemon;CRI;20;Froakie;8;2;2;4.0;1.0
6a9ee909a4272c53be649d1f;2026-09-08;mega-greninja-ex;pokemon;CRI;21;Frogadier;5;2;2;2.5;1.0
6a9ee909a4272c53be649d1f;2026-09-08;mega-greninja-ex;pokemon;CRI;22;Mega Greninja ex;4;2;2;2.0;1.0
6a9ee909a4272c53be649d1f;2026-09-08;mega-greninja-ex;pokemon;TWM;106;Greninja ex;4;2;2;2.0;1.0
6a9ee909a4272c53be649d1f;2026-09-08;mega-greninja-ex;pokemon;JTG;120;Dunsparce;3;2;2;1.5;1.0
6a9ee909a4272c53be649d1f;2026-09-08;mega-greninja-ex;pokemon;TEF;129;Dudunsparce;3;2;2;1.5;1.0
6a9ee909a4272c53be649d1f;2026-09-08;mega-greninja-ex;pokemon;JTG;121;Dudunsparce ex;1;1;2;0.5;0.5
6a9ee909a4272c53be649d1f;2026-09-08;mega-greninja-ex;pokemon;ASC;16;Budew;2;2;2;1.0;1.0
6a9ee909a4272c53be649d1f;2026-09-08;mega-greninja-ex;pokemon;ASC;142;Fezandipiti ex;2;2;2;1.0;1.0
6a9ee909a4272c53be649d1f;2026-09-08;mega-greninja-ex;pokemon;POR;62;Meowth ex;2;2;2;1.0;1.0
6a9ee909a4272c53be649d1f;2026-09-08;mega-greninja-ex;trainer;MEG;119;Lillie's Determination;8;2;2;4.0;1.0
6a9ee909a4272c53be649d1f;2026-09-08;mega-greninja-ex;trainer;MEG;114;Boss's Orders;4;2;2;2.0;1.0
6a9ee909a4272c53be649d1f;2026-09-08;mega-greninja-ex;trainer;WHT;84;Hilda;4;2;2;2.0;1.0
6a9ee909a4272c53be649d1f;2026-09-08;mega-greninja-ex;trainer;MEG;132;Wally's Compassion;1;1;2;0.5;0.5
6a9ee909a4272c53be649d1f;2026-09-08;mega-greninja-ex;trainer;DRI;176;Team Rocket's Petrel;1;1;2;0.5;0.5
6a9ee909a4272c53be649d1f;2026-09-08;mega-greninja-ex;trainer;TEF;144;Buddy-Buddy Poffin;8;2;2;4.0;1.0
6a9ee909a4272c53be649d1f;2026-09-08;mega-greninja-ex;trainer;POR;81;Poké Pad;7;2;2;3.5;1.0
6a9ee909a4272c53be649d1f;2026-09-08;mega-greninja-ex;trainer;MEG;131;Ultra Ball;6;2;2;3.0;1.0
6a9ee909a4272c53be649d1f;2026-09-08;mega-greninja-ex;trainer;MEG;125;Rare Candy;5;2;2;2.5;1.0
6a9ee909a4272c53be649d1f;2026-09-08;mega-greninja-ex;trainer;CRI;82;Special Red Card;2;2;2;1.0;1.0
6a9ee909a4272c53be649d1f;2026-09-08;mega-greninja-ex;trainer;MEG;130;Switch;2;2;2;1.0;1.0
6a9ee909a4272c53be649d1f;2026-09-08;mega-greninja-ex;trainer;ASC;196;Night Stretcher;3;2;2;1.5;1.0
6a9ee909a4272c53be649d1f;2026-09-08;mega-greninja-ex;trainer;SVI;171;Energy Retrieval;2;2;2;1.0;1.0
6a9ee909a4272c53be649d1f;2026-09-08;mega-greninja-ex;trainer;ASC;181;Air Balloon;2;2;2;1.0;1.0
6a9ee909a4272c53be649d1f;2026-09-08;mega-greninja-ex;trainer;MEG;129;Surfing Beach;5;2;2;2.5;1.0
6a9ee909a4272c53be649d1f;2026-09-08;mega-greninja-ex;energy;MEE;3;Water Energy;14;2;2;7.0;1.0
6a9ee909a4272c53be649d1f;2026-09-08;mega-greninja-ex;energy;TEF;162;Neo Upper Energy;1;1;2;0.5;0.5
6a9ee909a4272c53be649d1f;2026-09-08;mega-greninja-ex;energy;WHT;86;Ignition Energy;3;2;2;1.5;1.0
6a9ee909a4272c53be649d1f;2026-09-08;greninja-ex;pokemon;SSP;76;Latias ex;2;2;4;0.5;0.5
6a9ee909a4272c53be649d1f;2026-09-08;greninja-ex;trainer;SSP;187;Surfer;2;2;4;0.5;0.5
6a9ee909a4272c53be649d1f;2026-09-08;basic-box-m;pokemon;MEG;104;Mega Kangaskhan ex;21;6;6;3.5;1.0
6a9ee909a4272c53be649d1f;2026-09-08;basic-box-m;pokemon;POR;62;Meowth ex;17;6;6;2.8333;1.0
6a9ee909a4272c53be649d1f;2026-09-08;basic-box-m;pokemon;JTG;56;Lillie's Clefairy ex;11;6;6;1.8333;1.0
6a9ee909a4272c53be649d1f;2026-09-08;basic-box-m;pokemon;SSP;76;Latias ex;12;6;6;2.0;1.0
6a9ee909a4272c53be649d1f;2026-09-08;basic-box-m;pokemon;TWM;25;Teal Mask Ogerpon ex;14;6;6;2.3333;1.0
6a9ee909a4272c53be649d1f;2026-09-08;basic-box-m;pokemon;SSP;56;Chien-Pao;6;6;6;1.0;1.0
6a9ee909a4272c53be649d1f;2026-09-08;basic-box-m;pokemon;TEF;123;Raging Bolt ex;6;6;6;1.0;1.0
6a9ee909a4272c53be649d1f;2026-09-08;basic-box-m;pokemon;TEF;25;Iron Leaves ex;6;6;6;1.0;1.0
6a9ee909a4272c53be649d1f;2026-09-08;basic-box-m;pokemon;TEF;81;Iron Crown ex;4;4;6;0.6667;0.6667
6a9ee909a4272c53be649d1f;2026-09-08;basic-box-m;pokemon;TWM;64;Wellspring Mask Ogerpon ex;6;6;6;1.0;1.0
6a9ee909a4272c53be649d1f;2026-09-08;basic-box-m;pokemon;ASC;142;Fezandipiti ex;6;6;6;1.0;1.0
6a9ee909a4272c53be649d1f;2026-09-08;basic-box-m;pokemon;SSP;111;Passimian;3;3;6;0.5;0.5
6a9ee909a4272c53be649d1f;2026-09-08;basic-box-m;trainer;SCR;133;Crispin;24;6;6;4.0;1.0
6a9ee909a4272c53be649d1f;2026-09-08;basic-box-m;trainer;MEG;114;Boss's Orders;13;6;6;2.1667;1.0
6a9ee909a4272c53be649d1f;2026-09-08;basic-box-m;trainer;SSP;170;Cyrano;11;6;6;1.8333;1.0
6a9ee909a4272c53be649d1f;2026-09-08;basic-box-m;trainer;TEF;145;Ciphermaniac's Codebreaking;5;5;6;0.8333;0.8333
6a9ee909a4272c53be649d1f;2026-09-08;basic-box-m;trainer;MEG;115;Energy Switch;24;6;6;4.0;1.0
6a9ee909a4272c53be649d1f;2026-09-08;basic-box-m;trainer;MEG;131;Ultra Ball;24;6;6;4.0;1.0
6a9ee909a4272c53be649d1f;2026-09-08;basic-box-m;trainer;SCR;135;Glass Trumpet;9;5;6;1.5;0.8333
6a9ee909a4272c53be649d1f;2026-09-08;basic-box-m;trainer;ASC;196;Night Stretcher;12;6;6;2.0;1.0
6a9ee909a4272c53be649d1f;2026-09-08;basic-box-m;trainer;TEF;157;Prime Catcher;4;4;6;0.6667;0.6667
6a9ee909a4272c53be649d1f;2026-09-08;basic-box-m;trainer;CRI;82;Special Red Card;6;6;6;1.0;1.0
6a9ee909a4272c53be649d1f;2026-09-08;basic-box-m;trainer;SCR;131;Area Zero Underdepths;22;6;6;3.6667;1.0
6a9ee909a4272c53be649d1f;2026-09-08;basic-box-m;trainer;TWM;153;Jamming Tower;1;1;6;0.1667;0.1667
6a9ee909a4272c53be649d1f;2026-09-08;basic-box-m;energy;MEE;1;Grass Energy;38;6;6;6.3333;1.0
6a9ee909a4272c53be649d1f;2026-09-08;basic-box-m;energy;MEE;5;Psychic Energy;12;6;6;2.0;1.0
6a9ee909a4272c53be649d1f;2026-09-08;basic-box-m;energy;MEE;4;Lightning Energy;11;6;6;1.8333;1.0
6a9ee909a4272c53be649d1f;2026-09-08;basic-box-m;energy;MEE;6;Fighting Energy;12;6;6;2.0;1.0
6a9ee909a4272c53be649d1f;2026-09-08;basic-box-m;energy;MEE;3;Water Energy;7;6;6;1.1667;1.0
6a9ee909a4272c53be649d1f;2026-09-08;alakazam-dusknoir;pokemon;TWM;80;Abra;6;3;3;2.0;1.0
6a9ee909a4272c53be649d1f;2026-09-08;alakazam-dusknoir;pokemon;MEG;54;Abra;6;3;3;2.0;1.0
6a9ee909a4272c53be649d1f;2026-09-08;alakazam-dusknoir;pokemon;MEG;55;Kadabra;11;3;3;3.6667;1.0
6a9ee909a4272c53be649d1f;2026-09-08;alakazam-dusknoir;pokemon;MEG;56;Alakazam;9;3;3;3.0;1.0
6a9ee909a4272c53be649d1f;2026-09-08;alakazam-dusknoir;pokemon;PRE;35;Duskull;11;3;3;3.6667;1.0
6a9ee909a4272c53be649d1f;2026-09-08;alakazam-dusknoir;pokemon;PRE;36;Dusclops;6;3;3;2.0;1.0
6a9ee909a4272c53be649d1f;2026-09-08;alakazam-dusknoir;pokemon;PRE;37;Dusknoir;6;3;3;2.0;1.0
6a9ee909a4272c53be649d1f;2026-09-08;alakazam-dusknoir;pokemon;ASC;142;Fezandipiti ex;3;3;3;1.0;1.0
6a9ee909a4272c53be649d1f;2026-09-08;alakazam-dusknoir;pokemon;ASC;16;Budew;4;3;3;1.3333;1.0
6a9ee909a4272c53be649d1f;2026-09-08;alakazam-dusknoir;pokemon;CRI;70;Patrat;3;3;3;1.0;1.0
6a9ee909a4272c53be649d1f;2026-09-08;alakazam-dusknoir;pokemon;TEF;78;Flutter Mane;1;1;3;0.3333;0.3333
6a9ee909a4272c53be649d1f;2026-09-08;alakazam-dusknoir;pokemon;DRI;10;Shaymin;3;3;3;1.0;1.0
6a9ee909a4272c53be649d1f;2026-09-08;alakazam-dusknoir;trainer;PFL;87;Dawn;7;3;3;2.3333;1.0
6a9ee909a4272c53be649d1f;2026-09-08;alakazam-dusknoir;trainer;WHT;84;Hilda;11;3;3;3.6667;1.0
6a9ee909a4272c53be649d1f;2026-09-08;alakazam-dusknoir;trainer;PBL;78;Gwynn;10;3;3;3.3333;1.0
6a9ee909a4272c53be649d1f;2026-09-08;alakazam-dusknoir;trainer;MEG;114;Boss's Orders;4;3;3;1.3333;1.0
6a9ee909a4272c53be649d1f;2026-09-08;alakazam-dusknoir;trainer;POR;76;Judge;1;1;3;0.3333;0.3333
6a9ee909a4272c53be649d1f;2026-09-08;alakazam-dusknoir;trainer;MEG;125;Rare Candy;12;3;3;4.0;1.0
6a9ee909a4272c53be649d1f;2026-09-08;alakazam-dusknoir;trainer;POR;81;Poké Pad;12;3;3;4.0;1.0
6a9ee909a4272c53be649d1f;2026-09-08;alakazam-dusknoir;trainer;TEF;144;Buddy-Buddy Poffin;9;3;3;3.0;1.0
6a9ee909a4272c53be649d1f;2026-09-08;alakazam-dusknoir;trainer;MEG;128;Strange Timepiece;9;3;3;3.0;1.0
6a9ee909a4272c53be649d1f;2026-09-08;alakazam-dusknoir;trainer;TWM;148;Enhanced Hammer;4;2;3;1.3333;0.6667
6a9ee909a4272c53be649d1f;2026-09-08;alakazam-dusknoir;trainer;ASC;196;Night Stretcher;6;3;3;2.0;1.0
6a9ee909a4272c53be649d1f;2026-09-08;alakazam-dusknoir;trainer;TEF;157;Prime Catcher;3;3;3;1.0;1.0
6a9ee909a4272c53be649d1f;2026-09-08;alakazam-dusknoir;trainer;CRI;82;Special Red Card;5;3;3;1.6667;1.0
6a9ee909a4272c53be649d1f;2026-09-08;alakazam-dusknoir;trainer;DRI;168;Sacred Ash;3;3;3;1.0;1.0
6a9ee909a4272c53be649d1f;2026-09-08;alakazam-dusknoir;energy;POR;88;Telepathic Psychic Energy;12;3;3;4.0;1.0
6a9ee909a4272c53be649d1f;2026-09-08;alakazam-dusknoir;energy;MEE;5;Psychic Energy;3;3;3;1.0;1.0
6a9ee909a4272c53be649d1f;2026-09-08;n-zoroark;pokemon;JTG;97;N's Zorua;27;7;7;3.8571;1.0
6a9ee909a4272c53be649d1f;2026-09-08;n-zoroark;pokemon;JTG;98;N's Zoroark ex;27;7;7;3.8571;1.0
6a9ee909a4272c53be649d1f;2026-09-08;n-zoroark;pokemon;ASC;155;N's Zekrom;11;6;7;1.5714;0.8571
6a9ee909a4272c53be649d1f;2026-09-08;n-zoroark;pokemon;JTG;26;N's Darumaka;4;4;7;0.5714;0.5714
6a9ee909a4272c53be649d1f;2026-09-08;n-zoroark;pokemon;JTG;27;N's Darmanitan;4;4;7;0.5714;0.5714
6a9ee909a4272c53be649d1f;2026-09-08;n-zoroark;pokemon;TWM;95;Munkidori;8;7;7;1.1429;1.0
6a9ee909a4272c53be649d1f;2026-09-08;n-zoroark;pokemon;ASC;142;Fezandipiti ex;6;6;7;0.8571;0.8571
6a9ee909a4272c53be649d1f;2026-09-08;n-zoroark;pokemon;MEG;88;Yveltal;5;5;7;0.7143;0.7143
6a9ee909a4272c53be649d1f;2026-09-08;n-zoroark;pokemon;SFA;39;Pecharunt ex;6;6;7;0.8571;0.8571
6a9ee909a4272c53be649d1f;2026-09-08;n-zoroark;pokemon;ASC;16;Budew;4;4;7;0.5714;0.5714
6a9ee909a4272c53be649d1f;2026-09-08;n-zoroark;pokemon;POR;62;Meowth ex;6;6;7;0.8571;0.8571
6a9ee909a4272c53be649d1f;2026-09-08;n-zoroark;pokemon;TWM;131;Tatsugiri;4;4;7;0.5714;0.5714
6a9ee909a4272c53be649d1f;2026-09-08;n-zoroark;trainer;MEG;119;Lillie's Determination;26;7;7;3.7143;1.0
6a9ee909a4272c53be649d1f;2026-09-08;n-zoroark;trainer;MEG;114;Boss's Orders;22;7;7;3.1429;1.0
6a9ee909a4272c53be649d1f;2026-09-08;n-zoroark;trainer;SSP;170;Cyrano;12;7;7;1.7143;1.0
6a9ee909a4272c53be649d1f;2026-09-08;n-zoroark;trainer;JTG;143;Black Belt's Training;8;6;7;1.1429;0.8571
6a9ee909a4272c53be649d1f;2026-09-08;n-zoroark;trainer;TEF;144;Buddy-Buddy Poffin;27;7;7;3.8571;1.0
6a9ee909a4272c53be649d1f;2026-09-08;n-zoroark;trainer;CRI;83;Transformation Tome;20;5;7;2.8571;0.7143
6a9ee909a4272c53be649d1f;2026-09-08;n-zoroark;trainer;JTG;153;N's PP Up;18;6;7;2.5714;0.8571
6a9ee909a4272c53be649d1f;2026-09-08;n-zoroark;trainer;MEG;131;Ultra Ball;21;7;7;3.0;1.0
6a9ee909a4272c53be649d1f;2026-09-08;n-zoroark;trainer;POR;81;Poké Pad;15;7;7;2.1429;1.0
6a9ee909a4272c53be649d1f;2026-09-08;n-zoroark;trainer;TWM;163;Secret Box;5;5;7;0.7143;0.7143
6a9ee909a4272c53be649d1f;2026-09-08;n-zoroark;trainer;ASC;196;Night Stretcher;13;7;7;1.8571;1.0
6a9ee909a4272c53be649d1f;2026-09-08;n-zoroark;trainer;CRI;82;Special Red Card;6;6;7;0.8571;0.8571
6a9ee909a4272c53be649d1f;2026-09-08;n-zoroark;trainer;PRE;95;Binding Mochi;9;5;7;1.2857;0.7143
6a9ee909a4272c53be649d1f;2026-09-08;n-zoroark;trainer;JTG;152;N's Castle;10;5;7;1.4286;0.7143
6a9ee909a4272c53be649d1f;2026-09-08;n-zoroark;energy;MEE;7;Darkness Energy;49;7;7;7.0;1.0
6a9ee909a4272c53be649d1f;2026-09-08;dragapult-ex;pokemon;TWM;128;Dreepy;32;8;8;4.0;1.0
6a9ee909a4272c53be649d1f;2026-09-08;dragapult-ex;pokemon;TWM;129;Drakloak;32;8;8;4.0;1.0
6a9ee909a4272c53be649d1f;2026-09-08;dragapult-ex;pokemon;TWM;130;Dragapult ex;24;8;8;3.0;1.0
6a9ee909a4272c53be649d1f;2026-09-08;dragapult-ex;pokemon;TEF;128;Dunsparce;3;3;8;0.375;0.375
6a9ee909a4272c53be649d1f;2026-09-08;dragapult-ex;pokemon;JTG;120;Dunsparce;4;4;8;0.5;0.5
6a9ee909a4272c53be649d1f;2026-09-08;dragapult-ex;pokemon;JTG;121;Dudunsparce ex;3;3;8;0.375;0.375
6a9ee909a4272c53be649d1f;2026-09-08;dragapult-ex;pokemon;TEF;129;Dudunsparce;4;4;8;0.5;0.5
6a9ee909a4272c53be649d1f;2026-09-08;dragapult-ex;pokemon;TWM;95;Munkidori;15;8;8;1.875;1.0
6a9ee909a4272c53be649d1f;2026-09-08;dragapult-ex;pokemon;ASC;16;Budew;14;8;8;1.75;1.0
6a9ee909a4272c53be649d1f;2026-09-08;dragapult-ex;pokemon;POR;62;Meowth ex;8;8;8;1.0;1.0
6a9ee909a4272c53be649d1f;2026-09-08;dragapult-ex;pokemon;ASC;142;Fezandipiti ex;8;8;8;1.0;1.0
6a9ee909a4272c53be649d1f;2026-09-08;dragapult-ex;trainer;MEG;119;Lillie's Determination;32;8;8;4.0;1.0
6a9ee909a4272c53be649d1f;2026-09-08;dragapult-ex;trainer;MEG;114;Boss's Orders;24;8;8;3.0;1.0
6a9ee909a4272c53be649d1f;2026-09-08;dragapult-ex;trainer;SCR;133;Crispin;19;8;8;2.375;1.0
6a9ee909a4272c53be649d1f;2026-09-08;dragapult-ex;trainer;POR;84;Rosa's Encouragement;6;6;8;0.75;0.75
6a9ee909a4272c53be649d1f;2026-09-08;dragapult-ex;trainer;POR;76;Judge;4;4;8;0.5;0.5
6a9ee909a4272c53be649d1f;2026-09-08;dragapult-ex;trainer;TEF;144;Buddy-Buddy Poffin;31;8;8;3.875;1.0
6a9ee909a4272c53be649d1f;2026-09-08;dragapult-ex;trainer;POR;81;Poké Pad;31;8;8;3.875;1.0
6a9ee909a4272c53be649d1f;2026-09-08;dragapult-ex;trainer;POR;71;Crushing Hammer;27;7;8;3.375;0.875
6a9ee909a4272c53be649d1f;2026-09-08;dragapult-ex;trainer;MEG;131;Ultra Ball;26;8;8;3.25;1.0
6a9ee909a4272c53be649d1f;2026-09-08;dragapult-ex;trainer;ASC;196;Night Stretcher;17;8;8;2.125;1.0
6a9ee909a4272c53be649d1f;2026-09-08;dragapult-ex;trainer;TWM;165;Unfair Stamp;8;8;8;1.0;1.0
6a9ee909a4272c53be649d1f;2026-09-08;dragapult-ex;trainer;MEG;127;Risky Ruins;13;7;8;1.625;0.875
6a9ee909a4272c53be649d1f;2026-09-08;dragapult-ex;energy;MEE;5;Psychic Energy;25;8;8;3.125;1.0
6a9ee909a4272c53be649d1f;2026-09-08;dragapult-ex;energy;MEE;2;Fire Energy;25;8;8;3.125;1.0
6a9ee909a4272c53be649d1f;2026-09-08;dragapult-ex;energy;MEE;7;Darkness Energy;19;8;8;2.375;1.0
6a9ee909a4272c53be649d1f;2026-09-08;mega-excadrill-ex;pokemon;TEF;113;Beldum;12;3;4;3.0;0.75
6a9ee909a4272c53be649d1f;2026-09-08;mega-excadrill-ex;pokemon;TEF;114;Metang;16;4;4;4.0;1.0
6a9ee909a4272c53be649d1f;2026-09-08;mega-excadrill-ex;pokemon;CRI;61;Metagross;6;4;4;1.5;1.0
6a9ee909a4272c53be649d1f;2026-09-08;mega-excadrill-ex;pokemon;PBL;46;Drilbur;13;4;4;3.25;1.0
6a9ee909a4272c53be649d1f;2026-09-08;mega-excadrill-ex;pokemon;PBL;65;Mega Excadrill ex;8;4;4;2.0;1.0
6a9ee909a4272c53be649d1f;2026-09-08;mega-excadrill-ex;pokemon;BLK;67;Genesect ex;7;4;4;1.75;1.0
6a9ee909a4272c53be649d1f;2026-09-08;mega-excadrill-ex;pokemon;POR;55;Mega Skarmory ex;3;3;4;0.75;0.75
6a9ee909a4272c53be649d1f;2026-09-08;mega-excadrill-ex;trainer;DRI;176;Team Rocket's Petrel;16;4;4;4.0;1.0
6a9ee909a4272c53be649d1f;2026-09-08;mega-excadrill-ex;trainer;MEG;114;Boss's Orders;11;4;4;2.75;1.0
6a9ee909a4272c53be649d1f;2026-09-08;mega-excadrill-ex;trainer;MEG;119;Lillie's Determination;9;4;4;2.25;1.0
6a9ee909a4272c53be649d1f;2026-09-08;mega-excadrill-ex;trainer;PFL;87;Dawn;2;1;4;0.5;0.25
6a9ee909a4272c53be649d1f;2026-09-08;mega-excadrill-ex;trainer;TWM;154;Kieran;5;4;4;1.25;1.0
6a9ee909a4272c53be649d1f;2026-09-08;mega-excadrill-ex;trainer;DRI;178;Team Rocket's Transceiver;11;3;4;2.75;0.75
6a9ee909a4272c53be649d1f;2026-09-08;mega-excadrill-ex;trainer;DRI;164;Energy Recycler;6;4;4;1.5;1.0
6a9ee909a4272c53be649d1f;2026-09-08;mega-excadrill-ex;trainer;SVI;186;Pokégear 3.0;6;3;4;1.5;0.75
6a9ee909a4272c53be649d1f;2026-09-08;mega-excadrill-ex;trainer;MEG;131;Ultra Ball;3;2;4;0.75;0.5
6a9ee909a4272c53be649d1f;2026-09-08;mega-excadrill-ex;trainer;PFL;91;Jumbo Ice Cream;8;4;4;2.0;1.0
6a9ee909a4272c53be649d1f;2026-09-08;mega-excadrill-ex;trainer;TEF;144;Buddy-Buddy Poffin;7;4;4;1.75;1.0
6a9ee909a4272c53be649d1f;2026-09-08;mega-excadrill-ex;trainer;SSP;185;Precious Trolley;3;3;4;0.75;0.75
6a9ee909a4272c53be649d1f;2026-09-08;mega-excadrill-ex;trainer;POR;71;Crushing Hammer;1;1;4;0.25;0.25
6a9ee909a4272c53be649d1f;2026-09-08;mega-excadrill-ex;energy;MEE;8;Metal Energy;65;4;4;16.25;1.0
6a9ee909a4272c53be649d1f;2026-09-08;basic-box-m;pokemon;TWM;39;Chi-Yu;1;1;6;0.1667;0.1667
6a9ee909a4272c53be649d1f;2026-09-08;basic-box-m;trainer;MEG;119;Lillie's Determination;3;2;6;0.5;0.3333
6a9ee909a4272c53be649d1f;2026-09-08;basic-box-m;trainer;TWM;165;Unfair Stamp;2;2;6;0.3333;0.3333
6a9ee909a4272c53be649d1f;2026-09-08;basic-box-m;energy;MEE;2;Fire Energy;1;1;6;0.1667;0.1667
6a9ee909a4272c53be649d1f;2026-09-08;dragapult-ex;trainer;CRI;82;Special Red Card;4;4;8;0.5;0.5
6a9ee909a4272c53be649d1f;2026-09-08;dragapult-blaziken;pokemon;TWM;128;Dreepy;8;2;2;4.0;1.0
6a9ee909a4272c53be649d1f;2026-09-08;dragapult-blaziken;pokemon;TWM;129;Drakloak;8;2;2;4.0;1.0
6a9ee909a4272c53be649d1f;2026-09-08;dragapult-blaziken;pokemon;TWM;130;Dragapult ex;4;2;2;2.0;1.0
6a9ee909a4272c53be649d1f;2026-09-08;dragapult-blaziken;pokemon;DRI;40;Torchic;5;2;2;2.5;1.0
6a9ee909a4272c53be649d1f;2026-09-08;dragapult-blaziken;pokemon;DRI;41;Combusken;2;2;2;1.0;1.0
6a9ee909a4272c53be649d1f;2026-09-08;dragapult-blaziken;pokemon;JTG;24;Blaziken ex;4;2;2;2.0;1.0
6a9ee909a4272c53be649d1f;2026-09-08;dragapult-blaziken;pokemon;TWM;95;Munkidori;4;2;2;2.0;1.0
6a9ee909a4272c53be649d1f;2026-09-08;dragapult-blaziken;pokemon;POR;62;Meowth ex;2;2;2;1.0;1.0
6a9ee909a4272c53be649d1f;2026-09-08;dragapult-blaziken;pokemon;ASC;142;Fezandipiti ex;2;2;2;1.0;1.0
6a9ee909a4272c53be649d1f;2026-09-08;dragapult-blaziken;pokemon;JTG;56;Lillie's Clefairy ex;2;2;2;1.0;1.0
6a9ee909a4272c53be649d1f;2026-09-08;dragapult-blaziken;pokemon;ASC;16;Budew;2;2;2;1.0;1.0
6a9ee909a4272c53be649d1f;2026-09-08;dragapult-blaziken;pokemon;TWM;39;Chi-Yu;1;1;2;0.5;0.5
6a9ee909a4272c53be649d1f;2026-09-08;dragapult-blaziken;trainer;MEG;119;Lillie's Determination;8;2;2;4.0;1.0
6a9ee909a4272c53be649d1f;2026-09-08;dragapult-blaziken;trainer;MEG;114;Boss's Orders;6;2;2;3.0;1.0
6a9ee909a4272c53be649d1f;2026-09-08;dragapult-blaziken;trainer;SCR;133;Crispin;3;2;2;1.5;1.0
6a9ee909a4272c53be649d1f;2026-09-08;dragapult-blaziken;trainer;PFL;87;Dawn;2;2;2;1.0;1.0
6a9ee909a4272c53be649d1f;2026-09-08;dragapult-blaziken;trainer;TEF;144;Buddy-Buddy Poffin;8;2;2;4.0;1.0
6a9ee909a4272c53be649d1f;2026-09-08;dragapult-blaziken;trainer;MEG;131;Ultra Ball;8;2;2;4.0;1.0
6a9ee909a4272c53be649d1f;2026-09-08;dragapult-blaziken;trainer;POR;81;Poké Pad;6;2;2;3.0;1.0
6a9ee909a4272c53be649d1f;2026-09-08;dragapult-blaziken;trainer;MEG;125;Rare Candy;5;2;2;2.5;1.0
6a9ee909a4272c53be649d1f;2026-09-08;dragapult-blaziken;trainer;ASC;196;Night Stretcher;4;2;2;2.0;1.0
6a9ee909a4272c53be649d1f;2026-09-08;dragapult-blaziken;trainer;CRI;82;Special Red Card;2;2;2;1.0;1.0
6a9ee909a4272c53be649d1f;2026-09-08;dragapult-blaziken;trainer;TWM;165;Unfair Stamp;2;2;2;1.0;1.0
6a9ee909a4272c53be649d1f;2026-09-08;dragapult-blaziken;trainer;MEG;127;Risky Ruins;1;1;2;0.5;0.5
6a9ee909a4272c53be649d1f;2026-09-08;dragapult-blaziken;trainer;DRI;180;Team Rocket's Watchtower;2;2;2;1.0;1.0
6a9ee909a4272c53be649d1f;2026-09-08;dragapult-blaziken;energy;MEE;5;Psychic Energy;6;2;2;3.0;1.0
6a9ee909a4272c53be649d1f;2026-09-08;dragapult-blaziken;energy;MEE;2;Fire Energy;6;2;2;3.0;1.0
6a9ee909a4272c53be649d1f;2026-09-08;dragapult-blaziken;energy;MEE;7;Darkness Energy;4;2;2;2.0;1.0
6a9ee909a4272c53be649d1f;2026-09-08;lopunny-dusknoir;pokemon;PRE;35;Duskull;4;1;1;4.0;1.0
6a9ee909a4272c53be649d1f;2026-09-08;lopunny-dusknoir;pokemon;PRE;36;Dusclops;3;1;1;3.0;1.0
6a9ee909a4272c53be649d1f;2026-09-08;lopunny-dusknoir;pokemon;PRE;37;Dusknoir;4;1;1;4.0;1.0
6a9ee909a4272c53be649d1f;2026-09-08;lopunny-dusknoir;pokemon;PFL;83;Buneary;2;1;1;2.0;1.0
6a9ee909a4272c53be649d1f;2026-09-08;lopunny-dusknoir;pokemon;PFL;84;Mega Lopunny ex;2;1;1;2.0;1.0
6a9ee909a4272c53be649d1f;2026-09-08;lopunny-dusknoir;pokemon;TEF;68;Bronzor;2;1;1;2.0;1.0
6a9ee909a4272c53be649d1f;2026-09-08;lopunny-dusknoir;pokemon;TEF;69;Bronzong;2;1;1;2.0;1.0
6a9ee909a4272c53be649d1f;2026-09-08;lopunny-dusknoir;pokemon;MEG;104;Mega Kangaskhan ex;2;1;1;2.0;1.0
6a9ee909a4272c53be649d1f;2026-09-08;lopunny-dusknoir;pokemon;SSP;76;Latias ex;1;1;1;1.0;1.0
6a9ee909a4272c53be649d1f;2026-09-08;lopunny-dusknoir;pokemon;POR;62;Meowth ex;1;1;1;1.0;1.0
6a9ee909a4272c53be649d1f;2026-09-08;lopunny-dusknoir;trainer;WHT;84;Hilda;3;1;1;3.0;1.0
6a9ee909a4272c53be649d1f;2026-09-08;lopunny-dusknoir;trainer;TEF;160;Salvatore;3;1;1;3.0;1.0
6a9ee909a4272c53be649d1f;2026-09-08;lopunny-dusknoir;trainer;MEG;119;Lillie's Determination;3;1;1;3.0;1.0
6a9ee909a4272c53be649d1f;2026-09-08;lopunny-dusknoir;trainer;MEG;114;Boss's Orders;2;1;1;2.0;1.0
6a9ee909a4272c53be649d1f;2026-09-08;lopunny-dusknoir;trainer;MEG;125;Rare Candy;4;1;1;4.0;1.0
6a9ee909a4272c53be649d1f;2026-09-08;lopunny-dusknoir;trainer;MEG;130;Switch;4;1;1;4.0;1.0
6a9ee909a4272c53be649d1f;2026-09-08;lopunny-dusknoir;trainer;POR;81;Poké Pad;4;1;1;4.0;1.0
6a9ee909a4272c53be649d1f;2026-09-08;lopunny-dusknoir;trainer;MEG;131;Ultra Ball;2;1;1;2.0;1.0
6a9ee909a4272c53be649d1f;2026-09-08;lopunny-dusknoir;trainer;SVI;186;Pokégear 3.0;2;1;1;2.0;1.0
6a9ee909a4272c53be649d1f;2026-09-08;lopunny-dusknoir;trainer;CRI;82;Special Red Card;1;1;1;1.0;1.0
6a9ee909a4272c53be649d1f;2026-09-08;lopunny-dusknoir;trainer;DRI;168;Sacred Ash;1;1;1;1.0;1.0
6a9ee909a4272c53be649d1f;2026-09-08;lopunny-dusknoir;trainer;ASC;197;Nighttime Mine;1;1;1;1.0;1.0
6a9ee909a4272c53be649d1f;2026-09-08;lopunny-dusknoir;energy;POR;88;Telepathic Psychic Energy;4;1;1;4.0;1.0
6a9ee909a4272c53be649d1f;2026-09-08;lopunny-dusknoir;energy;MEE;5;Psychic Energy;2;1;1;2.0;1.0
6a9ee909a4272c53be649d1f;2026-09-08;lopunny-dusknoir;energy;SSP;191;Enriching Energy;1;1;1;1.0;1.0
6a9ee909a4272c53be649d1f;2026-09-08;crustle-dri;pokemon;MEG;104;Mega Kangaskhan ex;16;4;4;4.0;1.0
6a9ee909a4272c53be649d1f;2026-09-08;crustle-dri;pokemon;DRI;11;Dwebble;12;4;4;3.0;1.0
6a9ee909a4272c53be649d1f;2026-09-08;crustle-dri;pokemon;DRI;12;Crustle;12;4;4;3.0;1.0
6a9ee909a4272c53be649d1f;2026-09-08;crustle-dri;trainer;DRI;176;Team Rocket's Petrel;16;4;4;4.0;1.0
6a9ee909a4272c53be649d1f;2026-09-08;crustle-dri;trainer;MEG;119;Lillie's Determination;16;4;4;4.0;1.0
6a9ee909a4272c53be649d1f;2026-09-08;crustle-dri;trainer;MEG;114;Boss's Orders;16;4;4;4.0;1.0
6a9ee909a4272c53be649d1f;2026-09-08;crustle-dri;trainer;TEF;146;Eri;12;4;4;3.0;1.0
6a9ee909a4272c53be649d1f;2026-09-08;crustle-dri;trainer;WHT;84;Hilda;8;4;4;2.0;1.0
6a9ee909a4272c53be649d1f;2026-09-08;crustle-dri;trainer;SFA;64;Xerosic's Machinations;4;4;4;1.0;1.0
6a9ee909a4272c53be649d1f;2026-09-08;crustle-dri;trainer;MEG;123;Pokémon Center Lady;4;4;4;1.0;1.0
6a9ee909a4272c53be649d1f;2026-09-08;crustle-dri;trainer;PFL;91;Jumbo Ice Cream;16;4;4;4.0;1.0
6a9ee909a4272c53be649d1f;2026-09-08;crustle-dri;trainer;SVI;186;Pokégear 3.0;12;4;4;3.0;1.0
6a9ee909a4272c53be649d1f;2026-09-08;crustle-dri;trainer;TEF;144;Buddy-Buddy Poffin;8;4;4;2.0;1.0
6a9ee909a4272c53be649d1f;2026-09-08;crustle-dri;trainer;CRI;82;Special Red Card;4;4;4;1.0;1.0
6a9ee909a4272c53be649d1f;2026-09-08;crustle-dri;trainer;MEG;130;Switch;4;4;4;1.0;1.0
6a9ee909a4272c53be649d1f;2026-09-08;crustle-dri;trainer;MEG;131;Ultra Ball;4;4;4;1.0;1.0
6a9ee909a4272c53be649d1f;2026-09-08;crustle-dri;trainer;TWM;148;Enhanced Hammer;4;4;4;1.0;1.0
6a9ee909a4272c53be649d1f;2026-09-08;crustle-dri;trainer;TWM;150;Handheld Fan;4;4;4;1.0;1.0
6a9ee909a4272c53be649d1f;2026-09-08;crustle-dri;trainer;TEF;152;Hero's Cape;4;4;4;1.0;1.0
6a9ee909a4272c53be649d1f;2026-09-08;crustle-dri;trainer;POR;77;Lumiose City;4;4;4;1.0;1.0
6a9ee909a4272c53be649d1f;2026-09-08;crustle-dri;trainer;TWM;149;Festival Grounds;4;4;4;1.0;1.0
6a9ee909a4272c53be649d1f;2026-09-08;crustle-dri;trainer;DRI;173;Team Rocket's Factory;4;4;4;1.0;1.0
6a9ee909a4272c53be649d1f;2026-09-08;crustle-dri;energy;POR;86;Growing Grass Energy;16;4;4;4.0;1.0
6a9ee909a4272c53be649d1f;2026-09-08;crustle-dri;energy;TEF;161;Mist Energy;16;4;4;4.0;1.0
6a9ee909a4272c53be649d1f;2026-09-08;crustle-dri;energy;JTG;159;Spiky Energy;16;4;4;4.0;1.0
6a9ee909a4272c53be649d1f;2026-09-08;crustle-dri;energy;MEE;1;Grass Energy;4;4;4;1.0;1.0
6a9ee909a4272c53be649d1f;2026-09-08;n-zoroark;trainer;JTG;157;Ruffian;1;1;7;0.1429;0.1429
6a9ee909a4272c53be649d1f;2026-09-08;dhelmise-pbl;pokemon;PBL;33;Shuppet;12;3;3;4.0;1.0
6a9ee909a4272c53be649d1f;2026-09-08;dhelmise-pbl;pokemon;PBL;34;Banette;11;3;3;3.6667;1.0
6a9ee909a4272c53be649d1f;2026-09-08;dhelmise-pbl;pokemon;PBL;5;Poltchageist;11;3;3;3.6667;1.0
6a9ee909a4272c53be649d1f;2026-09-08;dhelmise-pbl;pokemon;PBL;6;Sinistcha;10;3;3;3.3333;1.0
6a9ee909a4272c53be649d1f;2026-09-08;dhelmise-pbl;pokemon;PBL;39;Dhelmise;10;3;3;3.3333;1.0
6a9ee909a4272c53be649d1f;2026-09-08;dhelmise-pbl;pokemon;ASC;142;Fezandipiti ex;1;1;3;0.3333;0.3333
6a9ee909a4272c53be649d1f;2026-09-08;dhelmise-pbl;pokemon;JTG;56;Lillie's Clefairy ex;3;3;3;1.0;1.0
6a9ee909a4272c53be649d1f;2026-09-08;dhelmise-pbl;pokemon;CRI;70;Patrat;2;2;3;0.6667;0.6667
6a9ee909a4272c53be649d1f;2026-09-08;dhelmise-pbl;pokemon;PBL;35;Spiritomb;2;2;3;0.6667;0.6667
6a9ee909a4272c53be649d1f;2026-09-08;dhelmise-pbl;pokemon;DRI;10;Shaymin;3;3;3;1.0;1.0
6a9ee909a4272c53be649d1f;2026-09-08;dhelmise-pbl;trainer;PBL;78;Gwynn;12;3;3;4.0;1.0
6a9ee909a4272c53be649d1f;2026-09-08;dhelmise-pbl;trainer;TEF;147;Explorer's Guidance;4;1;3;1.3333;0.3333
6a9ee909a4272c53be649d1f;2026-09-08;dhelmise-pbl;trainer;MEG;114;Boss's Orders;8;3;3;2.6667;1.0
6a9ee909a4272c53be649d1f;2026-09-08;dhelmise-pbl;trainer;MEG;119;Lillie's Determination;9;3;3;3.0;1.0
6a9ee909a4272c53be649d1f;2026-09-08;dhelmise-pbl;trainer;POR;81;Poké Pad;12;3;3;4.0;1.0
6a9ee909a4272c53be649d1f;2026-09-08;dhelmise-pbl;trainer;MEG;131;Ultra Ball;12;3;3;4.0;1.0
6a9ee909a4272c53be649d1f;2026-09-08;dhelmise-pbl;trainer;ASC;196;Night Stretcher;8;3;3;2.6667;1.0
6a9ee909a4272c53be649d1f;2026-09-08;dhelmise-pbl;trainer;SSP;164;Brilliant Blender;2;2;3;0.6667;0.6667
6a9ee909a4272c53be649d1f;2026-09-08;dhelmise-pbl;trainer;ASC;181;Air Balloon;1;1;3;0.3333;0.3333
6a9ee909a4272c53be649d1f;2026-09-08;dhelmise-pbl;trainer;CRI;80;Prism Tower;9;3;3;3.0;1.0
6a9ee909a4272c53be649d1f;2026-09-08;dhelmise-pbl;energy;POR;88;Telepathic Psychic Energy;12;3;3;4.0;1.0
6a9ee909a4272c53be649d1f;2026-09-08;dhelmise-pbl;energy;MEE;5;Psychic Energy;8;3;3;2.6667;1.0
6a9ee909a4272c53be649d1f;2026-09-08;lucario-hariyama;pokemon;MEG;76;Riolu;6;2;2;3.0;1.0
6a9ee909a4272c53be649d1f;2026-09-08;lucario-hariyama;pokemon;MEG;77;Mega Lucario ex;6;2;2;3.0;1.0
6a9ee909a4272c53be649d1f;2026-09-08;lucario-hariyama;pokemon;MEG;75;Solrock;6;2;2;3.0;1.0
6a9ee909a4272c53be649d1f;2026-09-08;lucario-hariyama;pokemon;MEG;72;Makuhita;4;2;2;2.0;1.0
6a9ee909a4272c53be649d1f;2026-09-08;lucario-hariyama;pokemon;MEG;73;Hariyama;4;2;2;2.0;1.0
6a9ee909a4272c53be649d1f;2026-09-08;lucario-hariyama;pokemon;MEG;74;Lunatone;4;2;2;2.0;1.0
6a9ee909a4272c53be649d1f;2026-09-08;lucario-hariyama;pokemon;POR;62;Meowth ex;2;2;2;1.0;1.0
6a9ee909a4272c53be649d1f;2026-09-08;lucario-hariyama;trainer;MEG;119;Lillie's Determination;8;2;2;4.0;1.0
6a9ee909a4272c53be649d1f;2026-09-08;lucario-hariyama;trainer;POR;76;Judge;5;2;2;2.5;1.0
6a9ee909a4272c53be649d1f;2026-09-08;lucario-hariyama;trainer;MEG;114;Boss's Orders;4;2;2;2.0;1.0
6a9ee909a4272c53be649d1f;2026-09-08;lucario-hariyama;trainer;MEG;116;Fighting Gong;8;2;2;4.0;1.0
6a9ee909a4272c53be649d1f;2026-09-08;lucario-hariyama;trainer;POR;81;Poké Pad;8;2;2;4.0;1.0
6a9ee909a4272c53be649d1f;2026-09-08;lucario-hariyama;trainer;MEG;124;Premium Power Pro;8;2;2;4.0;1.0
6a9ee909a4272c53be649d1f;2026-09-08;lucario-hariyama;trainer;MEG;131;Ultra Ball;8;2;2;4.0;1.0
6a9ee909a4272c53be649d1f;2026-09-08;lucario-hariyama;trainer;MEG;130;Switch;3;2;2;1.5;1.0
6a9ee909a4272c53be649d1f;2026-09-08;lucario-hariyama;trainer;TEF;154;Maximum Belt;1;1;2;0.5;0.5
6a9ee909a4272c53be649d1f;2026-09-08;lucario-hariyama;trainer;ASC;181;Air Balloon;3;2;2;1.5;1.0
6a9ee909a4272c53be649d1f;2026-09-08;lucario-hariyama;trainer;SSP;177;Gravity Mountain;5;2;2;2.5;1.0
6a9ee909a4272c53be649d1f;2026-09-08;lucario-hariyama;trainer;DRI;180;Team Rocket's Watchtower;1;1;2;0.5;0.5
6a9ee909a4272c53be649d1f;2026-09-08;lucario-hariyama;energy;MEE;6;Fighting Energy;21;2;2;10.5;1.0
6a9ee909a4272c53be649d1f;2026-09-08;lucario-hariyama;energy;POR;87;Rocky Fighting Energy;2;1;2;1.0;0.5
6a9ee909a4272c53be649d1f;2026-09-08;dragapult-dusknoir;pokemon;SSP;76;Latias ex;2;2;8;0.25;0.25
6a9ee909a4272c53be649d1f;2026-09-08;dragapult-dusknoir;pokemon;JTG;56;Lillie's Clefairy ex;1;1;8;0.125;0.125
6a9ee909a4272c53be649d1f;2026-09-08;dragapult-dusknoir;trainer;POR;76;Judge;3;3;8;0.375;0.375
6a9ee909a4272c53be649d1f;2026-09-08;dragapult-dusknoir;trainer;WHT;84;Hilda;3;3;8;0.375;0.375
6a9ee909a4272c53be649d1f;2026-09-08;dragapult-dusknoir;trainer;MEG;126;Repel;1;1;8;0.125;0.125
6a9ee909a4272c53be649d1f;2026-09-08;dragapult-dusknoir;trainer;POR;71;Crushing Hammer;5;2;8;0.625;0.25
6a9ee909a4272c53be649d1f;2026-09-08;dragapult-dusknoir;trainer;ASC;181;Air Balloon;1;1;8;0.125;0.125
6a9ee909a4272c53be649d1f;2026-09-08;dragapult-dusknoir;trainer;SCR;131;Area Zero Underdepths;1;1;8;0.125;0.125
6a9ee909a4272c53be649d1f;2026-09-08;dragapult-dusknoir;energy;TEF;162;Neo Upper Energy;2;2;8;0.25;0.25
6a9ee909a4272c53be649d1f;2026-09-08;slowking-scr;trainer;JTG;146;Brock's Scouting;2;1;6;0.3333;0.1667
6a9ee909a4272c53be649d1f;2026-09-08;slowking-scr;trainer;WHT;80;Brave Bangle;2;1;6;0.3333;0.1667
6a9ee909a4272c53be649d1f;2026-09-08;dragapult-blaziken;pokemon;DRI;42;Blaziken;1;1;2;0.5;0.5
6a9ee909a4272c53be649d1f;2026-09-08;dragapult-blaziken;pokemon;JTG;8;Maractus;1;1;2;0.5;0.5
6a9ee909a4272c53be649d1f;2026-09-08;dragapult-blaziken;trainer;SCR;131;Area Zero Underdepths;1;1;2;0.5;0.5
6a9ee909a4272c53be649d1f;2026-09-08;toxtricity-pfl;pokemon;PFL;67;Toxel;6;2;2;3.0;1.0
6a9ee909a4272c53be649d1f;2026-09-08;toxtricity-pfl;pokemon;PFL;68;Toxtricity;6;2;2;3.0;1.0
6a9ee909a4272c53be649d1f;2026-09-08;toxtricity-pfl;pokemon;PBL;48;Mega Darkrai ex;4;2;2;2.0;1.0
6a9ee909a4272c53be649d1f;2026-09-08;toxtricity-pfl;pokemon;PBL;53;Nickit;1;1;2;0.5;0.5
6a9ee909a4272c53be649d1f;2026-09-08;toxtricity-pfl;pokemon;PBL;54;Thievul;1;1;2;0.5;0.5
6a9ee909a4272c53be649d1f;2026-09-08;toxtricity-pfl;pokemon;PBL;56;Zarude;1;1;2;0.5;0.5
6a9ee909a4272c53be649d1f;2026-09-08;toxtricity-pfl;pokemon;PFL;62;Seviper;1;1;2;0.5;0.5
6a9ee909a4272c53be649d1f;2026-09-08;toxtricity-pfl;pokemon;SFA;39;Pecharunt ex;3;2;2;1.5;1.0
6a9ee909a4272c53be649d1f;2026-09-08;toxtricity-pfl;pokemon;PBL;59;Chi-Yu;1;1;2;0.5;0.5
6a9ee909a4272c53be649d1f;2026-09-08;toxtricity-pfl;pokemon;ASC;142;Fezandipiti ex;1;1;2;0.5;0.5
6a9ee909a4272c53be649d1f;2026-09-08;toxtricity-pfl;trainer;MEG;119;Lillie's Determination;4;1;2;2.0;0.5
6a9ee909a4272c53be649d1f;2026-09-08;toxtricity-pfl;trainer;PFL;90;Grimsley's Move;2;1;2;1.0;0.5
6a9ee909a4272c53be649d1f;2026-09-08;toxtricity-pfl;trainer;DRI;176;Team Rocket's Petrel;3;2;2;1.5;1.0
6a9ee909a4272c53be649d1f;2026-09-08;toxtricity-pfl;trainer;MEG;114;Boss's Orders;5;2;2;2.5;1.0
6a9ee909a4272c53be649d1f;2026-09-08;toxtricity-pfl;trainer;PRE;112;Janine's Secret Art;4;2;2;2.0;1.0
6a9ee909a4272c53be649d1f;2026-09-08;toxtricity-pfl;trainer;SSP;179;Lisia's Appeal;1;1;2;0.5;0.5
6a9ee909a4272c53be649d1f;2026-09-08;toxtricity-pfl;trainer;POR;81;Poké Pad;8;2;2;4.0;1.0
6a9ee909a4272c53be649d1f;2026-09-08;toxtricity-pfl;trainer;MEG;131;Ultra Ball;4;1;2;2.0;0.5
6a9ee909a4272c53be649d1f;2026-09-08;toxtricity-pfl;trainer;PBL;75;Dark Bell;4;2;2;2.0;1.0
6a9ee909a4272c53be649d1f;2026-09-08;toxtricity-pfl;trainer;TEF;144;Buddy-Buddy Poffin;2;1;2;1.0;0.5
6a9ee909a4272c53be649d1f;2026-09-08;toxtricity-pfl;trainer;DRI;164;Energy Recycler;1;1;2;0.5;0.5
6a9ee909a4272c53be649d1f;2026-09-08;toxtricity-pfl;trainer;ASC;196;Night Stretcher;2;2;2;1.0;1.0
6a9ee909a4272c53be649d1f;2026-09-08;toxtricity-pfl;trainer;SFA;58;Dangerous Laser;1;1;2;0.5;0.5
6a9ee909a4272c53be649d1f;2026-09-08;toxtricity-pfl;trainer;CRI;82;Special Red Card;2;2;2;1.0;1.0
6a9ee909a4272c53be649d1f;2026-09-08;toxtricity-pfl;trainer;ASC;181;Air Balloon;1;1;2;0.5;0.5
6a9ee909a4272c53be649d1f;2026-09-08;toxtricity-pfl;trainer;PRE;95;Binding Mochi;2;2;2;1.0;1.0
6a9ee909a4272c53be649d1f;2026-09-08;toxtricity-pfl;trainer;SSP;180;Lively Stadium;2;1;2;1.0;0.5
6a9ee909a4272c53be649d1f;2026-09-08;toxtricity-pfl;energy;MEE;7;Darkness Energy;22;2;2;11.0;1.0
6a9ee909a4272c53be649d1f;2026-09-08;toxtricity-pfl;energy;PBL;83;Shadowy Darkness Energy;1;1;2;0.5;0.5
6a9ee909a4272c53be649d1f;2026-09-08;toxtricity-pfl;pokemon;PFL;60;Carvanha;2;1;2;1.0;0.5
6a9ee909a4272c53be649d1f;2026-09-08;toxtricity-pfl;pokemon;PFL;61;Mega Sharpedo ex;2;1;2;1.0;0.5
6a9ee909a4272c53be649d1f;2026-09-08;toxtricity-pfl;pokemon;WHT;61;Zorua;2;1;2;1.0;0.5
6a9ee909a4272c53be649d1f;2026-09-08;toxtricity-pfl;pokemon;WHT;62;Zoroark;2;1;2;1.0;0.5
6a9ee909a4272c53be649d1f;2026-09-08;toxtricity-pfl;pokemon;WHT;55;Purrloin;2;1;2;1.0;0.5
6a9ee909a4272c53be649d1f;2026-09-08;toxtricity-pfl;pokemon;PBL;55;Morpeko ex;1;1;2;0.5;0.5
6a9ee909a4272c53be649d1f;2026-09-08;toxtricity-pfl;trainer;TEF;146;Eri;1;1;2;0.5;0.5
6a9ee909a4272c53be649d1f;2026-09-08;toxtricity-pfl;trainer;TEF;160;Salvatore;1;1;2;0.5;0.5
6a9ee909a4272c53be649d1f;2026-09-08;toxtricity-pfl;trainer;SFA;57;Colress's Tenacity;1;1;2;0.5;0.5
6a9ee909a4272c53be649d1f;2026-09-08;toxtricity-pfl;trainer;WHT;84;Hilda;1;1;2;0.5;0.5
6a9ee909a4272c53be649d1f;2026-09-08;toxtricity-pfl;trainer;POR;71;Crushing Hammer;1;1;2;0.5;0.5
6a9ee909a4272c53be649d1f;2026-09-08;toxtricity-pfl;trainer;TWM;165;Unfair Stamp;1;1;2;0.5;0.5
6a9ee909a4272c53be649d1f;2026-09-08;toxtricity-pfl;trainer;PFL;92;Punk Helmet;1;1;2;0.5;0.5
6a9ee909a4272c53be649d1f;2026-09-08;toxtricity-pfl;trainer;DRI;173;Team Rocket's Factory;1;1;2;0.5;0.5
6a9ee909a4272c53be649d1f;2026-09-08;toxtricity-pfl;trainer;SSP;177;Gravity Mountain;1;1;2;0.5;0.5
6a9ee909a4272c53be649d1f;2026-09-08;toxtricity-pfl;trainer;DRI;180;Team Rocket's Watchtower;1;1;2;0.5;0.5
6a9ee909a4272c53be649d1f;2026-09-08;toxtricity-pfl;trainer;ASC;197;Nighttime Mine;1;1;2;0.5;0.5
6a9ee909a4272c53be649d1f;2026-09-08;toxtricity-pfl;energy;WHT;86;Ignition Energy;2;1;2;1.0;0.5
6a9ee909a4272c53be649d1f;2026-09-08;starmie-froslass;pokemon;ASC;46;Snorunt;3;1;1;3.0;1.0
6a9ee909a4272c53be649d1f;2026-09-08;starmie-froslass;pokemon;ASC;47;Mega Froslass ex;2;1;1;2.0;1.0
6a9ee909a4272c53be649d1f;2026-09-08;starmie-froslass;pokemon;TWM;53;Froslass;2;1;1;2.0;1.0
6a9ee909a4272c53be649d1f;2026-09-08;starmie-froslass;pokemon;POR;20;Staryu;3;1;1;3.0;1.0
6a9ee909a4272c53be649d1f;2026-09-08;starmie-froslass;pokemon;POR;21;Mega Starmie ex;2;1;1;2.0;1.0
6a9ee909a4272c53be649d1f;2026-09-08;starmie-froslass;pokemon;TWM;95;Munkidori;2;1;1;2.0;1.0
6a9ee909a4272c53be649d1f;2026-09-08;starmie-froslass;pokemon;POR;62;Meowth ex;1;1;1;1.0;1.0
6a9ee909a4272c53be649d1f;2026-09-08;starmie-froslass;pokemon;ASC;16;Budew;1;1;1;1.0;1.0
6a9ee909a4272c53be649d1f;2026-09-08;starmie-froslass;pokemon;ASC;142;Fezandipiti ex;1;1;1;1.0;1.0
6a9ee909a4272c53be649d1f;2026-09-08;starmie-froslass;trainer;MEG;119;Lillie's Determination;4;1;1;4.0;1.0
6a9ee909a4272c53be649d1f;2026-09-08;starmie-froslass;trainer;WHT;84;Hilda;3;1;1;3.0;1.0
6a9ee909a4272c53be649d1f;2026-09-08;starmie-froslass;trainer;PRE;115;Larry's Skill;3;1;1;3.0;1.0
6a9ee909a4272c53be649d1f;2026-09-08;starmie-froslass;trainer;MEG;132;Wally's Compassion;2;1;1;2.0;1.0
6a9ee909a4272c53be649d1f;2026-09-08;starmie-froslass;trainer;MEG;114;Boss's Orders;2;1;1;2.0;1.0
6a9ee909a4272c53be649d1f;2026-09-08;starmie-froslass;trainer;TEF;160;Salvatore;1;1;1;1.0;1.0
6a9ee909a4272c53be649d1f;2026-09-08;starmie-froslass;trainer;TEF;144;Buddy-Buddy Poffin;4;1;1;4.0;1.0
6a9ee909a4272c53be649d1f;2026-09-08;starmie-froslass;trainer;POR;81;Poké Pad;3;1;1;3.0;1.0
6a9ee909a4272c53be649d1f;2026-09-08;starmie-froslass;trainer;MEG;131;Ultra Ball;3;1;1;3.0;1.0
6a9ee909a4272c53be649d1f;2026-09-08;starmie-froslass;trainer;SVI;186;Pokégear 3.0;3;1;1;3.0;1.0
6a9ee909a4272c53be649d1f;2026-09-08;starmie-froslass;trainer;ASC;196;Night Stretcher;2;1;1;2.0;1.0
6a9ee909a4272c53be649d1f;2026-09-08;starmie-froslass;trainer;MEG;127;Risky Ruins;2;1;1;2.0;1.0
6a9ee909a4272c53be649d1f;2026-09-08;starmie-froslass;trainer;MEG;129;Surfing Beach;2;1;1;2.0;1.0
6a9ee909a4272c53be649d1f;2026-09-08;starmie-froslass;energy;MEE;3;Water Energy;4;1;1;4.0;1.0
6a9ee909a4272c53be649d1f;2026-09-08;starmie-froslass;energy;MEE;7;Darkness Energy;2;1;1;2.0;1.0
6a9ee909a4272c53be649d1f;2026-09-08;starmie-froslass;energy;TWM;167;Legacy Energy;1;1;1;1.0;1.0
6a9ee909a4272c53be649d1f;2026-09-08;starmie-froslass;energy;WHT;86;Ignition Energy;1;1;1;1.0;1.0
6a9ee909a4272c53be649d1f;2026-09-08;starmie-froslass;energy;CRI;84;Bubbly Water Energy;1;1;1;1.0;1.0
6a9ee909a4272c53be649d1f;2026-09-08;grimmsnarl-froslass;pokemon;TWM;141;Bloodmoon Ursaluna ex;1;1;4;0.25;0.25
6a9ee909a4272c53be649d1f;2026-09-08;grimmsnarl-froslass;trainer;SFA;64;Xerosic's Machinations;1;1;4;0.25;0.25
6a9ee909a4272c53be649d1f;2026-09-08;grimmsnarl-froslass;trainer;MEG;115;Energy Switch;3;3;4;0.75;0.75
6a9ee909a4272c53be649d1f;2026-09-08;grimmsnarl-froslass;trainer;MEG;131;Ultra Ball;1;1;4;0.25;0.25
6a9ee909a4272c53be649d1f;2026-09-08;slowking-scr;pokemon;PBL;29;Slowpoke;3;1;6;0.5;0.1667
6a9ee909a4272c53be649d1f;2026-09-08;slowking-scr;pokemon;TWM;128;Dreepy;2;1;6;0.3333;0.1667
6a9ee909a4272c53be649d1f;2026-09-08;slowking-scr;pokemon;TWM;129;Drakloak;2;1;6;0.3333;0.1667
6a9ee909a4272c53be649d1f;2026-09-08;slowking-scr;pokemon;TWM;130;Dragapult ex;1;1;6;0.1667;0.1667
6a9ee909a4272c53be649d1f;2026-09-08;slowking-scr;trainer;TEF;144;Buddy-Buddy Poffin;2;1;6;0.3333;0.1667
6a9ee909a4272c53be649d1f;2026-09-08;slowking-scr;trainer;SCR;142;Sparkling Crystal;1;1;6;0.1667;0.1667
6a9ee909a4272c53be649d1f;2026-09-08;mega-starmie-ex;pokemon;JTG;120;Dunsparce;4;1;3;1.3333;0.3333
6a9ee909a4272c53be649d1f;2026-09-08;mega-starmie-ex;pokemon;TEF;129;Dudunsparce;7;2;3;2.3333;0.6667
6a9ee909a4272c53be649d1f;2026-09-08;mega-starmie-ex;pokemon;POR;20;Staryu;10;3;3;3.3333;1.0
6a9ee909a4272c53be649d1f;2026-09-08;mega-starmie-ex;pokemon;POR;21;Mega Starmie ex;8;3;3;2.6667;1.0
6a9ee909a4272c53be649d1f;2026-09-08;mega-starmie-ex;pokemon;ASC;46;Snorunt;9;3;3;3.0;1.0
6a9ee909a4272c53be649d1f;2026-09-08;mega-starmie-ex;pokemon;ASC;47;Mega Froslass ex;8;3;3;2.6667;1.0
6a9ee909a4272c53be649d1f;2026-09-08;mega-starmie-ex;trainer;TEF;160;Salvatore;7;2;3;2.3333;0.6667
6a9ee909a4272c53be649d1f;2026-09-08;mega-starmie-ex;trainer;MEG;119;Lillie's Determination;11;3;3;3.6667;1.0
6a9ee909a4272c53be649d1f;2026-09-08;mega-starmie-ex;trainer;WHT;84;Hilda;8;3;3;2.6667;1.0
6a9ee909a4272c53be649d1f;2026-09-08;mega-starmie-ex;trainer;MEG;114;Boss's Orders;8;3;3;2.6667;1.0
6a9ee909a4272c53be649d1f;2026-09-08;mega-starmie-ex;trainer;MEG;132;Wally's Compassion;8;3;3;2.6667;1.0
6a9ee909a4272c53be649d1f;2026-09-08;mega-starmie-ex;trainer;POR;81;Poké Pad;8;2;3;2.6667;0.6667
6a9ee909a4272c53be649d1f;2026-09-08;mega-starmie-ex;trainer;TEF;144;Buddy-Buddy Poffin;12;3;3;4.0;1.0
6a9ee909a4272c53be649d1f;2026-09-08;mega-starmie-ex;trainer;SVI;186;Pokégear 3.0;8;2;3;2.6667;0.6667
6a9ee909a4272c53be649d1f;2026-09-08;mega-starmie-ex;trainer;MEG;131;Ultra Ball;6;2;3;2.0;0.6667
6a9ee909a4272c53be649d1f;2026-09-08;mega-starmie-ex;trainer;ASC;196;Night Stretcher;2;1;3;0.6667;0.3333
6a9ee909a4272c53be649d1f;2026-09-08;mega-starmie-ex;trainer;MEG;130;Switch;1;1;3;0.3333;0.3333
6a9ee909a4272c53be649d1f;2026-09-08;mega-starmie-ex;trainer;TEF;152;Hero's Cape;3;3;3;1.0;1.0
6a9ee909a4272c53be649d1f;2026-09-08;mega-starmie-ex;energy;CRI;84;Bubbly Water Energy;8;2;3;2.6667;0.6667
6a9ee909a4272c53be649d1f;2026-09-08;mega-starmie-ex;energy;MEE;3;Water Energy;14;3;3;4.6667;1.0
6a9ee909a4272c53be649d1f;2026-09-08;mega-starmie-ex;energy;WHT;86;Ignition Energy;6;3;3;2.0;1.0
6a9ee909a4272c53be649d1f;2026-09-08;dhelmise-pbl;pokemon;JTG;120;Dunsparce;5;2;3;1.6667;0.6667
6a9ee909a4272c53be649d1f;2026-09-08;dhelmise-pbl;pokemon;TEF;129;Dudunsparce;5;2;3;1.6667;0.6667
6a9ee909a4272c53be649d1f;2026-09-08;dhelmise-pbl;pokemon;TWM;141;Bloodmoon Ursaluna ex;1;1;3;0.3333;0.3333
6a9ee909a4272c53be649d1f;2026-09-08;dhelmise-pbl;trainer;TEF;144;Buddy-Buddy Poffin;2;1;3;0.6667;0.3333
6a9ee909a4272c53be649d1f;2026-09-08;dhelmise-pbl;trainer;CRI;82;Special Red Card;1;1;3;0.3333;0.3333
6a9ee909a4272c53be649d1f;2026-09-08;dhelmise-pbl;trainer;MEG;130;Switch;1;1;3;0.3333;0.3333
6a9ee909a4272c53be649d1f;2026-09-08;dhelmise-pbl;trainer;TWM;165;Unfair Stamp;1;1;3;0.3333;0.3333
6a9ee909a4272c53be649d1f;2026-09-08;dhelmise-pbl;trainer;WHT;80;Brave Bangle;1;1;3;0.3333;0.3333
6a9ee909a4272c53be649d1f;2026-09-08;dhelmise-pbl;pokemon;SSP;76;Latias ex;1;1;3;0.3333;0.3333
6a9ee909a4272c53be649d1f;2026-09-08;festival-lead;pokemon;TWM;17;Applin;11;3;3;3.6667;1.0
6a9ee909a4272c53be649d1f;2026-09-08;festival-lead;pokemon;TWM;18;Dipplin;9;3;3;3.0;1.0
6a9ee909a4272c53be649d1f;2026-09-08;festival-lead;pokemon;TWM;14;Grookey;12;3;3;4.0;1.0
6a9ee909a4272c53be649d1f;2026-09-08;festival-lead;pokemon;TWM;15;Thwackey;11;3;3;3.6667;1.0
6a9ee909a4272c53be649d1f;2026-09-08;festival-lead;pokemon;TWM;44;Goldeen;4;3;3;1.3333;1.0
6a9ee909a4272c53be649d1f;2026-09-08;festival-lead;pokemon;PRE;21;Seaking;3;3;3;1.0;1.0
6a9ee909a4272c53be649d1f;2026-09-08;festival-lead;pokemon;TEF;23;Rellor;2;2;3;0.6667;0.6667
6a9ee909a4272c53be649d1f;2026-09-08;festival-lead;pokemon;TEF;24;Rabsca;2;2;3;0.6667;0.6667
6a9ee909a4272c53be649d1f;2026-09-08;festival-lead;pokemon;ASC;39;Psyduck;1;1;3;0.3333;0.3333
6a9ee909a4272c53be649d1f;2026-09-08;festival-lead;pokemon;DRI;10;Shaymin;3;3;3;1.0;1.0
6a9ee909a4272c53be649d1f;2026-09-08;festival-lead;trainer;MEG;119;Lillie's Determination;12;3;3;4.0;1.0
6a9ee909a4272c53be649d1f;2026-09-08;festival-lead;trainer;MEG;114;Boss's Orders;7;3;3;2.3333;1.0
6a9ee909a4272c53be649d1f;2026-09-08;festival-lead;trainer;PBL;77;Gladion's Final Battle;6;3;3;2.0;1.0
6a9ee909a4272c53be649d1f;2026-09-08;festival-lead;trainer;TWM;154;Kieran;3;3;3;1.0;1.0
6a9ee909a4272c53be649d1f;2026-09-08;festival-lead;trainer;TWM;155;Lana's Aid;2;2;3;0.6667;0.6667
6a9ee909a4272c53be649d1f;2026-09-08;festival-lead;trainer;BLK;82;Fennel;1;1;3;0.3333;0.3333
6a9ee909a4272c53be649d1f;2026-09-08;festival-lead;trainer;TEF;144;Buddy-Buddy Poffin;12;3;3;4.0;1.0
6a9ee909a4272c53be649d1f;2026-09-08;festival-lead;trainer;POR;81;Poké Pad;12;3;3;4.0;1.0
6a9ee909a4272c53be649d1f;2026-09-08;festival-lead;trainer;MEG;131;Ultra Ball;6;3;3;2.0;1.0
6a9ee909a4272c53be649d1f;2026-09-08;festival-lead;trainer;TWM;163;Secret Box;3;3;3;1.0;1.0
6a9ee909a4272c53be649d1f;2026-09-08;festival-lead;trainer;MEG;130;Switch;1;1;3;0.3333;0.3333
6a9ee909a4272c53be649d1f;2026-09-08;festival-lead;trainer;TWM;143;Bug Catching Set;6;3;3;2.0;1.0
6a9ee909a4272c53be649d1f;2026-09-08;festival-lead;trainer;ASC;196;Night Stretcher;3;3;3;1.0;1.0
6a9ee909a4272c53be649d1f;2026-09-08;festival-lead;trainer;ASC;212;Tool Scrapper;3;3;3;1.0;1.0
6a9ee909a4272c53be649d1f;2026-09-08;festival-lead;trainer;WHT;80;Brave Bangle;6;3;3;2.0;1.0
6a9ee909a4272c53be649d1f;2026-09-08;festival-lead;trainer;ASC;181;Air Balloon;6;3;3;2.0;1.0
6a9ee909a4272c53be649d1f;2026-09-08;festival-lead;trainer;TWM;149;Festival Grounds;12;3;3;4.0;1.0
6a9ee909a4272c53be649d1f;2026-09-08;festival-lead;energy;MEE;1;Grass Energy;13;3;3;4.3333;1.0
6a9ee909a4272c53be649d1f;2026-09-08;festival-lead;energy;POR;86;Growing Grass Energy;2;2;3;0.6667;0.6667
6a9ee909a4272c53be649d1f;2026-09-08;dragapult-ex;pokemon;PFL;14;Moltres;2;2;8;0.25;0.25
6a9ee909a4272c53be649d1f;2026-09-08;dragapult-ex;trainer;DRI;180;Team Rocket's Watchtower;5;3;8;0.625;0.375
6a9ee909a4272c53be649d1f;2026-09-08;basic-box-m;pokemon;TWM;112;Cornerstone Mask Ogerpon ex;1;1;6;0.1667;0.1667
6a9ee909a4272c53be649d1f;2026-09-08;basic-box-m;trainer;SCR;132;Briar;2;2;6;0.3333;0.3333
6a9ee909a4272c53be649d1f;2026-09-08;basic-box-m;trainer;SVI;171;Energy Retrieval;1;1;6;0.1667;0.1667
6a9ee909a4272c53be649d1f;2026-09-08;lucario-hariyama;trainer;DRI;176;Team Rocket's Petrel;1;1;2;0.5;0.5
6a9ee909a4272c53be649d1f;2026-09-08;lucario-hariyama;trainer;MEG;132;Wally's Compassion;1;1;2;0.5;0.5
6a9ee909a4272c53be649d1f;2026-09-08;lucario-hariyama;trainer;TWM;165;Unfair Stamp;1;1;2;0.5;0.5
6a9ee909a4272c53be649d1f;2026-09-08;toucannon-pbl;pokemon;SSP;57;Pikachu ex;2;1;2;1.0;0.5
6a9ee909a4272c53be649d1f;2026-09-08;toucannon-pbl;pokemon;SSP;76;Latias ex;1;1;2;0.5;0.5
6a9ee909a4272c53be649d1f;2026-09-08;toucannon-pbl;pokemon;TWM;131;Tatsugiri;1;1;2;0.5;0.5
6a9ee909a4272c53be649d1f;2026-09-08;toucannon-pbl;pokemon;SSP;56;Chien-Pao;1;1;2;0.5;0.5
6a9ee909a4272c53be649d1f;2026-09-08;toucannon-pbl;pokemon;ASC;142;Fezandipiti ex;1;1;2;0.5;0.5
6a9ee909a4272c53be649d1f;2026-09-08;toucannon-pbl;trainer;PFL;87;Dawn;4;1;2;2.0;0.5
6a9ee909a4272c53be649d1f;2026-09-08;toucannon-pbl;trainer;TWM;154;Kieran;1;1;2;0.5;0.5
6a9ee909a4272c53be649d1f;2026-09-08;toucannon-pbl;trainer;TWM;165;Unfair Stamp;1;1;2;0.5;0.5
6a9ee909a4272c53be649d1f;2026-09-08;dragapult-ex;pokemon;PFL;83;Buneary;2;1;8;0.25;0.125
6a9ee909a4272c53be649d1f;2026-09-08;dragapult-ex;pokemon;PFL;84;Mega Lopunny ex;2;1;8;0.25;0.125
6a9ee909a4272c53be649d1f;2026-09-08;dragapult-ex;pokemon;DRI;10;Shaymin;1;1;8;0.125;0.125
6a9ee909a4272c53be649d1f;2026-09-08;dragapult-ex;pokemon;ASC;39;Psyduck;1;1;8;0.125;0.125
6a9ee909a4272c53be649d1f;2026-09-08;dragapult-ex;trainer;DRI;176;Team Rocket's Petrel;2;2;8;0.25;0.25
6a9ee909a4272c53be649d1f;2026-09-08;dragapult-ex;trainer;WHT;84;Hilda;1;1;8;0.125;0.125
6a9ee909a4272c53be649d1f;2026-09-08;dragapult-ex;trainer;MEG;125;Rare Candy;4;2;8;0.5;0.25
6a9ee909a4272c53be649d1f;2026-09-08;dragapult-ex;trainer;MEG;130;Switch;1;1;8;0.125;0.125
6a9ee909a4272c53be649d1f;2026-09-08;slowking-scr;pokemon;POR;52;Drapion;1;1;6;0.1667;0.1667
6a9ee909a4272c53be649d1f;2026-09-08;slowking-scr;pokemon;SSP;83;Cofagrigus;1;1;6;0.1667;0.1667
6a9ee909a4272c53be649d1f;2026-09-08;slowking-scr;pokemon;TWM;95;Munkidori;2;2;6;0.3333;0.3333
6a9ee909a4272c53be649d1f;2026-09-08;slowking-scr;pokemon;DRI;10;Shaymin;1;1;6;0.1667;0.1667
6a9ee909a4272c53be649d1f;2026-09-08;slowking-scr;trainer;TWM;154;Kieran;1;1;6;0.1667;0.1667
6a9ee909a4272c53be649d1f;2026-09-08;slowking-scr;trainer;TWM;155;Lana's Aid;1;1;6;0.1667;0.1667
6a9ee909a4272c53be649d1f;2026-09-08;slowking-scr;trainer;SCR;133;Crispin;2;2;6;0.3333;0.3333
6a9ee909a4272c53be649d1f;2026-09-08;slowking-scr;trainer;TEF;157;Prime Catcher;2;2;6;0.3333;0.3333
6a9ee909a4272c53be649d1f;2026-09-08;slowking-scr;energy;MEE;7;Darkness Energy;4;2;6;0.6667;0.3333
6a9ee909a4272c53be649d1f;2026-09-08;mega-excadrill-ex;pokemon;CRI;59;Beldum;4;1;4;1.0;0.25
6a9ee909a4272c53be649d1f;2026-09-08;mega-excadrill-ex;pokemon;PFL;27;Piplup;1;1;4;0.25;0.25
6a9ee909a4272c53be649d1f;2026-09-08;mega-excadrill-ex;pokemon;PFL;70;Empoleon ex;1;1;4;0.25;0.25
6a9ee909a4272c53be649d1f;2026-09-08;mega-excadrill-ex;pokemon;ASC;142;Fezandipiti ex;3;3;4;0.75;0.75
6a9ee909a4272c53be649d1f;2026-09-08;mega-excadrill-ex;trainer;JTG;146;Brock's Scouting;2;1;4;0.5;0.25
6a9ee909a4272c53be649d1f;2026-09-08;mega-excadrill-ex;trainer;MEG;125;Rare Candy;1;1;4;0.25;0.25
6a9ee909a4272c53be649d1f;2026-09-08;mega-excadrill-ex;trainer;ASC;181;Air Balloon;3;2;4;0.75;0.5
6a9ee909a4272c53be649d1f;2026-09-08;mega-excadrill-ex;trainer;TEF;152;Hero's Cape;1;1;4;0.25;0.25
6a9ee909a4272c53be649d1f;2026-09-08;alakazam-dudunsparce;trainer;TWM;158;Lucky Helmet;2;2;5;0.4;0.4
6a9ee909a4272c53be649d1f;2026-09-08;basic-box-m;pokemon;TWM;93;Enamorus;2;2;6;0.3333;0.3333
6a9ee909a4272c53be649d1f;2026-09-08;sharpedo-toxtricity;pokemon;PFL;60;Carvanha;3;1;1;3.0;1.0
6a9ee909a4272c53be649d1f;2026-09-08;sharpedo-toxtricity;pokemon;PFL;61;Mega Sharpedo ex;2;1;1;2.0;1.0
6a9ee909a4272c53be649d1f;2026-09-08;sharpedo-toxtricity;pokemon;PFL;67;Toxel;2;1;1;2.0;1.0
6a9ee909a4272c53be649d1f;2026-09-08;sharpedo-toxtricity;pokemon;PFL;68;Toxtricity;2;1;1;2.0;1.0
6a9ee909a4272c53be649d1f;2026-09-08;sharpedo-toxtricity;pokemon;SFA;36;Okidogi ex;2;1;1;2.0;1.0
6a9ee909a4272c53be649d1f;2026-09-08;sharpedo-toxtricity;pokemon;SFA;39;Pecharunt ex;2;1;1;2.0;1.0
6a9ee909a4272c53be649d1f;2026-09-08;sharpedo-toxtricity;pokemon;TWM;95;Munkidori;2;1;1;2.0;1.0
6a9ee909a4272c53be649d1f;2026-09-08;sharpedo-toxtricity;pokemon;TWM;131;Tatsugiri;2;1;1;2.0;1.0
6a9ee909a4272c53be649d1f;2026-09-08;sharpedo-toxtricity;pokemon;ASC;142;Fezandipiti ex;1;1;1;1.0;1.0
6a9ee909a4272c53be649d1f;2026-09-08;sharpedo-toxtricity;pokemon;DRI;10;Shaymin;1;1;1;1.0;1.0
6a9ee909a4272c53be649d1f;2026-09-08;sharpedo-toxtricity;trainer;MEG;119;Lillie's Determination;4;1;1;4.0;1.0
6a9ee909a4272c53be649d1f;2026-09-08;sharpedo-toxtricity;trainer;POR;76;Judge;3;1;1;3.0;1.0
6a9ee909a4272c53be649d1f;2026-09-08;sharpedo-toxtricity;trainer;MEG;114;Boss's Orders;3;1;1;3.0;1.0
6a9ee909a4272c53be649d1f;2026-09-08;sharpedo-toxtricity;trainer;PRE;112;Janine's Secret Art;2;1;1;2.0;1.0
6a9ee909a4272c53be649d1f;2026-09-08;sharpedo-toxtricity;trainer;POR;81;Poké Pad;4;1;1;4.0;1.0
6a9ee909a4272c53be649d1f;2026-09-08;sharpedo-toxtricity;trainer;TEF;144;Buddy-Buddy Poffin;4;1;1;4.0;1.0
6a9ee909a4272c53be649d1f;2026-09-08;sharpedo-toxtricity;trainer;MEG;131;Ultra Ball;4;1;1;4.0;1.0
6a9ee909a4272c53be649d1f;2026-09-08;sharpedo-toxtricity;trainer;PRE;116;Max Rod;1;1;1;1.0;1.0
6a9ee909a4272c53be649d1f;2026-09-08;sharpedo-toxtricity;trainer;PRE;95;Binding Mochi;3;1;1;3.0;1.0
6a9ee909a4272c53be649d1f;2026-09-08;sharpedo-toxtricity;trainer;DRI;180;Team Rocket's Watchtower;3;1;1;3.0;1.0
6a9ee909a4272c53be649d1f;2026-09-08;sharpedo-toxtricity;energy;MEE;7;Darkness Energy;10;1;1;10.0;1.0
6a9ee909a4272c53be649d1f;2026-09-08;greninja-ex;trainer;SSP;177;Gravity Mountain;2;2;4;0.5;0.5
6a9ee909a4272c53be649d1f;2026-09-08;mega-starmie-ex;trainer;DRI;176;Team Rocket's Petrel;1;1;3;0.3333;0.3333
6a9ee909a4272c53be649d1f;2026-09-08;mega-starmie-ex;trainer;POR;76;Judge;1;1;3;0.3333;0.3333
6a9ee909a4272c53be649d1f;2026-09-08;mega-starmie-ex;trainer;SSP;165;Call Bell;4;1;3;1.3333;0.3333
6a9ee909a4272c53be649d1f;2026-09-08;mega-starmie-ex;trainer;CRI;82;Special Red Card;2;2;3;0.6667;0.6667
6a9ee909a4272c53be649d1f;2026-09-08;mega-starmie-ex;trainer;MEG;129;Surfing Beach;3;1;3;1.0;0.3333
6a9ee909a4272c53be649d1f;2026-09-08;mega-greninja-ex;pokemon;ASC;46;Snorunt;1;1;2;0.5;0.5
6a9ee909a4272c53be649d1f;2026-09-08;mega-greninja-ex;pokemon;ASC;47;Mega Froslass ex;1;1;2;0.5;0.5
6a9ee909a4272c53be649d1f;2026-09-08;mega-greninja-ex;trainer;SFA;57;Colress's Tenacity;2;1;2;1.0;0.5
6a9ee909a4272c53be649d1f;2026-09-08;mega-greninja-ex;trainer;POR;84;Rosa's Encouragement;1;1;2;0.5;0.5
6a9ee909a4272c53be649d1f;2026-09-08;mega-greninja-ex;trainer;POR;76;Judge;1;1;2;0.5;0.5
6a9ee909a4272c53be649d1f;2026-09-08;mega-greninja-ex;trainer;PFL;87;Dawn;1;1;2;0.5;0.5
6a9ee909a4272c53be649d1f;2026-09-08;mega-greninja-ex;trainer;SCR;136;Grand Tree;1;1;2;0.5;0.5
6a9ee909a4272c53be649d1f;2026-09-08;n-zoroark;trainer;ASC;212;Tool Scrapper;2;2;7;0.2857;0.2857
6a9ee909a4272c53be649d1f;2026-09-08;dudunsparce-control;pokemon;TEF;128;Dunsparce;3;1;1;3.0;1.0
6a9ee909a4272c53be649d1f;2026-09-08;dudunsparce-control;pokemon;TEF;129;Dudunsparce;3;1;1;3.0;1.0
6a9ee909a4272c53be649d1f;2026-09-08;dudunsparce-control;pokemon;SSP;76;Latias ex;2;1;1;2.0;1.0
6a9ee909a4272c53be649d1f;2026-09-08;dudunsparce-control;pokemon;POR;30;Clefairy;2;1;1;2.0;1.0
6a9ee909a4272c53be649d1f;2026-09-08;dudunsparce-control;pokemon;BLK;40;Elgyem;2;1;1;2.0;1.0
6a9ee909a4272c53be649d1f;2026-09-08;dudunsparce-control;pokemon;JTG;66;Lillie's Cutiefly;1;1;1;1.0;1.0
6a9ee909a4272c53be649d1f;2026-09-08;dudunsparce-control;pokemon;JTG;67;Lillie's Ribombee;1;1;1;1.0;1.0
6a9ee909a4272c53be649d1f;2026-09-08;dudunsparce-control;pokemon;BLK;25;Cubchoo;1;1;1;1.0;1.0
6a9ee909a4272c53be649d1f;2026-09-08;dudunsparce-control;pokemon;DRI;51;Team Rocket's Articuno;1;1;1;1.0;1.0
6a9ee909a4272c53be649d1f;2026-09-08;dudunsparce-control;pokemon;DRI;93;Ethan's Sudowoodo;1;1;1;1.0;1.0
6a9ee909a4272c53be649d1f;2026-09-08;dudunsparce-control;pokemon;DRI;94;Team Rocket's Larvitar;1;1;1;1.0;1.0
6a9ee909a4272c53be649d1f;2026-09-08;dudunsparce-control;pokemon;SSP;87;Dedenne;1;1;1;1.0;1.0
6a9ee909a4272c53be649d1f;2026-09-08;dudunsparce-control;pokemon;TWM;112;Cornerstone Mask Ogerpon ex;1;1;1;1.0;1.0
6a9ee909a4272c53be649d1f;2026-09-08;dudunsparce-control;pokemon;DRI;10;Shaymin;1;1;1;1.0;1.0
6a9ee909a4272c53be649d1f;2026-09-08;dudunsparce-control;pokemon;ASC;39;Psyduck;1;1;1;1.0;1.0
6a9ee909a4272c53be649d1f;2026-09-08;dudunsparce-control;trainer;MEG;119;Lillie's Determination;4;1;1;4.0;1.0
6a9ee909a4272c53be649d1f;2026-09-08;dudunsparce-control;trainer;MEG;114;Boss's Orders;2;1;1;2.0;1.0
6a9ee909a4272c53be649d1f;2026-09-08;dudunsparce-control;trainer;WHT;84;Hilda;2;1;1;2.0;1.0
6a9ee909a4272c53be649d1f;2026-09-08;dudunsparce-control;trainer;SFA;64;Xerosic's Machinations;1;1;1;1.0;1.0
6a9ee909a4272c53be649d1f;2026-09-08;dudunsparce-control;trainer;TWM;155;Lana's Aid;1;1;1;1.0;1.0
6a9ee909a4272c53be649d1f;2026-09-08;dudunsparce-control;trainer;TEF;146;Eri;1;1;1;1.0;1.0
6a9ee909a4272c53be649d1f;2026-09-08;dudunsparce-control;trainer;POR;81;Poké Pad;4;1;1;4.0;1.0
6a9ee909a4272c53be649d1f;2026-09-08;dudunsparce-control;trainer;TEF;144;Buddy-Buddy Poffin;4;1;1;4.0;1.0
6a9ee909a4272c53be649d1f;2026-09-08;dudunsparce-control;trainer;TWM;142;Accompanying Flute;2;1;1;2.0;1.0
6a9ee909a4272c53be649d1f;2026-09-08;dudunsparce-control;trainer;ASC;196;Night Stretcher;2;1;1;2.0;1.0
6a9ee909a4272c53be649d1f;2026-09-08;dudunsparce-control;trainer;SSP;183;Miracle Headset;1;1;1;1.0;1.0
6a9ee909a4272c53be649d1f;2026-09-08;dudunsparce-control;trainer;JTG;156;Redeemable Ticket;1;1;1;1.0;1.0
6a9ee909a4272c53be649d1f;2026-09-08;dudunsparce-control;trainer;SCR;137;Gravity Gemstone;3;1;1;3.0;1.0
6a9ee909a4272c53be649d1f;2026-09-08;dudunsparce-control;trainer;TWM;150;Handheld Fan;1;1;1;1.0;1.0
6a9ee909a4272c53be649d1f;2026-09-08;dudunsparce-control;trainer;PFL;85;Battle Cage;2;1;1;2.0;1.0
6a9ee909a4272c53be649d1f;2026-09-08;dudunsparce-control;energy;POR;88;Telepathic Psychic Energy;2;1;1;2.0;1.0
6a9ee909a4272c53be649d1f;2026-09-08;dudunsparce-control;energy;MEE;5;Psychic Energy;2;1;1;2.0;1.0
6a9ee909a4272c53be649d1f;2026-09-08;dudunsparce-control;energy;ASC;216;Prism Energy;1;1;1;1.0;1.0
6a9ee909a4272c53be649d1f;2026-09-08;dudunsparce-control;energy;MEE;6;Fighting Energy;1;1;1;1.0;1.0
6a9ee909a4272c53be649d1f;2026-09-08;dudunsparce-control;energy;MEE;3;Water Energy;1;1;1;1.0;1.0
6a9ee909a4272c53be649d1f;2026-09-08;dragapult-dusknoir;pokemon;CRI;70;Patrat;1;1;8;0.125;0.125
6a9ee909a4272c53be649d1f;2026-09-08;lopunny-dudunsparce;pokemon;TEF;128;Dunsparce;3;2;3;1.0;0.6667
6a9ee909a4272c53be649d1f;2026-09-08;lopunny-dudunsparce;pokemon;JTG;121;Dudunsparce ex;2;2;3;0.6667;0.6667
6a9ee909a4272c53be649d1f;2026-09-08;lopunny-dudunsparce;pokemon;TWM;80;Abra;1;1;3;0.3333;0.3333
6a9ee909a4272c53be649d1f;2026-09-08;lopunny-dudunsparce;trainer;TWM;154;Kieran;1;1;3;0.3333;0.3333
6a9ee909a4272c53be649d1f;2026-09-08;lopunny-dudunsparce;trainer;ASC;212;Tool Scrapper;1;1;3;0.3333;0.3333
6a9ee909a4272c53be649d1f;2026-09-08;lopunny-dudunsparce;trainer;PBL;75;Dark Bell;1;1;3;0.3333;0.3333
6a9ee909a4272c53be649d1f;2026-09-08;lopunny-dudunsparce;trainer;SSP;163;Babiri Berry;1;1;3;0.3333;0.3333
6a9ee909a4272c53be649d1f;2026-09-08;lopunny-dudunsparce;trainer;ASC;197;Nighttime Mine;2;1;3;0.6667;0.3333
6a9ee909a4272c53be649d1f;2026-09-08;lopunny-dudunsparce;energy;PBL;84;Voltaic Lightning Energy;1;1;3;0.3333;0.3333
6a9ee909a4272c53be649d1f;2026-09-08;lopunny-dudunsparce;energy;MEE;4;Lightning Energy;1;1;3;0.3333;0.3333
6a9ee909a4272c53be649d1f;2026-09-08;raging-bolt-ogerpon;pokemon;TWM;25;Teal Mask Ogerpon ex;6;2;2;3.0;1.0
6a9ee909a4272c53be649d1f;2026-09-08;raging-bolt-ogerpon;pokemon;POR;62;Meowth ex;5;2;2;2.5;1.0
6a9ee909a4272c53be649d1f;2026-09-08;raging-bolt-ogerpon;pokemon;TEF;123;Raging Bolt ex;4;2;2;2.0;1.0
6a9ee909a4272c53be649d1f;2026-09-08;raging-bolt-ogerpon;pokemon;SSP;76;Latias ex;4;2;2;2.0;1.0
6a9ee909a4272c53be649d1f;2026-09-08;raging-bolt-ogerpon;pokemon;MEG;104;Mega Kangaskhan ex;6;2;2;3.0;1.0
6a9ee909a4272c53be649d1f;2026-09-08;raging-bolt-ogerpon;pokemon;TWM;64;Wellspring Mask Ogerpon ex;3;2;2;1.5;1.0
6a9ee909a4272c53be649d1f;2026-09-08;raging-bolt-ogerpon;pokemon;JTG;56;Lillie's Clefairy ex;2;2;2;1.0;1.0
6a9ee909a4272c53be649d1f;2026-09-08;raging-bolt-ogerpon;pokemon;SSP;56;Chien-Pao;2;2;2;1.0;1.0
6a9ee909a4272c53be649d1f;2026-09-08;raging-bolt-ogerpon;pokemon;TEF;25;Iron Leaves ex;1;1;2;0.5;0.5
6a9ee909a4272c53be649d1f;2026-09-08;raging-bolt-ogerpon;pokemon;ASC;142;Fezandipiti ex;2;2;2;1.0;1.0
6a9ee909a4272c53be649d1f;2026-09-08;raging-bolt-ogerpon;pokemon;SSP;111;Passimian;1;1;2;0.5;0.5
6a9ee909a4272c53be649d1f;2026-09-08;raging-bolt-ogerpon;pokemon;TEF;81;Iron Crown ex;2;2;2;1.0;1.0
6a9ee909a4272c53be649d1f;2026-09-08;raging-bolt-ogerpon;trainer;SCR;133;Crispin;8;2;2;4.0;1.0
6a9ee909a4272c53be649d1f;2026-09-08;raging-bolt-ogerpon;trainer;MEG;114;Boss's Orders;4;2;2;2.0;1.0
6a9ee909a4272c53be649d1f;2026-09-08;raging-bolt-ogerpon;trainer;SSP;170;Cyrano;4;2;2;2.0;1.0
6a9ee909a4272c53be649d1f;2026-09-08;raging-bolt-ogerpon;trainer;TEF;145;Ciphermaniac's Codebreaking;2;2;2;1.0;1.0
6a9ee909a4272c53be649d1f;2026-09-08;raging-bolt-ogerpon;trainer;MEG;115;Energy Switch;8;2;2;4.0;1.0
6a9ee909a4272c53be649d1f;2026-09-08;raging-bolt-ogerpon;trainer;MEG;131;Ultra Ball;8;2;2;4.0;1.0
6a9ee909a4272c53be649d1f;2026-09-08;raging-bolt-ogerpon;trainer;ASC;196;Night Stretcher;4;2;2;2.0;1.0
6a9ee909a4272c53be649d1f;2026-09-08;raging-bolt-ogerpon;trainer;SCR;135;Glass Trumpet;4;2;2;2.0;1.0
6a9ee909a4272c53be649d1f;2026-09-08;raging-bolt-ogerpon;trainer;TWM;165;Unfair Stamp;2;2;2;1.0;1.0
6a9ee909a4272c53be649d1f;2026-09-08;raging-bolt-ogerpon;trainer;SCR;131;Area Zero Underdepths;7;2;2;3.5;1.0
6a9ee909a4272c53be649d1f;2026-09-08;raging-bolt-ogerpon;energy;MEE;1;Grass Energy;15;2;2;7.5;1.0
6a9ee909a4272c53be649d1f;2026-09-08;raging-bolt-ogerpon;energy;MEE;5;Psychic Energy;4;2;2;2.0;1.0
6a9ee909a4272c53be649d1f;2026-09-08;raging-bolt-ogerpon;energy;MEE;4;Lightning Energy;4;2;2;2.0;1.0
6a9ee909a4272c53be649d1f;2026-09-08;raging-bolt-ogerpon;energy;MEE;6;Fighting Energy;4;2;2;2.0;1.0
6a9ee909a4272c53be649d1f;2026-09-08;raging-bolt-ogerpon;energy;MEE;3;Water Energy;3;2;2;1.5;1.0
6a9ee909a4272c53be649d1f;2026-09-08;ogerpon-meganium;pokemon;TWM;25;Teal Mask Ogerpon ex;4;1;1;4.0;1.0
6a9ee909a4272c53be649d1f;2026-09-08;ogerpon-meganium;pokemon;MEG;8;Chikorita;2;1;1;2.0;1.0
6a9ee909a4272c53be649d1f;2026-09-08;ogerpon-meganium;pokemon;MEG;9;Bayleef;2;1;1;2.0;1.0
6a9ee909a4272c53be649d1f;2026-09-08;ogerpon-meganium;pokemon;MEG;10;Meganium;2;1;1;2.0;1.0
6a9ee909a4272c53be649d1f;2026-09-08;ogerpon-meganium;pokemon;ASC;142;Fezandipiti ex;1;1;1;1.0;1.0
6a9ee909a4272c53be649d1f;2026-09-08;ogerpon-meganium;pokemon;CRI;70;Patrat;1;1;1;1.0;1.0
6a9ee909a4272c53be649d1f;2026-09-08;ogerpon-meganium;pokemon;ASC;39;Psyduck;1;1;1;1.0;1.0
6a9ee909a4272c53be649d1f;2026-09-08;ogerpon-meganium;pokemon;ASC;16;Budew;1;1;1;1.0;1.0
6a9ee909a4272c53be649d1f;2026-09-08;ogerpon-meganium;pokemon;DRI;10;Shaymin;1;1;1;1.0;1.0
6a9ee909a4272c53be649d1f;2026-09-08;ogerpon-meganium;pokemon;PFL;8;Genesect;1;1;1;1.0;1.0
6a9ee909a4272c53be649d1f;2026-09-08;ogerpon-meganium;trainer;MEG;119;Lillie's Determination;3;1;1;3.0;1.0
6a9ee909a4272c53be649d1f;2026-09-08;ogerpon-meganium;trainer;MEG;114;Boss's Orders;2;1;1;2.0;1.0
6a9ee909a4272c53be649d1f;2026-09-08;ogerpon-meganium;trainer;PBL;78;Gwynn;2;1;1;2.0;1.0
6a9ee909a4272c53be649d1f;2026-09-08;ogerpon-meganium;trainer;POR;76;Judge;1;1;1;1.0;1.0
6a9ee909a4272c53be649d1f;2026-09-08;ogerpon-meganium;trainer;TWM;155;Lana's Aid;1;1;1;1.0;1.0
6a9ee909a4272c53be649d1f;2026-09-08;ogerpon-meganium;trainer;TWM;143;Bug Catching Set;4;1;1;4.0;1.0
6a9ee909a4272c53be649d1f;2026-09-08;ogerpon-meganium;trainer;MEG;115;Energy Switch;3;1;1;3.0;1.0
6a9ee909a4272c53be649d1f;2026-09-08;ogerpon-meganium;trainer;ASC;196;Night Stretcher;2;1;1;2.0;1.0
6a9ee909a4272c53be649d1f;2026-09-08;ogerpon-meganium;trainer;MEG;131;Ultra Ball;2;1;1;2.0;1.0
6a9ee909a4272c53be649d1f;2026-09-08;ogerpon-meganium;trainer;SSP;186;Scramble Switch;1;1;1;1.0;1.0
6a9ee909a4272c53be649d1f;2026-09-08;ogerpon-meganium;trainer;SSP;189;Tera Orb;1;1;1;1.0;1.0
6a9ee909a4272c53be649d1f;2026-09-08;ogerpon-meganium;trainer;POR;73;Energy Swatter;1;1;1;1.0;1.0
6a9ee909a4272c53be649d1f;2026-09-08;ogerpon-meganium;trainer;SVI;171;Energy Retrieval;1;1;1;1.0;1.0
6a9ee909a4272c53be649d1f;2026-09-08;ogerpon-meganium;trainer;ASC;212;Tool Scrapper;1;1;1;1.0;1.0
6a9ee909a4272c53be649d1f;2026-09-08;ogerpon-meganium;trainer;CRI;82;Special Red Card;1;1;1;1.0;1.0
6a9ee909a4272c53be649d1f;2026-09-08;ogerpon-meganium;trainer;ASC;181;Air Balloon;2;1;1;2.0;1.0
6a9ee909a4272c53be649d1f;2026-09-08;ogerpon-meganium;trainer;TWM;150;Handheld Fan;1;1;1;1.0;1.0
6a9ee909a4272c53be649d1f;2026-09-08;ogerpon-meganium;trainer;MEG;117;Forest of Vitality;3;1;1;3.0;1.0
6a9ee909a4272c53be649d1f;2026-09-08;ogerpon-meganium;trainer;PFL;85;Battle Cage;1;1;1;1.0;1.0
6a9ee909a4272c53be649d1f;2026-09-08;ogerpon-meganium;energy;MEE;1;Grass Energy;11;1;1;11.0;1.0
6a9ee909a4272c53be649d1f;2026-09-08;raging-bolt-ogerpon;trainer;MEG;130;Switch;1;1;2;0.5;0.5
6a9ee909a4272c53be649d1f;2026-09-08;alakazam-dudunsparce;pokemon;SSP;87;Dedenne;2;2;5;0.4;0.4
6a9ee909a4272c53be649d1f;2026-09-08;mega-starmie-ex;pokemon;TEF;128;Dunsparce;3;1;3;1.0;0.3333
6a9ee909a4272c53be649d1f;2026-09-08;mega-starmie-ex;pokemon;POR;62;Meowth ex;1;1;3;0.3333;0.3333
6a9ee909a4272c53be649d1f;2026-09-08;mega-starmie-ex;pokemon;SSP;56;Chien-Pao;1;1;3;0.3333;0.3333
6a9ee909a4272c53be649d1f;2026-09-08;mega-starmie-ex;pokemon;ASC;39;Psyduck;1;1;3;0.3333;0.3333
6a9ee909a4272c53be649d1f;2026-09-08;mega-starmie-ex;trainer;MEG;121;Mega Signal;2;1;3;0.6667;0.3333
6a9ee909a4272c53be649d1f;2026-09-08;mega-starmie-ex;trainer;PBL;75;Dark Bell;2;1;3;0.6667;0.3333
6a9ee909a4272c53be649d1f;2026-09-08;mega-starmie-ex;trainer;ASC;181;Air Balloon;1;1;3;0.3333;0.3333
6a9ee909a4272c53be649d1f;2026-09-08;mega-starmie-ex;trainer;PFL;85;Battle Cage;2;1;3;0.6667;0.3333
6a9ee909a4272c53be649d1f;2026-09-08;festival-lead;pokemon;TWM;126;Applin;1;1;3;0.3333;0.3333
6a9ee909a4272c53be649d1f;2026-09-08;festival-lead;trainer;DRI;168;Sacred Ash;2;2;3;0.6667;0.6667
6a9ee909a4272c53be649d1f;2026-09-08;kangaskhan-bouffalant;pokemon;SCR;119;Bouffalant;2;1;1;2.0;1.0
6a9ee909a4272c53be649d1f;2026-09-08;kangaskhan-bouffalant;pokemon;SSP;151;Bouffalant;1;1;1;1.0;1.0
6a9ee909a4272c53be649d1f;2026-09-08;kangaskhan-bouffalant;pokemon;MEG;104;Mega Kangaskhan ex;2;1;1;2.0;1.0
6a9ee909a4272c53be649d1f;2026-09-08;kangaskhan-bouffalant;pokemon;POR;23;Amaura;1;1;1;1.0;1.0
6a9ee909a4272c53be649d1f;2026-09-08;kangaskhan-bouffalant;pokemon;POR;24;Aurorus;1;1;1;1.0;1.0
6a9ee909a4272c53be649d1f;2026-09-08;kangaskhan-bouffalant;pokemon;DRI;51;Team Rocket's Articuno;1;1;1;1.0;1.0
6a9ee909a4272c53be649d1f;2026-09-08;kangaskhan-bouffalant;pokemon;TWM;95;Munkidori;1;1;1;1.0;1.0
6a9ee909a4272c53be649d1f;2026-09-08;kangaskhan-bouffalant;pokemon;JTG;56;Lillie's Clefairy ex;1;1;1;1.0;1.0
6a9ee909a4272c53be649d1f;2026-09-08;kangaskhan-bouffalant;pokemon;ASC;162;Team Rocket's Kangaskhan ex;1;1;1;1.0;1.0
6a9ee909a4272c53be649d1f;2026-09-08;kangaskhan-bouffalant;pokemon;ASC;39;Psyduck;1;1;1;1.0;1.0
6a9ee909a4272c53be649d1f;2026-09-08;kangaskhan-bouffalant;pokemon;SSP;76;Latias ex;1;1;1;1.0;1.0
6a9ee909a4272c53be649d1f;2026-09-08;kangaskhan-bouffalant;trainer;DRI;176;Team Rocket's Petrel;4;1;1;4.0;1.0
6a9ee909a4272c53be649d1f;2026-09-08;kangaskhan-bouffalant;trainer;MEG;114;Boss's Orders;3;1;1;3.0;1.0
6a9ee909a4272c53be649d1f;2026-09-08;kangaskhan-bouffalant;trainer;SCR;133;Crispin;3;1;1;3.0;1.0
6a9ee909a4272c53be649d1f;2026-09-08;kangaskhan-bouffalant;trainer;JTG;146;Brock's Scouting;2;1;1;2.0;1.0
6a9ee909a4272c53be649d1f;2026-09-08;kangaskhan-bouffalant;trainer;TEF;145;Ciphermaniac's Codebreaking;1;1;1;1.0;1.0
6a9ee909a4272c53be649d1f;2026-09-08;kangaskhan-bouffalant;trainer;PFL;91;Jumbo Ice Cream;4;1;1;4.0;1.0
6a9ee909a4272c53be649d1f;2026-09-08;kangaskhan-bouffalant;trainer;DRI;178;Team Rocket's Transceiver;4;1;1;4.0;1.0
6a9ee909a4272c53be649d1f;2026-09-08;kangaskhan-bouffalant;trainer;SVI;186;Pokégear 3.0;3;1;1;3.0;1.0
6a9ee909a4272c53be649d1f;2026-09-08;kangaskhan-bouffalant;trainer;ASC;196;Night Stretcher;2;1;1;2.0;1.0
6a9ee909a4272c53be649d1f;2026-09-08;kangaskhan-bouffalant;trainer;POR;69;Antique Sail Fossil;2;1;1;2.0;1.0
6a9ee909a4272c53be649d1f;2026-09-08;kangaskhan-bouffalant;trainer;SSP;185;Precious Trolley;1;1;1;1.0;1.0
6a9ee909a4272c53be649d1f;2026-09-08;kangaskhan-bouffalant;trainer;MEG;125;Rare Candy;1;1;1;1.0;1.0
6a9ee909a4272c53be649d1f;2026-09-08;kangaskhan-bouffalant;trainer;MEG;130;Switch;1;1;1;1.0;1.0
6a9ee909a4272c53be649d1f;2026-09-08;kangaskhan-bouffalant;trainer;MEG;131;Ultra Ball;1;1;1;1.0;1.0
6a9ee909a4272c53be649d1f;2026-09-08;kangaskhan-bouffalant;trainer;POR;81;Poké Pad;1;1;1;1.0;1.0
6a9ee909a4272c53be649d1f;2026-09-08;kangaskhan-bouffalant;trainer;DRI;173;Team Rocket's Factory;2;1;1;2.0;1.0
6a9ee909a4272c53be649d1f;2026-09-08;kangaskhan-bouffalant;trainer;SSP;180;Lively Stadium;1;1;1;1.0;1.0
6a9ee909a4272c53be649d1f;2026-09-08;kangaskhan-bouffalant;trainer;PBL;76;Fossil Quarry;1;1;1;1.0;1.0
6a9ee909a4272c53be649d1f;2026-09-08;kangaskhan-bouffalant;energy;MEE;3;Water Energy;5;1;1;5.0;1.0
6a9ee909a4272c53be649d1f;2026-09-08;kangaskhan-bouffalant;energy;MEE;7;Darkness Energy;2;1;1;2.0;1.0
6a9ee909a4272c53be649d1f;2026-09-08;kangaskhan-bouffalant;energy;MEE;5;Psychic Energy;2;1;1;2.0;1.0
6a9ee909a4272c53be649d1f;2026-09-08;kangaskhan-bouffalant;energy;TEF;161;Mist Energy;1;1;1;1.0;1.0
6a9ee909a4272c53be649d1f;2026-09-08;festival-lead;pokemon;TWM;16;Rillaboom;1;1;3;0.3333;0.3333
6a9ee909a4272c53be649d1f;2026-09-08;festival-lead;pokemon;ASC;16;Budew;1;1;3;0.3333;0.3333
6a9ee909a4272c53be649d1f;2026-09-08;festival-lead;trainer;CRI;82;Special Red Card;1;1;3;0.3333;0.3333
6a9ee909a4272c53be649d1f;2026-09-08;mega-venusaur-ex;pokemon;TWM;25;Teal Mask Ogerpon ex;4;1;1;4.0;1.0
6a9ee909a4272c53be649d1f;2026-09-08;mega-venusaur-ex;pokemon;MEG;1;Bulbasaur;2;1;1;2.0;1.0
6a9ee909a4272c53be649d1f;2026-09-08;mega-venusaur-ex;pokemon;MEG;2;Ivysaur;2;1;1;2.0;1.0
6a9ee909a4272c53be649d1f;2026-09-08;mega-venusaur-ex;pokemon;MEG;3;Mega Venusaur ex;2;1;1;2.0;1.0
6a9ee909a4272c53be649d1f;2026-09-08;mega-venusaur-ex;pokemon;ASC;8;Chikorita;2;1;1;2.0;1.0
6a9ee909a4272c53be649d1f;2026-09-08;mega-venusaur-ex;pokemon;MEG;9;Bayleef;2;1;1;2.0;1.0
6a9ee909a4272c53be649d1f;2026-09-08;mega-venusaur-ex;pokemon;MEG;10;Meganium;2;1;1;2.0;1.0
6a9ee909a4272c53be649d1f;2026-09-08;mega-venusaur-ex;pokemon;ASC;142;Fezandipiti ex;1;1;1;1.0;1.0
6a9ee909a4272c53be649d1f;2026-09-08;mega-venusaur-ex;pokemon;SSP;11;Zarude;1;1;1;1.0;1.0
6a9ee909a4272c53be649d1f;2026-09-08;mega-venusaur-ex;pokemon;PRE;86;Regigigas;1;1;1;1.0;1.0
6a9ee909a4272c53be649d1f;2026-09-08;mega-venusaur-ex;trainer;MEG;119;Lillie's Determination;4;1;1;4.0;1.0
6a9ee909a4272c53be649d1f;2026-09-08;mega-venusaur-ex;trainer;MEG;114;Boss's Orders;2;1;1;2.0;1.0
6a9ee909a4272c53be649d1f;2026-09-08;mega-venusaur-ex;trainer;PFL;87;Dawn;2;1;1;2.0;1.0
6a9ee909a4272c53be649d1f;2026-09-08;mega-venusaur-ex;trainer;TWM;155;Lana's Aid;1;1;1;1.0;1.0
6a9ee909a4272c53be649d1f;2026-09-08;mega-venusaur-ex;trainer;MEG;132;Wally's Compassion;1;1;1;1.0;1.0
6a9ee909a4272c53be649d1f;2026-09-08;mega-venusaur-ex;trainer;TWM;143;Bug Catching Set;4;1;1;4.0;1.0
6a9ee909a4272c53be649d1f;2026-09-08;mega-venusaur-ex;trainer;POR;81;Poké Pad;3;1;1;3.0;1.0
6a9ee909a4272c53be649d1f;2026-09-08;mega-venusaur-ex;trainer;ASC;196;Night Stretcher;2;1;1;2.0;1.0
6a9ee909a4272c53be649d1f;2026-09-08;mega-venusaur-ex;trainer;CRI;82;Special Red Card;2;1;1;2.0;1.0
6a9ee909a4272c53be649d1f;2026-09-08;mega-venusaur-ex;trainer;MEG;131;Ultra Ball;2;1;1;2.0;1.0
6a9ee909a4272c53be649d1f;2026-09-08;mega-venusaur-ex;trainer;TWM;165;Unfair Stamp;1;1;1;1.0;1.0
6a9ee909a4272c53be649d1f;2026-09-08;mega-venusaur-ex;trainer;MEG;117;Forest of Vitality;4;1;1;4.0;1.0
6a9ee909a4272c53be649d1f;2026-09-08;mega-venusaur-ex;energy;MEE;1;Grass Energy;13;1;1;13.0;1.0
6a9ee909a4272c53be649d1f;2026-09-08;mega-darkrai-ex;pokemon;PBL;48;Mega Darkrai ex;3;1;1;3.0;1.0
6a9ee909a4272c53be649d1f;2026-09-08;mega-darkrai-ex;pokemon;PFL;54;Gastly;2;1;1;2.0;1.0
6a9ee909a4272c53be649d1f;2026-09-08;mega-darkrai-ex;pokemon;PFL;55;Haunter;1;1;1;1.0;1.0
6a9ee909a4272c53be649d1f;2026-09-08;mega-darkrai-ex;pokemon;PFL;56;Mega Gengar ex;2;1;1;2.0;1.0
6a9ee909a4272c53be649d1f;2026-09-08;mega-darkrai-ex;pokemon;PFL;67;Toxel;2;1;1;2.0;1.0
6a9ee909a4272c53be649d1f;2026-09-08;mega-darkrai-ex;pokemon;PFL;68;Toxtricity;2;1;1;2.0;1.0
6a9ee909a4272c53be649d1f;2026-09-08;mega-darkrai-ex;pokemon;JTG;97;N's Zorua;1;1;1;1.0;1.0
6a9ee909a4272c53be649d1f;2026-09-08;mega-darkrai-ex;pokemon;JTG;98;N's Zoroark ex;1;1;1;1.0;1.0
6a9ee909a4272c53be649d1f;2026-09-08;mega-darkrai-ex;pokemon;TWM;95;Munkidori;1;1;1;1.0;1.0
6a9ee909a4272c53be649d1f;2026-09-08;mega-darkrai-ex;pokemon;SFA;39;Pecharunt ex;1;1;1;1.0;1.0
6a9ee909a4272c53be649d1f;2026-09-08;mega-darkrai-ex;pokemon;ASC;142;Fezandipiti ex;1;1;1;1.0;1.0
6a9ee909a4272c53be649d1f;2026-09-08;mega-darkrai-ex;pokemon;JTG;116;N's Reshiram;1;1;1;1.0;1.0
6a9ee909a4272c53be649d1f;2026-09-08;mega-darkrai-ex;pokemon;ASC;143;Pecharunt;1;1;1;1.0;1.0
6a9ee909a4272c53be649d1f;2026-09-08;mega-darkrai-ex;trainer;PRE;112;Janine's Secret Art;3;1;1;3.0;1.0
6a9ee909a4272c53be649d1f;2026-09-08;mega-darkrai-ex;trainer;MEG;119;Lillie's Determination;3;1;1;3.0;1.0
6a9ee909a4272c53be649d1f;2026-09-08;mega-darkrai-ex;trainer;PFL;90;Grimsley's Move;2;1;1;2.0;1.0
6a9ee909a4272c53be649d1f;2026-09-08;mega-darkrai-ex;trainer;MEG;114;Boss's Orders;2;1;1;2.0;1.0
6a9ee909a4272c53be649d1f;2026-09-08;mega-darkrai-ex;trainer;DRI;176;Team Rocket's Petrel;2;1;1;2.0;1.0
6a9ee909a4272c53be649d1f;2026-09-08;mega-darkrai-ex;trainer;WHT;84;Hilda;1;1;1;1.0;1.0
6a9ee909a4272c53be649d1f;2026-09-08;mega-darkrai-ex;trainer;ASC;196;Night Stretcher;3;1;1;3.0;1.0
6a9ee909a4272c53be649d1f;2026-09-08;mega-darkrai-ex;trainer;TEF;144;Buddy-Buddy Poffin;2;1;1;2.0;1.0
6a9ee909a4272c53be649d1f;2026-09-08;mega-darkrai-ex;trainer;MEG;125;Rare Candy;2;1;1;2.0;1.0
6a9ee909a4272c53be649d1f;2026-09-08;mega-darkrai-ex;trainer;PBL;75;Dark Bell;2;1;1;2.0;1.0
6a9ee909a4272c53be649d1f;2026-09-08;mega-darkrai-ex;trainer;MEG;131;Ultra Ball;2;1;1;2.0;1.0
6a9ee909a4272c53be649d1f;2026-09-08;mega-darkrai-ex;trainer;MEG;115;Energy Switch;1;1;1;1.0;1.0
6a9ee909a4272c53be649d1f;2026-09-08;mega-darkrai-ex;trainer;DRI;164;Energy Recycler;1;1;1;1.0;1.0
6a9ee909a4272c53be649d1f;2026-09-08;mega-darkrai-ex;trainer;POR;81;Poké Pad;1;1;1;1.0;1.0
6a9ee909a4272c53be649d1f;2026-09-08;mega-darkrai-ex;trainer;CRI;82;Special Red Card;1;1;1;1.0;1.0
6a9ee909a4272c53be649d1f;2026-09-08;mega-darkrai-ex;trainer;PRE;95;Binding Mochi;2;1;1;2.0;1.0
6a9ee909a4272c53be649d1f;2026-09-08;mega-darkrai-ex;trainer;DRI;173;Team Rocket's Factory;1;1;1;1.0;1.0
6a9ee909a4272c53be649d1f;2026-09-08;mega-darkrai-ex;energy;MEE;7;Darkness Energy;8;1;1;8.0;1.0
6a9ee909a4272c53be649d1f;2026-09-08;mega-darkrai-ex;energy;TWM;167;Legacy Energy;1;1;1;1.0;1.0
6a9ee909a4272c53be649d1f;2026-09-08;mega-darkrai-ex;energy;PBL;83;Shadowy Darkness Energy;1;1;1;1.0;1.0
6a9ee909a4272c53be649d1f;2026-09-08;misty-gyarados;pokemon;DRI;48;Misty's Magikarp;4;1;1;4.0;1.0
6a9ee909a4272c53be649d1f;2026-09-08;misty-gyarados;pokemon;DRI;49;Misty's Gyarados;4;1;1;4.0;1.0
6a9ee909a4272c53be649d1f;2026-09-08;misty-gyarados;pokemon;DRI;50;Misty's Lapras;4;1;1;4.0;1.0
6a9ee909a4272c53be649d1f;2026-09-08;misty-gyarados;pokemon;DRI;45;Misty's Psyduck;4;1;1;4.0;1.0
6a9ee909a4272c53be649d1f;2026-09-08;misty-gyarados;pokemon;DRI;46;Misty's Staryu;3;1;1;3.0;1.0
6a9ee909a4272c53be649d1f;2026-09-08;misty-gyarados;pokemon;DRI;47;Misty's Starmie;3;1;1;3.0;1.0
6a9ee909a4272c53be649d1f;2026-09-08;misty-gyarados;pokemon;ASC;39;Psyduck;1;1;1;1.0;1.0
6a9ee909a4272c53be649d1f;2026-09-08;misty-gyarados;trainer;MEG;119;Lillie's Determination;4;1;1;4.0;1.0
6a9ee909a4272c53be649d1f;2026-09-08;misty-gyarados;trainer;PBL;78;Gwynn;3;1;1;3.0;1.0
6a9ee909a4272c53be649d1f;2026-09-08;misty-gyarados;trainer;MEG;114;Boss's Orders;2;1;1;2.0;1.0
6a9ee909a4272c53be649d1f;2026-09-08;misty-gyarados;trainer;TWM;151;Hassel;2;1;1;2.0;1.0
6a9ee909a4272c53be649d1f;2026-09-08;misty-gyarados;trainer;SFA;64;Xerosic's Machinations;1;1;1;1.0;1.0
6a9ee909a4272c53be649d1f;2026-09-08;misty-gyarados;trainer;ASC;196;Night Stretcher;4;1;1;4.0;1.0
6a9ee909a4272c53be649d1f;2026-09-08;misty-gyarados;trainer;CRI;78;Great Haul Net;3;1;1;3.0;1.0
6a9ee909a4272c53be649d1f;2026-09-08;misty-gyarados;trainer;TEF;144;Buddy-Buddy Poffin;3;1;1;3.0;1.0
6a9ee909a4272c53be649d1f;2026-09-08;misty-gyarados;trainer;POR;81;Poké Pad;3;1;1;3.0;1.0
6a9ee909a4272c53be649d1f;2026-09-08;misty-gyarados;trainer;DRI;168;Sacred Ash;3;1;1;3.0;1.0
6a9ee909a4272c53be649d1f;2026-09-08;misty-gyarados;trainer;PRE;116;Max Rod;1;1;1;1.0;1.0
6a9ee909a4272c53be649d1f;2026-09-08;misty-gyarados;trainer;SFA;54;Academy at Night;1;1;1;1.0;1.0
6a9ee909a4272c53be649d1f;2026-09-08;misty-gyarados;energy;MEE;3;Water Energy;7;1;1;7.0;1.0
6a9ee909a4272c53be649d1f;2026-09-08;alakazam-dudunsparce;pokemon;TEF;128;Dunsparce;1;1;5;0.2;0.2
6a9ee909a4272c53be649d1f;2026-09-08;alakazam-dudunsparce;pokemon;BLK;40;Elgyem;1;1;5;0.2;0.2
6a9ee909a4272c53be649d1f;2026-09-08;alakazam-dudunsparce;trainer;SFA;64;Xerosic's Machinations;1;1;5;0.2;0.2
6a9ee909a4272c53be649d1f;2026-09-08;alakazam-dudunsparce;trainer;ASC;196;Night Stretcher;2;2;5;0.4;0.4
6a9ee909a4272c53be649d1f;2026-09-08;alakazam-dudunsparce;trainer;ASC;197;Nighttime Mine;2;1;5;0.4;0.2
6a9ee909a4272c53be649d1f;2026-09-08;n-zoroark;pokemon;JTG;116;N's Reshiram;3;3;7;0.4286;0.4286
6a9ee909a4272c53be649d1f;2026-09-08;n-zoroark;trainer;POR;76;Judge;3;2;7;0.4286;0.2857
6a9ee909a4272c53be649d1f;2026-09-08;n-zoroark;trainer;ASC;181;Air Balloon;1;1;7;0.1429;0.1429
6a9ee909a4272c53be649d1f;2026-09-08;n-zoroark;trainer;DRI;180;Team Rocket's Watchtower;5;2;7;0.7143;0.2857
6a9ee909a4272c53be649d1f;2026-09-08;dragapult-ex;trainer;PFL;87;Dawn;1;1;8;0.125;0.125
6a9ee909a4272c53be649d1f;2026-09-08;grimmsnarl-froslass;pokemon;TWM;131;Tatsugiri;1;1;4;0.25;0.25
6a9ee909a4272c53be649d1f;2026-09-08;grimmsnarl-froslass;trainer;WHT;84;Hilda;2;1;4;0.5;0.25
6a9ee909a4272c53be649d1f;2026-09-08;grimmsnarl-froslass;trainer;TEF;152;Hero's Cape;1;1;4;0.25;0.25
6a9ee909a4272c53be649d1f;2026-09-08;grimmsnarl-froslass;energy;POR;88;Telepathic Psychic Energy;2;1;4;0.5;0.25
6a9ee909a4272c53be649d1f;2026-09-08;n-zoroark;pokemon;POR;20;Staryu;3;1;7;0.4286;0.1429
6a9ee909a4272c53be649d1f;2026-09-08;n-zoroark;pokemon;POR;21;Mega Starmie ex;2;1;7;0.2857;0.1429
6a9ee909a4272c53be649d1f;2026-09-08;n-zoroark;pokemon;ASC;49;N's Vanillite;2;1;7;0.2857;0.1429
6a9ee909a4272c53be649d1f;2026-09-08;n-zoroark;pokemon;ASC;50;N's Vanillish;1;1;7;0.1429;0.1429
6a9ee909a4272c53be649d1f;2026-09-08;n-zoroark;pokemon;ASC;51;N's Vanilluxe;2;1;7;0.2857;0.1429
6a9ee909a4272c53be649d1f;2026-09-08;n-zoroark;trainer;SCR;133;Crispin;2;1;7;0.2857;0.1429
6a9ee909a4272c53be649d1f;2026-09-08;n-zoroark;trainer;MEG;132;Wally's Compassion;1;1;7;0.1429;0.1429
6a9ee909a4272c53be649d1f;2026-09-08;n-zoroark;trainer;TEF;160;Salvatore;1;1;7;0.1429;0.1429
6a9ee909a4272c53be649d1f;2026-09-08;n-zoroark;trainer;SFA;64;Xerosic's Machinations;1;1;7;0.1429;0.1429
6a9ee909a4272c53be649d1f;2026-09-08;n-zoroark;trainer;DRI;176;Team Rocket's Petrel;1;1;7;0.1429;0.1429
6a9ee909a4272c53be649d1f;2026-09-08;n-zoroark;trainer;MEG;125;Rare Candy;2;1;7;0.2857;0.1429
6a9ee909a4272c53be649d1f;2026-09-08;n-zoroark;trainer;MEG;127;Risky Ruins;2;1;7;0.2857;0.1429
6a9ee909a4272c53be649d1f;2026-09-08;n-zoroark;energy;MEE;3;Water Energy;3;1;7;0.4286;0.1429
6a9ee909a4272c53be649d1f;2026-09-08;n-zoroark;energy;TWM;167;Legacy Energy;1;1;7;0.1429;0.1429
6a9ee909a4272c53be649d1f;2026-09-08;n-zoroark;energy;CRI;84;Bubbly Water Energy;1;1;7;0.1429;0.1429
6a9ee909a4272c53be649d1f;2026-09-08;n-zoroark;energy;PBL;83;Shadowy Darkness Energy;1;1;7;0.1429;0.1429
6a9ee909a4272c53be649d1f;2026-09-08;n-zoroark;pokemon;SVP;149;Pecharunt;1;1;7;0.1429;0.1429
6a9ee909a4272c53be649d1f;2026-09-08;n-zoroark;trainer;MEG;115;Energy Switch;2;1;7;0.2857;0.1429
6a9ee909a4272c53be649d1f;2026-09-08;n-zoroark;trainer;TWM;165;Unfair Stamp;1;1;7;0.1429;0.1429
6a9ee909a4272c53be649d1f;2026-09-08;n-zoroark;trainer;PFL;92;Punk Helmet;2;1;7;0.2857;0.1429
6a9ee909a4272c53be649d1f;2026-09-08;hops-trevenant;pokemon;ASC;95;Hop's Phantump;4;1;1;4.0;1.0
6a9ee909a4272c53be649d1f;2026-09-08;hops-trevenant;pokemon;ASC;96;Hop's Trevenant;3;1;1;3.0;1.0
6a9ee909a4272c53be649d1f;2026-09-08;hops-trevenant;pokemon;JTG;117;Hop's Snorlax;2;1;1;2.0;1.0
6a9ee909a4272c53be649d1f;2026-09-08;hops-trevenant;pokemon;JTG;135;Hop's Wooloo;1;1;1;1.0;1.0
6a9ee909a4272c53be649d1f;2026-09-08;hops-trevenant;pokemon;JTG;136;Hop's Dubwool;1;1;1;1.0;1.0
6a9ee909a4272c53be649d1f;2026-09-08;hops-trevenant;pokemon;CRI;70;Patrat;1;1;1;1.0;1.0
6a9ee909a4272c53be649d1f;2026-09-08;hops-trevenant;pokemon;JTG;138;Hop's Cramorant;1;1;1;1.0;1.0
6a9ee909a4272c53be649d1f;2026-09-08;hops-trevenant;pokemon;DRI;10;Shaymin;1;1;1;1.0;1.0
6a9ee909a4272c53be649d1f;2026-09-08;hops-trevenant;pokemon;JTG;111;Hop's Zacian ex;1;1;1;1.0;1.0
6a9ee909a4272c53be649d1f;2026-09-08;hops-trevenant;pokemon;SSP;76;Latias ex;1;1;1;1.0;1.0
6a9ee909a4272c53be649d1f;2026-09-08;hops-trevenant;trainer;MEG;119;Lillie's Determination;4;1;1;4.0;1.0
6a9ee909a4272c53be649d1f;2026-09-08;hops-trevenant;trainer;MEG;114;Boss's Orders;3;1;1;3.0;1.0
6a9ee909a4272c53be649d1f;2026-09-08;hops-trevenant;trainer;DRI;176;Team Rocket's Petrel;3;1;1;3.0;1.0
6a9ee909a4272c53be649d1f;2026-09-08;hops-trevenant;trainer;TWM;154;Kieran;1;1;1;1.0;1.0
6a9ee909a4272c53be649d1f;2026-09-08;hops-trevenant;trainer;POR;81;Poké Pad;4;1;1;4.0;1.0
6a9ee909a4272c53be649d1f;2026-09-08;hops-trevenant;trainer;TEF;144;Buddy-Buddy Poffin;3;1;1;3.0;1.0
6a9ee909a4272c53be649d1f;2026-09-08;hops-trevenant;trainer;JTG;147;Hop's Bag;3;1;1;3.0;1.0
6a9ee909a4272c53be649d1f;2026-09-08;hops-trevenant;trainer;ASC;196;Night Stretcher;2;1;1;2.0;1.0
6a9ee909a4272c53be649d1f;2026-09-08;hops-trevenant;trainer;TWM;163;Secret Box;1;1;1;1.0;1.0
6a9ee909a4272c53be649d1f;2026-09-08;hops-trevenant;trainer;MEG;130;Switch;1;1;1;1.0;1.0
6a9ee909a4272c53be649d1f;2026-09-08;hops-trevenant;trainer;DRI;168;Sacred Ash;1;1;1;1.0;1.0
6a9ee909a4272c53be649d1f;2026-09-08;hops-trevenant;trainer;MEG;131;Ultra Ball;1;1;1;1.0;1.0
6a9ee909a4272c53be649d1f;2026-09-08;hops-trevenant;trainer;JTG;148;Hop's Choice Band;4;1;1;4.0;1.0
6a9ee909a4272c53be649d1f;2026-09-08;hops-trevenant;trainer;ASC;181;Air Balloon;1;1;1;1.0;1.0
6a9ee909a4272c53be649d1f;2026-09-08;hops-trevenant;trainer;JTG;154;Postwick;4;1;1;4.0;1.0
6a9ee909a4272c53be649d1f;2026-09-08;hops-trevenant;energy;POR;88;Telepathic Psychic Energy;4;1;1;4.0;1.0
6a9ee909a4272c53be649d1f;2026-09-08;hops-trevenant;energy;TEF;161;Mist Energy;4;1;1;4.0;1.0
6a9ee909a4272c53be649d1f;2026-09-08;alakazam-dudunsparce;pokemon;TEF;23;Rellor;2;1;5;0.4;0.2
6a9ee909a4272c53be649d1f;2026-09-08;alakazam-dudunsparce;pokemon;TEF;24;Rabsca;2;1;5;0.4;0.2
6a9ee909a4272c53be649d1f;2026-09-08;alakazam-dudunsparce;pokemon;TEF;78;Flutter Mane;1;1;5;0.2;0.2
6a9ee909a4272c53be649d1f;2026-09-08;alakazam-dudunsparce;trainer;MEG;117;Forest of Vitality;2;1;5;0.4;0.2
6a9ee909a4272c53be649d1f;2026-09-08;starmie-dusknoir;pokemon;POR;20;Staryu;3;1;1;3.0;1.0
6a9ee909a4272c53be649d1f;2026-09-08;starmie-dusknoir;pokemon;POR;21;Mega Starmie ex;3;1;1;3.0;1.0
6a9ee909a4272c53be649d1f;2026-09-08;starmie-dusknoir;pokemon;PRE;35;Duskull;3;1;1;3.0;1.0
6a9ee909a4272c53be649d1f;2026-09-08;starmie-dusknoir;pokemon;PRE;36;Dusclops;3;1;1;3.0;1.0
6a9ee909a4272c53be649d1f;2026-09-08;starmie-dusknoir;pokemon;PRE;37;Dusknoir;2;1;1;2.0;1.0
6a9ee909a4272c53be649d1f;2026-09-08;starmie-dusknoir;pokemon;POR;62;Meowth ex;2;1;1;2.0;1.0
6a9ee909a4272c53be649d1f;2026-09-08;starmie-dusknoir;pokemon;TWM;95;Munkidori;2;1;1;2.0;1.0
6a9ee909a4272c53be649d1f;2026-09-08;starmie-dusknoir;pokemon;TWM;141;Bloodmoon Ursaluna ex;1;1;1;1.0;1.0
6a9ee909a4272c53be649d1f;2026-09-08;starmie-dusknoir;pokemon;ASC;142;Fezandipiti ex;1;1;1;1.0;1.0
6a9ee909a4272c53be649d1f;2026-09-08;starmie-dusknoir;pokemon;SSP;76;Latias ex;1;1;1;1.0;1.0
6a9ee909a4272c53be649d1f;2026-09-08;starmie-dusknoir;pokemon;ASC;16;Budew;1;1;1;1.0;1.0
6a9ee909a4272c53be649d1f;2026-09-08;starmie-dusknoir;trainer;MEG;119;Lillie's Determination;4;1;1;4.0;1.0
6a9ee909a4272c53be649d1f;2026-09-08;starmie-dusknoir;trainer;WHT;84;Hilda;3;1;1;3.0;1.0
6a9ee909a4272c53be649d1f;2026-09-08;starmie-dusknoir;trainer;MEG;132;Wally's Compassion;1;1;1;1.0;1.0
6a9ee909a4272c53be649d1f;2026-09-08;starmie-dusknoir;trainer;MEG;114;Boss's Orders;1;1;1;1.0;1.0
6a9ee909a4272c53be649d1f;2026-09-08;starmie-dusknoir;trainer;TEF;160;Salvatore;1;1;1;1.0;1.0
6a9ee909a4272c53be649d1f;2026-09-08;starmie-dusknoir;trainer;SCR;133;Crispin;1;1;1;1.0;1.0
6a9ee909a4272c53be649d1f;2026-09-08;starmie-dusknoir;trainer;TEF;144;Buddy-Buddy Poffin;4;1;1;4.0;1.0
6a9ee909a4272c53be649d1f;2026-09-08;starmie-dusknoir;trainer;POR;81;Poké Pad;4;1;1;4.0;1.0
6a9ee909a4272c53be649d1f;2026-09-08;starmie-dusknoir;trainer;MEG;131;Ultra Ball;3;1;1;3.0;1.0
6a9ee909a4272c53be649d1f;2026-09-08;starmie-dusknoir;trainer;ASC;196;Night Stretcher;3;1;1;3.0;1.0
6a9ee909a4272c53be649d1f;2026-09-08;starmie-dusknoir;trainer;MEG;127;Risky Ruins;3;1;1;3.0;1.0
6a9ee909a4272c53be649d1f;2026-09-08;starmie-dusknoir;energy;MEE;3;Water Energy;4;1;1;4.0;1.0
6a9ee909a4272c53be649d1f;2026-09-08;starmie-dusknoir;energy;MEE;7;Darkness Energy;3;1;1;3.0;1.0
6a9ee909a4272c53be649d1f;2026-09-08;starmie-dusknoir;energy;WHT;86;Ignition Energy;2;1;1;2.0;1.0
6a9ee909a4272c53be649d1f;2026-09-08;starmie-dusknoir;energy;TWM;167;Legacy Energy;1;1;1;1.0;1.0
6a9ee909a4272c53be649d1f;2026-09-08;dragapult-dusknoir;trainer;MEG;130;Switch;1;1;8;0.125;0.125
6a9ee909a4272c53be649d1f;2026-09-08;dragapult-dusknoir;trainer;TEF;152;Hero's Cape;1;1;8;0.125;0.125
6a9ee909a4272c53be649d1f;2026-09-08;slowking-scr;pokemon;PBL;41;Annihilape;1;1;6;0.1667;0.1667
6a9ee909a4272c53be649d1f;2026-09-08;slowking-scr;pokemon;ASC;46;Snorunt;1;1;6;0.1667;0.1667
6a9ee909a4272c53be649d1f;2026-09-08;slowking-scr;pokemon;TWM;53;Froslass;1;1;6;0.1667;0.1667
6a9ee909a4272c53be649d1f;2026-09-08;mega-excadrill-ex;trainer;CRI;82;Special Red Card;1;1;4;0.25;0.25
6a9ee909a4272c53be649d1f;2026-09-08;mega-excadrill-ex;trainer;MEG;130;Switch;1;1;4;0.25;0.25
6a9ee909a4272c53be649d1f;2026-09-08;mega-excadrill-ex;trainer;SSP;177;Gravity Mountain;1;1;4;0.25;0.25
6a9ee909a4272c53be649d1f;2026-09-08;mega-excadrill-ex;pokemon;DRI;10;Shaymin;1;1;4;0.25;0.25
6a9ee909a4272c53be649d1f;2026-09-08;mega-excadrill-ex;trainer;POR;76;Judge;1;1;4;0.25;0.25
6a9ee909a4272c53be649d1f;2026-09-08;mega-excadrill-ex;trainer;ASC;196;Night Stretcher;1;1;4;0.25;0.25
6a9ee909a4272c53be649d1f;2026-09-08;lopunny-dudunsparce;pokemon;ASC;46;Snorunt;2;1;3;0.6667;0.3333
6a9ee909a4272c53be649d1f;2026-09-08;lopunny-dudunsparce;pokemon;ASC;47;Mega Froslass ex;2;1;3;0.6667;0.3333
6a9ee909a4272c53be649d1f;2026-09-08;lopunny-dudunsparce;pokemon;POR;62;Meowth ex;1;1;3;0.3333;0.3333
6a9ee909a4272c53be649d1f;2026-09-08;lopunny-dudunsparce;pokemon;SSP;56;Chien-Pao;1;1;3;0.3333;0.3333
6a9ee909a4272c53be649d1f;2026-09-08;lopunny-dudunsparce;energy;MEE;3;Water Energy;3;1;3;1.0;0.3333
6a963bc7629039f77d8a717f;2026-09-07;dragapult-ex;pokemon;TWM;128;Dreepy;151;38;38;3.9737;1.0
6a963bc7629039f77d8a717f;2026-09-07;dragapult-ex;pokemon;TWM;129;Drakloak;151;38;38;3.9737;1.0
6a963bc7629039f77d8a717f;2026-09-07;dragapult-ex;pokemon;TWM;130;Dragapult ex;112;38;38;2.9474;1.0
6a963bc7629039f77d8a717f;2026-09-07;dragapult-ex;pokemon;TWM;95;Munkidori;76;38;38;2.0;1.0
6a963bc7629039f77d8a717f;2026-09-07;dragapult-ex;pokemon;POR;62;Meowth ex;43;38;38;1.1316;1.0
6a963bc7629039f77d8a717f;2026-09-07;dragapult-ex;pokemon;SSP;76;Latias ex;2;1;38;0.0526;0.0263
6a963bc7629039f77d8a717f;2026-09-07;dragapult-ex;pokemon;MEG;104;Mega Kangaskhan ex;2;1;38;0.0526;0.0263
6a963bc7629039f77d8a717f;2026-09-07;dragapult-ex;pokemon;SSP;56;Chien-Pao;1;1;38;0.0263;0.0263
6a963bc7629039f77d8a717f;2026-09-07;dragapult-ex;pokemon;PFL;14;Moltres;20;20;38;0.5263;0.5263
6a963bc7629039f77d8a717f;2026-09-07;dragapult-ex;pokemon;ASC;142;Fezandipiti ex;38;38;38;1.0;1.0
6a963bc7629039f77d8a717f;2026-09-07;dragapult-ex;pokemon;TWM;64;Wellspring Mask Ogerpon ex;1;1;38;0.0263;0.0263
6a963bc7629039f77d8a717f;2026-09-07;dragapult-ex;pokemon;JTG;56;Lillie's Clefairy ex;1;1;38;0.0263;0.0263
6a963bc7629039f77d8a717f;2026-09-07;dragapult-ex;pokemon;TEF;78;Flutter Mane;1;1;38;0.0263;0.0263
6a963bc7629039f77d8a717f;2026-09-07;dragapult-ex;trainer;SCR;133;Crispin;85;38;38;2.2368;1.0
6a963bc7629039f77d8a717f;2026-09-07;dragapult-ex;trainer;MEG;114;Boss's Orders;115;38;38;3.0263;1.0
6a963bc7629039f77d8a717f;2026-09-07;dragapult-ex;trainer;JTG;146;Brock's Scouting;3;1;38;0.0789;0.0263
6a963bc7629039f77d8a717f;2026-09-07;dragapult-ex;trainer;TEF;145;Ciphermaniac's Codebreaking;1;1;38;0.0263;0.0263
6a963bc7629039f77d8a717f;2026-09-07;dragapult-ex;trainer;POR;76;Judge;9;9;38;0.2368;0.2368
6a963bc7629039f77d8a717f;2026-09-07;dragapult-ex;trainer;PFL;87;Dawn;4;4;38;0.1053;0.1053
6a963bc7629039f77d8a717f;2026-09-07;dragapult-ex;trainer;BLK;83;N's Plan;1;1;38;0.0263;0.0263
6a963bc7629039f77d8a717f;2026-09-07;dragapult-ex;trainer;MEG;131;Ultra Ball;130;38;38;3.4211;1.0
6a963bc7629039f77d8a717f;2026-09-07;dragapult-ex;trainer;POR;81;Poké Pad;152;38;38;4.0;1.0
6a963bc7629039f77d8a717f;2026-09-07;dragapult-ex;trainer;ASC;196;Night Stretcher;94;38;38;2.4737;1.0
6a963bc7629039f77d8a717f;2026-09-07;dragapult-ex;trainer;TWM;165;Unfair Stamp;35;35;38;0.9211;0.9211
6a963bc7629039f77d8a717f;2026-09-07;dragapult-ex;trainer;SCR;131;Area Zero Underdepths;4;3;38;0.1053;0.0789
6a963bc7629039f77d8a717f;2026-09-07;dragapult-ex;trainer;DRI;180;Team Rocket's Watchtower;14;11;38;0.3684;0.2895
6a963bc7629039f77d8a717f;2026-09-07;dragapult-ex;energy;MEE;5;Psychic Energy;117;38;38;3.0789;1.0
6a963bc7629039f77d8a717f;2026-09-07;dragapult-ex;energy;MEE;7;Darkness Energy;88;38;38;2.3158;1.0
6a963bc7629039f77d8a717f;2026-09-07;dragapult-ex;energy;MEE;2;Fire Energy;122;38;38;3.2105;1.0
6a963bc7629039f77d8a717f;2026-09-07;dragapult-ex;energy;MEE;3;Water Energy;1;1;38;0.0263;0.0263
6a963bc7629039f77d8a717f;2026-09-07;palafin-ex;pokemon;TWM;59;Finizen;4;1;1;4.0;1.0
6a963bc7629039f77d8a717f;2026-09-07;palafin-ex;pokemon;TWM;61;Palafin ex;3;1;1;3.0;1.0
6a963bc7629039f77d8a717f;2026-09-07;palafin-ex;pokemon;TWM;60;Palafin;2;1;1;2.0;1.0
6a963bc7629039f77d8a717f;2026-09-07;palafin-ex;pokemon;PRE;35;Duskull;2;1;1;2.0;1.0
6a963bc7629039f77d8a717f;2026-09-07;palafin-ex;pokemon;PRE;36;Dusclops;2;1;1;2.0;1.0
6a963bc7629039f77d8a717f;2026-09-07;palafin-ex;pokemon;PRE;37;Dusknoir;1;1;1;1.0;1.0
6a963bc7629039f77d8a717f;2026-09-07;palafin-ex;pokemon;TEF;128;Dunsparce;1;1;1;1.0;1.0
6a963bc7629039f77d8a717f;2026-09-07;palafin-ex;pokemon;TEF;129;Dudunsparce;1;1;1;1.0;1.0
6a963bc7629039f77d8a717f;2026-09-07;palafin-ex;pokemon;POR;62;Meowth ex;1;1;1;1.0;1.0
6a963bc7629039f77d8a717f;2026-09-07;palafin-ex;pokemon;ASC;142;Fezandipiti ex;1;1;1;1.0;1.0
6a963bc7629039f77d8a717f;2026-09-07;palafin-ex;trainer;MEG;119;Lillie's Determination;4;1;1;4.0;1.0
6a963bc7629039f77d8a717f;2026-09-07;palafin-ex;trainer;MEG;114;Boss's Orders;3;1;1;3.0;1.0
6a963bc7629039f77d8a717f;2026-09-07;palafin-ex;trainer;SFA;57;Colress's Tenacity;2;1;1;2.0;1.0
6a963bc7629039f77d8a717f;2026-09-07;palafin-ex;trainer;SSP;187;Surfer;2;1;1;2.0;1.0
6a963bc7629039f77d8a717f;2026-09-07;palafin-ex;trainer;TWM;155;Lana's Aid;1;1;1;1.0;1.0
6a963bc7629039f77d8a717f;2026-09-07;palafin-ex;trainer;WHT;84;Hilda;1;1;1;1.0;1.0
6a963bc7629039f77d8a717f;2026-09-07;palafin-ex;trainer;TEF;144;Buddy-Buddy Poffin;4;1;1;4.0;1.0
6a963bc7629039f77d8a717f;2026-09-07;palafin-ex;trainer;MEG;131;Ultra Ball;2;1;1;2.0;1.0
6a963bc7629039f77d8a717f;2026-09-07;palafin-ex;trainer;MEG;130;Switch;2;1;1;2.0;1.0
6a963bc7629039f77d8a717f;2026-09-07;palafin-ex;trainer;POR;81;Poké Pad;2;1;1;2.0;1.0
6a963bc7629039f77d8a717f;2026-09-07;palafin-ex;trainer;ASC;196;Night Stretcher;2;1;1;2.0;1.0
6a963bc7629039f77d8a717f;2026-09-07;palafin-ex;trainer;CRI;82;Special Red Card;1;1;1;1.0;1.0
6a963bc7629039f77d8a717f;2026-09-07;palafin-ex;trainer;TEF;157;Prime Catcher;1;1;1;1.0;1.0
6a963bc7629039f77d8a717f;2026-09-07;palafin-ex;trainer;CRI;78;Great Haul Net;1;1;1;1.0;1.0
6a963bc7629039f77d8a717f;2026-09-07;palafin-ex;trainer;ASC;212;Tool Scrapper;1;1;1;1.0;1.0
6a963bc7629039f77d8a717f;2026-09-07;palafin-ex;trainer;ASC;181;Air Balloon;3;1;1;3.0;1.0
6a963bc7629039f77d8a717f;2026-09-07;palafin-ex;trainer;MEG;129;Surfing Beach;3;1;1;3.0;1.0
6a963bc7629039f77d8a717f;2026-09-07;palafin-ex;energy;MEE;3;Water Energy;5;1;1;5.0;1.0
6a963bc7629039f77d8a717f;2026-09-07;palafin-ex;energy;CRI;84;Bubbly Water Energy;2;1;1;2.0;1.0
6a963bc7629039f77d8a717f;2026-09-07;dragapult-dusknoir;pokemon;TWM;128;Dreepy;52;13;13;4.0;1.0
6a963bc7629039f77d8a717f;2026-09-07;dragapult-dusknoir;pokemon;TWM;129;Drakloak;52;13;13;4.0;1.0
6a963bc7629039f77d8a717f;2026-09-07;dragapult-dusknoir;pokemon;TWM;130;Dragapult ex;37;13;13;2.8462;1.0
6a963bc7629039f77d8a717f;2026-09-07;dragapult-dusknoir;pokemon;PRE;35;Duskull;23;13;13;1.7692;1.0
6a963bc7629039f77d8a717f;2026-09-07;dragapult-dusknoir;pokemon;PRE;36;Dusclops;20;13;13;1.5385;1.0
6a963bc7629039f77d8a717f;2026-09-07;dragapult-dusknoir;pokemon;PRE;37;Dusknoir;15;13;13;1.1538;1.0
6a963bc7629039f77d8a717f;2026-09-07;dragapult-dusknoir;pokemon;ASC;16;Budew;18;13;13;1.3846;1.0
6a963bc7629039f77d8a717f;2026-09-07;dragapult-dusknoir;pokemon;ASC;142;Fezandipiti ex;13;13;13;1.0;1.0
6a963bc7629039f77d8a717f;2026-09-07;dragapult-dusknoir;pokemon;POR;62;Meowth ex;13;13;13;1.0;1.0
6a963bc7629039f77d8a717f;2026-09-07;dragapult-dusknoir;pokemon;PFL;14;Moltres;5;5;13;0.3846;0.3846
6a963bc7629039f77d8a717f;2026-09-07;dragapult-dusknoir;pokemon;CRI;70;Patrat;3;3;13;0.2308;0.2308
6a963bc7629039f77d8a717f;2026-09-07;dragapult-dusknoir;trainer;MEG;119;Lillie's Determination;52;13;13;4.0;1.0
6a963bc7629039f77d8a717f;2026-09-07;dragapult-dusknoir;trainer;MEG;114;Boss's Orders;36;13;13;2.7692;1.0
6a963bc7629039f77d8a717f;2026-09-07;dragapult-dusknoir;trainer;SCR;133;Crispin;26;13;13;2.0;1.0
6a963bc7629039f77d8a717f;2026-09-07;dragapult-dusknoir;trainer;POR;71;Crushing Hammer;25;7;13;1.9231;0.5385
6a963bc7629039f77d8a717f;2026-09-07;dragapult-dusknoir;trainer;TEF;144;Buddy-Buddy Poffin;52;13;13;4.0;1.0
6a963bc7629039f77d8a717f;2026-09-07;dragapult-dusknoir;trainer;POR;81;Poké Pad;51;13;13;3.9231;1.0
6a963bc7629039f77d8a717f;2026-09-07;dragapult-dusknoir;trainer;MEG;131;Ultra Ball;45;13;13;3.4615;1.0
6a963bc7629039f77d8a717f;2026-09-07;dragapult-dusknoir;trainer;ASC;196;Night Stretcher;31;13;13;2.3846;1.0
6a963bc7629039f77d8a717f;2026-09-07;dragapult-dusknoir;trainer;CRI;82;Special Red Card;12;12;13;0.9231;0.9231
6a963bc7629039f77d8a717f;2026-09-07;dragapult-dusknoir;trainer;TWM;165;Unfair Stamp;12;12;13;0.9231;0.9231
6a963bc7629039f77d8a717f;2026-09-07;dragapult-dusknoir;trainer;TWM;153;Jamming Tower;6;5;13;0.4615;0.3846
6a963bc7629039f77d8a717f;2026-09-07;dragapult-dusknoir;energy;MEE;5;Psychic Energy;43;13;13;3.3077;1.0
6a963bc7629039f77d8a717f;2026-09-07;dragapult-dusknoir;energy;MEE;2;Fire Energy;41;13;13;3.1538;1.0
6a963bc7629039f77d8a717f;2026-09-07;dragapult-ex;pokemon;ASC;16;Budew;68;37;38;1.7895;0.9737
6a963bc7629039f77d8a717f;2026-09-07;dragapult-ex;pokemon;JTG;120;Dunsparce;19;19;38;0.5;0.5
6a963bc7629039f77d8a717f;2026-09-07;dragapult-ex;pokemon;TEF;129;Dudunsparce;20;20;38;0.5263;0.5263
6a963bc7629039f77d8a717f;2026-09-07;dragapult-ex;trainer;MEG;119;Lillie's Determination;148;37;38;3.8947;0.9737
6a963bc7629039f77d8a717f;2026-09-07;dragapult-ex;trainer;POR;84;Rosa's Encouragement;32;31;38;0.8421;0.8158
6a963bc7629039f77d8a717f;2026-09-07;dragapult-ex;trainer;TEF;144;Buddy-Buddy Poffin;148;37;38;3.8947;0.9737
6a963bc7629039f77d8a717f;2026-09-07;dragapult-ex;trainer;POR;71;Crushing Hammer;130;34;38;3.4211;0.8947
6a963bc7629039f77d8a717f;2026-09-07;dragapult-ex;trainer;CRI;82;Special Red Card;35;35;38;0.9211;0.9211
6a963bc7629039f77d8a717f;2026-09-07;dragapult-ex;trainer;MEG;127;Risky Ruins;57;33;38;1.5;0.8684
6a963bc7629039f77d8a717f;2026-09-07;basic-box-m;pokemon;MEG;104;Mega Kangaskhan ex;26;8;8;3.25;1.0
6a963bc7629039f77d8a717f;2026-09-07;basic-box-m;pokemon;POR;62;Meowth ex;21;8;8;2.625;1.0
6a963bc7629039f77d8a717f;2026-09-07;basic-box-m;pokemon;SSP;76;Latias ex;15;8;8;1.875;1.0
6a963bc7629039f77d8a717f;2026-09-07;basic-box-m;pokemon;TWM;25;Teal Mask Ogerpon ex;22;8;8;2.75;1.0
6a963bc7629039f77d8a717f;2026-09-07;basic-box-m;pokemon;JTG;56;Lillie's Clefairy ex;14;8;8;1.75;1.0
6a963bc7629039f77d8a717f;2026-09-07;basic-box-m;pokemon;SSP;56;Chien-Pao;6;6;8;0.75;0.75
6a963bc7629039f77d8a717f;2026-09-07;basic-box-m;pokemon;TEF;123;Raging Bolt ex;5;5;8;0.625;0.625
6a963bc7629039f77d8a717f;2026-09-07;basic-box-m;pokemon;TEF;25;Iron Leaves ex;5;5;8;0.625;0.625
6a963bc7629039f77d8a717f;2026-09-07;basic-box-m;pokemon;TWM;93;Enamorus;4;4;8;0.5;0.5
6a963bc7629039f77d8a717f;2026-09-07;basic-box-m;pokemon;TWM;64;Wellspring Mask Ogerpon ex;9;8;8;1.125;1.0
6a963bc7629039f77d8a717f;2026-09-07;basic-box-m;pokemon;ASC;142;Fezandipiti ex;8;8;8;1.0;1.0
6a963bc7629039f77d8a717f;2026-09-07;basic-box-m;trainer;SCR;133;Crispin;23;6;8;2.875;0.75
6a963bc7629039f77d8a717f;2026-09-07;basic-box-m;trainer;SSP;170;Cyrano;12;7;8;1.5;0.875
6a963bc7629039f77d8a717f;2026-09-07;basic-box-m;trainer;MEG;114;Boss's Orders;18;8;8;2.25;1.0
6a963bc7629039f77d8a717f;2026-09-07;basic-box-m;trainer;SFA;64;Xerosic's Machinations;2;2;8;0.25;0.25
6a963bc7629039f77d8a717f;2026-09-07;basic-box-m;trainer;TEF;145;Ciphermaniac's Codebreaking;5;5;8;0.625;0.625
6a963bc7629039f77d8a717f;2026-09-07;basic-box-m;trainer;MEG;131;Ultra Ball;28;8;8;3.5;1.0
6a963bc7629039f77d8a717f;2026-09-07;basic-box-m;trainer;MEG;115;Energy Switch;31;8;8;3.875;1.0
6a963bc7629039f77d8a717f;2026-09-07;basic-box-m;trainer;ASC;196;Night Stretcher;14;8;8;1.75;1.0
6a963bc7629039f77d8a717f;2026-09-07;basic-box-m;trainer;SCR;135;Glass Trumpet;11;6;8;1.375;0.75
6a963bc7629039f77d8a717f;2026-09-07;basic-box-m;trainer;CRI;82;Special Red Card;6;5;8;0.75;0.625
6a963bc7629039f77d8a717f;2026-09-07;basic-box-m;trainer;TEF;152;Hero's Cape;3;3;8;0.375;0.375
6a963bc7629039f77d8a717f;2026-09-07;basic-box-m;trainer;SCR;131;Area Zero Underdepths;26;8;8;3.25;1.0
6a963bc7629039f77d8a717f;2026-09-07;basic-box-m;energy;MEE;1;Grass Energy;59;8;8;7.375;1.0
6a963bc7629039f77d8a717f;2026-09-07;basic-box-m;energy;MEE;5;Psychic Energy;15;7;8;1.875;0.875
6a963bc7629039f77d8a717f;2026-09-07;basic-box-m;energy;MEE;4;Lightning Energy;10;5;8;1.25;0.625
6a963bc7629039f77d8a717f;2026-09-07;basic-box-m;energy;MEE;6;Fighting Energy;10;5;8;1.25;0.625
6a963bc7629039f77d8a717f;2026-09-07;basic-box-m;energy;MEE;3;Water Energy;7;6;8;0.875;0.75
6a963bc7629039f77d8a717f;2026-09-07;crustle-dri;pokemon;MEG;104;Mega Kangaskhan ex;32;8;8;4.0;1.0
6a963bc7629039f77d8a717f;2026-09-07;crustle-dri;pokemon;DRI;11;Dwebble;23;8;8;2.875;1.0
6a963bc7629039f77d8a717f;2026-09-07;crustle-dri;pokemon;DRI;12;Crustle;23;8;8;2.875;1.0
6a963bc7629039f77d8a717f;2026-09-07;crustle-dri;trainer;DRI;176;Team Rocket's Petrel;32;8;8;4.0;1.0
6a963bc7629039f77d8a717f;2026-09-07;crustle-dri;trainer;MEG;119;Lillie's Determination;32;8;8;4.0;1.0
6a963bc7629039f77d8a717f;2026-09-07;crustle-dri;trainer;MEG;114;Boss's Orders;32;8;8;4.0;1.0
6a963bc7629039f77d8a717f;2026-09-07;crustle-dri;trainer;TEF;146;Eri;20;7;8;2.5;0.875
6a963bc7629039f77d8a717f;2026-09-07;crustle-dri;trainer;WHT;84;Hilda;18;8;8;2.25;1.0
6a963bc7629039f77d8a717f;2026-09-07;crustle-dri;trainer;SFA;64;Xerosic's Machinations;8;8;8;1.0;1.0
6a963bc7629039f77d8a717f;2026-09-07;crustle-dri;trainer;MEG;123;Pokémon Center Lady;8;8;8;1.0;1.0
6a963bc7629039f77d8a717f;2026-09-07;crustle-dri;trainer;PFL;91;Jumbo Ice Cream;32;8;8;4.0;1.0
6a963bc7629039f77d8a717f;2026-09-07;crustle-dri;trainer;SVI;186;Pokégear 3.0;24;8;8;3.0;1.0
6a963bc7629039f77d8a717f;2026-09-07;crustle-dri;trainer;TEF;144;Buddy-Buddy Poffin;16;8;8;2.0;1.0
6a963bc7629039f77d8a717f;2026-09-07;crustle-dri;trainer;CRI;82;Special Red Card;7;7;8;0.875;0.875
6a963bc7629039f77d8a717f;2026-09-07;crustle-dri;trainer;MEG;130;Switch;9;8;8;1.125;1.0
6a963bc7629039f77d8a717f;2026-09-07;crustle-dri;trainer;MEG;131;Ultra Ball;7;7;8;0.875;0.875
6a963bc7629039f77d8a717f;2026-09-07;crustle-dri;trainer;TWM;148;Enhanced Hammer;6;6;8;0.75;0.75
6a963bc7629039f77d8a717f;2026-09-07;crustle-dri;trainer;TWM;150;Handheld Fan;7;7;8;0.875;0.875
6a963bc7629039f77d8a717f;2026-09-07;crustle-dri;trainer;TEF;152;Hero's Cape;8;8;8;1.0;1.0
6a963bc7629039f77d8a717f;2026-09-07;crustle-dri;trainer;POR;77;Lumiose City;7;7;8;0.875;0.875
6a963bc7629039f77d8a717f;2026-09-07;crustle-dri;trainer;TWM;149;Festival Grounds;7;7;8;0.875;0.875
6a963bc7629039f77d8a717f;2026-09-07;crustle-dri;trainer;DRI;173;Team Rocket's Factory;8;8;8;1.0;1.0
6a963bc7629039f77d8a717f;2026-09-07;crustle-dri;energy;POR;86;Growing Grass Energy;32;8;8;4.0;1.0
6a963bc7629039f77d8a717f;2026-09-07;crustle-dri;energy;TEF;161;Mist Energy;32;8;8;4.0;1.0
6a963bc7629039f77d8a717f;2026-09-07;crustle-dri;energy;JTG;159;Spiky Energy;28;7;8;3.5;0.875
6a963bc7629039f77d8a717f;2026-09-07;crustle-dri;energy;MEE;1;Grass Energy;7;7;8;0.875;0.875
6a963bc7629039f77d8a717f;2026-09-07;mega-darkrai-ex;pokemon;PBL;48;Mega Darkrai ex;8;3;3;2.6667;1.0
6a963bc7629039f77d8a717f;2026-09-07;mega-darkrai-ex;pokemon;SFA;36;Okidogi ex;2;1;3;0.6667;0.3333
6a963bc7629039f77d8a717f;2026-09-07;mega-darkrai-ex;pokemon;TWM;95;Munkidori;3;2;3;1.0;0.6667
6a963bc7629039f77d8a717f;2026-09-07;mega-darkrai-ex;pokemon;SFA;39;Pecharunt ex;4;3;3;1.3333;1.0
6a963bc7629039f77d8a717f;2026-09-07;mega-darkrai-ex;pokemon;MEG;104;Mega Kangaskhan ex;2;1;3;0.6667;0.3333
6a963bc7629039f77d8a717f;2026-09-07;mega-darkrai-ex;pokemon;SSP;76;Latias ex;3;2;3;1.0;0.6667
6a963bc7629039f77d8a717f;2026-09-07;mega-darkrai-ex;pokemon;JTG;56;Lillie's Clefairy ex;1;1;3;0.3333;0.3333
6a963bc7629039f77d8a717f;2026-09-07;mega-darkrai-ex;pokemon;JTG;31;Volcanion ex;2;2;3;0.6667;0.6667
6a963bc7629039f77d8a717f;2026-09-07;mega-darkrai-ex;trainer;DRI;176;Team Rocket's Petrel;6;2;3;2.0;0.6667
6a963bc7629039f77d8a717f;2026-09-07;mega-darkrai-ex;trainer;PRE;112;Janine's Secret Art;9;3;3;3.0;1.0
6a963bc7629039f77d8a717f;2026-09-07;mega-darkrai-ex;trainer;SSP;170;Cyrano;4;2;3;1.3333;0.6667
6a963bc7629039f77d8a717f;2026-09-07;mega-darkrai-ex;trainer;TEF;145;Ciphermaniac's Codebreaking;2;1;3;0.6667;0.3333
6a963bc7629039f77d8a717f;2026-09-07;mega-darkrai-ex;trainer;MEG;114;Boss's Orders;6;3;3;2.0;1.0
6a963bc7629039f77d8a717f;2026-09-07;mega-darkrai-ex;trainer;SSP;179;Lisia's Appeal;2;2;3;0.6667;0.6667
6a963bc7629039f77d8a717f;2026-09-07;mega-darkrai-ex;trainer;SCR;133;Crispin;1;1;3;0.3333;0.3333
6a963bc7629039f77d8a717f;2026-09-07;mega-darkrai-ex;trainer;MEG;132;Wally's Compassion;1;1;3;0.3333;0.3333
6a963bc7629039f77d8a717f;2026-09-07;mega-darkrai-ex;trainer;SFA;64;Xerosic's Machinations;2;2;3;0.6667;0.6667
6a963bc7629039f77d8a717f;2026-09-07;mega-darkrai-ex;trainer;MEG;115;Energy Switch;6;3;3;2.0;1.0
6a963bc7629039f77d8a717f;2026-09-07;mega-darkrai-ex;trainer;PBL;75;Dark Bell;8;3;3;2.6667;1.0
6a963bc7629039f77d8a717f;2026-09-07;mega-darkrai-ex;trainer;SVI;186;Pokégear 3.0;2;1;3;0.6667;0.3333
6a963bc7629039f77d8a717f;2026-09-07;mega-darkrai-ex;trainer;TWM;148;Enhanced Hammer;4;2;3;1.3333;0.6667
6a963bc7629039f77d8a717f;2026-09-07;mega-darkrai-ex;trainer;SSP;185;Precious Trolley;1;1;3;0.3333;0.3333
6a963bc7629039f77d8a717f;2026-09-07;mega-darkrai-ex;trainer;CRI;82;Special Red Card;3;3;3;1.0;1.0
6a963bc7629039f77d8a717f;2026-09-07;mega-darkrai-ex;trainer;PRE;95;Binding Mochi;3;2;3;1.0;0.6667
6a963bc7629039f77d8a717f;2026-09-07;mega-darkrai-ex;trainer;SSP;180;Lively Stadium;2;1;3;0.6667;0.3333
6a963bc7629039f77d8a717f;2026-09-07;mega-darkrai-ex;energy;MEE;7;Darkness Energy;24;3;3;8.0;1.0
6a963bc7629039f77d8a717f;2026-09-07;mega-darkrai-ex;energy;ASC;216;Prism Energy;4;2;3;1.3333;0.6667
6a963bc7629039f77d8a717f;2026-09-07;mega-darkrai-ex;energy;MEE;5;Psychic Energy;2;1;3;0.6667;0.3333
6a963bc7629039f77d8a717f;2026-09-07;dragapult-ex;pokemon;SFA;39;Pecharunt ex;1;1;38;0.0263;0.0263
6a963bc7629039f77d8a717f;2026-09-07;dragapult-ex;pokemon;MEG;88;Yveltal;3;3;38;0.0789;0.0789
6a963bc7629039f77d8a717f;2026-09-07;n-zoroark;pokemon;JTG;97;N's Zorua;79;20;20;3.95;1.0
6a963bc7629039f77d8a717f;2026-09-07;n-zoroark;pokemon;JTG;98;N's Zoroark ex;78;20;20;3.9;1.0
6a963bc7629039f77d8a717f;2026-09-07;n-zoroark;pokemon;ASC;155;N's Zekrom;30;19;20;1.5;0.95
6a963bc7629039f77d8a717f;2026-09-07;n-zoroark;pokemon;JTG;26;N's Darumaka;11;9;20;0.55;0.45
6a963bc7629039f77d8a717f;2026-09-07;n-zoroark;pokemon;JTG;27;N's Darmanitan;11;9;20;0.55;0.45
6a963bc7629039f77d8a717f;2026-09-07;n-zoroark;pokemon;TWM;95;Munkidori;22;19;20;1.1;0.95
6a963bc7629039f77d8a717f;2026-09-07;n-zoroark;pokemon;SFA;39;Pecharunt ex;19;18;20;0.95;0.9
6a963bc7629039f77d8a717f;2026-09-07;n-zoroark;pokemon;ASC;142;Fezandipiti ex;17;17;20;0.85;0.85
6a963bc7629039f77d8a717f;2026-09-07;n-zoroark;pokemon;POR;62;Meowth ex;12;12;20;0.6;0.6
6a963bc7629039f77d8a717f;2026-09-07;n-zoroark;pokemon;ASC;16;Budew;6;6;20;0.3;0.3
6a963bc7629039f77d8a717f;2026-09-07;n-zoroark;pokemon;MEG;88;Yveltal;9;9;20;0.45;0.45
6a963bc7629039f77d8a717f;2026-09-07;n-zoroark;pokemon;TWM;131;Tatsugiri;11;10;20;0.55;0.5
6a963bc7629039f77d8a717f;2026-09-07;n-zoroark;trainer;MEG;119;Lillie's Determination;79;20;20;3.95;1.0
6a963bc7629039f77d8a717f;2026-09-07;n-zoroark;trainer;MEG;114;Boss's Orders;69;20;20;3.45;1.0
6a963bc7629039f77d8a717f;2026-09-07;n-zoroark;trainer;SSP;170;Cyrano;38;19;20;1.9;0.95
6a963bc7629039f77d8a717f;2026-09-07;n-zoroark;trainer;JTG;143;Black Belt's Training;21;18;20;1.05;0.9
6a963bc7629039f77d8a717f;2026-09-07;n-zoroark;trainer;TEF;144;Buddy-Buddy Poffin;80;20;20;4.0;1.0
6a963bc7629039f77d8a717f;2026-09-07;n-zoroark;trainer;CRI;83;Transformation Tome;28;7;20;1.4;0.35
6a963bc7629039f77d8a717f;2026-09-07;n-zoroark;trainer;JTG;153;N's PP Up;58;19;20;2.9;0.95
6a963bc7629039f77d8a717f;2026-09-07;n-zoroark;trainer;MEG;131;Ultra Ball;61;20;20;3.05;1.0
6a963bc7629039f77d8a717f;2026-09-07;n-zoroark;trainer;POR;81;Poké Pad;51;20;20;2.55;1.0
6a963bc7629039f77d8a717f;2026-09-07;n-zoroark;trainer;TWM;163;Secret Box;14;14;20;0.7;0.7
6a963bc7629039f77d8a717f;2026-09-07;n-zoroark;trainer;ASC;196;Night Stretcher;38;20;20;1.9;1.0
6a963bc7629039f77d8a717f;2026-09-07;n-zoroark;trainer;CRI;82;Special Red Card;17;17;20;0.85;0.85
6a963bc7629039f77d8a717f;2026-09-07;n-zoroark;trainer;PRE;95;Binding Mochi;21;15;20;1.05;0.75
6a963bc7629039f77d8a717f;2026-09-07;n-zoroark;trainer;JTG;152;N's Castle;23;12;20;1.15;0.6
6a963bc7629039f77d8a717f;2026-09-07;n-zoroark;energy;MEE;7;Darkness Energy;154;20;20;7.7;1.0
6a963bc7629039f77d8a717f;2026-09-07;festival-lead;pokemon;TWM;14;Grookey;22;6;6;3.6667;1.0
6a963bc7629039f77d8a717f;2026-09-07;festival-lead;pokemon;TWM;15;Thwackey;20;6;6;3.3333;1.0
6a963bc7629039f77d8a717f;2026-09-07;festival-lead;pokemon;TWM;126;Applin;4;2;6;0.6667;0.3333
6a963bc7629039f77d8a717f;2026-09-07;festival-lead;pokemon;TWM;17;Applin;12;5;6;2.0;0.8333
6a963bc7629039f77d8a717f;2026-09-07;festival-lead;pokemon;TWM;18;Dipplin;19;6;6;3.1667;1.0
6a963bc7629039f77d8a717f;2026-09-07;festival-lead;pokemon;TWM;44;Goldeen;11;5;6;1.8333;0.8333
6a963bc7629039f77d8a717f;2026-09-07;festival-lead;pokemon;PRE;21;Seaking;8;5;6;1.3333;0.8333
6a963bc7629039f77d8a717f;2026-09-07;festival-lead;pokemon;TEF;23;Rellor;3;3;6;0.5;0.5
6a963bc7629039f77d8a717f;2026-09-07;festival-lead;pokemon;TEF;24;Rabsca;5;5;6;0.8333;0.8333
6a963bc7629039f77d8a717f;2026-09-07;festival-lead;pokemon;DRI;10;Shaymin;6;6;6;1.0;1.0
6a963bc7629039f77d8a717f;2026-09-07;festival-lead;trainer;MEG;119;Lillie's Determination;23;6;6;3.8333;1.0
6a963bc7629039f77d8a717f;2026-09-07;festival-lead;trainer;MEG;114;Boss's Orders;13;6;6;2.1667;1.0
6a963bc7629039f77d8a717f;2026-09-07;festival-lead;trainer;PBL;77;Gladion's Final Battle;10;5;6;1.6667;0.8333
6a963bc7629039f77d8a717f;2026-09-07;festival-lead;trainer;TWM;154;Kieran;6;5;6;1.0;0.8333
6a963bc7629039f77d8a717f;2026-09-07;festival-lead;trainer;POR;81;Poké Pad;20;5;6;3.3333;0.8333
6a963bc7629039f77d8a717f;2026-09-07;festival-lead;trainer;TEF;144;Buddy-Buddy Poffin;24;6;6;4.0;1.0
6a963bc7629039f77d8a717f;2026-09-07;festival-lead;trainer;MEG;131;Ultra Ball;15;5;6;2.5;0.8333
6a963bc7629039f77d8a717f;2026-09-07;festival-lead;trainer;TWM;143;Bug Catching Set;11;4;6;1.8333;0.6667
6a963bc7629039f77d8a717f;2026-09-07;festival-lead;trainer;ASC;196;Night Stretcher;11;6;6;1.8333;1.0
6a963bc7629039f77d8a717f;2026-09-07;festival-lead;trainer;MEG;130;Switch;5;5;6;0.8333;0.8333
6a963bc7629039f77d8a717f;2026-09-07;festival-lead;trainer;TWM;163;Secret Box;5;5;6;0.8333;0.8333
6a963bc7629039f77d8a717f;2026-09-07;festival-lead;trainer;WHT;80;Brave Bangle;12;6;6;2.0;1.0
6a963bc7629039f77d8a717f;2026-09-07;festival-lead;trainer;ASC;181;Air Balloon;11;6;6;1.8333;1.0
6a963bc7629039f77d8a717f;2026-09-07;festival-lead;trainer;TWM;149;Festival Grounds;24;6;6;4.0;1.0
6a963bc7629039f77d8a717f;2026-09-07;festival-lead;energy;POR;86;Growing Grass Energy;7;3;6;1.1667;0.5
6a963bc7629039f77d8a717f;2026-09-07;festival-lead;energy;MEE;1;Grass Energy;26;6;6;4.3333;1.0
6a963bc7629039f77d8a717f;2026-09-07;dragapult-ex;pokemon;DRI;10;Shaymin;10;10;38;0.2632;0.2632
6a963bc7629039f77d8a717f;2026-09-07;dragapult-ex;trainer;SFA;64;Xerosic's Machinations;1;1;38;0.0263;0.0263
6a963bc7629039f77d8a717f;2026-09-07;dragapult-ex;trainer;PBL;75;Dark Bell;1;1;38;0.0263;0.0263
6a963bc7629039f77d8a717f;2026-09-07;alakazam-dusknoir;pokemon;PRE;35;Duskull;20;5;5;4.0;1.0
6a963bc7629039f77d8a717f;2026-09-07;alakazam-dusknoir;pokemon;PRE;36;Dusclops;10;5;5;2.0;1.0
6a963bc7629039f77d8a717f;2026-09-07;alakazam-dusknoir;pokemon;PRE;37;Dusknoir;10;5;5;2.0;1.0
6a963bc7629039f77d8a717f;2026-09-07;alakazam-dusknoir;pokemon;MEG;54;Abra;14;5;5;2.8;1.0
6a963bc7629039f77d8a717f;2026-09-07;alakazam-dusknoir;pokemon;MEG;55;Kadabra;20;5;5;4.0;1.0
6a963bc7629039f77d8a717f;2026-09-07;alakazam-dusknoir;pokemon;MEG;56;Alakazam;15;5;5;3.0;1.0
6a963bc7629039f77d8a717f;2026-09-07;alakazam-dusknoir;pokemon;ASC;16;Budew;10;5;5;2.0;1.0
6a963bc7629039f77d8a717f;2026-09-07;alakazam-dusknoir;pokemon;ASC;142;Fezandipiti ex;5;5;5;1.0;1.0
6a963bc7629039f77d8a717f;2026-09-07;alakazam-dusknoir;pokemon;DRI;10;Shaymin;5;5;5;1.0;1.0
6a963bc7629039f77d8a717f;2026-09-07;alakazam-dusknoir;pokemon;CRI;70;Patrat;5;5;5;1.0;1.0
6a963bc7629039f77d8a717f;2026-09-07;alakazam-dusknoir;trainer;PBL;78;Gwynn;20;5;5;4.0;1.0
6a963bc7629039f77d8a717f;2026-09-07;alakazam-dusknoir;trainer;WHT;84;Hilda;20;5;5;4.0;1.0
6a963bc7629039f77d8a717f;2026-09-07;alakazam-dusknoir;trainer;PFL;87;Dawn;10;5;5;2.0;1.0
6a963bc7629039f77d8a717f;2026-09-07;alakazam-dusknoir;trainer;MEG;114;Boss's Orders;5;5;5;1.0;1.0
6a963bc7629039f77d8a717f;2026-09-07;alakazam-dusknoir;trainer;POR;81;Poké Pad;20;5;5;4.0;1.0
6a963bc7629039f77d8a717f;2026-09-07;alakazam-dusknoir;trainer;MEG;125;Rare Candy;20;5;5;4.0;1.0
6a963bc7629039f77d8a717f;2026-09-07;alakazam-dusknoir;trainer;TEF;144;Buddy-Buddy Poffin;15;5;5;3.0;1.0
6a963bc7629039f77d8a717f;2026-09-07;alakazam-dusknoir;trainer;MEG;128;Strange Timepiece;15;5;5;3.0;1.0
6a963bc7629039f77d8a717f;2026-09-07;alakazam-dusknoir;trainer;ASC;196;Night Stretcher;10;5;5;2.0;1.0
6a963bc7629039f77d8a717f;2026-09-07;alakazam-dusknoir;trainer;CRI;82;Special Red Card;10;5;5;2.0;1.0
6a963bc7629039f77d8a717f;2026-09-07;alakazam-dusknoir;trainer;DRI;168;Sacred Ash;5;5;5;1.0;1.0
6a963bc7629039f77d8a717f;2026-09-07;alakazam-dusknoir;trainer;TEF;157;Prime Catcher;5;5;5;1.0;1.0
6a963bc7629039f77d8a717f;2026-09-07;alakazam-dusknoir;energy;POR;88;Telepathic Psychic Energy;20;5;5;4.0;1.0
6a963bc7629039f77d8a717f;2026-09-07;alakazam-dusknoir;energy;MEE;5;Psychic Energy;5;5;5;1.0;1.0
6a963bc7629039f77d8a717f;2026-09-07;n-zoroark;trainer;SFA;64;Xerosic's Machinations;3;3;20;0.15;0.15
6a963bc7629039f77d8a717f;2026-09-07;n-zoroark;trainer;POR;76;Judge;20;10;20;1.0;0.5
6a963bc7629039f77d8a717f;2026-09-07;dragapult-ex;trainer;ASC;212;Tool Scrapper;4;4;38;0.1053;0.1053
6a963bc7629039f77d8a717f;2026-09-07;alakazam-dudunsparce;pokemon;MEG;54;Abra;64;16;16;4.0;1.0
6a963bc7629039f77d8a717f;2026-09-07;alakazam-dudunsparce;pokemon;MEG;55;Kadabra;64;16;16;4.0;1.0
6a963bc7629039f77d8a717f;2026-09-07;alakazam-dudunsparce;pokemon;MEG;56;Alakazam;49;16;16;3.0625;1.0
6a963bc7629039f77d8a717f;2026-09-07;alakazam-dudunsparce;pokemon;JTG;120;Dunsparce;37;13;16;2.3125;0.8125
6a963bc7629039f77d8a717f;2026-09-07;alakazam-dudunsparce;pokemon;TEF;129;Dudunsparce;42;16;16;2.625;1.0
6a963bc7629039f77d8a717f;2026-09-07;alakazam-dudunsparce;pokemon;ASC;142;Fezandipiti ex;16;16;16;1.0;1.0
6a963bc7629039f77d8a717f;2026-09-07;alakazam-dudunsparce;pokemon;SFA;40;Genesect;19;15;16;1.1875;0.9375
6a963bc7629039f77d8a717f;2026-09-07;alakazam-dudunsparce;trainer;WHT;84;Hilda;51;16;16;3.1875;1.0
6a963bc7629039f77d8a717f;2026-09-07;alakazam-dudunsparce;trainer;MEG;114;Boss's Orders;36;16;16;2.25;1.0
6a963bc7629039f77d8a717f;2026-09-07;alakazam-dudunsparce;trainer;PFL;87;Dawn;60;16;16;3.75;1.0
6a963bc7629039f77d8a717f;2026-09-07;alakazam-dudunsparce;trainer;TEF;146;Eri;15;15;16;0.9375;0.9375
6a963bc7629039f77d8a717f;2026-09-07;alakazam-dudunsparce;trainer;TWM;155;Lana's Aid;16;16;16;1.0;1.0
6a963bc7629039f77d8a717f;2026-09-07;alakazam-dudunsparce;trainer;TEF;144;Buddy-Buddy Poffin;63;16;16;3.9375;1.0
6a963bc7629039f77d8a717f;2026-09-07;alakazam-dudunsparce;trainer;POR;81;Poké Pad;62;16;16;3.875;1.0
6a963bc7629039f77d8a717f;2026-09-07;alakazam-dudunsparce;trainer;MEG;125;Rare Candy;50;16;16;3.125;1.0
6a963bc7629039f77d8a717f;2026-09-07;alakazam-dudunsparce;trainer;TWM;148;Enhanced Hammer;23;13;16;1.4375;0.8125
6a963bc7629039f77d8a717f;2026-09-07;alakazam-dudunsparce;trainer;ASC;196;Night Stretcher;8;7;16;0.5;0.4375
6a963bc7629039f77d8a717f;2026-09-07;alakazam-dudunsparce;trainer;CRI;82;Special Red Card;6;6;16;0.375;0.375
6a963bc7629039f77d8a717f;2026-09-07;alakazam-dudunsparce;trainer;DRI;168;Sacred Ash;15;15;16;0.9375;0.9375
6a963bc7629039f77d8a717f;2026-09-07;alakazam-dudunsparce;trainer;ASC;181;Air Balloon;27;15;16;1.6875;0.9375
6a963bc7629039f77d8a717f;2026-09-07;alakazam-dudunsparce;trainer;PFL;85;Battle Cage;49;14;16;3.0625;0.875
6a963bc7629039f77d8a717f;2026-09-07;alakazam-dudunsparce;energy;POR;88;Telepathic Psychic Energy;63;16;16;3.9375;1.0
6a963bc7629039f77d8a717f;2026-09-07;alakazam-dudunsparce;energy;MEE;5;Psychic Energy;20;16;16;1.25;1.0
6a963bc7629039f77d8a717f;2026-09-07;alakazam-dudunsparce;energy;SSP;191;Enriching Energy;15;15;16;0.9375;0.9375
6a963bc7629039f77d8a717f;2026-09-07;lopunny-dudunsparce;pokemon;PFL;83;Buneary;10;4;5;2.0;0.8
6a963bc7629039f77d8a717f;2026-09-07;lopunny-dudunsparce;pokemon;PFL;84;Mega Lopunny ex;12;5;5;2.4;1.0
6a963bc7629039f77d8a717f;2026-09-07;lopunny-dudunsparce;pokemon;TEF;128;Dunsparce;8;5;5;1.6;1.0
6a963bc7629039f77d8a717f;2026-09-07;lopunny-dudunsparce;pokemon;TEF;129;Dudunsparce;14;5;5;2.8;1.0
6a963bc7629039f77d8a717f;2026-09-07;lopunny-dudunsparce;pokemon;ASC;46;Snorunt;2;1;5;0.4;0.2
6a963bc7629039f77d8a717f;2026-09-07;lopunny-dudunsparce;pokemon;ASC;47;Mega Froslass ex;2;1;5;0.4;0.2
6a963bc7629039f77d8a717f;2026-09-07;lopunny-dudunsparce;pokemon;SCR;118;Fan Rotom;7;5;5;1.4;1.0
6a963bc7629039f77d8a717f;2026-09-07;lopunny-dudunsparce;pokemon;POR;62;Meowth ex;1;1;5;0.2;0.2
6a963bc7629039f77d8a717f;2026-09-07;lopunny-dudunsparce;pokemon;DRI;10;Shaymin;2;2;5;0.4;0.4
6a963bc7629039f77d8a717f;2026-09-07;lopunny-dudunsparce;pokemon;ASC;39;Psyduck;2;2;5;0.4;0.4
6a963bc7629039f77d8a717f;2026-09-07;lopunny-dudunsparce;pokemon;ASC;16;Budew;1;1;5;0.2;0.2
6a963bc7629039f77d8a717f;2026-09-07;lopunny-dudunsparce;trainer;MEG;114;Boss's Orders;17;5;5;3.4;1.0
6a963bc7629039f77d8a717f;2026-09-07;lopunny-dudunsparce;trainer;WHT;84;Hilda;16;5;5;3.2;1.0
6a963bc7629039f77d8a717f;2026-09-07;lopunny-dudunsparce;trainer;MEG;132;Wally's Compassion;17;5;5;3.4;1.0
6a963bc7629039f77d8a717f;2026-09-07;lopunny-dudunsparce;trainer;MEG;119;Lillie's Determination;15;5;5;3.0;1.0
6a963bc7629039f77d8a717f;2026-09-07;lopunny-dudunsparce;trainer;SFA;64;Xerosic's Machinations;1;1;5;0.2;0.2
6a963bc7629039f77d8a717f;2026-09-07;lopunny-dudunsparce;trainer;TEF;144;Buddy-Buddy Poffin;19;5;5;3.8;1.0
6a963bc7629039f77d8a717f;2026-09-07;lopunny-dudunsparce;trainer;MEG;131;Ultra Ball;13;4;5;2.6;0.8
6a963bc7629039f77d8a717f;2026-09-07;lopunny-dudunsparce;trainer;POR;81;Poké Pad;17;5;5;3.4;1.0
6a963bc7629039f77d8a717f;2026-09-07;lopunny-dudunsparce;trainer;ASC;196;Night Stretcher;6;4;5;1.2;0.8
6a963bc7629039f77d8a717f;2026-09-07;lopunny-dudunsparce;trainer;CRI;82;Special Red Card;5;5;5;1.0;1.0
6a963bc7629039f77d8a717f;2026-09-07;lopunny-dudunsparce;trainer;ASC;181;Air Balloon;13;5;5;2.6;1.0
6a963bc7629039f77d8a717f;2026-09-07;lopunny-dudunsparce;trainer;PFL;85;Battle Cage;12;5;5;2.4;1.0
6a963bc7629039f77d8a717f;2026-09-07;lopunny-dudunsparce;energy;TEF;161;Mist Energy;20;5;5;4.0;1.0
6a963bc7629039f77d8a717f;2026-09-07;lopunny-dudunsparce;energy;MEE;3;Water Energy;3;1;5;0.6;0.2
6a963bc7629039f77d8a717f;2026-09-07;lopunny-dudunsparce;energy;SSP;191;Enriching Energy;4;4;5;0.8;0.8
6a963bc7629039f77d8a717f;2026-09-07;mega-excadrill-ex;pokemon;PBL;46;Drilbur;32;9;9;3.5556;1.0
6a963bc7629039f77d8a717f;2026-09-07;mega-excadrill-ex;pokemon;PBL;65;Mega Excadrill ex;18;9;9;2.0;1.0
6a963bc7629039f77d8a717f;2026-09-07;mega-excadrill-ex;pokemon;TEF;113;Beldum;31;8;9;3.4444;0.8889
6a963bc7629039f77d8a717f;2026-09-07;mega-excadrill-ex;pokemon;TEF;114;Metang;34;9;9;3.7778;1.0
6a963bc7629039f77d8a717f;2026-09-07;mega-excadrill-ex;pokemon;CRI;61;Metagross;12;9;9;1.3333;1.0
6a963bc7629039f77d8a717f;2026-09-07;mega-excadrill-ex;pokemon;BLK;67;Genesect ex;18;9;9;2.0;1.0
6a963bc7629039f77d8a717f;2026-09-07;mega-excadrill-ex;pokemon;PFL;27;Piplup;4;3;9;0.4444;0.3333
6a963bc7629039f77d8a717f;2026-09-07;mega-excadrill-ex;pokemon;PFL;70;Empoleon ex;3;3;9;0.3333;0.3333
6a963bc7629039f77d8a717f;2026-09-07;mega-excadrill-ex;pokemon;POR;55;Mega Skarmory ex;6;6;9;0.6667;0.6667
6a963bc7629039f77d8a717f;2026-09-07;mega-excadrill-ex;trainer;DRI;176;Team Rocket's Petrel;33;9;9;3.6667;1.0
6a963bc7629039f77d8a717f;2026-09-07;mega-excadrill-ex;trainer;MEG;119;Lillie's Determination;21;8;9;2.3333;0.8889
6a963bc7629039f77d8a717f;2026-09-07;mega-excadrill-ex;trainer;TWM;154;Kieran;6;6;9;0.6667;0.6667
6a963bc7629039f77d8a717f;2026-09-07;mega-excadrill-ex;trainer;MEG;114;Boss's Orders;12;8;9;1.3333;0.8889
6a963bc7629039f77d8a717f;2026-09-07;mega-excadrill-ex;trainer;JTG;146;Brock's Scouting;13;6;9;1.4444;0.6667
6a963bc7629039f77d8a717f;2026-09-07;mega-excadrill-ex;trainer;TEF;144;Buddy-Buddy Poffin;28;8;9;3.1111;0.8889
6a963bc7629039f77d8a717f;2026-09-07;mega-excadrill-ex;trainer;PFL;91;Jumbo Ice Cream;23;9;9;2.5556;1.0
6a963bc7629039f77d8a717f;2026-09-07;mega-excadrill-ex;trainer;SVI;186;Pokégear 3.0;15;8;9;1.6667;0.8889
6a963bc7629039f77d8a717f;2026-09-07;mega-excadrill-ex;trainer;CRI;82;Special Red Card;4;4;9;0.4444;0.4444
6a963bc7629039f77d8a717f;2026-09-07;mega-excadrill-ex;trainer;DRI;164;Energy Recycler;8;8;9;0.8889;0.8889
6a963bc7629039f77d8a717f;2026-09-07;mega-excadrill-ex;trainer;MEG;130;Switch;4;4;9;0.4444;0.4444
6a963bc7629039f77d8a717f;2026-09-07;mega-excadrill-ex;trainer;MEG;131;Ultra Ball;8;7;9;0.8889;0.7778
6a963bc7629039f77d8a717f;2026-09-07;mega-excadrill-ex;trainer;MEG;125;Rare Candy;3;3;9;0.3333;0.3333
6a963bc7629039f77d8a717f;2026-09-07;mega-excadrill-ex;trainer;TEF;152;Hero's Cape;6;6;9;0.6667;0.6667
6a963bc7629039f77d8a717f;2026-09-07;mega-excadrill-ex;energy;MEE;8;Metal Energy;146;9;9;16.2222;1.0
6a963bc7629039f77d8a717f;2026-09-07;hydreigon-ex;pokemon;SSP;117;Deino;4;1;1;4.0;1.0
6a963bc7629039f77d8a717f;2026-09-07;hydreigon-ex;pokemon;SSP;118;Zweilous;2;1;1;2.0;1.0
6a963bc7629039f77d8a717f;2026-09-07;hydreigon-ex;pokemon;SSP;119;Hydreigon ex;3;1;1;3.0;1.0
6a963bc7629039f77d8a717f;2026-09-07;hydreigon-ex;pokemon;TEF;128;Dunsparce;3;1;1;3.0;1.0
6a963bc7629039f77d8a717f;2026-09-07;hydreigon-ex;pokemon;TEF;129;Dudunsparce;3;1;1;3.0;1.0
6a963bc7629039f77d8a717f;2026-09-07;hydreigon-ex;pokemon;MEG;28;Cinderace;2;1;1;2.0;1.0
6a963bc7629039f77d8a717f;2026-09-07;hydreigon-ex;pokemon;POR;62;Meowth ex;1;1;1;1.0;1.0
6a963bc7629039f77d8a717f;2026-09-07;hydreigon-ex;pokemon;TWM;95;Munkidori;1;1;1;1.0;1.0
6a963bc7629039f77d8a717f;2026-09-07;hydreigon-ex;pokemon;DRI;10;Shaymin;1;1;1;1.0;1.0
6a963bc7629039f77d8a717f;2026-09-07;hydreigon-ex;trainer;MEG;119;Lillie's Determination;4;1;1;4.0;1.0
6a963bc7629039f77d8a717f;2026-09-07;hydreigon-ex;trainer;SCR;133;Crispin;2;1;1;2.0;1.0
6a963bc7629039f77d8a717f;2026-09-07;hydreigon-ex;trainer;MEG;114;Boss's Orders;2;1;1;2.0;1.0
6a963bc7629039f77d8a717f;2026-09-07;hydreigon-ex;trainer;WHT;84;Hilda;2;1;1;2.0;1.0
6a963bc7629039f77d8a717f;2026-09-07;hydreigon-ex;trainer;SFA;64;Xerosic's Machinations;1;1;1;1.0;1.0
6a963bc7629039f77d8a717f;2026-09-07;hydreigon-ex;trainer;SSP;170;Cyrano;1;1;1;1.0;1.0
6a963bc7629039f77d8a717f;2026-09-07;hydreigon-ex;trainer;DRI;176;Team Rocket's Petrel;1;1;1;1.0;1.0
6a963bc7629039f77d8a717f;2026-09-07;hydreigon-ex;trainer;MEG;125;Rare Candy;4;1;1;4.0;1.0
6a963bc7629039f77d8a717f;2026-09-07;hydreigon-ex;trainer;TEF;144;Buddy-Buddy Poffin;4;1;1;4.0;1.0
6a963bc7629039f77d8a717f;2026-09-07;hydreigon-ex;trainer;POR;81;Poké Pad;3;1;1;3.0;1.0
6a963bc7629039f77d8a717f;2026-09-07;hydreigon-ex;trainer;MEG;131;Ultra Ball;2;1;1;2.0;1.0
6a963bc7629039f77d8a717f;2026-09-07;hydreigon-ex;trainer;ASC;196;Night Stretcher;2;1;1;2.0;1.0
6a963bc7629039f77d8a717f;2026-09-07;hydreigon-ex;trainer;CRI;82;Special Red Card;1;1;1;1.0;1.0
6a963bc7629039f77d8a717f;2026-09-07;hydreigon-ex;trainer;MEG;127;Risky Ruins;1;1;1;1.0;1.0
6a963bc7629039f77d8a717f;2026-09-07;hydreigon-ex;energy;MEE;7;Darkness Energy;5;1;1;5.0;1.0
6a963bc7629039f77d8a717f;2026-09-07;hydreigon-ex;energy;MEE;8;Metal Energy;2;1;1;2.0;1.0
6a963bc7629039f77d8a717f;2026-09-07;hydreigon-ex;energy;MEE;5;Psychic Energy;2;1;1;2.0;1.0
6a963bc7629039f77d8a717f;2026-09-07;hydreigon-ex;energy;TEF;162;Neo Upper Energy;1;1;1;1.0;1.0
6a963bc7629039f77d8a717f;2026-09-07;dhelmise-pbl;pokemon;PBL;5;Poltchageist;24;6;6;4.0;1.0
6a963bc7629039f77d8a717f;2026-09-07;dhelmise-pbl;pokemon;PBL;6;Sinistcha;24;6;6;4.0;1.0
6a963bc7629039f77d8a717f;2026-09-07;dhelmise-pbl;pokemon;PBL;33;Shuppet;24;6;6;4.0;1.0
6a963bc7629039f77d8a717f;2026-09-07;dhelmise-pbl;pokemon;PBL;34;Banette;23;6;6;3.8333;1.0
6a963bc7629039f77d8a717f;2026-09-07;dhelmise-pbl;pokemon;PBL;39;Dhelmise;23;6;6;3.8333;1.0
6a963bc7629039f77d8a717f;2026-09-07;dhelmise-pbl;pokemon;TEF;128;Dunsparce;2;1;6;0.3333;0.1667
6a963bc7629039f77d8a717f;2026-09-07;dhelmise-pbl;pokemon;TEF;129;Dudunsparce;7;4;6;1.1667;0.6667
6a963bc7629039f77d8a717f;2026-09-07;dhelmise-pbl;pokemon;JTG;56;Lillie's Clefairy ex;6;5;6;1.0;0.8333
6a963bc7629039f77d8a717f;2026-09-07;dhelmise-pbl;pokemon;PBL;35;Spiritomb;8;6;6;1.3333;1.0
6a963bc7629039f77d8a717f;2026-09-07;dhelmise-pbl;pokemon;ASC;142;Fezandipiti ex;1;1;6;0.1667;0.1667
6a963bc7629039f77d8a717f;2026-09-07;dhelmise-pbl;trainer;PBL;78;Gwynn;21;6;6;3.5;1.0
6a963bc7629039f77d8a717f;2026-09-07;dhelmise-pbl;trainer;MEG;114;Boss's Orders;14;6;6;2.3333;1.0
6a963bc7629039f77d8a717f;2026-09-07;dhelmise-pbl;trainer;JTG;146;Brock's Scouting;1;1;6;0.1667;0.1667
6a963bc7629039f77d8a717f;2026-09-07;dhelmise-pbl;trainer;MEG;119;Lillie's Determination;7;4;6;1.1667;0.6667
6a963bc7629039f77d8a717f;2026-09-07;dhelmise-pbl;trainer;POR;76;Judge;3;2;6;0.5;0.3333
6a963bc7629039f77d8a717f;2026-09-07;dhelmise-pbl;trainer;MEG;131;Ultra Ball;17;5;6;2.8333;0.8333
6a963bc7629039f77d8a717f;2026-09-07;dhelmise-pbl;trainer;SSP;164;Brilliant Blender;3;3;6;0.5;0.5
6a963bc7629039f77d8a717f;2026-09-07;dhelmise-pbl;trainer;ASC;196;Night Stretcher;11;5;6;1.8333;0.8333
6a963bc7629039f77d8a717f;2026-09-07;dhelmise-pbl;trainer;TEF;144;Buddy-Buddy Poffin;7;3;6;1.1667;0.5
6a963bc7629039f77d8a717f;2026-09-07;dhelmise-pbl;trainer;PRE;111;Haban Berry;1;1;6;0.1667;0.1667
6a963bc7629039f77d8a717f;2026-09-07;dhelmise-pbl;trainer;CRI;80;Prism Tower;11;5;6;1.8333;0.8333
6a963bc7629039f77d8a717f;2026-09-07;dhelmise-pbl;energy;MEE;5;Psychic Energy;25;6;6;4.1667;1.0
6a963bc7629039f77d8a717f;2026-09-07;dhelmise-pbl;energy;POR;88;Telepathic Psychic Energy;24;6;6;4.0;1.0
6a963bc7629039f77d8a717f;2026-09-07;hops-trevenant;pokemon;ASC;95;Hop's Phantump;16;4;4;4.0;1.0
6a963bc7629039f77d8a717f;2026-09-07;hops-trevenant;pokemon;ASC;96;Hop's Trevenant;13;4;4;3.25;1.0
6a963bc7629039f77d8a717f;2026-09-07;hops-trevenant;pokemon;JTG;117;Hop's Snorlax;7;4;4;1.75;1.0
6a963bc7629039f77d8a717f;2026-09-07;hops-trevenant;pokemon;JTG;135;Hop's Wooloo;3;3;4;0.75;0.75
6a963bc7629039f77d8a717f;2026-09-07;hops-trevenant;pokemon;JTG;136;Hop's Dubwool;3;3;4;0.75;0.75
6a963bc7629039f77d8a717f;2026-09-07;hops-trevenant;pokemon;DRI;10;Shaymin;4;4;4;1.0;1.0
6a963bc7629039f77d8a717f;2026-09-07;hops-trevenant;pokemon;JTG;138;Hop's Cramorant;4;4;4;1.0;1.0
6a963bc7629039f77d8a717f;2026-09-07;hops-trevenant;pokemon;JTG;56;Lillie's Clefairy ex;4;4;4;1.0;1.0
6a963bc7629039f77d8a717f;2026-09-07;hops-trevenant;trainer;MEG;119;Lillie's Determination;16;4;4;4.0;1.0
6a963bc7629039f77d8a717f;2026-09-07;hops-trevenant;trainer;DRI;176;Team Rocket's Petrel;15;4;4;3.75;1.0
6a963bc7629039f77d8a717f;2026-09-07;hops-trevenant;trainer;MEG;114;Boss's Orders;12;4;4;3.0;1.0
6a963bc7629039f77d8a717f;2026-09-07;hops-trevenant;trainer;TWM;151;Hassel;7;4;4;1.75;1.0
6a963bc7629039f77d8a717f;2026-09-07;hops-trevenant;trainer;JTG;157;Ruffian;1;1;4;0.25;0.25
6a963bc7629039f77d8a717f;2026-09-07;hops-trevenant;trainer;POR;81;Poké Pad;16;4;4;4.0;1.0
6a963bc7629039f77d8a717f;2026-09-07;hops-trevenant;trainer;ASC;196;Night Stretcher;12;4;4;3.0;1.0
6a963bc7629039f77d8a717f;2026-09-07;hops-trevenant;trainer;MEG;130;Switch;5;4;4;1.25;1.0
6a963bc7629039f77d8a717f;2026-09-07;hops-trevenant;trainer;JTG;147;Hop's Bag;8;4;4;2.0;1.0
6a963bc7629039f77d8a717f;2026-09-07;hops-trevenant;trainer;SVI;186;Pokégear 3.0;13;4;4;3.25;1.0
6a963bc7629039f77d8a717f;2026-09-07;hops-trevenant;trainer;TWM;163;Secret Box;4;4;4;1.0;1.0
6a963bc7629039f77d8a717f;2026-09-07;hops-trevenant;trainer;JTG;148;Hop's Choice Band;16;4;4;4.0;1.0
6a963bc7629039f77d8a717f;2026-09-07;hops-trevenant;trainer;ASC;181;Air Balloon;2;2;4;0.5;0.5
6a963bc7629039f77d8a717f;2026-09-07;hops-trevenant;trainer;JTG;151;Lillie's Pearl;1;1;4;0.25;0.25
6a963bc7629039f77d8a717f;2026-09-07;hops-trevenant;trainer;JTG;154;Postwick;16;4;4;4.0;1.0
6a963bc7629039f77d8a717f;2026-09-07;hops-trevenant;energy;TEF;161;Mist Energy;14;4;4;3.5;1.0
6a963bc7629039f77d8a717f;2026-09-07;hops-trevenant;energy;POR;88;Telepathic Psychic Energy;16;4;4;4.0;1.0
6a963bc7629039f77d8a717f;2026-09-07;slowking-scr;pokemon;SCR;57;Slowpoke;44;11;12;3.6667;0.9167
6a963bc7629039f77d8a717f;2026-09-07;slowking-scr;pokemon;SCR;58;Slowking;36;12;12;3.0;1.0
6a963bc7629039f77d8a717f;2026-09-07;slowking-scr;pokemon;MEG;104;Mega Kangaskhan ex;33;12;12;2.75;1.0
6a963bc7629039f77d8a717f;2026-09-07;slowking-scr;pokemon;SSP;76;Latias ex;24;12;12;2.0;1.0
6a963bc7629039f77d8a717f;2026-09-07;slowking-scr;pokemon;SFA;47;Kyurem;22;12;12;1.8333;1.0
6a963bc7629039f77d8a717f;2026-09-07;slowking-scr;pokemon;CRI;61;Metagross;18;12;12;1.5;1.0
6a963bc7629039f77d8a717f;2026-09-07;slowking-scr;pokemon;JTG;56;Lillie's Clefairy ex;11;11;12;0.9167;0.9167
6a963bc7629039f77d8a717f;2026-09-07;slowking-scr;pokemon;POR;62;Meowth ex;12;12;12;1.0;1.0
6a963bc7629039f77d8a717f;2026-09-07;slowking-scr;pokemon;ASC;142;Fezandipiti ex;12;12;12;1.0;1.0
6a963bc7629039f77d8a717f;2026-09-07;slowking-scr;pokemon;ASC;98;Spectrier;2;2;12;0.1667;0.1667
6a963bc7629039f77d8a717f;2026-09-07;slowking-scr;pokemon;PBL;41;Annihilape;3;3;12;0.25;0.25
6a963bc7629039f77d8a717f;2026-09-07;slowking-scr;pokemon;DRI;78;Zeraora;7;7;12;0.5833;0.5833
6a963bc7629039f77d8a717f;2026-09-07;slowking-scr;trainer;TEF;145;Ciphermaniac's Codebreaking;43;12;12;3.5833;1.0
6a963bc7629039f77d8a717f;2026-09-07;slowking-scr;trainer;MEG;119;Lillie's Determination;47;12;12;3.9167;1.0
6a963bc7629039f77d8a717f;2026-09-07;slowking-scr;trainer;MEG;131;Ultra Ball;45;12;12;3.75;1.0
6a963bc7629039f77d8a717f;2026-09-07;slowking-scr;trainer;POR;81;Poké Pad;46;12;12;3.8333;1.0
6a963bc7629039f77d8a717f;2026-09-07;slowking-scr;trainer;PFL;94;Wondrous Patch;35;12;12;2.9167;1.0
6a963bc7629039f77d8a717f;2026-09-07;slowking-scr;trainer;ASC;196;Night Stretcher;29;12;12;2.4167;1.0
6a963bc7629039f77d8a717f;2026-09-07;slowking-scr;trainer;CRI;82;Special Red Card;1;1;12;0.0833;0.0833
6a963bc7629039f77d8a717f;2026-09-07;slowking-scr;trainer;TWM;163;Secret Box;7;7;12;0.5833;0.5833
6a963bc7629039f77d8a717f;2026-09-07;slowking-scr;trainer;MEG;130;Switch;9;9;12;0.75;0.75
6a963bc7629039f77d8a717f;2026-09-07;slowking-scr;trainer;TWM;158;Lucky Helmet;8;7;12;0.6667;0.5833
6a963bc7629039f77d8a717f;2026-09-07;slowking-scr;trainer;SFA;54;Academy at Night;48;12;12;4.0;1.0
6a963bc7629039f77d8a717f;2026-09-07;slowking-scr;energy;MEE;5;Psychic Energy;42;12;12;3.5;1.0
6a963bc7629039f77d8a717f;2026-09-07;slowking-scr;energy;POR;88;Telepathic Psychic Energy;47;12;12;3.9167;1.0
6a963bc7629039f77d8a717f;2026-09-07;slowking-scr;energy;TWM;166;Boomerang Energy;22;12;12;1.8333;1.0
6a963bc7629039f77d8a717f;2026-09-07;festival-lead;pokemon;TWM;16;Rillaboom;1;1;6;0.1667;0.1667
6a963bc7629039f77d8a717f;2026-09-07;festival-lead;pokemon;SCR;12;Applin;4;2;6;0.6667;0.3333
6a963bc7629039f77d8a717f;2026-09-07;festival-lead;pokemon;DRI;24;Rellor;2;2;6;0.3333;0.3333
6a963bc7629039f77d8a717f;2026-09-07;festival-lead;trainer;DRI;168;Sacred Ash;2;2;6;0.3333;0.3333
6a963bc7629039f77d8a717f;2026-09-07;grimmsnarl-froslass;pokemon;DRI;134;Marnie's Impidimp;18;5;5;3.6;1.0
6a963bc7629039f77d8a717f;2026-09-07;grimmsnarl-froslass;pokemon;DRI;135;Marnie's Morgrem;11;5;5;2.2;1.0
6a963bc7629039f77d8a717f;2026-09-07;grimmsnarl-froslass;pokemon;DRI;136;Marnie's Grimmsnarl ex;13;5;5;2.6;1.0
6a963bc7629039f77d8a717f;2026-09-07;grimmsnarl-froslass;pokemon;TWM;95;Munkidori;19;5;5;3.8;1.0
6a963bc7629039f77d8a717f;2026-09-07;grimmsnarl-froslass;pokemon;ASC;46;Snorunt;14;5;5;2.8;1.0
6a963bc7629039f77d8a717f;2026-09-07;grimmsnarl-froslass;pokemon;TWM;53;Froslass;13;5;5;2.6;1.0
6a963bc7629039f77d8a717f;2026-09-07;grimmsnarl-froslass;pokemon;ASC;16;Budew;8;5;5;1.6;1.0
6a963bc7629039f77d8a717f;2026-09-07;grimmsnarl-froslass;pokemon;MEG;88;Yveltal;5;5;5;1.0;1.0
6a963bc7629039f77d8a717f;2026-09-07;grimmsnarl-froslass;pokemon;TWM;131;Tatsugiri;2;2;5;0.4;0.4
6a963bc7629039f77d8a717f;2026-09-07;grimmsnarl-froslass;trainer;MEG;119;Lillie's Determination;20;5;5;4.0;1.0
6a963bc7629039f77d8a717f;2026-09-07;grimmsnarl-froslass;trainer;MEG;114;Boss's Orders;15;5;5;3.0;1.0
6a963bc7629039f77d8a717f;2026-09-07;grimmsnarl-froslass;trainer;DRI;176;Team Rocket's Petrel;11;5;5;2.2;1.0
6a963bc7629039f77d8a717f;2026-09-07;grimmsnarl-froslass;trainer;PBL;78;Gwynn;8;4;5;1.6;0.8
6a963bc7629039f77d8a717f;2026-09-07;grimmsnarl-froslass;trainer;POR;81;Poké Pad;20;5;5;4.0;1.0
6a963bc7629039f77d8a717f;2026-09-07;grimmsnarl-froslass;trainer;ASC;196;Night Stretcher;12;5;5;2.4;1.0
6a963bc7629039f77d8a717f;2026-09-07;grimmsnarl-froslass;trainer;MEG;125;Rare Candy;10;5;5;2.0;1.0
6a963bc7629039f77d8a717f;2026-09-07;grimmsnarl-froslass;trainer;TEF;144;Buddy-Buddy Poffin;11;5;5;2.2;1.0
6a963bc7629039f77d8a717f;2026-09-07;grimmsnarl-froslass;trainer;TWM;163;Secret Box;3;3;5;0.6;0.6
6a963bc7629039f77d8a717f;2026-09-07;grimmsnarl-froslass;trainer;CRI;82;Special Red Card;5;5;5;1.0;1.0
6a963bc7629039f77d8a717f;2026-09-07;grimmsnarl-froslass;trainer;ASC;181;Air Balloon;6;5;5;1.2;1.0
6a963bc7629039f77d8a717f;2026-09-07;grimmsnarl-froslass;trainer;DRI;169;Spikemuth Gym;20;5;5;4.0;1.0
6a963bc7629039f77d8a717f;2026-09-07;grimmsnarl-froslass;energy;MEE;7;Darkness Energy;43;5;5;8.6;1.0
6a963bc7629039f77d8a717f;2026-09-07;crustle-dri;trainer;CRI;80;Prism Tower;1;1;8;0.125;0.125
6a963bc7629039f77d8a717f;2026-09-07;rockets-honchkrow;pokemon;DRI;127;Team Rocket's Murkrow;20;5;5;4.0;1.0
6a963bc7629039f77d8a717f;2026-09-07;rockets-honchkrow;pokemon;ASC;127;Team Rocket's Honchkrow;15;5;5;3.0;1.0
6a963bc7629039f77d8a717f;2026-09-07;rockets-honchkrow;pokemon;DRI;153;Team Rocket's Porygon;10;5;5;2.0;1.0
6a963bc7629039f77d8a717f;2026-09-07;rockets-honchkrow;pokemon;DRI;154;Team Rocket's Porygon2;5;5;5;1.0;1.0
6a963bc7629039f77d8a717f;2026-09-07;rockets-honchkrow;pokemon;DRI;51;Team Rocket's Articuno;10;5;5;2.0;1.0
6a963bc7629039f77d8a717f;2026-09-07;rockets-honchkrow;trainer;DRI;174;Team Rocket's Giovanni;20;5;5;4.0;1.0
6a963bc7629039f77d8a717f;2026-09-07;rockets-honchkrow;trainer;DRI;170;Team Rocket's Archer;20;5;5;4.0;1.0
6a963bc7629039f77d8a717f;2026-09-07;rockets-honchkrow;trainer;DRI;176;Team Rocket's Petrel;18;5;5;3.6;1.0
6a963bc7629039f77d8a717f;2026-09-07;rockets-honchkrow;trainer;DRI;177;Team Rocket's Proton;20;5;5;4.0;1.0
6a963bc7629039f77d8a717f;2026-09-07;rockets-honchkrow;trainer;DRI;171;Team Rocket's Ariana;20;5;5;4.0;1.0
6a963bc7629039f77d8a717f;2026-09-07;rockets-honchkrow;trainer;PRE;127;Roto-Stick;18;5;5;3.6;1.0
6a963bc7629039f77d8a717f;2026-09-07;rockets-honchkrow;trainer;DRI;178;Team Rocket's Transceiver;20;5;5;4.0;1.0
6a963bc7629039f77d8a717f;2026-09-07;rockets-honchkrow;trainer;POR;81;Poké Pad;19;5;5;3.8;1.0
6a963bc7629039f77d8a717f;2026-09-07;rockets-honchkrow;trainer;ASC;196;Night Stretcher;14;5;5;2.8;1.0
6a963bc7629039f77d8a717f;2026-09-07;rockets-honchkrow;trainer;SSP;183;Miracle Headset;5;5;5;1.0;1.0
6a963bc7629039f77d8a717f;2026-09-07;rockets-honchkrow;trainer;SVI;186;Pokégear 3.0;3;3;5;0.6;0.6
6a963bc7629039f77d8a717f;2026-09-07;rockets-honchkrow;trainer;MEG;131;Ultra Ball;3;3;5;0.6;0.6
6a963bc7629039f77d8a717f;2026-09-07;rockets-honchkrow;trainer;ASC;212;Tool Scrapper;1;1;5;0.2;0.2
6a963bc7629039f77d8a717f;2026-09-07;rockets-honchkrow;trainer;DRI;173;Team Rocket's Factory;15;5;5;3.0;1.0
6a963bc7629039f77d8a717f;2026-09-07;rockets-honchkrow;energy;DRI;182;Team Rocket's Energy;20;5;5;4.0;1.0
6a963bc7629039f77d8a717f;2026-09-07;rockets-honchkrow;energy;WHT;86;Ignition Energy;20;5;5;4.0;1.0
6a963bc7629039f77d8a717f;2026-09-07;mega-chandelure-ex;pokemon;PBL;36;Litwick;8;2;2;4.0;1.0
6a963bc7629039f77d8a717f;2026-09-07;mega-chandelure-ex;pokemon;PBL;37;Lampent;8;2;2;4.0;1.0
6a963bc7629039f77d8a717f;2026-09-07;mega-chandelure-ex;pokemon;PBL;38;Mega Chandelure ex;6;2;2;3.0;1.0
6a963bc7629039f77d8a717f;2026-09-07;mega-chandelure-ex;pokemon;TWM;38;Chandelure;7;2;2;3.5;1.0
6a963bc7629039f77d8a717f;2026-09-07;mega-chandelure-ex;pokemon;SCR;63;Comfey;3;2;2;1.5;1.0
6a963bc7629039f77d8a717f;2026-09-07;mega-chandelure-ex;pokemon;BLK;40;Elgyem;2;2;2;1.0;1.0
6a963bc7629039f77d8a717f;2026-09-07;mega-chandelure-ex;pokemon;JTG;8;Maractus;2;2;2;1.0;1.0
6a963bc7629039f77d8a717f;2026-09-07;mega-chandelure-ex;pokemon;DRI;10;Shaymin;2;2;2;1.0;1.0
6a963bc7629039f77d8a717f;2026-09-07;mega-chandelure-ex;pokemon;ASC;16;Budew;1;1;2;0.5;0.5
6a963bc7629039f77d8a717f;2026-09-07;mega-chandelure-ex;pokemon;SSP;96;Flutter Mane;1;1;2;0.5;0.5
6a963bc7629039f77d8a717f;2026-09-07;mega-chandelure-ex;pokemon;BLK;25;Cubchoo;1;1;2;0.5;0.5
6a963bc7629039f77d8a717f;2026-09-07;mega-chandelure-ex;trainer;MEG;119;Lillie's Determination;6;2;2;3.0;1.0
6a963bc7629039f77d8a717f;2026-09-07;mega-chandelure-ex;trainer;SFA;64;Xerosic's Machinations;6;2;2;3.0;1.0
6a963bc7629039f77d8a717f;2026-09-07;mega-chandelure-ex;trainer;WHT;84;Hilda;6;2;2;3.0;1.0
6a963bc7629039f77d8a717f;2026-09-07;mega-chandelure-ex;trainer;MEG;114;Boss's Orders;6;2;2;3.0;1.0
6a963bc7629039f77d8a717f;2026-09-07;mega-chandelure-ex;trainer;TWM;155;Lana's Aid;2;2;2;1.0;1.0
6a963bc7629039f77d8a717f;2026-09-07;mega-chandelure-ex;trainer;POR;81;Poké Pad;8;2;2;4.0;1.0
6a963bc7629039f77d8a717f;2026-09-07;mega-chandelure-ex;trainer;TEF;144;Buddy-Buddy Poffin;4;2;2;2.0;1.0
6a963bc7629039f77d8a717f;2026-09-07;mega-chandelure-ex;trainer;ASC;196;Night Stretcher;4;2;2;2.0;1.0
6a963bc7629039f77d8a717f;2026-09-07;mega-chandelure-ex;trainer;MEG;125;Rare Candy;4;2;2;2.0;1.0
6a963bc7629039f77d8a717f;2026-09-07;mega-chandelure-ex;trainer;MEG;131;Ultra Ball;4;2;2;2.0;1.0
6a963bc7629039f77d8a717f;2026-09-07;mega-chandelure-ex;trainer;SSP;183;Miracle Headset;1;1;2;0.5;0.5
6a963bc7629039f77d8a717f;2026-09-07;mega-chandelure-ex;trainer;ASC;181;Air Balloon;4;2;2;2.0;1.0
6a963bc7629039f77d8a717f;2026-09-07;mega-chandelure-ex;trainer;TWM;150;Handheld Fan;1;1;2;0.5;0.5
6a963bc7629039f77d8a717f;2026-09-07;mega-chandelure-ex;energy;POR;88;Telepathic Psychic Energy;8;2;2;4.0;1.0
6a963bc7629039f77d8a717f;2026-09-07;mega-chandelure-ex;energy;MEE;2;Fire Energy;5;2;2;2.5;1.0
6a963bc7629039f77d8a717f;2026-09-07;mega-chandelure-ex;energy;MEE;5;Psychic Energy;4;2;2;2.0;1.0
6a963bc7629039f77d8a717f;2026-09-07;mega-chandelure-ex;energy;ASC;216;Prism Energy;2;1;2;1.0;0.5
6a963bc7629039f77d8a717f;2026-09-07;beedrill-ex-cri;pokemon;CRI;1;Weedle;12;3;3;4.0;1.0
6a963bc7629039f77d8a717f;2026-09-07;beedrill-ex-cri;pokemon;CRI;2;Kakuna;12;3;3;4.0;1.0
6a963bc7629039f77d8a717f;2026-09-07;beedrill-ex-cri;pokemon;CRI;3;Beedrill ex;12;3;3;4.0;1.0
6a963bc7629039f77d8a717f;2026-09-07;beedrill-ex-cri;pokemon;TEF;128;Dunsparce;10;3;3;3.3333;1.0
6a963bc7629039f77d8a717f;2026-09-07;beedrill-ex-cri;pokemon;JTG;120;Dunsparce;1;1;3;0.3333;0.3333
6a963bc7629039f77d8a717f;2026-09-07;beedrill-ex-cri;pokemon;TEF;129;Dudunsparce;9;3;3;3.0;1.0
6a963bc7629039f77d8a717f;2026-09-07;beedrill-ex-cri;pokemon;POR;62;Meowth ex;3;3;3;1.0;1.0
6a963bc7629039f77d8a717f;2026-09-07;beedrill-ex-cri;pokemon;ASC;142;Fezandipiti ex;3;3;3;1.0;1.0
6a963bc7629039f77d8a717f;2026-09-07;beedrill-ex-cri;pokemon;SCR;118;Fan Rotom;3;3;3;1.0;1.0
6a963bc7629039f77d8a717f;2026-09-07;beedrill-ex-cri;trainer;MEG;119;Lillie's Determination;12;3;3;4.0;1.0
6a963bc7629039f77d8a717f;2026-09-07;beedrill-ex-cri;trainer;TEF;145;Ciphermaniac's Codebreaking;2;1;3;0.6667;0.3333
6a963bc7629039f77d8a717f;2026-09-07;beedrill-ex-cri;trainer;MEG;114;Boss's Orders;6;3;3;2.0;1.0
6a963bc7629039f77d8a717f;2026-09-07;beedrill-ex-cri;trainer;POR;76;Judge;2;2;3;0.6667;0.6667
6a963bc7629039f77d8a717f;2026-09-07;beedrill-ex-cri;trainer;TEF;144;Buddy-Buddy Poffin;11;3;3;3.6667;1.0
6a963bc7629039f77d8a717f;2026-09-07;beedrill-ex-cri;trainer;POR;81;Poké Pad;12;3;3;4.0;1.0
6a963bc7629039f77d8a717f;2026-09-07;beedrill-ex-cri;trainer;TWM;143;Bug Catching Set;12;3;3;4.0;1.0
6a963bc7629039f77d8a717f;2026-09-07;beedrill-ex-cri;trainer;MEG;131;Ultra Ball;8;3;3;2.6667;1.0
6a963bc7629039f77d8a717f;2026-09-07;beedrill-ex-cri;trainer;CRI;82;Special Red Card;3;3;3;1.0;1.0
6a963bc7629039f77d8a717f;2026-09-07;beedrill-ex-cri;trainer;JTG;156;Redeemable Ticket;3;3;3;1.0;1.0
6a963bc7629039f77d8a717f;2026-09-07;beedrill-ex-cri;trainer;TWM;165;Unfair Stamp;1;1;3;0.3333;0.3333
6a963bc7629039f77d8a717f;2026-09-07;beedrill-ex-cri;trainer;DRI;168;Sacred Ash;1;1;3;0.3333;0.3333
6a963bc7629039f77d8a717f;2026-09-07;beedrill-ex-cri;trainer;MEG;117;Forest of Vitality;11;3;3;3.6667;1.0
6a963bc7629039f77d8a717f;2026-09-07;beedrill-ex-cri;energy;MEE;1;Grass Energy;12;3;3;4.0;1.0
6a963bc7629039f77d8a717f;2026-09-07;dragapult-ex;trainer;CRI;76;AZ's Tranquility;1;1;38;0.0263;0.0263
6a963bc7629039f77d8a717f;2026-09-07;dragapult-ex;pokemon;MEG;31;Chi-Yu;1;1;38;0.0263;0.0263
6a963bc7629039f77d8a717f;2026-09-07;dragapult-ex;trainer;TWM;148;Enhanced Hammer;1;1;38;0.0263;0.0263
6a963bc7629039f77d8a717f;2026-09-07;sharpedo-toxtricity;pokemon;PFL;67;Toxel;10;5;5;2.0;1.0
6a963bc7629039f77d8a717f;2026-09-07;sharpedo-toxtricity;pokemon;PFL;68;Toxtricity;10;5;5;2.0;1.0
6a963bc7629039f77d8a717f;2026-09-07;sharpedo-toxtricity;pokemon;TEF;68;Bronzor;2;1;5;0.4;0.2
6a963bc7629039f77d8a717f;2026-09-07;sharpedo-toxtricity;pokemon;TEF;69;Bronzong;2;1;5;0.4;0.2
6a963bc7629039f77d8a717f;2026-09-07;sharpedo-toxtricity;pokemon;PFL;60;Carvanha;18;5;5;3.6;1.0
6a963bc7629039f77d8a717f;2026-09-07;sharpedo-toxtricity;pokemon;PFL;61;Mega Sharpedo ex;15;5;5;3.0;1.0
6a963bc7629039f77d8a717f;2026-09-07;sharpedo-toxtricity;pokemon;TWM;95;Munkidori;8;4;5;1.6;0.8
6a963bc7629039f77d8a717f;2026-09-07;sharpedo-toxtricity;pokemon;MEG;88;Yveltal;2;1;5;0.4;0.2
6a963bc7629039f77d8a717f;2026-09-07;sharpedo-toxtricity;pokemon;SFA;39;Pecharunt ex;10;4;5;2.0;0.8
6a963bc7629039f77d8a717f;2026-09-07;sharpedo-toxtricity;pokemon;JTG;56;Lillie's Clefairy ex;1;1;5;0.2;0.2
6a963bc7629039f77d8a717f;2026-09-07;sharpedo-toxtricity;pokemon;ASC;142;Fezandipiti ex;4;4;5;0.8;0.8
6a963bc7629039f77d8a717f;2026-09-07;sharpedo-toxtricity;trainer;PBL;78;Gwynn;4;1;5;0.8;0.2
6a963bc7629039f77d8a717f;2026-09-07;sharpedo-toxtricity;trainer;MEG;119;Lillie's Determination;16;4;5;3.2;0.8
6a963bc7629039f77d8a717f;2026-09-07;sharpedo-toxtricity;trainer;MEG;114;Boss's Orders;18;5;5;3.6;1.0
6a963bc7629039f77d8a717f;2026-09-07;sharpedo-toxtricity;trainer;SCR;133;Crispin;3;1;5;0.6;0.2
6a963bc7629039f77d8a717f;2026-09-07;sharpedo-toxtricity;trainer;MEG;131;Ultra Ball;16;4;5;3.2;0.8
6a963bc7629039f77d8a717f;2026-09-07;sharpedo-toxtricity;trainer;POR;81;Poké Pad;16;4;5;3.2;0.8
6a963bc7629039f77d8a717f;2026-09-07;sharpedo-toxtricity;trainer;TEF;144;Buddy-Buddy Poffin;18;5;5;3.6;1.0
6a963bc7629039f77d8a717f;2026-09-07;sharpedo-toxtricity;trainer;ASC;196;Night Stretcher;6;5;5;1.2;1.0
6a963bc7629039f77d8a717f;2026-09-07;sharpedo-toxtricity;trainer;CRI;82;Special Red Card;1;1;5;0.2;0.2
6a963bc7629039f77d8a717f;2026-09-07;sharpedo-toxtricity;trainer;TWM;165;Unfair Stamp;4;4;5;0.8;0.8
6a963bc7629039f77d8a717f;2026-09-07;sharpedo-toxtricity;trainer;PRE;95;Binding Mochi;11;4;5;2.2;0.8
6a963bc7629039f77d8a717f;2026-09-07;sharpedo-toxtricity;energy;MEE;7;Darkness Energy;40;5;5;8.0;1.0
6a963bc7629039f77d8a717f;2026-09-07;sharpedo-toxtricity;energy;MEE;5;Psychic Energy;3;1;5;0.6;0.2
6a963bc7629039f77d8a717f;2026-09-07;basic-box-m;pokemon;TEF;81;Iron Crown ex;4;4;8;0.5;0.5
6a963bc7629039f77d8a717f;2026-09-07;basic-box-m;trainer;TEF;157;Prime Catcher;3;3;8;0.375;0.375
6a963bc7629039f77d8a717f;2026-09-07;lucario-hariyama;pokemon;MEG;76;Riolu;15;5;5;3.0;1.0
6a963bc7629039f77d8a717f;2026-09-07;lucario-hariyama;pokemon;MEG;77;Mega Lucario ex;15;5;5;3.0;1.0
6a963bc7629039f77d8a717f;2026-09-07;lucario-hariyama;pokemon;MEG;75;Solrock;15;5;5;3.0;1.0
6a963bc7629039f77d8a717f;2026-09-07;lucario-hariyama;pokemon;MEG;72;Makuhita;10;5;5;2.0;1.0
6a963bc7629039f77d8a717f;2026-09-07;lucario-hariyama;pokemon;MEG;73;Hariyama;10;5;5;2.0;1.0
6a963bc7629039f77d8a717f;2026-09-07;lucario-hariyama;pokemon;MEG;74;Lunatone;10;5;5;2.0;1.0
6a963bc7629039f77d8a717f;2026-09-07;lucario-hariyama;pokemon;POR;62;Meowth ex;5;5;5;1.0;1.0
6a963bc7629039f77d8a717f;2026-09-07;lucario-hariyama;trainer;MEG;119;Lillie's Determination;20;5;5;4.0;1.0
6a963bc7629039f77d8a717f;2026-09-07;lucario-hariyama;trainer;POR;76;Judge;10;5;5;2.0;1.0
6a963bc7629039f77d8a717f;2026-09-07;lucario-hariyama;trainer;MEG;114;Boss's Orders;10;5;5;2.0;1.0
6a963bc7629039f77d8a717f;2026-09-07;lucario-hariyama;trainer;DRI;176;Team Rocket's Petrel;5;5;5;1.0;1.0
6a963bc7629039f77d8a717f;2026-09-07;lucario-hariyama;trainer;MEG;132;Wally's Compassion;4;4;5;0.8;0.8
6a963bc7629039f77d8a717f;2026-09-07;lucario-hariyama;trainer;MEG;116;Fighting Gong;20;5;5;4.0;1.0
6a963bc7629039f77d8a717f;2026-09-07;lucario-hariyama;trainer;POR;81;Poké Pad;19;5;5;3.8;1.0
6a963bc7629039f77d8a717f;2026-09-07;lucario-hariyama;trainer;MEG;124;Premium Power Pro;20;5;5;4.0;1.0
6a963bc7629039f77d8a717f;2026-09-07;lucario-hariyama;trainer;MEG;131;Ultra Ball;20;5;5;4.0;1.0
6a963bc7629039f77d8a717f;2026-09-07;lucario-hariyama;trainer;TWM;165;Unfair Stamp;5;5;5;1.0;1.0
6a963bc7629039f77d8a717f;2026-09-07;lucario-hariyama;trainer;MEG;130;Switch;5;5;5;1.0;1.0
6a963bc7629039f77d8a717f;2026-09-07;lucario-hariyama;trainer;ASC;181;Air Balloon;10;5;5;2.0;1.0
6a963bc7629039f77d8a717f;2026-09-07;lucario-hariyama;trainer;SSP;177;Gravity Mountain;13;5;5;2.6;1.0
6a963bc7629039f77d8a717f;2026-09-07;lucario-hariyama;energy;MEE;6;Fighting Energy;55;5;5;11.0;1.0
6a963bc7629039f77d8a717f;2026-09-07;ethan-typhlosion;pokemon;DRI;32;Ethan's Cyndaquil;4;1;1;4.0;1.0
6a963bc7629039f77d8a717f;2026-09-07;ethan-typhlosion;pokemon;DRI;33;Ethan's Quilava;4;1;1;4.0;1.0
6a963bc7629039f77d8a717f;2026-09-07;ethan-typhlosion;pokemon;DRI;34;Ethan's Typhlosion;3;1;1;3.0;1.0
6a963bc7629039f77d8a717f;2026-09-07;ethan-typhlosion;pokemon;PBL;66;Pikipek;2;1;1;2.0;1.0
6a963bc7629039f77d8a717f;2026-09-07;ethan-typhlosion;pokemon;PBL;67;Trumbeak;2;1;1;2.0;1.0
6a963bc7629039f77d8a717f;2026-09-07;ethan-typhlosion;pokemon;PBL;68;Toucannon;2;1;1;2.0;1.0
6a963bc7629039f77d8a717f;2026-09-07;ethan-typhlosion;pokemon;ASC;142;Fezandipiti ex;1;1;1;1.0;1.0
6a963bc7629039f77d8a717f;2026-09-07;ethan-typhlosion;pokemon;SSP;21;Victini;1;1;1;1.0;1.0
6a963bc7629039f77d8a717f;2026-09-07;ethan-typhlosion;pokemon;DRI;10;Shaymin;1;1;1;1.0;1.0
6a963bc7629039f77d8a717f;2026-09-07;ethan-typhlosion;pokemon;ASC;39;Psyduck;1;1;1;1.0;1.0
6a963bc7629039f77d8a717f;2026-09-07;ethan-typhlosion;trainer;DRI;165;Ethan's Adventure;4;1;1;4.0;1.0
6a963bc7629039f77d8a717f;2026-09-07;ethan-typhlosion;trainer;MEG;119;Lillie's Determination;3;1;1;3.0;1.0
6a963bc7629039f77d8a717f;2026-09-07;ethan-typhlosion;trainer;MEG;114;Boss's Orders;2;1;1;2.0;1.0
6a963bc7629039f77d8a717f;2026-09-07;ethan-typhlosion;trainer;TWM;155;Lana's Aid;1;1;1;1.0;1.0
6a963bc7629039f77d8a717f;2026-09-07;ethan-typhlosion;trainer;TWM;154;Kieran;1;1;1;1.0;1.0
6a963bc7629039f77d8a717f;2026-09-07;ethan-typhlosion;trainer;POR;81;Poké Pad;4;1;1;4.0;1.0
6a963bc7629039f77d8a717f;2026-09-07;ethan-typhlosion;trainer;MEG;131;Ultra Ball;4;1;1;4.0;1.0
6a963bc7629039f77d8a717f;2026-09-07;ethan-typhlosion;trainer;TEF;144;Buddy-Buddy Poffin;3;1;1;3.0;1.0
6a963bc7629039f77d8a717f;2026-09-07;ethan-typhlosion;trainer;MEG;125;Rare Candy;2;1;1;2.0;1.0
6a963bc7629039f77d8a717f;2026-09-07;ethan-typhlosion;trainer;ASC;196;Night Stretcher;2;1;1;2.0;1.0
6a963bc7629039f77d8a717f;2026-09-07;ethan-typhlosion;trainer;TWM;163;Secret Box;1;1;1;1.0;1.0
6a963bc7629039f77d8a717f;2026-09-07;ethan-typhlosion;trainer;CRI;82;Special Red Card;1;1;1;1.0;1.0
6a963bc7629039f77d8a717f;2026-09-07;ethan-typhlosion;trainer;DRI;168;Sacred Ash;1;1;1;1.0;1.0
6a963bc7629039f77d8a717f;2026-09-07;ethan-typhlosion;trainer;JTG;156;Redeemable Ticket;1;1;1;1.0;1.0
6a963bc7629039f77d8a717f;2026-09-07;ethan-typhlosion;trainer;WHT;80;Brave Bangle;2;1;1;2.0;1.0
6a963bc7629039f77d8a717f;2026-09-07;ethan-typhlosion;trainer;SSP;177;Gravity Mountain;2;1;1;2.0;1.0
6a963bc7629039f77d8a717f;2026-09-07;ethan-typhlosion;energy;MEE;2;Fire Energy;5;1;1;5.0;1.0
6a963bc7629039f77d8a717f;2026-09-07;rocket-mewtwo-ex;pokemon;DRI;19;Team Rocket's Tarountula;20;5;5;4.0;1.0
6a963bc7629039f77d8a717f;2026-09-07;rocket-mewtwo-ex;pokemon;DRI;20;Team Rocket's Spidops;19;5;5;3.8;1.0
6a963bc7629039f77d8a717f;2026-09-07;rocket-mewtwo-ex;pokemon;DRI;51;Team Rocket's Articuno;10;5;5;2.0;1.0
6a963bc7629039f77d8a717f;2026-09-07;rocket-mewtwo-ex;pokemon;DRI;81;Team Rocket's Mewtwo ex;10;5;5;2.0;1.0
6a963bc7629039f77d8a717f;2026-09-07;rocket-mewtwo-ex;pokemon;DRI;87;Team Rocket's Mimikyu;9;5;5;1.8;1.0
6a963bc7629039f77d8a717f;2026-09-07;rocket-mewtwo-ex;pokemon;JTG;56;Lillie's Clefairy ex;5;5;5;1.0;1.0
6a963bc7629039f77d8a717f;2026-09-07;rocket-mewtwo-ex;trainer;DRI;171;Team Rocket's Ariana;19;5;5;3.8;1.0
6a963bc7629039f77d8a717f;2026-09-07;rocket-mewtwo-ex;trainer;MEG;119;Lillie's Determination;13;4;5;2.6;0.8
6a963bc7629039f77d8a717f;2026-09-07;rocket-mewtwo-ex;trainer;DRI;174;Team Rocket's Giovanni;16;5;5;3.2;1.0
6a963bc7629039f77d8a717f;2026-09-07;rocket-mewtwo-ex;trainer;DRI;177;Team Rocket's Proton;13;5;5;2.6;1.0
6a963bc7629039f77d8a717f;2026-09-07;rocket-mewtwo-ex;trainer;DRI;176;Team Rocket's Petrel;3;3;5;0.6;0.6
6a963bc7629039f77d8a717f;2026-09-07;rocket-mewtwo-ex;trainer;DRI;178;Team Rocket's Transceiver;20;5;5;4.0;1.0
6a963bc7629039f77d8a717f;2026-09-07;rocket-mewtwo-ex;trainer;MEG;131;Ultra Ball;20;5;5;4.0;1.0
6a963bc7629039f77d8a717f;2026-09-07;rocket-mewtwo-ex;trainer;ASC;196;Night Stretcher;10;5;5;2.0;1.0
6a963bc7629039f77d8a717f;2026-09-07;rocket-mewtwo-ex;trainer;TWM;143;Bug Catching Set;9;4;5;1.8;0.8
6a963bc7629039f77d8a717f;2026-09-07;rocket-mewtwo-ex;trainer;MEG;115;Energy Switch;5;5;5;1.0;1.0
6a963bc7629039f77d8a717f;2026-09-07;rocket-mewtwo-ex;trainer;TWM;158;Lucky Helmet;3;2;5;0.6;0.4
6a963bc7629039f77d8a717f;2026-09-07;rocket-mewtwo-ex;trainer;TEF;154;Maximum Belt;2;2;5;0.4;0.4
6a963bc7629039f77d8a717f;2026-09-07;rocket-mewtwo-ex;trainer;CRI;80;Prism Tower;5;3;5;1.0;0.6
6a963bc7629039f77d8a717f;2026-09-07;rocket-mewtwo-ex;trainer;DRI;173;Team Rocket's Factory;8;4;5;1.6;0.8
6a963bc7629039f77d8a717f;2026-09-07;rocket-mewtwo-ex;energy;MEE;1;Grass Energy;33;5;5;6.6;1.0
6a963bc7629039f77d8a717f;2026-09-07;rocket-mewtwo-ex;energy;DRI;182;Team Rocket's Energy;20;5;5;4.0;1.0
6a963bc7629039f77d8a717f;2026-09-07;rocket-mewtwo-ex;energy;MEE;5;Psychic Energy;3;3;5;0.6;0.6
6a963bc7629039f77d8a717f;2026-09-07;dragapult-dusknoir;pokemon;TWM;95;Munkidori;8;8;13;0.6154;0.6154
6a963bc7629039f77d8a717f;2026-09-07;dragapult-dusknoir;trainer;POR;76;Judge;5;5;13;0.3846;0.3846
6a963bc7629039f77d8a717f;2026-09-07;dragapult-dusknoir;trainer;POR;84;Rosa's Encouragement;10;10;13;0.7692;0.7692
6a963bc7629039f77d8a717f;2026-09-07;dragapult-dusknoir;trainer;MEG;125;Rare Candy;15;6;13;1.1538;0.4615
6a963bc7629039f77d8a717f;2026-09-07;dragapult-dusknoir;trainer;DRI;180;Team Rocket's Watchtower;7;5;13;0.5385;0.3846
6a963bc7629039f77d8a717f;2026-09-07;dragapult-dusknoir;energy;MEE;7;Darkness Energy;15;8;13;1.1538;0.6154
6a963bc7629039f77d8a717f;2026-09-07;dragapult-blaziken;pokemon;TWM;128;Dreepy;28;7;7;4.0;1.0
6a963bc7629039f77d8a717f;2026-09-07;dragapult-blaziken;pokemon;TWM;129;Drakloak;28;7;7;4.0;1.0
6a963bc7629039f77d8a717f;2026-09-07;dragapult-blaziken;pokemon;TWM;130;Dragapult ex;14;7;7;2.0;1.0
6a963bc7629039f77d8a717f;2026-09-07;dragapult-blaziken;pokemon;DRI;40;Torchic;14;7;7;2.0;1.0
6a963bc7629039f77d8a717f;2026-09-07;dragapult-blaziken;pokemon;DRI;41;Combusken;7;7;7;1.0;1.0
6a963bc7629039f77d8a717f;2026-09-07;dragapult-blaziken;pokemon;JTG;24;Blaziken ex;14;7;7;2.0;1.0
6a963bc7629039f77d8a717f;2026-09-07;dragapult-blaziken;pokemon;TWM;95;Munkidori;14;7;7;2.0;1.0
6a963bc7629039f77d8a717f;2026-09-07;dragapult-blaziken;pokemon;ASC;142;Fezandipiti ex;7;7;7;1.0;1.0
6a963bc7629039f77d8a717f;2026-09-07;dragapult-blaziken;pokemon;POR;62;Meowth ex;7;7;7;1.0;1.0
6a963bc7629039f77d8a717f;2026-09-07;dragapult-blaziken;pokemon;ASC;16;Budew;8;7;7;1.1429;1.0
6a963bc7629039f77d8a717f;2026-09-07;dragapult-blaziken;trainer;MEG;119;Lillie's Determination;28;7;7;4.0;1.0
6a963bc7629039f77d8a717f;2026-09-07;dragapult-blaziken;trainer;SCR;133;Crispin;15;7;7;2.1429;1.0
6a963bc7629039f77d8a717f;2026-09-07;dragapult-blaziken;trainer;MEG;114;Boss's Orders;21;7;7;3.0;1.0
6a963bc7629039f77d8a717f;2026-09-07;dragapult-blaziken;trainer;PFL;87;Dawn;5;5;7;0.7143;0.7143
6a963bc7629039f77d8a717f;2026-09-07;dragapult-blaziken;trainer;POR;81;Poké Pad;24;7;7;3.4286;1.0
6a963bc7629039f77d8a717f;2026-09-07;dragapult-blaziken;trainer;TEF;144;Buddy-Buddy Poffin;28;7;7;4.0;1.0
6a963bc7629039f77d8a717f;2026-09-07;dragapult-blaziken;trainer;MEG;131;Ultra Ball;28;7;7;4.0;1.0
6a963bc7629039f77d8a717f;2026-09-07;dragapult-blaziken;trainer;ASC;196;Night Stretcher;14;7;7;2.0;1.0
6a963bc7629039f77d8a717f;2026-09-07;dragapult-blaziken;trainer;MEG;125;Rare Candy;15;7;7;2.1429;1.0
6a963bc7629039f77d8a717f;2026-09-07;dragapult-blaziken;trainer;TWM;165;Unfair Stamp;7;7;7;1.0;1.0
6a963bc7629039f77d8a717f;2026-09-07;dragapult-blaziken;trainer;ASC;212;Tool Scrapper;1;1;7;0.1429;0.1429
6a963bc7629039f77d8a717f;2026-09-07;dragapult-blaziken;trainer;CRI;82;Special Red Card;7;7;7;1.0;1.0
6a963bc7629039f77d8a717f;2026-09-07;dragapult-blaziken;trainer;MEG;127;Risky Ruins;5;5;7;0.7143;0.7143
6a963bc7629039f77d8a717f;2026-09-07;dragapult-blaziken;trainer;DRI;180;Team Rocket's Watchtower;4;4;7;0.5714;0.5714
6a963bc7629039f77d8a717f;2026-09-07;dragapult-blaziken;energy;MEE;5;Psychic Energy;21;7;7;3.0;1.0
6a963bc7629039f77d8a717f;2026-09-07;dragapult-blaziken;energy;MEE;2;Fire Energy;21;7;7;3.0;1.0
6a963bc7629039f77d8a717f;2026-09-07;dragapult-blaziken;energy;MEE;7;Darkness Energy;14;7;7;2.0;1.0
6a963bc7629039f77d8a717f;2026-09-07;mega-absol-box;pokemon;MEG;88;Yveltal;4;1;1;4.0;1.0
6a963bc7629039f77d8a717f;2026-09-07;mega-absol-box;pokemon;TWM;95;Munkidori;3;1;1;3.0;1.0
6a963bc7629039f77d8a717f;2026-09-07;mega-absol-box;pokemon;MEG;86;Mega Absol ex;2;1;1;2.0;1.0
6a963bc7629039f77d8a717f;2026-09-07;mega-absol-box;pokemon;MEG;104;Mega Kangaskhan ex;2;1;1;2.0;1.0
6a963bc7629039f77d8a717f;2026-09-07;mega-absol-box;pokemon;POR;62;Meowth ex;1;1;1;1.0;1.0
6a963bc7629039f77d8a717f;2026-09-07;mega-absol-box;pokemon;SSP;76;Latias ex;1;1;1;1.0;1.0
6a963bc7629039f77d8a717f;2026-09-07;mega-absol-box;pokemon;SFA;39;Pecharunt ex;1;1;1;1.0;1.0
6a963bc7629039f77d8a717f;2026-09-07;mega-absol-box;pokemon;ASC;142;Fezandipiti ex;1;1;1;1.0;1.0
6a963bc7629039f77d8a717f;2026-09-07;mega-absol-box;trainer;MEG;119;Lillie's Determination;4;1;1;4.0;1.0
6a963bc7629039f77d8a717f;2026-09-07;mega-absol-box;trainer;PRE;112;Janine's Secret Art;4;1;1;4.0;1.0
6a963bc7629039f77d8a717f;2026-09-07;mega-absol-box;trainer;MEG;114;Boss's Orders;3;1;1;3.0;1.0
6a963bc7629039f77d8a717f;2026-09-07;mega-absol-box;trainer;SFA;64;Xerosic's Machinations;1;1;1;1.0;1.0
6a963bc7629039f77d8a717f;2026-09-07;mega-absol-box;trainer;DRI;176;Team Rocket's Petrel;1;1;1;1.0;1.0
6a963bc7629039f77d8a717f;2026-09-07;mega-absol-box;trainer;POR;71;Crushing Hammer;4;1;1;4.0;1.0
6a963bc7629039f77d8a717f;2026-09-07;mega-absol-box;trainer;POR;72;Energy Search;4;1;1;4.0;1.0
6a963bc7629039f77d8a717f;2026-09-07;mega-absol-box;trainer;MEG;115;Energy Switch;4;1;1;4.0;1.0
6a963bc7629039f77d8a717f;2026-09-07;mega-absol-box;trainer;MEG;131;Ultra Ball;4;1;1;4.0;1.0
6a963bc7629039f77d8a717f;2026-09-07;mega-absol-box;trainer;MEG;121;Mega Signal;3;1;1;3.0;1.0
6a963bc7629039f77d8a717f;2026-09-07;mega-absol-box;trainer;CRI;82;Special Red Card;2;1;1;2.0;1.0
6a963bc7629039f77d8a717f;2026-09-07;mega-absol-box;trainer;TEF;152;Hero's Cape;1;1;1;1.0;1.0
6a963bc7629039f77d8a717f;2026-09-07;mega-absol-box;energy;MEE;7;Darkness Energy;7;1;1;7.0;1.0
6a963bc7629039f77d8a717f;2026-09-07;mega-absol-box;energy;TEF;161;Mist Energy;3;1;1;3.0;1.0
6a963bc7629039f77d8a717f;2026-09-07;dhelmise-pbl;pokemon;JTG;120;Dunsparce;5;3;6;0.8333;0.5
6a963bc7629039f77d8a717f;2026-09-07;dhelmise-pbl;pokemon;DRI;10;Shaymin;3;3;6;0.5;0.5
6a963bc7629039f77d8a717f;2026-09-07;dhelmise-pbl;pokemon;CRI;70;Patrat;3;3;6;0.5;0.5
6a963bc7629039f77d8a717f;2026-09-07;dhelmise-pbl;trainer;DRI;176;Team Rocket's Petrel;5;2;6;0.8333;0.3333
6a963bc7629039f77d8a717f;2026-09-07;dhelmise-pbl;trainer;POR;81;Poké Pad;20;5;6;3.3333;0.8333
6a963bc7629039f77d8a717f;2026-09-07;dhelmise-pbl;trainer;DRI;178;Team Rocket's Transceiver;3;1;6;0.5;0.1667
6a963bc7629039f77d8a717f;2026-09-07;dhelmise-pbl;trainer;MEG;130;Switch;1;1;6;0.1667;0.1667
6a963bc7629039f77d8a717f;2026-09-07;dhelmise-pbl;trainer;CRI;82;Special Red Card;3;3;6;0.5;0.5
6a963bc7629039f77d8a717f;2026-09-07;slowking-scr;pokemon;SSP;100;Annihilape;7;7;12;0.5833;0.5833
6a963bc7629039f77d8a717f;2026-09-07;cynthia-garchomp-ex;pokemon;DRI;102;Cynthia's Gible;12;3;3;4.0;1.0
6a963bc7629039f77d8a717f;2026-09-07;cynthia-garchomp-ex;pokemon;DRI;103;Cynthia's Gabite;12;3;3;4.0;1.0
6a963bc7629039f77d8a717f;2026-09-07;cynthia-garchomp-ex;pokemon;DRI;104;Cynthia's Garchomp ex;9;3;3;3.0;1.0
6a963bc7629039f77d8a717f;2026-09-07;cynthia-garchomp-ex;pokemon;DRI;7;Cynthia's Roselia;11;3;3;3.6667;1.0
6a963bc7629039f77d8a717f;2026-09-07;cynthia-garchomp-ex;pokemon;DRI;8;Cynthia's Roserade;11;3;3;3.6667;1.0
6a963bc7629039f77d8a717f;2026-09-07;cynthia-garchomp-ex;pokemon;ASC;16;Budew;1;1;3;0.3333;0.3333
6a963bc7629039f77d8a717f;2026-09-07;cynthia-garchomp-ex;pokemon;DRI;129;Cynthia's Spiritomb;3;3;3;1.0;1.0
6a963bc7629039f77d8a717f;2026-09-07;cynthia-garchomp-ex;trainer;MEG;119;Lillie's Determination;10;3;3;3.3333;1.0
6a963bc7629039f77d8a717f;2026-09-07;cynthia-garchomp-ex;trainer;MEG;114;Boss's Orders;9;3;3;3.0;1.0
6a963bc7629039f77d8a717f;2026-09-07;cynthia-garchomp-ex;trainer;POR;84;Rosa's Encouragement;1;1;3;0.3333;0.3333
6a963bc7629039f77d8a717f;2026-09-07;cynthia-garchomp-ex;trainer;SSP;187;Surfer;2;2;3;0.6667;0.6667
6a963bc7629039f77d8a717f;2026-09-07;cynthia-garchomp-ex;trainer;MEG;116;Fighting Gong;8;3;3;2.6667;1.0
6a963bc7629039f77d8a717f;2026-09-07;cynthia-garchomp-ex;trainer;POR;81;Poké Pad;11;3;3;3.6667;1.0
6a963bc7629039f77d8a717f;2026-09-07;cynthia-garchomp-ex;trainer;TEF;144;Buddy-Buddy Poffin;11;3;3;3.6667;1.0
6a963bc7629039f77d8a717f;2026-09-07;cynthia-garchomp-ex;trainer;SVI;186;Pokégear 3.0;4;1;3;1.3333;0.3333
6a963bc7629039f77d8a717f;2026-09-07;cynthia-garchomp-ex;trainer;MEG;125;Rare Candy;5;3;3;1.6667;1.0
6a963bc7629039f77d8a717f;2026-09-07;cynthia-garchomp-ex;trainer;MEG;124;Premium Power Pro;5;2;3;1.6667;0.6667
6a963bc7629039f77d8a717f;2026-09-07;cynthia-garchomp-ex;trainer;CRI;82;Special Red Card;2;2;3;0.6667;0.6667
6a963bc7629039f77d8a717f;2026-09-07;cynthia-garchomp-ex;trainer;DRI;162;Cynthia's Power Weight;9;3;3;3.0;1.0
6a963bc7629039f77d8a717f;2026-09-07;cynthia-garchomp-ex;energy;POR;87;Rocky Fighting Energy;11;3;3;3.6667;1.0
6a963bc7629039f77d8a717f;2026-09-07;cynthia-garchomp-ex;energy;MEE;6;Fighting Energy;10;3;3;3.3333;1.0
6a963bc7629039f77d8a717f;2026-09-07;cynthia-garchomp-ex;energy;TEF;162;Neo Upper Energy;2;2;3;0.6667;0.6667
6a963bc7629039f77d8a717f;2026-09-07;dragapult-ex;trainer;TWM;153;Jamming Tower;6;5;38;0.1579;0.1316
6a963bc7629039f77d8a717f;2026-09-07;slowking-scr;pokemon;TWM;95;Munkidori;5;5;12;0.4167;0.4167
6a963bc7629039f77d8a717f;2026-09-07;slowking-scr;pokemon;POR;52;Drapion;1;1;12;0.0833;0.0833
6a963bc7629039f77d8a717f;2026-09-07;slowking-scr;trainer;SCR;133;Crispin;4;4;12;0.3333;0.3333
6a963bc7629039f77d8a717f;2026-09-07;slowking-scr;trainer;TEF;157;Prime Catcher;5;5;12;0.4167;0.4167
6a963bc7629039f77d8a717f;2026-09-07;slowking-scr;energy;MEE;7;Darkness Energy;10;5;12;0.8333;0.4167
6a963bc7629039f77d8a717f;2026-09-07;toxtricity-box;pokemon;PFL;67;Toxel;8;2;2;4.0;1.0
6a963bc7629039f77d8a717f;2026-09-07;toxtricity-box;pokemon;PFL;68;Toxtricity;8;2;2;4.0;1.0
6a963bc7629039f77d8a717f;2026-09-07;toxtricity-box;pokemon;TWM;95;Munkidori;6;2;2;3.0;1.0
6a963bc7629039f77d8a717f;2026-09-07;toxtricity-box;pokemon;DRI;10;Shaymin;1;1;2;0.5;0.5
6a963bc7629039f77d8a717f;2026-09-07;toxtricity-box;pokemon;PBL;59;Chi-Yu;2;2;2;1.0;1.0
6a963bc7629039f77d8a717f;2026-09-07;toxtricity-box;pokemon;MEG;86;Mega Absol ex;2;2;2;1.0;1.0
6a963bc7629039f77d8a717f;2026-09-07;toxtricity-box;pokemon;SFA;39;Pecharunt ex;2;2;2;1.0;1.0
6a963bc7629039f77d8a717f;2026-09-07;toxtricity-box;pokemon;ASC;142;Fezandipiti ex;2;2;2;1.0;1.0
6a963bc7629039f77d8a717f;2026-09-07;toxtricity-box;pokemon;TWM;118;Brute Bonnet;2;2;2;1.0;1.0
6a963bc7629039f77d8a717f;2026-09-07;toxtricity-box;pokemon;SVP;149;Pecharunt;2;2;2;1.0;1.0
6a963bc7629039f77d8a717f;2026-09-07;toxtricity-box;trainer;MEG;119;Lillie's Determination;8;2;2;4.0;1.0
6a963bc7629039f77d8a717f;2026-09-07;toxtricity-box;trainer;MEG;114;Boss's Orders;6;2;2;3.0;1.0
6a963bc7629039f77d8a717f;2026-09-07;toxtricity-box;trainer;DRI;176;Team Rocket's Petrel;4;2;2;2.0;1.0
6a963bc7629039f77d8a717f;2026-09-07;toxtricity-box;trainer;POR;76;Judge;2;2;2;1.0;1.0
6a963bc7629039f77d8a717f;2026-09-07;toxtricity-box;trainer;TEF;155;Morty's Conviction;2;2;2;1.0;1.0
6a963bc7629039f77d8a717f;2026-09-07;toxtricity-box;trainer;POR;81;Poké Pad;8;2;2;4.0;1.0
6a963bc7629039f77d8a717f;2026-09-07;toxtricity-box;trainer;ASC;196;Night Stretcher;4;2;2;2.0;1.0
6a963bc7629039f77d8a717f;2026-09-07;toxtricity-box;trainer;DRI;164;Energy Recycler;4;2;2;2.0;1.0
6a963bc7629039f77d8a717f;2026-09-07;toxtricity-box;trainer;MEG;115;Energy Switch;4;2;2;2.0;1.0
6a963bc7629039f77d8a717f;2026-09-07;toxtricity-box;trainer;SVI;186;Pokégear 3.0;4;2;2;2.0;1.0
6a963bc7629039f77d8a717f;2026-09-07;toxtricity-box;trainer;TEF;144;Buddy-Buddy Poffin;2;2;2;1.0;1.0
6a963bc7629039f77d8a717f;2026-09-07;toxtricity-box;trainer;CRI;82;Special Red Card;2;2;2;1.0;1.0
6a963bc7629039f77d8a717f;2026-09-07;toxtricity-box;trainer;MEG;131;Ultra Ball;2;2;2;1.0;1.0
6a963bc7629039f77d8a717f;2026-09-07;toxtricity-box;trainer;TWM;163;Secret Box;2;2;2;1.0;1.0
6a963bc7629039f77d8a717f;2026-09-07;toxtricity-box;trainer;ASC;181;Air Balloon;4;2;2;2.0;1.0
6a963bc7629039f77d8a717f;2026-09-07;toxtricity-box;trainer;DRI;180;Team Rocket's Watchtower;4;2;2;2.0;1.0
6a963bc7629039f77d8a717f;2026-09-07;toxtricity-box;trainer;POR;77;Lumiose City;2;2;2;1.0;1.0
6a963bc7629039f77d8a717f;2026-09-07;toxtricity-box;energy;MEE;7;Darkness Energy;20;2;2;10.0;1.0
6a963bc7629039f77d8a717f;2026-09-07;beedrill-ex-cri;pokemon;JTG;121;Dudunsparce ex;1;1;3;0.3333;0.3333
6a963bc7629039f77d8a717f;2026-09-07;beedrill-ex-cri;trainer;PFL;87;Dawn;4;2;3;1.3333;0.6667
6a963bc7629039f77d8a717f;2026-09-07;beedrill-ex-cri;trainer;TWM;155;Lana's Aid;1;1;3;0.3333;0.3333
6a963bc7629039f77d8a717f;2026-09-07;beedrill-ex-cri;trainer;ASC;196;Night Stretcher;4;2;3;1.3333;0.6667
6a963bc7629039f77d8a717f;2026-09-07;beedrill-ex-cri;trainer;PRE;116;Max Rod;2;2;3;0.6667;0.6667
6a963bc7629039f77d8a717f;2026-09-07;beedrill-ex-cri;energy;POR;86;Growing Grass Energy;4;2;3;1.3333;0.6667
6a963bc7629039f77d8a717f;2026-09-07;lucario-hariyama;pokemon;DRI;10;Shaymin;1;1;5;0.2;0.2
6a963bc7629039f77d8a717f;2026-09-07;slowking-scr;pokemon;WHT;62;Zoroark;1;1;12;0.0833;0.0833
6a963bc7629039f77d8a717f;2026-09-07;slowking-scr;pokemon;PFL;34;Pawmot;2;2;12;0.1667;0.1667
6a963bc7629039f77d8a717f;2026-09-07;slowking-scr;pokemon;ASC;16;Budew;1;1;12;0.0833;0.0833
6a963bc7629039f77d8a717f;2026-09-07;slowking-scr;pokemon;SSP;83;Cofagrigus;3;3;12;0.25;0.25
6a963bc7629039f77d8a717f;2026-09-07;slowking-scr;trainer;SSP;187;Surfer;4;4;12;0.3333;0.3333
6a963bc7629039f77d8a717f;2026-09-07;basic-box-m;pokemon;SSP;111;Passimian;2;2;8;0.25;0.25
6a963bc7629039f77d8a717f;2026-09-07;basic-box-m;pokemon;SSP;18;Paldean Tauros;2;2;8;0.25;0.25
6a963bc7629039f77d8a717f;2026-09-07;basic-box-m;trainer;MEG;119;Lillie's Determination;10;3;8;1.25;0.375
6a963bc7629039f77d8a717f;2026-09-07;basic-box-m;trainer;BLK;83;N's Plan;3;2;8;0.375;0.25
6a963bc7629039f77d8a717f;2026-09-07;basic-box-m;trainer;SCR;132;Briar;1;1;8;0.125;0.125
6a963bc7629039f77d8a717f;2026-09-07;basic-box-m;trainer;SSP;189;Tera Orb;5;2;8;0.625;0.25
6a963bc7629039f77d8a717f;2026-09-07;basic-box-m;trainer;TWM;143;Bug Catching Set;6;2;8;0.75;0.25
6a963bc7629039f77d8a717f;2026-09-07;basic-box-m;trainer;DRI;164;Energy Recycler;1;1;8;0.125;0.125
6a963bc7629039f77d8a717f;2026-09-07;basic-box-m;energy;ASC;216;Prism Energy;8;2;8;1.0;0.25
6a963bc7629039f77d8a717f;2026-09-07;seaking-pre;pokemon;TWM;14;Grookey;4;1;1;4.0;1.0
6a963bc7629039f77d8a717f;2026-09-07;seaking-pre;pokemon;TWM;15;Thwackey;3;1;1;3.0;1.0
6a963bc7629039f77d8a717f;2026-09-07;seaking-pre;pokemon;TWM;44;Goldeen;3;1;1;3.0;1.0
6a963bc7629039f77d8a717f;2026-09-07;seaking-pre;pokemon;PBL;13;Goldeen;1;1;1;1.0;1.0
6a963bc7629039f77d8a717f;2026-09-07;seaking-pre;pokemon;PRE;21;Seaking;3;1;1;3.0;1.0
6a963bc7629039f77d8a717f;2026-09-07;seaking-pre;pokemon;TEF;23;Rellor;1;1;1;1.0;1.0
6a963bc7629039f77d8a717f;2026-09-07;seaking-pre;pokemon;TEF;24;Rabsca;1;1;1;1.0;1.0
6a963bc7629039f77d8a717f;2026-09-07;seaking-pre;pokemon;POR;62;Meowth ex;1;1;1;1.0;1.0
6a963bc7629039f77d8a717f;2026-09-07;seaking-pre;pokemon;DRI;10;Shaymin;1;1;1;1.0;1.0
6a963bc7629039f77d8a717f;2026-09-07;seaking-pre;pokemon;PFL;14;Moltres;1;1;1;1.0;1.0
6a963bc7629039f77d8a717f;2026-09-07;seaking-pre;trainer;MEG;119;Lillie's Determination;4;1;1;4.0;1.0
6a963bc7629039f77d8a717f;2026-09-07;seaking-pre;trainer;PBL;77;Gladion's Final Battle;3;1;1;3.0;1.0
6a963bc7629039f77d8a717f;2026-09-07;seaking-pre;trainer;MEG;114;Boss's Orders;2;1;1;2.0;1.0
6a963bc7629039f77d8a717f;2026-09-07;seaking-pre;trainer;PFL;87;Dawn;1;1;1;1.0;1.0
6a963bc7629039f77d8a717f;2026-09-07;seaking-pre;trainer;POR;81;Poké Pad;4;1;1;4.0;1.0
6a963bc7629039f77d8a717f;2026-09-07;seaking-pre;trainer;TEF;144;Buddy-Buddy Poffin;4;1;1;4.0;1.0
6a963bc7629039f77d8a717f;2026-09-07;seaking-pre;trainer;MEG;131;Ultra Ball;4;1;1;4.0;1.0
6a963bc7629039f77d8a717f;2026-09-07;seaking-pre;trainer;TWM;163;Secret Box;1;1;1;1.0;1.0
6a963bc7629039f77d8a717f;2026-09-07;seaking-pre;trainer;TEF;150;Hand Trimmer;1;1;1;1.0;1.0
6a963bc7629039f77d8a717f;2026-09-07;seaking-pre;trainer;ASC;196;Night Stretcher;1;1;1;1.0;1.0
6a963bc7629039f77d8a717f;2026-09-07;seaking-pre;trainer;DRI;168;Sacred Ash;1;1;1;1.0;1.0
6a963bc7629039f77d8a717f;2026-09-07;seaking-pre;trainer;ASC;181;Air Balloon;3;1;1;3.0;1.0
6a963bc7629039f77d8a717f;2026-09-07;seaking-pre;trainer;WHT;80;Brave Bangle;2;1;1;2.0;1.0
6a963bc7629039f77d8a717f;2026-09-07;seaking-pre;trainer;TWM;149;Festival Grounds;4;1;1;4.0;1.0
6a963bc7629039f77d8a717f;2026-09-07;seaking-pre;energy;TEF;161;Mist Energy;4;1;1;4.0;1.0
6a963bc7629039f77d8a717f;2026-09-07;seaking-pre;energy;MEE;2;Fire Energy;2;1;1;2.0;1.0
6a963bc7629039f77d8a717f;2026-09-07;n-zoroark;pokemon;JTG;116;N's Reshiram;16;16;20;0.8;0.8
6a963bc7629039f77d8a717f;2026-09-07;n-zoroark;trainer;ASC;181;Air Balloon;10;10;20;0.5;0.5
6a963bc7629039f77d8a717f;2026-09-07;n-zoroark;trainer;DRI;180;Team Rocket's Watchtower;32;12;20;1.6;0.6
6a963bc7629039f77d8a717f;2026-09-07;hops-trevenant;pokemon;TEF;78;Flutter Mane;1;1;4;0.25;0.25
6a963bc7629039f77d8a717f;2026-09-07;hops-trevenant;trainer;TEF;146;Eri;1;1;4;0.25;0.25
6a963bc7629039f77d8a717f;2026-09-07;hops-trevenant;trainer;CRI;82;Special Red Card;2;2;4;0.5;0.5
6a963bc7629039f77d8a717f;2026-09-07;hops-trevenant;trainer;MEG;131;Ultra Ball;2;2;4;0.5;0.5
6a963bc7629039f77d8a717f;2026-09-07;slowking-scr;pokemon;DRI;128;Team Rocket's Sneasel;1;1;12;0.0833;0.0833
6a963bc7629039f77d8a717f;2026-09-07;slowking-scr;trainer;WHT;80;Brave Bangle;2;2;12;0.1667;0.1667
6a963bc7629039f77d8a717f;2026-09-07;alakazam-dusknoir;pokemon;TWM;80;Abra;6;3;5;1.2;0.6
6a963bc7629039f77d8a717f;2026-09-07;mega-manectric-ex-meg;pokemon;MEG;104;Mega Kangaskhan ex;4;1;1;4.0;1.0
6a963bc7629039f77d8a717f;2026-09-07;mega-manectric-ex-meg;pokemon;PBL;23;Electrike;2;1;1;2.0;1.0
6a963bc7629039f77d8a717f;2026-09-07;mega-manectric-ex-meg;pokemon;MEG;50;Mega Manectric ex;2;1;1;2.0;1.0
6a963bc7629039f77d8a717f;2026-09-07;mega-manectric-ex-meg;pokemon;PBL;24;Manectric;1;1;1;1.0;1.0
6a963bc7629039f77d8a717f;2026-09-07;mega-manectric-ex-meg;pokemon;DRI;11;Dwebble;2;1;1;2.0;1.0
6a963bc7629039f77d8a717f;2026-09-07;mega-manectric-ex-meg;pokemon;DRI;12;Crustle;2;1;1;2.0;1.0
6a963bc7629039f77d8a717f;2026-09-07;mega-manectric-ex-meg;trainer;MEG;119;Lillie's Determination;4;1;1;4.0;1.0
6a963bc7629039f77d8a717f;2026-09-07;mega-manectric-ex-meg;trainer;MEG;114;Boss's Orders;4;1;1;4.0;1.0
6a963bc7629039f77d8a717f;2026-09-07;mega-manectric-ex-meg;trainer;DRI;176;Team Rocket's Petrel;4;1;1;4.0;1.0
6a963bc7629039f77d8a717f;2026-09-07;mega-manectric-ex-meg;trainer;WHT;84;Hilda;3;1;1;3.0;1.0
6a963bc7629039f77d8a717f;2026-09-07;mega-manectric-ex-meg;trainer;TEF;146;Eri;2;1;1;2.0;1.0
6a963bc7629039f77d8a717f;2026-09-07;mega-manectric-ex-meg;trainer;TWM;154;Kieran;1;1;1;1.0;1.0
6a963bc7629039f77d8a717f;2026-09-07;mega-manectric-ex-meg;trainer;SFA;64;Xerosic's Machinations;1;1;1;1.0;1.0
6a963bc7629039f77d8a717f;2026-09-07;mega-manectric-ex-meg;trainer;PFL;91;Jumbo Ice Cream;4;1;1;4.0;1.0
6a963bc7629039f77d8a717f;2026-09-07;mega-manectric-ex-meg;trainer;SVI;186;Pokégear 3.0;3;1;1;3.0;1.0
6a963bc7629039f77d8a717f;2026-09-07;mega-manectric-ex-meg;trainer;TEF;144;Buddy-Buddy Poffin;1;1;1;1.0;1.0
6a963bc7629039f77d8a717f;2026-09-07;mega-manectric-ex-meg;trainer;MEG;130;Switch;1;1;1;1.0;1.0
6a963bc7629039f77d8a717f;2026-09-07;mega-manectric-ex-meg;trainer;TEF;152;Hero's Cape;1;1;1;1.0;1.0
6a963bc7629039f77d8a717f;2026-09-07;mega-manectric-ex-meg;trainer;TWM;150;Handheld Fan;1;1;1;1.0;1.0
6a963bc7629039f77d8a717f;2026-09-07;mega-manectric-ex-meg;trainer;DRI;173;Team Rocket's Factory;2;1;1;2.0;1.0
6a963bc7629039f77d8a717f;2026-09-07;mega-manectric-ex-meg;trainer;POR;77;Lumiose City;2;1;1;2.0;1.0
6a963bc7629039f77d8a717f;2026-09-07;mega-manectric-ex-meg;energy;PBL;84;Voltaic Lightning Energy;4;1;1;4.0;1.0
6a963bc7629039f77d8a717f;2026-09-07;mega-manectric-ex-meg;energy;TEF;161;Mist Energy;4;1;1;4.0;1.0
6a963bc7629039f77d8a717f;2026-09-07;mega-manectric-ex-meg;energy;POR;86;Growing Grass Energy;4;1;1;4.0;1.0
6a963bc7629039f77d8a717f;2026-09-07;mega-manectric-ex-meg;energy;MEE;4;Lightning Energy;1;1;1;1.0;1.0
6a963bc7629039f77d8a717f;2026-09-07;rocket-mewtwo-ex;pokemon;DRI;128;Team Rocket's Sneasel;4;4;5;0.8;0.8
6a963bc7629039f77d8a717f;2026-09-07;rocket-mewtwo-ex;trainer;DRI;170;Team Rocket's Archer;5;3;5;1.0;0.6
6a963bc7629039f77d8a717f;2026-09-07;rocket-mewtwo-ex;trainer;TEF;144;Buddy-Buddy Poffin;2;1;5;0.4;0.2
6a963bc7629039f77d8a717f;2026-09-07;rocket-mewtwo-ex;trainer;PFL;94;Wondrous Patch;1;1;5;0.2;0.2
6a963bc7629039f77d8a717f;2026-09-07;rocket-mewtwo-ex;trainer;TEF;152;Hero's Cape;1;1;5;0.2;0.2
6a963bc7629039f77d8a717f;2026-09-07;n-zoroark;pokemon;SVP;149;Pecharunt;4;4;20;0.2;0.2
6a963bc7629039f77d8a717f;2026-09-07;n-zoroark;trainer;MEG;115;Energy Switch;7;4;20;0.35;0.2
6a963bc7629039f77d8a717f;2026-09-07;n-zoroark;trainer;TWM;165;Unfair Stamp;5;5;20;0.25;0.25
6a963bc7629039f77d8a717f;2026-09-07;n-zoroark;trainer;ASC;212;Tool Scrapper;3;3;20;0.15;0.15
6a963bc7629039f77d8a717f;2026-09-07;n-zoroark;trainer;PFL;92;Punk Helmet;8;4;20;0.4;0.2
6a963bc7629039f77d8a717f;2026-09-07;greninja-ex;pokemon;CRI;20;Froakie;6;2;3;2.0;0.6667
6a963bc7629039f77d8a717f;2026-09-07;greninja-ex;pokemon;TWM;57;Frogadier;2;1;3;0.6667;0.3333
6a963bc7629039f77d8a717f;2026-09-07;greninja-ex;pokemon;TWM;106;Greninja ex;6;3;3;2.0;1.0
6a963bc7629039f77d8a717f;2026-09-07;greninja-ex;pokemon;CRI;22;Mega Greninja ex;2;2;3;0.6667;0.6667
6a963bc7629039f77d8a717f;2026-09-07;greninja-ex;pokemon;ASC;46;Snorunt;3;2;3;1.0;0.6667
6a963bc7629039f77d8a717f;2026-09-07;greninja-ex;pokemon;ASC;47;Mega Froslass ex;2;2;3;0.6667;0.6667
6a963bc7629039f77d8a717f;2026-09-07;greninja-ex;pokemon;PRE;35;Duskull;6;3;3;2.0;1.0
6a963bc7629039f77d8a717f;2026-09-07;greninja-ex;pokemon;PRE;36;Dusclops;5;3;3;1.6667;1.0
6a963bc7629039f77d8a717f;2026-09-07;greninja-ex;pokemon;PRE;37;Dusknoir;6;3;3;2.0;1.0
6a963bc7629039f77d8a717f;2026-09-07;greninja-ex;pokemon;ASC;16;Budew;4;3;3;1.3333;1.0
6a963bc7629039f77d8a717f;2026-09-07;greninja-ex;pokemon;ASC;142;Fezandipiti ex;3;3;3;1.0;1.0
6a963bc7629039f77d8a717f;2026-09-07;greninja-ex;pokemon;POR;62;Meowth ex;4;3;3;1.3333;1.0
6a963bc7629039f77d8a717f;2026-09-07;greninja-ex;trainer;MEG;119;Lillie's Determination;11;3;3;3.6667;1.0
6a963bc7629039f77d8a717f;2026-09-07;greninja-ex;trainer;MEG;114;Boss's Orders;6;3;3;2.0;1.0
6a963bc7629039f77d8a717f;2026-09-07;greninja-ex;trainer;POR;76;Judge;1;1;3;0.3333;0.3333
6a963bc7629039f77d8a717f;2026-09-07;greninja-ex;trainer;SFA;57;Colress's Tenacity;5;3;3;1.6667;1.0
6a963bc7629039f77d8a717f;2026-09-07;greninja-ex;trainer;DRI;176;Team Rocket's Petrel;1;1;3;0.3333;0.3333
6a963bc7629039f77d8a717f;2026-09-07;greninja-ex;trainer;POR;81;Poké Pad;10;3;3;3.3333;1.0
6a963bc7629039f77d8a717f;2026-09-07;greninja-ex;trainer;TEF;144;Buddy-Buddy Poffin;12;3;3;4.0;1.0
6a963bc7629039f77d8a717f;2026-09-07;greninja-ex;trainer;MEG;131;Ultra Ball;10;3;3;3.3333;1.0
6a963bc7629039f77d8a717f;2026-09-07;greninja-ex;trainer;MEG;125;Rare Candy;9;3;3;3.0;1.0
6a963bc7629039f77d8a717f;2026-09-07;greninja-ex;trainer;ASC;196;Night Stretcher;4;2;3;1.3333;0.6667
6a963bc7629039f77d8a717f;2026-09-07;greninja-ex;trainer;CRI;82;Special Red Card;2;2;3;0.6667;0.6667
6a963bc7629039f77d8a717f;2026-09-07;greninja-ex;trainer;ASC;181;Air Balloon;3;2;3;1.0;0.6667
6a963bc7629039f77d8a717f;2026-09-07;greninja-ex;trainer;MEG;129;Surfing Beach;2;1;3;0.6667;0.3333
6a963bc7629039f77d8a717f;2026-09-07;greninja-ex;trainer;SCR;136;Grand Tree;3;3;3;1.0;1.0
6a963bc7629039f77d8a717f;2026-09-07;greninja-ex;energy;MEE;3;Water Energy;19;3;3;6.3333;1.0
6a963bc7629039f77d8a717f;2026-09-07;greninja-ex;energy;WHT;86;Ignition Energy;9;3;3;3.0;1.0
6a963bc7629039f77d8a717f;2026-09-07;toxtricity-box;trainer;SFA;64;Xerosic's Machinations;1;1;2;0.5;0.5
6a963bc7629039f77d8a717f;2026-09-07;crustle-dri;pokemon;TEF;25;Iron Leaves ex;1;1;8;0.125;0.125
6a963bc7629039f77d8a717f;2026-09-07;cynthia-garchomp-ex;trainer;WHT;84;Hilda;5;2;3;1.6667;0.6667
6a963bc7629039f77d8a717f;2026-09-07;cynthia-garchomp-ex;trainer;POR;76;Judge;2;1;3;0.6667;0.3333
6a963bc7629039f77d8a717f;2026-09-07;cynthia-garchomp-ex;trainer;MEG;131;Ultra Ball;4;1;3;1.3333;0.3333
6a963bc7629039f77d8a717f;2026-09-07;cynthia-garchomp-ex;trainer;ASC;196;Night Stretcher;4;2;3;1.3333;0.6667
6a963bc7629039f77d8a717f;2026-09-07;cynthia-garchomp-ex;trainer;TWM;165;Unfair Stamp;1;1;3;0.3333;0.3333
6a963bc7629039f77d8a717f;2026-09-07;cynthia-garchomp-ex;trainer;MEG;117;Forest of Vitality;2;1;3;0.6667;0.3333
6a963bc7629039f77d8a717f;2026-09-07;dragapult-dusknoir;trainer;PFL;87;Dawn;5;4;13;0.3846;0.3077
6a963bc7629039f77d8a717f;2026-09-07;dragapult-dusknoir;trainer;MEG;127;Risky Ruins;10;5;13;0.7692;0.3846
6a963bc7629039f77d8a717f;2026-09-07;lopunny-dudunsparce;pokemon;JTG;120;Dunsparce;9;4;5;1.8;0.8
6a963bc7629039f77d8a717f;2026-09-07;lopunny-dudunsparce;pokemon;JTG;121;Dudunsparce ex;3;3;5;0.6;0.6
6a963bc7629039f77d8a717f;2026-09-07;lopunny-dudunsparce;pokemon;ASC;62;Stunfisk;2;2;5;0.4;0.4
6a963bc7629039f77d8a717f;2026-09-07;lopunny-dudunsparce;pokemon;PFL;14;Moltres;3;2;5;0.6;0.4
6a963bc7629039f77d8a717f;2026-09-07;lopunny-dudunsparce;trainer;TWM;154;Kieran;2;2;5;0.4;0.4
6a963bc7629039f77d8a717f;2026-09-07;lopunny-dudunsparce;trainer;SVI;186;Pokégear 3.0;8;3;5;1.6;0.6
6a963bc7629039f77d8a717f;2026-09-07;lopunny-dudunsparce;energy;ASC;216;Prism Energy;3;1;5;0.6;0.2
6a963bc7629039f77d8a717f;2026-09-07;greninja-ex;pokemon;CRI;21;Frogadier;4;2;3;1.3333;0.6667
6a963bc7629039f77d8a717f;2026-09-07;greninja-ex;pokemon;POR;20;Staryu;1;1;3;0.3333;0.3333
6a963bc7629039f77d8a717f;2026-09-07;greninja-ex;pokemon;POR;21;Mega Starmie ex;1;1;3;0.3333;0.3333
6a963bc7629039f77d8a717f;2026-09-07;greninja-ex;pokemon;SSP;76;Latias ex;1;1;3;0.3333;0.3333
6a963bc7629039f77d8a717f;2026-09-07;greninja-ex;trainer;WHT;84;Hilda;5;2;3;1.6667;0.6667
6a963bc7629039f77d8a717f;2026-09-07;greninja-ex;trainer;TEF;160;Salvatore;1;1;3;0.3333;0.3333
6a963bc7629039f77d8a717f;2026-09-07;greninja-ex;trainer;MEG;130;Switch;2;2;3;0.6667;0.6667
6a963bc7629039f77d8a717f;2026-09-07;greninja-ex;trainer;SSP;177;Gravity Mountain;1;1;3;0.3333;0.3333
6a963bc7629039f77d8a717f;2026-09-07;blaziken-zoroark;pokemon;DRI;40;Torchic;3;1;1;3.0;1.0
6a963bc7629039f77d8a717f;2026-09-07;blaziken-zoroark;pokemon;DRI;41;Combusken;2;1;1;2.0;1.0
6a963bc7629039f77d8a717f;2026-09-07;blaziken-zoroark;pokemon;JTG;24;Blaziken ex;3;1;1;3.0;1.0
6a963bc7629039f77d8a717f;2026-09-07;blaziken-zoroark;pokemon;DRI;42;Blaziken;1;1;1;1.0;1.0
6a963bc7629039f77d8a717f;2026-09-07;blaziken-zoroark;pokemon;JTG;97;N's Zorua;2;1;1;2.0;1.0
6a963bc7629039f77d8a717f;2026-09-07;blaziken-zoroark;pokemon;JTG;98;N's Zoroark ex;2;1;1;2.0;1.0
6a963bc7629039f77d8a717f;2026-09-07;blaziken-zoroark;pokemon;TWM;131;Tatsugiri;2;1;1;2.0;1.0
6a963bc7629039f77d8a717f;2026-09-07;blaziken-zoroark;pokemon;PFL;14;Moltres;1;1;1;1.0;1.0
6a963bc7629039f77d8a717f;2026-09-07;blaziken-zoroark;pokemon;JTG;56;Lillie's Clefairy ex;1;1;1;1.0;1.0
6a963bc7629039f77d8a717f;2026-09-07;blaziken-zoroark;pokemon;ASC;142;Fezandipiti ex;1;1;1;1.0;1.0
6a963bc7629039f77d8a717f;2026-09-07;blaziken-zoroark;pokemon;MEG;31;Chi-Yu;1;1;1;1.0;1.0
6a963bc7629039f77d8a717f;2026-09-07;blaziken-zoroark;pokemon;TWM;95;Munkidori;1;1;1;1.0;1.0
6a963bc7629039f77d8a717f;2026-09-07;blaziken-zoroark;pokemon;SVP;149;Pecharunt;1;1;1;1.0;1.0
6a963bc7629039f77d8a717f;2026-09-07;blaziken-zoroark;pokemon;JTG;116;N's Reshiram;1;1;1;1.0;1.0
6a963bc7629039f77d8a717f;2026-09-07;blaziken-zoroark;trainer;MEG;114;Boss's Orders;4;1;1;4.0;1.0
6a963bc7629039f77d8a717f;2026-09-07;blaziken-zoroark;trainer;MEG;119;Lillie's Determination;4;1;1;4.0;1.0
6a963bc7629039f77d8a717f;2026-09-07;blaziken-zoroark;trainer;WHT;84;Hilda;2;1;1;2.0;1.0
6a963bc7629039f77d8a717f;2026-09-07;blaziken-zoroark;trainer;TEF;144;Buddy-Buddy Poffin;4;1;1;4.0;1.0
6a963bc7629039f77d8a717f;2026-09-07;blaziken-zoroark;trainer;MEG;131;Ultra Ball;3;1;1;3.0;1.0
6a963bc7629039f77d8a717f;2026-09-07;blaziken-zoroark;trainer;MEG;125;Rare Candy;3;1;1;3.0;1.0
6a963bc7629039f77d8a717f;2026-09-07;blaziken-zoroark;trainer;POR;81;Poké Pad;3;1;1;3.0;1.0
6a963bc7629039f77d8a717f;2026-09-07;blaziken-zoroark;trainer;ASC;196;Night Stretcher;2;1;1;2.0;1.0
6a963bc7629039f77d8a717f;2026-09-07;blaziken-zoroark;trainer;TWM;165;Unfair Stamp;1;1;1;1.0;1.0
6a963bc7629039f77d8a717f;2026-09-07;blaziken-zoroark;trainer;MEG;130;Switch;1;1;1;1.0;1.0
6a963bc7629039f77d8a717f;2026-09-07;blaziken-zoroark;trainer;ASC;181;Air Balloon;1;1;1;1.0;1.0
6a963bc7629039f77d8a717f;2026-09-07;blaziken-zoroark;trainer;DRI;180;Team Rocket's Watchtower;2;1;1;2.0;1.0
6a963bc7629039f77d8a717f;2026-09-07;blaziken-zoroark;energy;MEE;7;Darkness Energy;4;1;1;4.0;1.0
6a963bc7629039f77d8a717f;2026-09-07;blaziken-zoroark;energy;MEE;2;Fire Energy;3;1;1;3.0;1.0
6a963bc7629039f77d8a717f;2026-09-07;blaziken-zoroark;energy;MEE;5;Psychic Energy;1;1;1;1.0;1.0
6a963bc7629039f77d8a717f;2026-09-07;beedrill-ex-cri;pokemon;TWM;39;Chi-Yu;1;1;3;0.3333;0.3333
6a963bc7629039f77d8a717f;2026-09-07;beedrill-ex-cri;trainer;SFA;57;Colress's Tenacity;1;1;3;0.3333;0.3333
6a963bc7629039f77d8a717f;2026-09-07;beedrill-ex-cri;energy;MEE;2;Fire Energy;1;1;3;0.3333;0.3333
6a963bc7629039f77d8a717f;2026-09-07;mega-lucario-ex;pokemon;PRE;50;Riolu;6;2;2;3.0;1.0
6a963bc7629039f77d8a717f;2026-09-07;mega-lucario-ex;pokemon;MEG;76;Riolu;1;1;2;0.5;0.5
6a963bc7629039f77d8a717f;2026-09-07;mega-lucario-ex;pokemon;MEG;77;Mega Lucario ex;7;2;2;3.5;1.0
6a963bc7629039f77d8a717f;2026-09-07;mega-lucario-ex;pokemon;JTG;120;Dunsparce;5;2;2;2.5;1.0
6a963bc7629039f77d8a717f;2026-09-07;mega-lucario-ex;pokemon;TEF;129;Dudunsparce;4;2;2;2.0;1.0
6a963bc7629039f77d8a717f;2026-09-07;mega-lucario-ex;pokemon;JTG;121;Dudunsparce ex;2;2;2;1.0;1.0
6a963bc7629039f77d8a717f;2026-09-07;mega-lucario-ex;pokemon;MEG;75;Solrock;4;2;2;2.0;1.0
6a963bc7629039f77d8a717f;2026-09-07;mega-lucario-ex;pokemon;MEG;74;Lunatone;4;2;2;2.0;1.0
6a963bc7629039f77d8a717f;2026-09-07;mega-lucario-ex;trainer;MEG;119;Lillie's Determination;8;2;2;4.0;1.0
6a963bc7629039f77d8a717f;2026-09-07;mega-lucario-ex;trainer;MEG;132;Wally's Compassion;4;2;2;2.0;1.0
6a963bc7629039f77d8a717f;2026-09-07;mega-lucario-ex;trainer;MEG;114;Boss's Orders;4;2;2;2.0;1.0
6a963bc7629039f77d8a717f;2026-09-07;mega-lucario-ex;trainer;POR;81;Poké Pad;8;2;2;4.0;1.0
6a963bc7629039f77d8a717f;2026-09-07;mega-lucario-ex;trainer;MEG;116;Fighting Gong;8;2;2;4.0;1.0
6a963bc7629039f77d8a717f;2026-09-07;mega-lucario-ex;trainer;MEG;124;Premium Power Pro;8;2;2;4.0;1.0
6a963bc7629039f77d8a717f;2026-09-07;mega-lucario-ex;trainer;TEF;144;Buddy-Buddy Poffin;5;2;2;2.5;1.0
6a963bc7629039f77d8a717f;2026-09-07;mega-lucario-ex;trainer;MEG;131;Ultra Ball;3;1;2;1.5;0.5
6a963bc7629039f77d8a717f;2026-09-07;mega-lucario-ex;trainer;CRI;82;Special Red Card;2;2;2;1.0;1.0
6a963bc7629039f77d8a717f;2026-09-07;mega-lucario-ex;trainer;SVI;186;Pokégear 3.0;1;1;2;0.5;0.5
6a963bc7629039f77d8a717f;2026-09-07;mega-lucario-ex;trainer;TEF;152;Hero's Cape;1;1;2;0.5;0.5
6a963bc7629039f77d8a717f;2026-09-07;mega-lucario-ex;trainer;SSP;177;Gravity Mountain;4;2;2;2.0;1.0
6a963bc7629039f77d8a717f;2026-09-07;mega-lucario-ex;energy;MEE;6;Fighting Energy;18;2;2;9.0;1.0
6a963bc7629039f77d8a717f;2026-09-07;mega-greninja-ex;pokemon;TWM;128;Dreepy;6;2;3;2.0;0.6667
6a963bc7629039f77d8a717f;2026-09-07;mega-greninja-ex;pokemon;TWM;129;Drakloak;6;2;3;2.0;0.6667
6a963bc7629039f77d8a717f;2026-09-07;mega-greninja-ex;pokemon;TWM;130;Dragapult ex;2;2;3;0.6667;0.6667
6a963bc7629039f77d8a717f;2026-09-07;mega-greninja-ex;pokemon;CRI;20;Froakie;10;3;3;3.3333;1.0
6a963bc7629039f77d8a717f;2026-09-07;mega-greninja-ex;pokemon;CRI;21;Frogadier;6;3;3;2.0;1.0
6a963bc7629039f77d8a717f;2026-09-07;mega-greninja-ex;pokemon;CRI;22;Mega Greninja ex;8;3;3;2.6667;1.0
6a963bc7629039f77d8a717f;2026-09-07;mega-greninja-ex;pokemon;TWM;106;Greninja ex;1;1;3;0.3333;0.3333
6a963bc7629039f77d8a717f;2026-09-07;mega-greninja-ex;pokemon;POR;20;Staryu;1;1;3;0.3333;0.3333
6a963bc7629039f77d8a717f;2026-09-07;mega-greninja-ex;pokemon;POR;21;Mega Starmie ex;1;1;3;0.3333;0.3333
6a963bc7629039f77d8a717f;2026-09-07;mega-greninja-ex;pokemon;ASC;142;Fezandipiti ex;3;3;3;1.0;1.0
6a963bc7629039f77d8a717f;2026-09-07;mega-greninja-ex;pokemon;POR;62;Meowth ex;3;3;3;1.0;1.0
6a963bc7629039f77d8a717f;2026-09-07;mega-greninja-ex;pokemon;ASC;16;Budew;3;3;3;1.0;1.0
6a963bc7629039f77d8a717f;2026-09-07;mega-greninja-ex;trainer;MEG;119;Lillie's Determination;12;3;3;4.0;1.0
6a963bc7629039f77d8a717f;2026-09-07;mega-greninja-ex;trainer;DRI;176;Team Rocket's Petrel;4;1;3;1.3333;0.3333
6a963bc7629039f77d8a717f;2026-09-07;mega-greninja-ex;trainer;MEG;132;Wally's Compassion;3;3;3;1.0;1.0
6a963bc7629039f77d8a717f;2026-09-07;mega-greninja-ex;trainer;MEG;114;Boss's Orders;5;3;3;1.6667;1.0
6a963bc7629039f77d8a717f;2026-09-07;mega-greninja-ex;trainer;WHT;84;Hilda;5;3;3;1.6667;1.0
6a963bc7629039f77d8a717f;2026-09-07;mega-greninja-ex;trainer;TEF;144;Buddy-Buddy Poffin;11;3;3;3.6667;1.0
6a963bc7629039f77d8a717f;2026-09-07;mega-greninja-ex;trainer;POR;81;Poké Pad;9;3;3;3.0;1.0
6a963bc7629039f77d8a717f;2026-09-07;mega-greninja-ex;trainer;MEG;125;Rare Candy;8;3;3;2.6667;1.0
6a963bc7629039f77d8a717f;2026-09-07;mega-greninja-ex;trainer;MEG;121;Mega Signal;2;1;3;0.6667;0.3333
6a963bc7629039f77d8a717f;2026-09-07;mega-greninja-ex;trainer;ASC;196;Night Stretcher;5;3;3;1.6667;1.0
6a963bc7629039f77d8a717f;2026-09-07;mega-greninja-ex;trainer;SSP;189;Tera Orb;1;1;3;0.3333;0.3333
6a963bc7629039f77d8a717f;2026-09-07;mega-greninja-ex;trainer;CRI;82;Special Red Card;3;3;3;1.0;1.0
6a963bc7629039f77d8a717f;2026-09-07;mega-greninja-ex;trainer;MEG;130;Switch;2;2;3;0.6667;0.6667
6a963bc7629039f77d8a717f;2026-09-07;mega-greninja-ex;trainer;ASC;181;Air Balloon;5;3;3;1.6667;1.0
6a963bc7629039f77d8a717f;2026-09-07;mega-greninja-ex;trainer;DRI;173;Team Rocket's Factory;4;1;3;1.3333;0.3333
6a963bc7629039f77d8a717f;2026-09-07;mega-greninja-ex;energy;MEE;3;Water Energy;20;3;3;6.6667;1.0
6a963bc7629039f77d8a717f;2026-09-07;mega-greninja-ex;energy;WHT;86;Ignition Energy;1;1;3;0.3333;0.3333
6a963bc7629039f77d8a717f;2026-09-07;mega-greninja-ex;energy;TEF;162;Neo Upper Energy;3;3;3;1.0;1.0
6a963bc7629039f77d8a717f;2026-09-07;slowking-scr;trainer;MEG;114;Boss's Orders;2;1;12;0.1667;0.0833
6a963bc7629039f77d8a717f;2026-09-07;slowking-scr;trainer;WHT;84;Hilda;1;1;12;0.0833;0.0833
6a963bc7629039f77d8a717f;2026-09-07;alakazam-dudunsparce;pokemon;TEF;128;Dunsparce;8;3;16;0.5;0.1875
6a963bc7629039f77d8a717f;2026-09-07;alakazam-dudunsparce;pokemon;PBL;66;Pikipek;4;2;16;0.25;0.125
6a963bc7629039f77d8a717f;2026-09-07;alakazam-dudunsparce;pokemon;PBL;68;Toucannon;4;2;16;0.25;0.125
6a963bc7629039f77d8a717f;2026-09-07;alakazam-dudunsparce;pokemon;ASC;39;Psyduck;4;4;16;0.25;0.25
6a963bc7629039f77d8a717f;2026-09-07;alakazam-dudunsparce;pokemon;DRI;10;Shaymin;15;15;16;0.9375;0.9375
6a963bc7629039f77d8a717f;2026-09-07;alakazam-dudunsparce;trainer;TWM;150;Handheld Fan;13;8;16;0.8125;0.5
6a963bc7629039f77d8a717f;2026-09-07;festival-lead;pokemon;ASC;142;Fezandipiti ex;1;1;6;0.1667;0.1667
6a963bc7629039f77d8a717f;2026-09-07;festival-lead;trainer;PFL;87;Dawn;2;1;6;0.3333;0.1667
6a963bc7629039f77d8a717f;2026-09-07;festival-lead;trainer;TWM;155;Lana's Aid;4;3;6;0.6667;0.5
6a963bc7629039f77d8a717f;2026-09-07;festival-lead;trainer;SFA;57;Colress's Tenacity;2;1;6;0.3333;0.1667
6a963bc7629039f77d8a717f;2026-09-07;festival-lead;trainer;JTG;143;Black Belt's Training;1;1;6;0.1667;0.1667
6a963bc7629039f77d8a717f;2026-09-07;festival-lead;trainer;TEF;154;Maximum Belt;1;1;6;0.1667;0.1667
6a963bc7629039f77d8a717f;2026-09-07;n-zoroark;pokemon;JTG;64;N's Sigilyph;1;1;20;0.05;0.05
6a963bc7629039f77d8a717f;2026-09-07;n-zoroark;trainer;PRE;112;Janine's Secret Art;4;4;20;0.2;0.2
6a963bc7629039f77d8a717f;2026-09-07;n-zoroark;trainer;DRI;176;Team Rocket's Petrel;2;2;20;0.1;0.1
6a963bc7629039f77d8a717f;2026-09-07;dragapult-dusknoir;pokemon;DRI;10;Shaymin;2;2;13;0.1538;0.1538
6a963bc7629039f77d8a717f;2026-09-07;alakazam-dudunsparce;pokemon;TEF;78;Flutter Mane;1;1;16;0.0625;0.0625
6a963bc7629039f77d8a717f;2026-09-07;alakazam-dudunsparce;trainer;SFA;64;Xerosic's Machinations;3;3;16;0.1875;0.1875
6a963bc7629039f77d8a717f;2026-09-07;mega-excadrill-ex;pokemon;CRI;59;Beldum;3;1;9;0.3333;0.1111
6a963bc7629039f77d8a717f;2026-09-07;mega-excadrill-ex;pokemon;SCR;106;Duraludon;2;1;9;0.2222;0.1111
6a963bc7629039f77d8a717f;2026-09-07;mega-excadrill-ex;pokemon;SCR;107;Archaludon;1;1;9;0.1111;0.1111
6a963bc7629039f77d8a717f;2026-09-07;mega-excadrill-ex;pokemon;SSP;130;Archaludon ex;1;1;9;0.1111;0.1111
6a963bc7629039f77d8a717f;2026-09-07;mega-excadrill-ex;pokemon;DRI;10;Shaymin;4;4;9;0.4444;0.4444
6a963bc7629039f77d8a717f;2026-09-07;mega-excadrill-ex;pokemon;TEF;78;Flutter Mane;1;1;9;0.1111;0.1111
6a963bc7629039f77d8a717f;2026-09-07;mega-excadrill-ex;trainer;POR;76;Judge;3;2;9;0.3333;0.2222
6a963bc7629039f77d8a717f;2026-09-07;mega-excadrill-ex;trainer;DRI;178;Team Rocket's Transceiver;8;3;9;0.8889;0.3333
6a963bc7629039f77d8a717f;2026-09-07;mega-excadrill-ex;trainer;ASC;196;Night Stretcher;5;4;9;0.5556;0.4444
6a963bc7629039f77d8a717f;2026-09-07;mega-excadrill-ex;trainer;POR;81;Poké Pad;1;1;9;0.1111;0.1111
6a963bc7629039f77d8a717f;2026-09-07;mega-excadrill-ex;trainer;SSP;185;Precious Trolley;3;3;9;0.3333;0.3333
6a963bc7629039f77d8a717f;2026-09-07;mega-excadrill-ex;trainer;TEF;148;Full Metal Lab;2;1;9;0.2222;0.1111
6a963bc7629039f77d8a717f;2026-09-07;n-zoroark;trainer;JTG;157;Ruffian;2;2;20;0.1;0.1
6a963bc7629039f77d8a717f;2026-09-07;mega-excadrill-ex;pokemon;ASC;142;Fezandipiti ex;5;5;9;0.5556;0.5556
6a963bc7629039f77d8a717f;2026-09-07;mega-excadrill-ex;trainer;ASC;212;Tool Scrapper;3;3;9;0.3333;0.3333
6a963bc7629039f77d8a717f;2026-09-07;dragapult-froslass;pokemon;TWM;128;Dreepy;4;1;1;4.0;1.0
6a963bc7629039f77d8a717f;2026-09-07;dragapult-froslass;pokemon;TWM;129;Drakloak;4;1;1;4.0;1.0
6a963bc7629039f77d8a717f;2026-09-07;dragapult-froslass;pokemon;TWM;130;Dragapult ex;2;1;1;2.0;1.0
6a963bc7629039f77d8a717f;2026-09-07;dragapult-froslass;pokemon;TWM;95;Munkidori;3;1;1;3.0;1.0
6a963bc7629039f77d8a717f;2026-09-07;dragapult-froslass;pokemon;ASC;46;Snorunt;2;1;1;2.0;1.0
6a963bc7629039f77d8a717f;2026-09-07;dragapult-froslass;pokemon;TWM;53;Froslass;2;1;1;2.0;1.0
6a963bc7629039f77d8a717f;2026-09-07;dragapult-froslass;pokemon;ASC;16;Budew;1;1;1;1.0;1.0
6a963bc7629039f77d8a717f;2026-09-07;dragapult-froslass;pokemon;ASC;142;Fezandipiti ex;1;1;1;1.0;1.0
6a963bc7629039f77d8a717f;2026-09-07;dragapult-froslass;pokemon;POR;62;Meowth ex;1;1;1;1.0;1.0
6a963bc7629039f77d8a717f;2026-09-07;dragapult-froslass;pokemon;SSP;76;Latias ex;1;1;1;1.0;1.0
6a963bc7629039f77d8a717f;2026-09-07;dragapult-froslass;pokemon;JTG;8;Maractus;1;1;1;1.0;1.0
6a963bc7629039f77d8a717f;2026-09-07;dragapult-froslass;trainer;MEG;119;Lillie's Determination;4;1;1;4.0;1.0
6a963bc7629039f77d8a717f;2026-09-07;dragapult-froslass;trainer;SCR;133;Crispin;3;1;1;3.0;1.0
6a963bc7629039f77d8a717f;2026-09-07;dragapult-froslass;trainer;MEG;114;Boss's Orders;3;1;1;3.0;1.0
6a963bc7629039f77d8a717f;2026-09-07;dragapult-froslass;trainer;JTG;146;Brock's Scouting;2;1;1;2.0;1.0
6a963bc7629039f77d8a717f;2026-09-07;dragapult-froslass;trainer;POR;81;Poké Pad;4;1;1;4.0;1.0
6a963bc7629039f77d8a717f;2026-09-07;dragapult-froslass;trainer;TEF;144;Buddy-Buddy Poffin;4;1;1;4.0;1.0
6a963bc7629039f77d8a717f;2026-09-07;dragapult-froslass;trainer;ASC;196;Night Stretcher;3;1;1;3.0;1.0
6a963bc7629039f77d8a717f;2026-09-07;dragapult-froslass;trainer;MEG;131;Ultra Ball;3;1;1;3.0;1.0
6a963bc7629039f77d8a717f;2026-09-07;dragapult-froslass;trainer;TWM;165;Unfair Stamp;1;1;1;1.0;1.0
6a963bc7629039f77d8a717f;2026-09-07;dragapult-froslass;trainer;SCR;131;Area Zero Underdepths;2;1;1;2.0;1.0
6a963bc7629039f77d8a717f;2026-09-07;dragapult-froslass;energy;MEE;7;Darkness Energy;3;1;1;3.0;1.0
6a963bc7629039f77d8a717f;2026-09-07;dragapult-froslass;energy;MEE;5;Psychic Energy;3;1;1;3.0;1.0
6a963bc7629039f77d8a717f;2026-09-07;dragapult-froslass;energy;MEE;2;Fire Energy;3;1;1;3.0;1.0
6a963bc7629039f77d8a717f;2026-09-07;jellicent-dusknoir;pokemon;PRE;35;Duskull;3;1;1;3.0;1.0
6a963bc7629039f77d8a717f;2026-09-07;jellicent-dusknoir;pokemon;PRE;36;Dusclops;2;1;1;2.0;1.0
6a963bc7629039f77d8a717f;2026-09-07;jellicent-dusknoir;pokemon;PRE;37;Dusknoir;2;1;1;2.0;1.0
6a963bc7629039f77d8a717f;2026-09-07;jellicent-dusknoir;pokemon;WHT;44;Frillish;2;1;1;2.0;1.0
6a963bc7629039f77d8a717f;2026-09-07;jellicent-dusknoir;pokemon;WHT;45;Jellicent ex;2;1;1;2.0;1.0
6a963bc7629039f77d8a717f;2026-09-07;jellicent-dusknoir;pokemon;SSP;76;Latias ex;2;1;1;2.0;1.0
6a963bc7629039f77d8a717f;2026-09-07;jellicent-dusknoir;pokemon;JTG;56;Lillie's Clefairy ex;2;1;1;2.0;1.0
6a963bc7629039f77d8a717f;2026-09-07;jellicent-dusknoir;pokemon;PFL;41;Mega Diancie ex;2;1;1;2.0;1.0
6a963bc7629039f77d8a717f;2026-09-07;jellicent-dusknoir;pokemon;ASC;142;Fezandipiti ex;1;1;1;1.0;1.0
6a963bc7629039f77d8a717f;2026-09-07;jellicent-dusknoir;pokemon;POR;62;Meowth ex;1;1;1;1.0;1.0
6a963bc7629039f77d8a717f;2026-09-07;jellicent-dusknoir;trainer;MEG;119;Lillie's Determination;4;1;1;4.0;1.0
6a963bc7629039f77d8a717f;2026-09-07;jellicent-dusknoir;trainer;MEG;114;Boss's Orders;2;1;1;2.0;1.0
6a963bc7629039f77d8a717f;2026-09-07;jellicent-dusknoir;trainer;WHT;84;Hilda;1;1;1;1.0;1.0
6a963bc7629039f77d8a717f;2026-09-07;jellicent-dusknoir;trainer;PFL;94;Wondrous Patch;4;1;1;4.0;1.0
6a963bc7629039f77d8a717f;2026-09-07;jellicent-dusknoir;trainer;MEG;131;Ultra Ball;4;1;1;4.0;1.0
6a963bc7629039f77d8a717f;2026-09-07;jellicent-dusknoir;trainer;ASC;196;Night Stretcher;2;1;1;2.0;1.0
6a963bc7629039f77d8a717f;2026-09-07;jellicent-dusknoir;trainer;MEG;125;Rare Candy;2;1;1;2.0;1.0
6a963bc7629039f77d8a717f;2026-09-07;jellicent-dusknoir;trainer;POR;81;Poké Pad;2;1;1;2.0;1.0
6a963bc7629039f77d8a717f;2026-09-07;jellicent-dusknoir;trainer;CRI;82;Special Red Card;2;1;1;2.0;1.0
6a963bc7629039f77d8a717f;2026-09-07;jellicent-dusknoir;trainer;TWM;163;Secret Box;1;1;1;1.0;1.0
6a963bc7629039f77d8a717f;2026-09-07;jellicent-dusknoir;trainer;MEG;130;Switch;1;1;1;1.0;1.0
6a963bc7629039f77d8a717f;2026-09-07;jellicent-dusknoir;trainer;SFA;63;Powerglass;2;1;1;2.0;1.0
6a963bc7629039f77d8a717f;2026-09-07;jellicent-dusknoir;trainer;MEG;122;Mystery Garden;2;1;1;2.0;1.0
6a963bc7629039f77d8a717f;2026-09-07;jellicent-dusknoir;energy;MEE;5;Psychic Energy;8;1;1;8.0;1.0
6a963bc7629039f77d8a717f;2026-09-07;jellicent-dusknoir;energy;POR;88;Telepathic Psychic Energy;4;1;1;4.0;1.0
6a963bc7629039f77d8a717f;2026-09-07;sharpedo-toxtricity;trainer;TEF;160;Salvatore;4;1;5;0.8;0.2
6a963bc7629039f77d8a717f;2026-09-07;sharpedo-toxtricity;trainer;POR;76;Judge;13;4;5;2.6;0.8
6a963bc7629039f77d8a717f;2026-09-07;sharpedo-toxtricity;trainer;MEG;132;Wally's Compassion;4;1;5;0.8;0.2
6a963bc7629039f77d8a717f;2026-09-07;sharpedo-toxtricity;trainer;PRE;115;Larry's Skill;1;1;5;0.2;0.2
6a963bc7629039f77d8a717f;2026-09-07;sharpedo-toxtricity;trainer;SSP;165;Call Bell;4;1;5;0.8;0.2
6a963bc7629039f77d8a717f;2026-09-07;sharpedo-toxtricity;trainer;SVI;186;Pokégear 3.0;4;1;5;0.8;0.2
6a963bc7629039f77d8a717f;2026-09-07;sharpedo-toxtricity;trainer;PRE;127;Roto-Stick;4;1;5;0.8;0.2
6a963bc7629039f77d8a717f;2026-09-07;sharpedo-toxtricity;trainer;PBL;75;Dark Bell;4;1;5;0.8;0.2
6a963bc7629039f77d8a717f;2026-09-07;sharpedo-toxtricity;trainer;MEG;127;Risky Ruins;2;1;5;0.4;0.2
6a963bc7629039f77d8a717f;2026-09-07;sharpedo-toxtricity;energy;PBL;83;Shadowy Darkness Energy;4;1;5;0.8;0.2
6a963bc7629039f77d8a717f;2026-09-07;sharpedo-toxtricity;energy;TWM;167;Legacy Energy;1;1;5;0.2;0.2
6a963bc7629039f77d8a717f;2026-09-07;kangaskhan-bouffalant;pokemon;MEG;104;Mega Kangaskhan ex;12;3;3;4.0;1.0
6a963bc7629039f77d8a717f;2026-09-07;kangaskhan-bouffalant;pokemon;TWM;95;Munkidori;9;3;3;3.0;1.0
6a963bc7629039f77d8a717f;2026-09-07;kangaskhan-bouffalant;pokemon;SCR;119;Bouffalant;8;3;3;2.6667;1.0
6a963bc7629039f77d8a717f;2026-09-07;kangaskhan-bouffalant;pokemon;SSP;151;Bouffalant;1;1;3;0.3333;0.3333
6a963bc7629039f77d8a717f;2026-09-07;kangaskhan-bouffalant;pokemon;ASC;39;Psyduck;3;3;3;1.0;1.0
6a963bc7629039f77d8a717f;2026-09-07;kangaskhan-bouffalant;trainer;MEG;119;Lillie's Determination;12;3;3;4.0;1.0
6a963bc7629039f77d8a717f;2026-09-07;kangaskhan-bouffalant;trainer;SCR;133;Crispin;12;3;3;4.0;1.0
6a963bc7629039f77d8a717f;2026-09-07;kangaskhan-bouffalant;trainer;MEG;114;Boss's Orders;9;3;3;3.0;1.0
6a963bc7629039f77d8a717f;2026-09-07;kangaskhan-bouffalant;trainer;DRI;176;Team Rocket's Petrel;8;3;3;2.6667;1.0
6a963bc7629039f77d8a717f;2026-09-07;kangaskhan-bouffalant;trainer;TEF;145;Ciphermaniac's Codebreaking;6;3;3;2.0;1.0
6a963bc7629039f77d8a717f;2026-09-07;kangaskhan-bouffalant;trainer;TWM;155;Lana's Aid;3;3;3;1.0;1.0
6a963bc7629039f77d8a717f;2026-09-07;kangaskhan-bouffalant;trainer;CRI;76;AZ's Tranquility;3;3;3;1.0;1.0
6a963bc7629039f77d8a717f;2026-09-07;kangaskhan-bouffalant;trainer;PFL;91;Jumbo Ice Cream;12;3;3;4.0;1.0
6a963bc7629039f77d8a717f;2026-09-07;kangaskhan-bouffalant;trainer;MEG;131;Ultra Ball;9;3;3;3.0;1.0
6a963bc7629039f77d8a717f;2026-09-07;kangaskhan-bouffalant;trainer;ASC;196;Night Stretcher;6;3;3;2.0;1.0
6a963bc7629039f77d8a717f;2026-09-07;kangaskhan-bouffalant;trainer;SVI;186;Pokégear 3.0;6;3;3;2.0;1.0
6a963bc7629039f77d8a717f;2026-09-07;kangaskhan-bouffalant;trainer;MEG;115;Energy Switch;3;3;3;1.0;1.0
6a963bc7629039f77d8a717f;2026-09-07;kangaskhan-bouffalant;trainer;POR;81;Poké Pad;3;3;3;1.0;1.0
6a963bc7629039f77d8a717f;2026-09-07;kangaskhan-bouffalant;trainer;MEG;130;Switch;3;3;3;1.0;1.0
6a963bc7629039f77d8a717f;2026-09-07;kangaskhan-bouffalant;trainer;ASC;181;Air Balloon;3;3;3;1.0;1.0
6a963bc7629039f77d8a717f;2026-09-07;kangaskhan-bouffalant;trainer;TEF;152;Hero's Cape;3;3;3;1.0;1.0
6a963bc7629039f77d8a717f;2026-09-07;kangaskhan-bouffalant;trainer;POR;77;Lumiose City;9;3;3;3.0;1.0
6a963bc7629039f77d8a717f;2026-09-07;kangaskhan-bouffalant;energy;TEF;161;Mist Energy;12;3;3;4.0;1.0
6a963bc7629039f77d8a717f;2026-09-07;kangaskhan-bouffalant;energy;MEE;7;Darkness Energy;12;3;3;4.0;1.0
6a963bc7629039f77d8a717f;2026-09-07;kangaskhan-bouffalant;energy;MEE;5;Psychic Energy;12;3;3;4.0;1.0
6a963bc7629039f77d8a717f;2026-09-07;dragapult-dusknoir;pokemon;JTG;120;Dunsparce;2;2;13;0.1538;0.1538
6a963bc7629039f77d8a717f;2026-09-07;dragapult-dusknoir;pokemon;TEF;129;Dudunsparce;2;2;13;0.1538;0.1538
6a963bc7629039f77d8a717f;2026-09-07;lopunny-dusknoir;pokemon;JTG;120;Dunsparce;3;1;3;1.0;0.3333
6a963bc7629039f77d8a717f;2026-09-07;lopunny-dusknoir;pokemon;TEF;129;Dudunsparce;3;1;3;1.0;0.3333
6a963bc7629039f77d8a717f;2026-09-07;lopunny-dusknoir;pokemon;PFL;83;Buneary;7;3;3;2.3333;1.0
6a963bc7629039f77d8a717f;2026-09-07;lopunny-dusknoir;pokemon;PFL;84;Mega Lopunny ex;6;3;3;2.0;1.0
6a963bc7629039f77d8a717f;2026-09-07;lopunny-dusknoir;pokemon;PRE;35;Duskull;10;3;3;3.3333;1.0
6a963bc7629039f77d8a717f;2026-09-07;lopunny-dusknoir;pokemon;PRE;36;Dusclops;6;3;3;2.0;1.0
6a963bc7629039f77d8a717f;2026-09-07;lopunny-dusknoir;pokemon;PRE;37;Dusknoir;10;3;3;3.3333;1.0
6a963bc7629039f77d8a717f;2026-09-07;lopunny-dusknoir;pokemon;POR;62;Meowth ex;3;3;3;1.0;1.0
6a963bc7629039f77d8a717f;2026-09-07;lopunny-dusknoir;pokemon;DRI;10;Shaymin;1;1;3;0.3333;0.3333
6a963bc7629039f77d8a717f;2026-09-07;lopunny-dusknoir;pokemon;SCR;118;Fan Rotom;1;1;3;0.3333;0.3333
6a963bc7629039f77d8a717f;2026-09-07;lopunny-dusknoir;trainer;WHT;84;Hilda;11;3;3;3.6667;1.0
6a963bc7629039f77d8a717f;2026-09-07;lopunny-dusknoir;trainer;MEG;119;Lillie's Determination;11;3;3;3.6667;1.0
6a963bc7629039f77d8a717f;2026-09-07;lopunny-dusknoir;trainer;MEG;132;Wally's Compassion;3;1;3;1.0;0.3333
6a963bc7629039f77d8a717f;2026-09-07;lopunny-dusknoir;trainer;MEG;114;Boss's Orders;6;3;3;2.0;1.0
6a963bc7629039f77d8a717f;2026-09-07;lopunny-dusknoir;trainer;POR;81;Poké Pad;12;3;3;4.0;1.0
6a963bc7629039f77d8a717f;2026-09-07;lopunny-dusknoir;trainer;TEF;144;Buddy-Buddy Poffin;4;1;3;1.3333;0.3333
6a963bc7629039f77d8a717f;2026-09-07;lopunny-dusknoir;trainer;MEG;131;Ultra Ball;11;3;3;3.6667;1.0
6a963bc7629039f77d8a717f;2026-09-07;lopunny-dusknoir;trainer;SVI;186;Pokégear 3.0;2;1;3;0.6667;0.3333
6a963bc7629039f77d8a717f;2026-09-07;lopunny-dusknoir;trainer;ASC;196;Night Stretcher;5;3;3;1.6667;1.0
6a963bc7629039f77d8a717f;2026-09-07;lopunny-dusknoir;trainer;MEG;125;Rare Candy;9;3;3;3.0;1.0
6a963bc7629039f77d8a717f;2026-09-07;lopunny-dusknoir;trainer;ASC;181;Air Balloon;2;1;3;0.6667;0.3333
6a963bc7629039f77d8a717f;2026-09-07;lopunny-dusknoir;trainer;TEF;152;Hero's Cape;1;1;3;0.3333;0.3333
6a963bc7629039f77d8a717f;2026-09-07;lopunny-dusknoir;trainer;PFL;85;Battle Cage;2;1;3;0.6667;0.3333
6a963bc7629039f77d8a717f;2026-09-07;lopunny-dusknoir;trainer;SSP;177;Gravity Mountain;1;1;3;0.3333;0.3333
6a963bc7629039f77d8a717f;2026-09-07;lopunny-dusknoir;energy;TEF;161;Mist Energy;3;1;3;1.0;0.3333
6a963bc7629039f77d8a717f;2026-09-07;lopunny-dusknoir;energy;MEE;2;Fire Energy;2;1;3;0.6667;0.3333
6a963bc7629039f77d8a717f;2026-09-07;lopunny-dusknoir;energy;JTG;159;Spiky Energy;2;1;3;0.6667;0.3333
6a963bc7629039f77d8a717f;2026-09-07;dhelmise-pbl;trainer;TEF;147;Explorer's Guidance;7;2;6;1.1667;0.3333
6a963bc7629039f77d8a717f;2026-09-07;dhelmise-pbl;trainer;SVI;186;Pokégear 3.0;2;1;6;0.3333;0.1667
6a963bc7629039f77d8a717f;2026-09-07;dhelmise-pbl;trainer;ASC;181;Air Balloon;1;1;6;0.1667;0.1667
6a963bc7629039f77d8a717f;2026-09-07;dhelmise-pbl;energy;TWM;167;Legacy Energy;3;3;6;0.5;0.5
6a963bc7629039f77d8a717f;2026-09-07;alakazam-dudunsparce;pokemon;SSP;87;Dedenne;6;6;16;0.375;0.375
6a963bc7629039f77d8a717f;2026-09-07;alakazam-dudunsparce;trainer;TWM;158;Lucky Helmet;7;7;16;0.4375;0.4375
6a963bc7629039f77d8a717f;2026-09-07;cynthia-garchomp-ex;trainer;DRI;180;Team Rocket's Watchtower;3;1;3;1.0;0.3333
6a963bc7629039f77d8a717f;2026-09-07;rocket-mewtwo-ex;trainer;TWM;163;Secret Box;2;2;5;0.4;0.4
6a963bc7629039f77d8a717f;2026-09-07;rocket-mewtwo-ex;trainer;WHT;80;Brave Bangle;3;3;5;0.6;0.6
6a963bc7629039f77d8a717f;2026-09-07;lucario-hariyama;trainer;JTG;143;Black Belt's Training;1;1;5;0.2;0.2
6a963bc7629039f77d8a717f;2026-09-07;lucario-hariyama;trainer;ASC;196;Night Stretcher;2;1;5;0.4;0.2
6a963bc7629039f77d8a717f;2026-09-07;alakazam-dudunsparce;pokemon;PBL;33;Shuppet;2;1;16;0.125;0.0625
6a963bc7629039f77d8a717f;2026-09-07;alakazam-dudunsparce;pokemon;PBL;34;Banette;1;1;16;0.0625;0.0625
6a963bc7629039f77d8a717f;2026-09-07;starmie-dusknoir;pokemon;PRE;35;Duskull;3;1;1;3.0;1.0
6a963bc7629039f77d8a717f;2026-09-07;starmie-dusknoir;pokemon;PRE;36;Dusclops;3;1;1;3.0;1.0
6a963bc7629039f77d8a717f;2026-09-07;starmie-dusknoir;pokemon;PRE;37;Dusknoir;2;1;1;2.0;1.0
6a963bc7629039f77d8a717f;2026-09-07;starmie-dusknoir;pokemon;POR;20;Staryu;3;1;1;3.0;1.0
6a963bc7629039f77d8a717f;2026-09-07;starmie-dusknoir;pokemon;POR;21;Mega Starmie ex;2;1;1;2.0;1.0
6a963bc7629039f77d8a717f;2026-09-07;starmie-dusknoir;pokemon;ASC;46;Snorunt;2;1;1;2.0;1.0
6a963bc7629039f77d8a717f;2026-09-07;starmie-dusknoir;pokemon;ASC;47;Mega Froslass ex;1;1;1;1.0;1.0
6a963bc7629039f77d8a717f;2026-09-07;starmie-dusknoir;pokemon;TWM;53;Froslass;1;1;1;1.0;1.0
6a963bc7629039f77d8a717f;2026-09-07;starmie-dusknoir;pokemon;POR;62;Meowth ex;2;1;1;2.0;1.0
6a963bc7629039f77d8a717f;2026-09-07;starmie-dusknoir;pokemon;ASC;142;Fezandipiti ex;1;1;1;1.0;1.0
6a963bc7629039f77d8a717f;2026-09-07;starmie-dusknoir;pokemon;ASC;16;Budew;1;1;1;1.0;1.0
6a963bc7629039f77d8a717f;2026-09-07;starmie-dusknoir;pokemon;DRI;10;Shaymin;1;1;1;1.0;1.0
6a963bc7629039f77d8a717f;2026-09-07;starmie-dusknoir;trainer;MEG;119;Lillie's Determination;4;1;1;4.0;1.0
6a963bc7629039f77d8a717f;2026-09-07;starmie-dusknoir;trainer;WHT;84;Hilda;3;1;1;3.0;1.0
6a963bc7629039f77d8a717f;2026-09-07;starmie-dusknoir;trainer;MEG;114;Boss's Orders;2;1;1;2.0;1.0
6a963bc7629039f77d8a717f;2026-09-07;starmie-dusknoir;trainer;POR;76;Judge;1;1;1;1.0;1.0
6a963bc7629039f77d8a717f;2026-09-07;starmie-dusknoir;trainer;POR;81;Poké Pad;4;1;1;4.0;1.0
6a963bc7629039f77d8a717f;2026-09-07;starmie-dusknoir;trainer;TEF;144;Buddy-Buddy Poffin;4;1;1;4.0;1.0
6a963bc7629039f77d8a717f;2026-09-07;starmie-dusknoir;trainer;MEG;131;Ultra Ball;4;1;1;4.0;1.0
6a963bc7629039f77d8a717f;2026-09-07;starmie-dusknoir;trainer;ASC;196;Night Stretcher;2;1;1;2.0;1.0
6a963bc7629039f77d8a717f;2026-09-07;starmie-dusknoir;trainer;TWM;165;Unfair Stamp;1;1;1;1.0;1.0
6a963bc7629039f77d8a717f;2026-09-07;starmie-dusknoir;trainer;ASC;212;Tool Scrapper;1;1;1;1.0;1.0
6a963bc7629039f77d8a717f;2026-09-07;starmie-dusknoir;trainer;CRI;82;Special Red Card;1;1;1;1.0;1.0
6a963bc7629039f77d8a717f;2026-09-07;starmie-dusknoir;trainer;MEG;130;Switch;1;1;1;1.0;1.0
6a963bc7629039f77d8a717f;2026-09-07;starmie-dusknoir;trainer;TWM;150;Handheld Fan;1;1;1;1.0;1.0
6a963bc7629039f77d8a717f;2026-09-07;starmie-dusknoir;trainer;MEG;127;Risky Ruins;2;1;1;2.0;1.0
6a963bc7629039f77d8a717f;2026-09-07;starmie-dusknoir;trainer;DRI;180;Team Rocket's Watchtower;1;1;1;1.0;1.0
6a963bc7629039f77d8a717f;2026-09-07;starmie-dusknoir;energy;MEE;3;Water Energy;4;1;1;4.0;1.0
6a963bc7629039f77d8a717f;2026-09-07;starmie-dusknoir;energy;WHT;86;Ignition Energy;2;1;1;2.0;1.0
6a963bc7629039f77d8a717f;2026-09-07;dhelmise-pbl;pokemon;JTG;121;Dudunsparce ex;1;1;6;0.1667;0.1667
6a963bc7629039f77d8a717f;2026-09-07;dhelmise-pbl;pokemon;SSP;76;Latias ex;2;2;6;0.3333;0.3333
6a963bc7629039f77d8a717f;2026-09-07;dhelmise-pbl;trainer;SSP;187;Surfer;1;1;6;0.1667;0.1667
6a963bc7629039f77d8a717f;2026-09-07;mega-greninja-ex;pokemon;JTG;97;N's Zorua;3;1;3;1.0;0.3333
6a963bc7629039f77d8a717f;2026-09-07;mega-greninja-ex;pokemon;JTG;98;N's Zoroark ex;3;1;3;1.0;0.3333
6a963bc7629039f77d8a717f;2026-09-07;mega-greninja-ex;pokemon;CRI;70;Patrat;1;1;3;0.3333;0.3333
6a963bc7629039f77d8a717f;2026-09-07;mega-greninja-ex;trainer;POR;76;Judge;1;1;3;0.3333;0.3333
6a963bc7629039f77d8a717f;2026-09-07;mega-greninja-ex;trainer;TEF;145;Ciphermaniac's Codebreaking;1;1;3;0.3333;0.3333
6a963bc7629039f77d8a717f;2026-09-07;mega-greninja-ex;trainer;CRI;76;AZ's Tranquility;1;1;3;0.3333;0.3333
6a963bc7629039f77d8a717f;2026-09-07;mega-greninja-ex;trainer;PFL;87;Dawn;1;1;3;0.3333;0.3333
6a963bc7629039f77d8a717f;2026-09-07;mega-greninja-ex;trainer;MEG;131;Ultra Ball;6;2;3;2.0;0.6667
6a963bc7629039f77d8a717f;2026-09-07;mega-greninja-ex;trainer;CRI;78;Great Haul Net;3;2;3;1.0;0.6667
6a963bc7629039f77d8a717f;2026-09-07;mega-greninja-ex;trainer;MEG;129;Surfing Beach;5;2;3;1.6667;0.6667
6a963bc7629039f77d8a717f;2026-09-07;ursaluna-lunatone;pokemon;TWM;95;Munkidori;3;1;1;3.0;1.0
6a963bc7629039f77d8a717f;2026-09-07;ursaluna-lunatone;pokemon;MEG;75;Solrock;2;1;1;2.0;1.0
6a963bc7629039f77d8a717f;2026-09-07;ursaluna-lunatone;pokemon;MEG;74;Lunatone;2;1;1;2.0;1.0
6a963bc7629039f77d8a717f;2026-09-07;ursaluna-lunatone;pokemon;PRE;54;Bloodmoon Ursaluna;2;1;1;2.0;1.0
6a963bc7629039f77d8a717f;2026-09-07;ursaluna-lunatone;pokemon;ASC;142;Fezandipiti ex;1;1;1;1.0;1.0
6a963bc7629039f77d8a717f;2026-09-07;ursaluna-lunatone;pokemon;TWM;110;Ting-Lu;1;1;1;1.0;1.0
6a963bc7629039f77d8a717f;2026-09-07;ursaluna-lunatone;pokemon;ASC;39;Psyduck;1;1;1;1.0;1.0
6a963bc7629039f77d8a717f;2026-09-07;ursaluna-lunatone;trainer;MEG;119;Lillie's Determination;3;1;1;3.0;1.0
6a963bc7629039f77d8a717f;2026-09-07;ursaluna-lunatone;trainer;MEG;114;Boss's Orders;3;1;1;3.0;1.0
6a963bc7629039f77d8a717f;2026-09-07;ursaluna-lunatone;trainer;SCR;133;Crispin;2;1;1;2.0;1.0
6a963bc7629039f77d8a717f;2026-09-07;ursaluna-lunatone;trainer;DRI;176;Team Rocket's Petrel;2;1;1;2.0;1.0
6a963bc7629039f77d8a717f;2026-09-07;ursaluna-lunatone;trainer;PBL;78;Gwynn;1;1;1;1.0;1.0
6a963bc7629039f77d8a717f;2026-09-07;ursaluna-lunatone;trainer;POR;85;Tarragon;1;1;1;1.0;1.0
6a963bc7629039f77d8a717f;2026-09-07;ursaluna-lunatone;trainer;DRI;179;Team Rocket's Venture Bomb;4;1;1;4.0;1.0
6a963bc7629039f77d8a717f;2026-09-07;ursaluna-lunatone;trainer;MEG;116;Fighting Gong;4;1;1;4.0;1.0
6a963bc7629039f77d8a717f;2026-09-07;ursaluna-lunatone;trainer;POR;81;Poké Pad;3;1;1;3.0;1.0
6a963bc7629039f77d8a717f;2026-09-07;ursaluna-lunatone;trainer;ASC;196;Night Stretcher;2;1;1;2.0;1.0
6a963bc7629039f77d8a717f;2026-09-07;ursaluna-lunatone;trainer;SVI;171;Energy Retrieval;2;1;1;2.0;1.0
6a963bc7629039f77d8a717f;2026-09-07;ursaluna-lunatone;trainer;MEG;115;Energy Switch;2;1;1;2.0;1.0
6a963bc7629039f77d8a717f;2026-09-07;ursaluna-lunatone;trainer;ASC;212;Tool Scrapper;1;1;1;1.0;1.0
6a963bc7629039f77d8a717f;2026-09-07;ursaluna-lunatone;trainer;CRI;82;Special Red Card;1;1;1;1.0;1.0
6a963bc7629039f77d8a717f;2026-09-07;ursaluna-lunatone;trainer;TWM;163;Secret Box;1;1;1;1.0;1.0
6a963bc7629039f77d8a717f;2026-09-07;ursaluna-lunatone;trainer;ASC;181;Air Balloon;2;1;1;2.0;1.0
6a963bc7629039f77d8a717f;2026-09-07;ursaluna-lunatone;trainer;SSP;169;Counter Gain;1;1;1;1.0;1.0
6a963bc7629039f77d8a717f;2026-09-07;ursaluna-lunatone;trainer;WHT;80;Brave Bangle;1;1;1;1.0;1.0
6a963bc7629039f77d8a717f;2026-09-07;ursaluna-lunatone;trainer;MEG;127;Risky Ruins;2;1;1;2.0;1.0
6a963bc7629039f77d8a717f;2026-09-07;ursaluna-lunatone;energy;MEE;6;Fighting Energy;7;1;1;7.0;1.0
6a963bc7629039f77d8a717f;2026-09-07;ursaluna-lunatone;energy;MEE;7;Darkness Energy;3;1;1;3.0;1.0
6a963bc7629039f77d8a717f;2026-09-07;basic-box-m;trainer;POR;76;Judge;1;1;8;0.125;0.125
6a963bc7629039f77d8a717f;2026-09-07;raging-bolt-ogerpon;pokemon;MEG;104;Mega Kangaskhan ex;13;4;4;3.25;1.0
6a963bc7629039f77d8a717f;2026-09-07;raging-bolt-ogerpon;pokemon;POR;62;Meowth ex;12;4;4;3.0;1.0
6a963bc7629039f77d8a717f;2026-09-07;raging-bolt-ogerpon;pokemon;TWM;25;Teal Mask Ogerpon ex;11;4;4;2.75;1.0
6a963bc7629039f77d8a717f;2026-09-07;raging-bolt-ogerpon;pokemon;TEF;123;Raging Bolt ex;8;4;4;2.0;1.0
6a963bc7629039f77d8a717f;2026-09-07;raging-bolt-ogerpon;pokemon;SSP;76;Latias ex;8;4;4;2.0;1.0
6a963bc7629039f77d8a717f;2026-09-07;raging-bolt-ogerpon;pokemon;TWM;64;Wellspring Mask Ogerpon ex;4;4;4;1.0;1.0
6a963bc7629039f77d8a717f;2026-09-07;raging-bolt-ogerpon;pokemon;TEF;81;Iron Crown ex;3;3;4;0.75;0.75
6a963bc7629039f77d8a717f;2026-09-07;raging-bolt-ogerpon;pokemon;SSP;56;Chien-Pao;3;3;4;0.75;0.75
6a963bc7629039f77d8a717f;2026-09-07;raging-bolt-ogerpon;pokemon;ASC;142;Fezandipiti ex;4;4;4;1.0;1.0
6a963bc7629039f77d8a717f;2026-09-07;raging-bolt-ogerpon;pokemon;JTG;56;Lillie's Clefairy ex;4;4;4;1.0;1.0
6a963bc7629039f77d8a717f;2026-09-07;raging-bolt-ogerpon;pokemon;TEF;25;Iron Leaves ex;4;4;4;1.0;1.0
6a963bc7629039f77d8a717f;2026-09-07;raging-bolt-ogerpon;trainer;SCR;133;Crispin;16;4;4;4.0;1.0
6a963bc7629039f77d8a717f;2026-09-07;raging-bolt-ogerpon;trainer;SSP;170;Cyrano;8;4;4;2.0;1.0
6a963bc7629039f77d8a717f;2026-09-07;raging-bolt-ogerpon;trainer;MEG;114;Boss's Orders;9;4;4;2.25;1.0
6a963bc7629039f77d8a717f;2026-09-07;raging-bolt-ogerpon;trainer;TEF;145;Ciphermaniac's Codebreaking;2;2;4;0.5;0.5
6a963bc7629039f77d8a717f;2026-09-07;raging-bolt-ogerpon;trainer;SFA;64;Xerosic's Machinations;1;1;4;0.25;0.25
6a963bc7629039f77d8a717f;2026-09-07;raging-bolt-ogerpon;trainer;MEG;131;Ultra Ball;16;4;4;4.0;1.0
6a963bc7629039f77d8a717f;2026-09-07;raging-bolt-ogerpon;trainer;MEG;115;Energy Switch;15;4;4;3.75;1.0
6a963bc7629039f77d8a717f;2026-09-07;raging-bolt-ogerpon;trainer;SCR;135;Glass Trumpet;8;4;4;2.0;1.0
6a963bc7629039f77d8a717f;2026-09-07;raging-bolt-ogerpon;trainer;ASC;196;Night Stretcher;8;4;4;2.0;1.0
6a963bc7629039f77d8a717f;2026-09-07;raging-bolt-ogerpon;trainer;TWM;165;Unfair Stamp;3;3;4;0.75;0.75
6a963bc7629039f77d8a717f;2026-09-07;raging-bolt-ogerpon;trainer;SCR;131;Area Zero Underdepths;13;4;4;3.25;1.0
6a963bc7629039f77d8a717f;2026-09-07;raging-bolt-ogerpon;energy;MEE;1;Grass Energy;26;4;4;6.5;1.0
6a963bc7629039f77d8a717f;2026-09-07;raging-bolt-ogerpon;energy;MEE;5;Psychic Energy;7;4;4;1.75;1.0
6a963bc7629039f77d8a717f;2026-09-07;raging-bolt-ogerpon;energy;MEE;6;Fighting Energy;9;4;4;2.25;1.0
6a963bc7629039f77d8a717f;2026-09-07;raging-bolt-ogerpon;energy;MEE;4;Lightning Energy;9;4;4;2.25;1.0
6a963bc7629039f77d8a717f;2026-09-07;raging-bolt-ogerpon;energy;MEE;3;Water Energy;5;4;4;1.25;1.0
6a963bc7629039f77d8a717f;2026-09-07;dragapult-dusknoir;trainer;ASC;212;Tool Scrapper;1;1;13;0.0769;0.0769
6a963bc7629039f77d8a717f;2026-09-07;stevens-metagross;pokemon;DRI;143;Steven's Beldum;3;1;1;3.0;1.0
6a963bc7629039f77d8a717f;2026-09-07;stevens-metagross;pokemon;DRI;144;Steven's Metang;2;1;1;2.0;1.0
6a963bc7629039f77d8a717f;2026-09-07;stevens-metagross;pokemon;DRI;145;Steven's Metagross ex;3;1;1;3.0;1.0
6a963bc7629039f77d8a717f;2026-09-07;stevens-metagross;pokemon;BLK;67;Genesect ex;2;1;1;2.0;1.0
6a963bc7629039f77d8a717f;2026-09-07;stevens-metagross;pokemon;PBL;46;Drilbur;1;1;1;1.0;1.0
6a963bc7629039f77d8a717f;2026-09-07;stevens-metagross;pokemon;PBL;65;Mega Excadrill ex;1;1;1;1.0;1.0
6a963bc7629039f77d8a717f;2026-09-07;stevens-metagross;pokemon;PFL;27;Piplup;1;1;1;1.0;1.0
6a963bc7629039f77d8a717f;2026-09-07;stevens-metagross;pokemon;PFL;70;Empoleon ex;1;1;1;1.0;1.0
6a963bc7629039f77d8a717f;2026-09-07;stevens-metagross;pokemon;SSP;76;Latias ex;1;1;1;1.0;1.0
6a963bc7629039f77d8a717f;2026-09-07;stevens-metagross;pokemon;MEG;94;Mega Mawile ex;1;1;1;1.0;1.0
6a963bc7629039f77d8a717f;2026-09-07;stevens-metagross;pokemon;ASC;16;Budew;1;1;1;1.0;1.0
6a963bc7629039f77d8a717f;2026-09-07;stevens-metagross;pokemon;POR;55;Mega Skarmory ex;1;1;1;1.0;1.0
6a963bc7629039f77d8a717f;2026-09-07;stevens-metagross;pokemon;MEG;95;Dialga;1;1;1;1.0;1.0
6a963bc7629039f77d8a717f;2026-09-07;stevens-metagross;pokemon;CRI;32;Deoxys;1;1;1;1.0;1.0
6a963bc7629039f77d8a717f;2026-09-07;stevens-metagross;pokemon;JTG;56;Lillie's Clefairy ex;1;1;1;1.0;1.0
6a963bc7629039f77d8a717f;2026-09-07;stevens-metagross;pokemon;POR;62;Meowth ex;1;1;1;1.0;1.0
6a963bc7629039f77d8a717f;2026-09-07;stevens-metagross;trainer;DRI;176;Team Rocket's Petrel;4;1;1;4.0;1.0
6a963bc7629039f77d8a717f;2026-09-07;stevens-metagross;trainer;MEG;119;Lillie's Determination;4;1;1;4.0;1.0
6a963bc7629039f77d8a717f;2026-09-07;stevens-metagross;trainer;MEG;114;Boss's Orders;2;1;1;2.0;1.0
6a963bc7629039f77d8a717f;2026-09-07;stevens-metagross;trainer;DRI;178;Team Rocket's Transceiver;4;1;1;4.0;1.0
6a963bc7629039f77d8a717f;2026-09-07;stevens-metagross;trainer;MEG;125;Rare Candy;3;1;1;3.0;1.0
6a963bc7629039f77d8a717f;2026-09-07;stevens-metagross;trainer;DRI;164;Energy Recycler;2;1;1;2.0;1.0
6a963bc7629039f77d8a717f;2026-09-07;stevens-metagross;trainer;ASC;196;Night Stretcher;2;1;1;2.0;1.0
6a963bc7629039f77d8a717f;2026-09-07;stevens-metagross;trainer;MEG;131;Ultra Ball;2;1;1;2.0;1.0
6a963bc7629039f77d8a717f;2026-09-07;stevens-metagross;trainer;SSP;185;Precious Trolley;1;1;1;1.0;1.0
6a963bc7629039f77d8a717f;2026-09-07;stevens-metagross;trainer;CRI;82;Special Red Card;1;1;1;1.0;1.0
6a963bc7629039f77d8a717f;2026-09-07;stevens-metagross;trainer;TEF;144;Buddy-Buddy Poffin;1;1;1;1.0;1.0
6a963bc7629039f77d8a717f;2026-09-07;stevens-metagross;trainer;DRI;180;Team Rocket's Watchtower;1;1;1;1.0;1.0
6a963bc7629039f77d8a717f;2026-09-07;stevens-metagross;energy;MEE;8;Metal Energy;6;1;1;6.0;1.0
6a963bc7629039f77d8a717f;2026-09-07;stevens-metagross;energy;MEE;5;Psychic Energy;5;1;1;5.0;1.0
6a963bc7629039f77d8a717f;2026-09-07;joltik-box;pokemon;SCR;50;Joltik;2;1;1;2.0;1.0
6a963bc7629039f77d8a717f;2026-09-07;joltik-box;pokemon;SFA;2;Galvantula;1;1;1;1.0;1.0
6a963bc7629039f77d8a717f;2026-09-07;joltik-box;pokemon;SCR;51;Galvantula ex;1;1;1;1.0;1.0
6a963bc7629039f77d8a717f;2026-09-07;joltik-box;pokemon;SSP;57;Pikachu ex;2;1;1;2.0;1.0
6a963bc7629039f77d8a717f;2026-09-07;joltik-box;pokemon;MEG;104;Mega Kangaskhan ex;2;1;1;2.0;1.0
6a963bc7629039f77d8a717f;2026-09-07;joltik-box;pokemon;MEG;49;Electrike;1;1;1;1.0;1.0
6a963bc7629039f77d8a717f;2026-09-07;joltik-box;pokemon;PBL;24;Manectric;1;1;1;1.0;1.0
6a963bc7629039f77d8a717f;2026-09-07;joltik-box;pokemon;TEF;25;Iron Leaves ex;1;1;1;1.0;1.0
6a963bc7629039f77d8a717f;2026-09-07;joltik-box;pokemon;TWM;141;Bloodmoon Ursaluna ex;1;1;1;1.0;1.0
6a963bc7629039f77d8a717f;2026-09-07;joltik-box;pokemon;SSP;76;Latias ex;1;1;1;1.0;1.0
6a963bc7629039f77d8a717f;2026-09-07;joltik-box;pokemon;POR;62;Meowth ex;1;1;1;1.0;1.0
6a963bc7629039f77d8a717f;2026-09-07;joltik-box;pokemon;DRI;51;Team Rocket's Articuno;1;1;1;1.0;1.0
6a963bc7629039f77d8a717f;2026-09-07;joltik-box;pokemon;ASC;142;Fezandipiti ex;1;1;1;1.0;1.0
6a963bc7629039f77d8a717f;2026-09-07;joltik-box;pokemon;ASC;162;Team Rocket's Kangaskhan ex;1;1;1;1.0;1.0
6a963bc7629039f77d8a717f;2026-09-07;joltik-box;trainer;DRI;176;Team Rocket's Petrel;4;1;1;4.0;1.0
6a963bc7629039f77d8a717f;2026-09-07;joltik-box;trainer;MEG;114;Boss's Orders;3;1;1;3.0;1.0
6a963bc7629039f77d8a717f;2026-09-07;joltik-box;trainer;SCR;133;Crispin;3;1;1;3.0;1.0
6a963bc7629039f77d8a717f;2026-09-07;joltik-box;trainer;MEG;119;Lillie's Determination;2;1;1;2.0;1.0
6a963bc7629039f77d8a717f;2026-09-07;joltik-box;trainer;DRI;178;Team Rocket's Transceiver;4;1;1;4.0;1.0
6a963bc7629039f77d8a717f;2026-09-07;joltik-box;trainer;PFL;91;Jumbo Ice Cream;3;1;1;3.0;1.0
6a963bc7629039f77d8a717f;2026-09-07;joltik-box;trainer;SVI;186;Pokégear 3.0;2;1;1;2.0;1.0
6a963bc7629039f77d8a717f;2026-09-07;joltik-box;trainer;MEG;131;Ultra Ball;1;1;1;1.0;1.0
6a963bc7629039f77d8a717f;2026-09-07;joltik-box;trainer;ASC;196;Night Stretcher;1;1;1;1.0;1.0
6a963bc7629039f77d8a717f;2026-09-07;joltik-box;trainer;CRI;82;Special Red Card;1;1;1;1.0;1.0
6a963bc7629039f77d8a717f;2026-09-07;joltik-box;trainer;SSP;185;Precious Trolley;1;1;1;1.0;1.0
6a963bc7629039f77d8a717f;2026-09-07;joltik-box;trainer;ASC;191;Light Ball;2;1;1;2.0;1.0
6a963bc7629039f77d8a717f;2026-09-07;joltik-box;trainer;DRI;173;Team Rocket's Factory;2;1;1;2.0;1.0
6a963bc7629039f77d8a717f;2026-09-07;joltik-box;energy;MEE;4;Lightning Energy;5;1;1;5.0;1.0
6a963bc7629039f77d8a717f;2026-09-07;joltik-box;energy;MEE;1;Grass Energy;5;1;1;5.0;1.0
6a963bc7629039f77d8a717f;2026-09-07;joltik-box;energy;MEE;8;Metal Energy;3;1;1;3.0;1.0
6a963bc7629039f77d8a717f;2026-09-07;joltik-box;energy;PBL;84;Voltaic Lightning Energy;1;1;1;1.0;1.0
6a963bc7629039f77d8a717f;2026-09-07;grimmsnarl-froslass;trainer;JTG;149;Iris's Fighting Spirit;1;1;5;0.2;0.2
6a963bc7629039f77d8a717f;2026-09-07;grimmsnarl-froslass;trainer;MEG;115;Energy Switch;3;3;5;0.6;0.6
6a963bc7629039f77d8a717f;2026-09-07;grimmsnarl-froslass;trainer;TEF;152;Hero's Cape;1;1;5;0.2;0.2
6a963bc7629039f77d8a717f;2026-09-07;n-zoroark;pokemon;DRI;10;Shaymin;1;1;20;0.05;0.05
6a963bc7629039f77d8a717f;2026-09-07;n-zoroark;trainer;DRI;164;Energy Recycler;1;1;20;0.05;0.05
6a963bc7629039f77d8a717f;2026-09-07;n-zoroark;trainer;JTG;156;Redeemable Ticket;1;1;20;0.05;0.05
6a963bc7629039f77d8a717f;2026-09-07;n-zoroark;trainer;TWM;162;Scoop Up Cyclone;1;1;20;0.05;0.05
6a963bc7629039f77d8a717f;2026-09-07;n-zoroark;trainer;SFA;63;Powerglass;1;1;20;0.05;0.05
6a963bc7629039f77d8a717f;2026-09-07;festival-lead;pokemon;POR;62;Meowth ex;1;1;6;0.1667;0.1667
6a963bc7629039f77d8a717f;2026-09-07;festival-lead;pokemon;ASC;39;Psyduck;2;2;6;0.3333;0.3333
6a963bc7629039f77d8a717f;2026-09-07;festival-lead;trainer;ASC;212;Tool Scrapper;2;2;6;0.3333;0.3333
6a963bc7629039f77d8a717f;2026-09-07;dragapult-ex;pokemon;ASC;39;Psyduck;1;1;38;0.0263;0.0263
6a963bc7629039f77d8a717f;2026-09-07;dragapult-blaziken;pokemon;TWM;39;Chi-Yu;3;3;7;0.4286;0.4286
6a963bc7629039f77d8a717f;2026-09-07;dragapult-blaziken;pokemon;JTG;56;Lillie's Clefairy ex;5;5;7;0.7143;0.7143
6a963bc7629039f77d8a717f;2026-09-07;lopunny-dusknoir;pokemon;TEF;68;Bronzor;4;2;3;1.3333;0.6667
6a963bc7629039f77d8a717f;2026-09-07;lopunny-dusknoir;pokemon;TEF;69;Bronzong;4;2;3;1.3333;0.6667
6a963bc7629039f77d8a717f;2026-09-07;lopunny-dusknoir;pokemon;MEG;104;Mega Kangaskhan ex;4;2;3;1.3333;0.6667
6a963bc7629039f77d8a717f;2026-09-07;lopunny-dusknoir;pokemon;ASC;16;Budew;2;2;3;0.6667;0.6667
6a963bc7629039f77d8a717f;2026-09-07;lopunny-dusknoir;pokemon;TEF;78;Flutter Mane;2;2;3;0.6667;0.6667
6a963bc7629039f77d8a717f;2026-09-07;lopunny-dusknoir;pokemon;SSP;76;Latias ex;2;2;3;0.6667;0.6667
6a963bc7629039f77d8a717f;2026-09-07;lopunny-dusknoir;trainer;TEF;145;Ciphermaniac's Codebreaking;4;2;3;1.3333;0.6667
6a963bc7629039f77d8a717f;2026-09-07;lopunny-dusknoir;trainer;MEG;130;Switch;8;2;3;2.6667;0.6667
6a963bc7629039f77d8a717f;2026-09-07;lopunny-dusknoir;trainer;CRI;82;Special Red Card;1;1;3;0.3333;0.3333
6a963bc7629039f77d8a717f;2026-09-07;lopunny-dusknoir;trainer;TWM;153;Jamming Tower;1;1;3;0.3333;0.3333
6a963bc7629039f77d8a717f;2026-09-07;lopunny-dusknoir;energy;POR;88;Telepathic Psychic Energy;8;2;3;2.6667;0.6667
6a963bc7629039f77d8a717f;2026-09-07;lopunny-dusknoir;energy;SSP;191;Enriching Energy;2;2;3;0.6667;0.6667
6a963bc7629039f77d8a717f;2026-09-07;mega-excadrill-ex;pokemon;ASC;39;Psyduck;1;1;9;0.1111;0.1111
6a963bc7629039f77d8a717f;2026-09-07;mega-excadrill-ex;trainer;CRI;79;Philippe;1;1;9;0.1111;0.1111
6a963bc7629039f77d8a717f;2026-09-07;mega-excadrill-ex;trainer;SFA;64;Xerosic's Machinations;1;1;9;0.1111;0.1111
6a963bc7629039f77d8a717f;2026-09-07;mega-excadrill-ex;trainer;DRI;180;Team Rocket's Watchtower;1;1;9;0.1111;0.1111
6a963bc7629039f77d8a717f;2026-09-07;mega-excadrill-ex;trainer;PFL;85;Battle Cage;1;1;9;0.1111;0.1111
6a963bc7629039f77d8a717f;2026-09-07;basic-box-m;pokemon;TEF;78;Flutter Mane;1;1;8;0.125;0.125
6a963bc7629039f77d8a717f;2026-09-07;lopunny-dudunsparce;pokemon;MEG;107;Buneary;3;1;5;0.6;0.2
6a963bc7629039f77d8a717f;2026-09-07;lopunny-dudunsparce;trainer;MEG;130;Switch;1;1;5;0.2;0.2
6a963bc7629039f77d8a717f;2026-09-07;lopunny-dudunsparce;trainer;TWM;153;Jamming Tower;1;1;5;0.2;0.2
6a963bc7629039f77d8a717f;2026-09-07;lopunny-dudunsparce;energy;MEE;2;Fire Energy;2;1;5;0.4;0.2
6a963bc7629039f77d8a717f;2026-09-07;dhelmise-pbl;pokemon;TWM;141;Bloodmoon Ursaluna ex;1;1;6;0.1667;0.1667
6a963bc7629039f77d8a717f;2026-09-07;dhelmise-pbl;trainer;DRI;168;Sacred Ash;1;1;6;0.1667;0.1667
6a963bc7629039f77d8a717f;2026-09-07;alakazam-dudunsparce;pokemon;SSP;70;Togepi;2;2;16;0.125;0.125
6a963bc7629039f77d8a717f;2026-09-07;alakazam-dudunsparce;pokemon;SSP;72;Togekiss;2;2;16;0.125;0.125
6a963bc7629039f77d8a717f;2026-09-07;sharpedo-toxtricity;pokemon;TWM;131;Tatsugiri;6;3;5;1.2;0.6
6a963bc7629039f77d8a717f;2026-09-07;sharpedo-toxtricity;trainer;DRI;176;Team Rocket's Petrel;6;3;5;1.2;0.6
6a963bc7629039f77d8a717f;2026-09-07;sharpedo-toxtricity;trainer;ASC;212;Tool Scrapper;1;1;5;0.2;0.2
6a963bc7629039f77d8a717f;2026-09-07;sharpedo-toxtricity;trainer;DRI;180;Team Rocket's Watchtower;4;3;5;0.8;0.6
6a963bc7629039f77d8a717f;2026-09-07;toucannon-pbl;pokemon;PBL;66;Pikipek;3;1;1;3.0;1.0
6a963bc7629039f77d8a717f;2026-09-07;toucannon-pbl;pokemon;PBL;67;Trumbeak;2;1;1;2.0;1.0
6a963bc7629039f77d8a717f;2026-09-07;toucannon-pbl;pokemon;PBL;68;Toucannon;3;1;1;3.0;1.0
6a963bc7629039f77d8a717f;2026-09-07;toucannon-pbl;pokemon;JTG;120;Dunsparce;2;1;1;2.0;1.0
6a963bc7629039f77d8a717f;2026-09-07;toucannon-pbl;pokemon;TEF;128;Dunsparce;1;1;1;1.0;1.0
6a963bc7629039f77d8a717f;2026-09-07;toucannon-pbl;pokemon;TEF;129;Dudunsparce;2;1;1;2.0;1.0
6a963bc7629039f77d8a717f;2026-09-07;toucannon-pbl;pokemon;PFL;83;Buneary;2;1;1;2.0;1.0
6a963bc7629039f77d8a717f;2026-09-07;toucannon-pbl;pokemon;PFL;84;Mega Lopunny ex;2;1;1;2.0;1.0
6a963bc7629039f77d8a717f;2026-09-07;toucannon-pbl;pokemon;SCR;118;Fan Rotom;2;1;1;2.0;1.0
6a963bc7629039f77d8a717f;2026-09-07;toucannon-pbl;pokemon;PFL;14;Moltres;1;1;1;1.0;1.0
6a963bc7629039f77d8a717f;2026-09-07;toucannon-pbl;pokemon;SFA;40;Genesect;1;1;1;1.0;1.0
6a963bc7629039f77d8a717f;2026-09-07;toucannon-pbl;trainer;WHT;84;Hilda;4;1;1;4.0;1.0
6a963bc7629039f77d8a717f;2026-09-07;toucannon-pbl;trainer;MEG;119;Lillie's Determination;3;1;1;3.0;1.0
6a963bc7629039f77d8a717f;2026-09-07;toucannon-pbl;trainer;MEG;114;Boss's Orders;3;1;1;3.0;1.0
6a963bc7629039f77d8a717f;2026-09-07;toucannon-pbl;trainer;MEG;132;Wally's Compassion;3;1;1;3.0;1.0
6a963bc7629039f77d8a717f;2026-09-07;toucannon-pbl;trainer;TEF;144;Buddy-Buddy Poffin;4;1;1;4.0;1.0
6a963bc7629039f77d8a717f;2026-09-07;toucannon-pbl;trainer;POR;81;Poké Pad;4;1;1;4.0;1.0
6a963bc7629039f77d8a717f;2026-09-07;toucannon-pbl;trainer;SVI;186;Pokégear 3.0;3;1;1;3.0;1.0
6a963bc7629039f77d8a717f;2026-09-07;toucannon-pbl;trainer;MEG;125;Rare Candy;2;1;1;2.0;1.0
6a963bc7629039f77d8a717f;2026-09-07;toucannon-pbl;trainer;ASC;196;Night Stretcher;1;1;1;1.0;1.0
6a963bc7629039f77d8a717f;2026-09-07;toucannon-pbl;trainer;CRI;82;Special Red Card;1;1;1;1.0;1.0
6a963bc7629039f77d8a717f;2026-09-07;toucannon-pbl;trainer;ASC;181;Air Balloon;3;1;1;3.0;1.0
6a963bc7629039f77d8a717f;2026-09-07;toucannon-pbl;trainer;PFL;85;Battle Cage;2;1;1;2.0;1.0
6a963bc7629039f77d8a717f;2026-09-07;toucannon-pbl;energy;TEF;161;Mist Energy;3;1;1;3.0;1.0
6a963bc7629039f77d8a717f;2026-09-07;toucannon-pbl;energy;MEE;2;Fire Energy;2;1;1;2.0;1.0
6a963bc7629039f77d8a717f;2026-09-07;toucannon-pbl;energy;SSP;191;Enriching Energy;1;1;1;1.0;1.0
6a963bc7629039f77d8a717f;2026-09-07;basic-box-m;pokemon;TEF;128;Dunsparce;3;1;8;0.375;0.125
6a963bc7629039f77d8a717f;2026-09-07;basic-box-m;pokemon;TEF;129;Dudunsparce;3;1;8;0.375;0.125
6a963bc7629039f77d8a717f;2026-09-07;basic-box-m;trainer;MEG;132;Wally's Compassion;1;1;8;0.125;0.125
6a963bc7629039f77d8a717f;2026-09-07;basic-box-m;trainer;PFL;91;Jumbo Ice Cream;2;1;8;0.25;0.125
6a963bc7629039f77d8a717f;2026-09-07;basic-box-m;trainer;TEF;144;Buddy-Buddy Poffin;1;1;8;0.125;0.125
6a963bc7629039f77d8a717f;2026-09-07;basic-box-m;trainer;POR;72;Energy Search;1;1;8;0.125;0.125
6a963bc7629039f77d8a717f;2026-09-07;basic-box-m;trainer;SSP;185;Precious Trolley;1;1;8;0.125;0.125
6a963bc7629039f77d8a717f;2026-09-07;basic-box-m;trainer;SVI;171;Energy Retrieval;1;1;8;0.125;0.125
6a963bc7629039f77d8a717f;2026-09-07;basic-box-m;trainer;SVI;186;Pokégear 3.0;1;1;8;0.125;0.125
6a963bc7629039f77d8a717f;2026-09-07;mega-greninja-ex;trainer;SVI;186;Pokégear 3.0;1;1;3;0.3333;0.3333
6a963bc7629039f77d8a717f;2026-09-07;mega-greninja-ex;trainer;POR;72;Energy Search;1;1;3;0.3333;0.3333
6a963bc7629039f77d8a717f;2026-09-07;dhelmise-pbl;trainer;SFA;64;Xerosic's Machinations;1;1;6;0.1667;0.1667
6a963bc7629039f77d8a717f;2026-09-07;dhelmise-pbl;trainer;TWM;155;Lana's Aid;1;1;6;0.1667;0.1667
6a963bc7629039f77d8a717f;2026-09-07;dhelmise-pbl;trainer;POR;82;Pokémon Catcher;4;1;6;0.6667;0.1667
6a963bc7629039f77d8a717f;2026-09-07;dhelmise-pbl;trainer;TEF;150;Hand Trimmer;1;1;6;0.1667;0.1667
6a963bc7629039f77d8a717f;2026-09-07;dhelmise-pbl;trainer;WHT;80;Brave Bangle;4;1;6;0.6667;0.1667
6a963bc7629039f77d8a717f;2026-09-07;dragapult-ex;pokemon;CRI;70;Patrat;1;1;38;0.0263;0.0263
6a963bc7629039f77d8a717f;2026-09-07;dragapult-ex;pokemon;SFA;40;Genesect;2;2;38;0.0526;0.0526
6a963bc7629039f77d8a717f;2026-09-07;dragapult-ex;trainer;TWM;150;Handheld Fan;3;3;38;0.0789;0.0789
6a963bc7629039f77d8a717f;2026-09-07;dragapult-ex;trainer;ASC;181;Air Balloon;2;2;38;0.0526;0.0526
6a963bc7629039f77d8a717f;2026-09-07;dragapult-ex;trainer;SCR;142;Sparkling Crystal;1;1;38;0.0263;0.0263
6a963bc7629039f77d8a717f;2026-09-07;dragapult-ex;trainer;MEG;125;Rare Candy;2;1;38;0.0526;0.0263
6a963bc7629039f77d8a717f;2026-09-07;mega-starmie-ex;pokemon;POR;20;Staryu;7;2;2;3.5;1.0
6a963bc7629039f77d8a717f;2026-09-07;mega-starmie-ex;pokemon;POR;21;Mega Starmie ex;5;2;2;2.5;1.0
6a963bc7629039f77d8a717f;2026-09-07;mega-starmie-ex;pokemon;TWM;128;Dreepy;2;1;2;1.0;0.5
6a963bc7629039f77d8a717f;2026-09-07;mega-starmie-ex;pokemon;TWM;129;Drakloak;2;1;2;1.0;0.5
6a963bc7629039f77d8a717f;2026-09-07;mega-starmie-ex;pokemon;ASC;46;Snorunt;5;2;2;2.5;1.0
6a963bc7629039f77d8a717f;2026-09-07;mega-starmie-ex;pokemon;ASC;47;Mega Froslass ex;5;2;2;2.5;1.0
6a963bc7629039f77d8a717f;2026-09-07;mega-starmie-ex;pokemon;POR;62;Meowth ex;1;1;2;0.5;0.5
6a963bc7629039f77d8a717f;2026-09-07;mega-starmie-ex;pokemon;DRI;10;Shaymin;1;1;2;0.5;0.5
6a963bc7629039f77d8a717f;2026-09-07;mega-starmie-ex;pokemon;ASC;142;Fezandipiti ex;1;1;2;0.5;0.5
6a963bc7629039f77d8a717f;2026-09-07;mega-starmie-ex;trainer;MEG;132;Wally's Compassion;6;2;2;3.0;1.0
6a963bc7629039f77d8a717f;2026-09-07;mega-starmie-ex;trainer;MEG;119;Lillie's Determination;6;2;2;3.0;1.0
6a963bc7629039f77d8a717f;2026-09-07;mega-starmie-ex;trainer;MEG;114;Boss's Orders;6;2;2;3.0;1.0
6a963bc7629039f77d8a717f;2026-09-07;mega-starmie-ex;trainer;WHT;84;Hilda;5;2;2;2.5;1.0
6a963bc7629039f77d8a717f;2026-09-07;mega-starmie-ex;trainer;TEF;160;Salvatore;4;2;2;2.0;1.0
6a963bc7629039f77d8a717f;2026-09-07;mega-starmie-ex;trainer;SFA;64;Xerosic's Machinations;1;1;2;0.5;0.5
6a963bc7629039f77d8a717f;2026-09-07;mega-starmie-ex;trainer;DRI;176;Team Rocket's Petrel;1;1;2;0.5;0.5
6a963bc7629039f77d8a717f;2026-09-07;mega-starmie-ex;trainer;POR;81;Poké Pad;8;2;2;4.0;1.0
6a963bc7629039f77d8a717f;2026-09-07;mega-starmie-ex;trainer;TEF;144;Buddy-Buddy Poffin;7;2;2;3.5;1.0
6a963bc7629039f77d8a717f;2026-09-07;mega-starmie-ex;trainer;MEG;131;Ultra Ball;6;2;2;3.0;1.0
6a963bc7629039f77d8a717f;2026-09-07;mega-starmie-ex;trainer;ASC;196;Night Stretcher;4;2;2;2.0;1.0
6a963bc7629039f77d8a717f;2026-09-07;mega-starmie-ex;trainer;MEG;130;Switch;3;2;2;1.5;1.0
6a963bc7629039f77d8a717f;2026-09-07;mega-starmie-ex;trainer;MEG;121;Mega Signal;1;1;2;0.5;0.5
6a963bc7629039f77d8a717f;2026-09-07;mega-starmie-ex;trainer;TEF;152;Hero's Cape;2;2;2;1.0;1.0
6a963bc7629039f77d8a717f;2026-09-07;mega-starmie-ex;trainer;PFL;85;Battle Cage;3;1;2;1.5;0.5
6a963bc7629039f77d8a717f;2026-09-07;mega-starmie-ex;energy;MEE;3;Water Energy;6;2;2;3.0;1.0
6a963bc7629039f77d8a717f;2026-09-07;mega-starmie-ex;energy;WHT;86;Ignition Energy;5;2;2;2.5;1.0
6a963bc7629039f77d8a717f;2026-09-07;mega-starmie-ex;energy;CRI;84;Bubbly Water Energy;5;2;2;2.5;1.0
6a963bc7629039f77d8a717f;2026-09-07;n-zoroark;pokemon;TWM;118;Brute Bonnet;1;1;20;0.05;0.05
6a963bc7629039f77d8a717f;2026-09-07;n-zoroark;trainer;MEG;130;Switch;2;2;20;0.1;0.1
6a963bc7629039f77d8a717f;2026-09-07;n-zoroark;trainer;SSP;177;Gravity Mountain;1;1;20;0.05;0.05
6a963bc7629039f77d8a717f;2026-09-07;hops-trevenant;pokemon;SSP;76;Latias ex;1;1;4;0.25;0.25
6a963bc7629039f77d8a717f;2026-09-07;rocket-mewtwo-ex;pokemon;DRI;82;Team Rocket's Wobbuffet;1;1;5;0.2;0.2
6a963bc7629039f77d8a717f;2026-09-07;rocket-mewtwo-ex;pokemon;ASC;162;Team Rocket's Kangaskhan ex;1;1;5;0.2;0.2
6a963bc7629039f77d8a717f;2026-09-07;rocket-mewtwo-ex;trainer;SFA;57;Colress's Tenacity;1;1;5;0.2;0.2
6a963bc7629039f77d8a717f;2026-09-07;rocket-mewtwo-ex;trainer;POR;81;Poké Pad;1;1;5;0.2;0.2
6a963bc7629039f77d8a717f;2026-09-07;rocket-mewtwo-ex;trainer;CRI;82;Special Red Card;1;1;5;0.2;0.2
6a963bc7629039f77d8a717f;2026-09-07;rocket-mewtwo-ex;trainer;TWM;153;Jamming Tower;1;1;5;0.2;0.2
6a963bc7629039f77d8a717f;2026-09-07;alakazam-dudunsparce;pokemon;BLK;40;Elgyem;3;3;16;0.1875;0.1875
6a963bc7629039f77d8a717f;2026-09-07;alakazam-dudunsparce;trainer;JTG;142;Billy & O'Nare;1;1;16;0.0625;0.0625
6a963bc7629039f77d8a717f;2026-09-07;alakazam-dudunsparce;trainer;ASC;197;Nighttime Mine;9;3;16;0.5625;0.1875
6a963bc7629039f77d8a717f;2026-09-07;kangaskhan-bouffalant;trainer;TEF;146;Eri;1;1;3;0.3333;0.3333
6a963bc7629039f77d8a717f;2026-09-07;raging-bolt-ogerpon;pokemon;SSP;111;Passimian;2;2;4;0.5;0.5
6a963bc7629039f77d8a717f;2026-09-07;raging-bolt-ogerpon;pokemon;TEF;78;Flutter Mane;1;1;4;0.25;0.25
6a963bc7629039f77d8a717f;2026-09-07;raging-bolt-ogerpon;trainer;CRI;82;Special Red Card;3;3;4;0.75;0.75
6a963bc7629039f77d8a717f;2026-09-07;raging-bolt-ogerpon;trainer;SVI;171;Energy Retrieval;1;1;4;0.25;0.25
6a963bc7629039f77d8a717f;2026-09-07;raging-bolt-ogerpon;trainer;MEG;119;Lillie's Determination;1;1;4;0.25;0.25
6a963bc7629039f77d8a717f;2026-09-07;dragapult-ex;trainer;TWM;154;Kieran;1;1;38;0.0263;0.0263
6a963bc7629039f77d8a717f;2026-09-07;dragapult-blaziken;trainer;TWM;153;Jamming Tower;2;2;7;0.2857;0.2857
6a963bc7629039f77d8a717f;2026-09-07;slowking-scr;trainer;TWM;155;Lana's Aid;1;1;12;0.0833;0.0833
6a963bc7629039f77d8a717f;2026-09-07;mega-chandelure-ex;pokemon;POR;30;Clefairy;1;1;2;0.5;0.5
6a963bc7629039f77d8a717f;2026-09-07;mega-chandelure-ex;trainer;PFL;87;Dawn;2;1;2;1.0;0.5
6a963bc7629039f77d8a717f;2026-09-07;mega-chandelure-ex;energy;TWM;167;Legacy Energy;1;1;2;0.5;0.5
6a963bc7629039f77d8a717f;2026-09-07;grimmsnarl-froslass;pokemon;DRI;10;Shaymin;2;2;5;0.4;0.4
6a963bc7629039f77d8a717f;2026-09-07;greninja-ex;pokemon;TWM;56;Froakie;3;1;3;1.0;0.3333
6a963bc7629039f77d8a717f;2026-09-07;greninja-ex;pokemon;TEF;128;Dunsparce;2;1;3;0.6667;0.3333
6a963bc7629039f77d8a717f;2026-09-07;greninja-ex;pokemon;TEF;129;Dudunsparce;2;1;3;0.6667;0.3333
6a963bc7629039f77d8a717f;2026-09-07;greninja-ex;trainer;DRI;168;Sacred Ash;1;1;3;0.3333;0.3333
6a963bc7629039f77d8a717f;2026-09-07;rockets-honchkrow;trainer;TWM;158;Lucky Helmet;2;2;5;0.4;0.4
6a963bc7629039f77d8a717f;2026-09-07;mega-lucario-ex;pokemon;DRI;10;Shaymin;1;1;2;0.5;0.5
6a963bc7629039f77d8a717f;2026-09-07;mega-lucario-ex;trainer;WHT;84;Hilda;3;1;2;1.5;0.5
6a963bc7629039f77d8a717f;2026-09-07;mega-lucario-ex;trainer;POR;71;Crushing Hammer;4;1;2;2.0;0.5
6a963bc7629039f77d8a717f;2026-09-07;mega-lucario-ex;trainer;ASC;196;Night Stretcher;1;1;2;0.5;0.5
6a963bc7629039f77d8a717f;2026-09-07;mega-lucario-ex;trainer;MEG;130;Switch;1;1;2;0.5;0.5
6a963bc7629039f77d8a717f;2026-09-07;mega-lucario-ex;trainer;TWM;165;Unfair Stamp;1;1;2;0.5;0.5
6a963bc7629039f77d8a717f;2026-09-07;mega-lucario-ex;energy;POR;87;Rocky Fighting Energy;2;1;2;1.0;0.5
6a963bc7629039f77d8a717f;2026-09-07;dragapult-dudunsparce;pokemon;TWM;128;Dreepy;4;1;1;4.0;1.0
6a963bc7629039f77d8a717f;2026-09-07;dragapult-dudunsparce;pokemon;TWM;129;Drakloak;4;1;1;4.0;1.0
6a963bc7629039f77d8a717f;2026-09-07;dragapult-dudunsparce;pokemon;TWM;130;Dragapult ex;3;1;1;3.0;1.0
6a963bc7629039f77d8a717f;2026-09-07;dragapult-dudunsparce;pokemon;JTG;120;Dunsparce;2;1;1;2.0;1.0
6a963bc7629039f77d8a717f;2026-09-07;dragapult-dudunsparce;pokemon;TEF;129;Dudunsparce;1;1;1;1.0;1.0
6a963bc7629039f77d8a717f;2026-09-07;dragapult-dudunsparce;pokemon;JTG;121;Dudunsparce ex;1;1;1;1.0;1.0
6a963bc7629039f77d8a717f;2026-09-07;dragapult-dudunsparce;pokemon;TWM;95;Munkidori;2;1;1;2.0;1.0
6a963bc7629039f77d8a717f;2026-09-07;dragapult-dudunsparce;pokemon;ASC;16;Budew;1;1;1;1.0;1.0
6a963bc7629039f77d8a717f;2026-09-07;dragapult-dudunsparce;pokemon;ASC;142;Fezandipiti ex;1;1;1;1.0;1.0
6a963bc7629039f77d8a717f;2026-09-07;dragapult-dudunsparce;pokemon;POR;62;Meowth ex;1;1;1;1.0;1.0
6a963bc7629039f77d8a717f;2026-09-07;dragapult-dudunsparce;pokemon;PFL;14;Moltres;1;1;1;1.0;1.0
6a963bc7629039f77d8a717f;2026-09-07;dragapult-dudunsparce;trainer;MEG;119;Lillie's Determination;4;1;1;4.0;1.0
6a963bc7629039f77d8a717f;2026-09-07;dragapult-dudunsparce;trainer;MEG;114;Boss's Orders;3;1;1;3.0;1.0
6a963bc7629039f77d8a717f;2026-09-07;dragapult-dudunsparce;trainer;SCR;133;Crispin;2;1;1;2.0;1.0
6a963bc7629039f77d8a717f;2026-09-07;dragapult-dudunsparce;trainer;SFA;64;Xerosic's Machinations;1;1;1;1.0;1.0
6a963bc7629039f77d8a717f;2026-09-07;dragapult-dudunsparce;trainer;POR;84;Rosa's Encouragement;1;1;1;1.0;1.0
6a963bc7629039f77d8a717f;2026-09-07;dragapult-dudunsparce;trainer;POR;81;Poké Pad;4;1;1;4.0;1.0
6a963bc7629039f77d8a717f;2026-09-07;dragapult-dudunsparce;trainer;TEF;144;Buddy-Buddy Poffin;4;1;1;4.0;1.0
6a963bc7629039f77d8a717f;2026-09-07;dragapult-dudunsparce;trainer;MEG;131;Ultra Ball;4;1;1;4.0;1.0
6a963bc7629039f77d8a717f;2026-09-07;dragapult-dudunsparce;trainer;ASC;196;Night Stretcher;3;1;1;3.0;1.0
6a963bc7629039f77d8a717f;2026-09-07;dragapult-dudunsparce;trainer;CRI;82;Special Red Card;1;1;1;1.0;1.0
6a963bc7629039f77d8a717f;2026-09-07;dragapult-dudunsparce;trainer;TEF;152;Hero's Cape;1;1;1;1.0;1.0
6a963bc7629039f77d8a717f;2026-09-07;dragapult-dudunsparce;trainer;MEG;127;Risky Ruins;2;1;1;2.0;1.0
6a963bc7629039f77d8a717f;2026-09-07;dragapult-dudunsparce;energy;MEE;2;Fire Energy;4;1;1;4.0;1.0
6a963bc7629039f77d8a717f;2026-09-07;dragapult-dudunsparce;energy;MEE;5;Psychic Energy;3;1;1;3.0;1.0
6a963bc7629039f77d8a717f;2026-09-07;dragapult-dudunsparce;energy;MEE;7;Darkness Energy;2;1;1;2.0;1.0
6a963bc7629039f77d8a717f;2026-09-07;ogerpon-meganium-hydrapple;pokemon;TWM;25;Teal Mask Ogerpon ex;8;2;2;4.0;1.0
6a963bc7629039f77d8a717f;2026-09-07;ogerpon-meganium-hydrapple;pokemon;MEG;8;Chikorita;2;1;2;1.0;0.5
6a963bc7629039f77d8a717f;2026-09-07;ogerpon-meganium-hydrapple;pokemon;MEG;9;Bayleef;3;2;2;1.5;1.0
6a963bc7629039f77d8a717f;2026-09-07;ogerpon-meganium-hydrapple;pokemon;ASC;9;Bayleef;1;1;2;0.5;0.5
6a963bc7629039f77d8a717f;2026-09-07;ogerpon-meganium-hydrapple;pokemon;MEG;10;Meganium;4;2;2;2.0;1.0
6a963bc7629039f77d8a717f;2026-09-07;ogerpon-meganium-hydrapple;pokemon;SCR;12;Applin;2;1;2;1.0;0.5
6a963bc7629039f77d8a717f;2026-09-07;ogerpon-meganium-hydrapple;pokemon;TWM;18;Dipplin;4;2;2;2.0;1.0
6a963bc7629039f77d8a717f;2026-09-07;ogerpon-meganium-hydrapple;pokemon;SCR;14;Hydrapple ex;4;2;2;2.0;1.0
6a963bc7629039f77d8a717f;2026-09-07;ogerpon-meganium-hydrapple;pokemon;MEG;12;Celebi;2;1;2;1.0;0.5
6a963bc7629039f77d8a717f;2026-09-07;ogerpon-meganium-hydrapple;pokemon;SFA;6;Tapu Bulu;2;2;2;1.0;1.0
6a963bc7629039f77d8a717f;2026-09-07;ogerpon-meganium-hydrapple;pokemon;POR;62;Meowth ex;2;2;2;1.0;1.0
6a963bc7629039f77d8a717f;2026-09-07;ogerpon-meganium-hydrapple;pokemon;ASC;142;Fezandipiti ex;2;2;2;1.0;1.0
6a963bc7629039f77d8a717f;2026-09-07;ogerpon-meganium-hydrapple;trainer;MEG;119;Lillie's Determination;8;2;2;4.0;1.0
6a963bc7629039f77d8a717f;2026-09-07;ogerpon-meganium-hydrapple;trainer;MEG;114;Boss's Orders;5;2;2;2.5;1.0
6a963bc7629039f77d8a717f;2026-09-07;ogerpon-meganium-hydrapple;trainer;PFL;87;Dawn;4;2;2;2.0;1.0
6a963bc7629039f77d8a717f;2026-09-07;ogerpon-meganium-hydrapple;trainer;TWM;155;Lana's Aid;3;2;2;1.5;1.0
6a963bc7629039f77d8a717f;2026-09-07;ogerpon-meganium-hydrapple;trainer;DRI;176;Team Rocket's Petrel;1;1;2;0.5;0.5
6a963bc7629039f77d8a717f;2026-09-07;ogerpon-meganium-hydrapple;trainer;MEG;131;Ultra Ball;6;2;2;3.0;1.0
6a963bc7629039f77d8a717f;2026-09-07;ogerpon-meganium-hydrapple;trainer;TWM;143;Bug Catching Set;8;2;2;4.0;1.0
6a963bc7629039f77d8a717f;2026-09-07;ogerpon-meganium-hydrapple;trainer;ASC;196;Night Stretcher;1;1;2;0.5;0.5
6a963bc7629039f77d8a717f;2026-09-07;ogerpon-meganium-hydrapple;trainer;DRI;168;Sacred Ash;1;1;2;0.5;0.5
6a963bc7629039f77d8a717f;2026-09-07;ogerpon-meganium-hydrapple;trainer;CRI;82;Special Red Card;2;2;2;1.0;1.0
6a963bc7629039f77d8a717f;2026-09-07;ogerpon-meganium-hydrapple;trainer;TWM;162;Scoop Up Cyclone;1;1;2;0.5;0.5
6a963bc7629039f77d8a717f;2026-09-07;ogerpon-meganium-hydrapple;trainer;MEG;117;Forest of Vitality;7;2;2;3.5;1.0
6a963bc7629039f77d8a717f;2026-09-07;ogerpon-meganium-hydrapple;energy;MEE;1;Grass Energy;25;2;2;12.5;1.0
6a963bc7629039f77d8a717f;2026-09-07;ogerpon-meganium-hydrapple;pokemon;ASC;8;Chikorita;2;1;2;1.0;0.5
6a963bc7629039f77d8a717f;2026-09-07;ogerpon-meganium-hydrapple;pokemon;TWM;17;Applin;2;1;2;1.0;0.5
6a963bc7629039f77d8a717f;2026-09-07;ogerpon-meganium-hydrapple;pokemon;SCR;114;Hoothoot;1;1;2;0.5;0.5
6a963bc7629039f77d8a717f;2026-09-07;ogerpon-meganium-hydrapple;pokemon;SCR;115;Noctowl;1;1;2;0.5;0.5
6a963bc7629039f77d8a717f;2026-09-07;ogerpon-meganium-hydrapple;trainer;POR;81;Poké Pad;4;1;2;2.0;0.5
6a963bc7629039f77d8a717f;2026-09-07;ogerpon-meganium-hydrapple;trainer;TWM;163;Secret Box;1;1;2;0.5;0.5
6a963bc7629039f77d8a717f;2026-09-07;ogerpon-meganium-hydrapple;trainer;ASC;181;Air Balloon;1;1;2;0.5;0.5
6a963bc7629039f77d8a717f;2026-09-07;mega-excadrill-ex;trainer;SSP;177;Gravity Mountain;2;2;9;0.2222;0.2222
6a963bc7629039f77d8a717f;2026-09-07;n-zoroark;pokemon;DRI;40;Torchic;3;1;20;0.15;0.05
6a963bc7629039f77d8a717f;2026-09-07;n-zoroark;pokemon;DRI;41;Combusken;1;1;20;0.05;0.05
6a963bc7629039f77d8a717f;2026-09-07;n-zoroark;pokemon;JTG;24;Blaziken ex;2;1;20;0.1;0.05
6a963bc7629039f77d8a717f;2026-09-07;n-zoroark;pokemon;JTG;56;Lillie's Clefairy ex;1;1;20;0.05;0.05
6a963bc7629039f77d8a717f;2026-09-07;n-zoroark;pokemon;TWM;39;Chi-Yu;1;1;20;0.05;0.05
6a963bc7629039f77d8a717f;2026-09-07;n-zoroark;pokemon;PFL;14;Moltres;1;1;20;0.05;0.05
6a963bc7629039f77d8a717f;2026-09-07;n-zoroark;trainer;WHT;84;Hilda;2;1;20;0.1;0.05
6a963bc7629039f77d8a717f;2026-09-07;n-zoroark;trainer;MEG;125;Rare Candy;3;1;20;0.15;0.05
6a963bc7629039f77d8a717f;2026-09-07;n-zoroark;energy;MEE;2;Fire Energy;2;1;20;0.1;0.05
6a963bc7629039f77d8a717f;2026-09-07;n-zoroark;energy;MEE;5;Psychic Energy;1;1;20;0.05;0.05
6a963bc7629039f77d8a717f;2026-09-07;cinccino-ex;pokemon;CRI;59;Beldum;4;1;1;4.0;1.0
6a963bc7629039f77d8a717f;2026-09-07;cinccino-ex;pokemon;TEF;114;Metang;4;1;1;4.0;1.0
6a963bc7629039f77d8a717f;2026-09-07;cinccino-ex;pokemon;CRI;61;Metagross;1;1;1;1.0;1.0
6a963bc7629039f77d8a717f;2026-09-07;cinccino-ex;pokemon;CRI;72;Minccino;3;1;1;3.0;1.0
6a963bc7629039f77d8a717f;2026-09-07;cinccino-ex;pokemon;CRI;73;Cinccino ex;3;1;1;3.0;1.0
6a963bc7629039f77d8a717f;2026-09-07;cinccino-ex;pokemon;BLK;67;Genesect ex;2;1;1;2.0;1.0
6a963bc7629039f77d8a717f;2026-09-07;cinccino-ex;trainer;MEG;119;Lillie's Determination;4;1;1;4.0;1.0
6a963bc7629039f77d8a717f;2026-09-07;cinccino-ex;trainer;DRI;176;Team Rocket's Petrel;4;1;1;4.0;1.0
6a963bc7629039f77d8a717f;2026-09-07;cinccino-ex;trainer;MEG;114;Boss's Orders;2;1;1;2.0;1.0
6a963bc7629039f77d8a717f;2026-09-07;cinccino-ex;trainer;DRI;178;Team Rocket's Transceiver;4;1;1;4.0;1.0
6a963bc7629039f77d8a717f;2026-09-07;cinccino-ex;trainer;MEG;131;Ultra Ball;2;1;1;2.0;1.0
6a963bc7629039f77d8a717f;2026-09-07;cinccino-ex;trainer;TEF;144;Buddy-Buddy Poffin;1;1;1;1.0;1.0
6a963bc7629039f77d8a717f;2026-09-07;cinccino-ex;trainer;DRI;164;Energy Recycler;1;1;1;1.0;1.0
6a963bc7629039f77d8a717f;2026-09-07;cinccino-ex;trainer;CRI;82;Special Red Card;1;1;1;1.0;1.0
6a963bc7629039f77d8a717f;2026-09-07;cinccino-ex;trainer;SSP;185;Precious Trolley;1;1;1;1.0;1.0
6a963bc7629039f77d8a717f;2026-09-07;cinccino-ex;trainer;PFL;85;Battle Cage;2;1;1;2.0;1.0
6a963bc7629039f77d8a717f;2026-09-07;cinccino-ex;energy;MEE;8;Metal Energy;21;1;1;21.0;1.0
6a963bc7629039f77d8a717f;2026-09-07;dragapult-dusknoir;pokemon;PBL;66;Pikipek;2;1;13;0.1538;0.0769
6a963bc7629039f77d8a717f;2026-09-07;dragapult-dusknoir;pokemon;PBL;68;Toucannon;2;1;13;0.1538;0.0769
6a963bc7629039f77d8a717f;2026-09-07;dragapult-dusknoir;trainer;SCR;142;Sparkling Crystal;1;1;13;0.0769;0.0769
6a963bc7629039f77d8a717f;2026-09-07;dragapult-dusknoir;trainer;SCR;131;Area Zero Underdepths;2;1;13;0.1538;0.0769
6a963bc7629039f77d8a717f;2026-09-07;lopunny-dudunsparce;pokemon;POR;30;Clefairy;2;1;5;0.4;0.2
6a963bc7629039f77d8a717f;2026-09-07;lopunny-dudunsparce;pokemon;TWM;79;Clefable;2;1;5;0.4;0.2
6a963bc7629039f77d8a717f;2026-09-07;lopunny-dudunsparce;pokemon;TWM;80;Abra;2;2;5;0.4;0.4
6a963bc7629039f77d8a717f;2026-09-07;lopunny-dudunsparce;pokemon;JTG;56;Lillie's Clefairy ex;1;1;5;0.2;0.2
6a963bc7629039f77d8a717f;2026-09-07;lopunny-dudunsparce;trainer;PFL;94;Wondrous Patch;2;1;5;0.4;0.2
6a963bc7629039f77d8a717f;2026-09-07;lopunny-dudunsparce;trainer;JTG;151;Lillie's Pearl;1;1;5;0.2;0.2
6a963bc7629039f77d8a717f;2026-09-07;lopunny-dudunsparce;trainer;ASC;197;Nighttime Mine;4;2;5;0.8;0.4
6a963bc7629039f77d8a717f;2026-09-07;lopunny-dudunsparce;energy;MEE;5;Psychic Energy;3;1;5;0.6;0.2
6a963bc7629039f77d8a717f;2026-09-07;mega-starmie-ex;pokemon;JTG;120;Dunsparce;4;1;2;2.0;0.5
6a963bc7629039f77d8a717f;2026-09-07;mega-starmie-ex;pokemon;TEF;129;Dudunsparce;4;1;2;2.0;0.5
6a963bc7629039f77d8a717f;2026-09-07;mega-starmie-ex;trainer;SVI;186;Pokégear 3.0;4;1;2;2.0;0.5
6a963bc7629039f77d8a717f;2026-09-07;basic-box-m;pokemon;ASC;121;Koraidon ex;1;1;8;0.125;0.125
6a963bc7629039f77d8a717f;2026-09-07;basic-box-m;pokemon;TWM;95;Munkidori;1;1;8;0.125;0.125
6a963bc7629039f77d8a717f;2026-09-07;basic-box-m;pokemon;SVP;149;Pecharunt;1;1;8;0.125;0.125
6a963bc7629039f77d8a717f;2026-09-07;basic-box-m;trainer;TWM;165;Unfair Stamp;1;1;8;0.125;0.125
6a963bc7629039f77d8a717f;2026-09-07;dragapult-ex;pokemon;TEF;128;Dunsparce;1;1;38;0.0263;0.0263
6a963bc7629039f77d8a717f;2026-09-07;dragapult-ex;pokemon;CRI;34;Deoxys;1;1;38;0.0263;0.0263
6a963bc7629039f77d8a717f;2026-09-07;dragapult-ex;trainer;TEF;157;Prime Catcher;1;1;38;0.0263;0.0263
6a963bc7629039f77d8a717f;2026-09-07;dragapult-blaziken;pokemon;DRI;10;Shaymin;3;3;7;0.4286;0.4286
6a963bc7629039f77d8a717f;2026-09-07;dragapult-blaziken;trainer;SCR;131;Area Zero Underdepths;3;3;7;0.4286;0.4286
6a963bc7629039f77d8a717f;2026-09-07;lopunny-dusknoir;trainer;TEF;160;Salvatore;1;1;3;0.3333;0.3333
6a963bc7629039f77d8a717f;2026-09-07;hops-trevenant;trainer;WHT;84;Hilda;1;1;4;0.25;0.25
6a963bc7629039f77d8a717f;2026-09-07;hops-trevenant;trainer;POR;82;Pokémon Catcher;3;1;4;0.75;0.25
6a963bc7629039f77d8a717f;2026-09-07;hops-trevenant;trainer;PFL;85;Battle Cage;1;1;4;0.25;0.25
6a963bc7629039f77d8a717f;2026-09-07;festival-lead;trainer;MEG;126;Repel;1;1;6;0.1667;0.1667
6a963bc7629039f77d8a717f;2026-09-07;festival-lead;trainer;MEG;117;Forest of Vitality;1;1;6;0.1667;0.1667
6a963bc7629039f77d8a717f;2026-09-07;grimmsnarl-froslass;trainer;TWM;165;Unfair Stamp;1;1;5;0.2;0.2
6a963bc7629039f77d8a717f;2026-09-07;alakazam-dudunsparce;pokemon;PFL;83;Buneary;1;1;16;0.0625;0.0625
6a963bc7629039f77d8a717f;2026-09-07;alakazam-dudunsparce;pokemon;PFL;84;Mega Lopunny ex;1;1;16;0.0625;0.0625
6a963bc7629039f77d8a717f;2026-09-07;alakazam-dudunsparce;trainer;MEG;130;Switch;1;1;16;0.0625;0.0625
6a963bc7629039f77d8a717f;2026-09-07;raging-bolt-ogerpon;pokemon;TWM;93;Enamorus;1;1;4;0.25;0.25
6a963bc7629039f77d8a717f;2026-09-07;raging-bolt-ogerpon;trainer;TEF;157;Prime Catcher;1;1;4;0.25;0.25
6a963bc7629039f77d8a717f;2026-09-07;raging-bolt-ogerpon;trainer;TWM;153;Jamming Tower;1;1;4;0.25;0.25
6a963bc7629039f77d8a717f;2026-09-07;rockets-honchkrow;trainer;WHT;80;Brave Bangle;2;1;5;0.4;0.2
6a963bc7629039f77d8a717f;2026-09-07;dragapult-blaziken;pokemon;MEG;31;Chi-Yu;1;1;7;0.1429;0.1429
6a963bc7629039f77d8a717f;2026-09-07;dragapult-blaziken;trainer;POR;76;Judge;1;1;7;0.1429;0.1429
6a963bc7629039f77d8a717f;2026-09-07;dragapult-ex;trainer;SSP;175;Dusk Ball;2;1;38;0.0526;0.0263
6a963bc7629039f77d8a717f;2026-09-07;dragapult-dusknoir;pokemon;ASC;39;Psyduck;1;1;13;0.0769;0.0769
6a963bc7629039f77d8a717f;2026-09-07;dragapult-dusknoir;trainer;CRI;83;Transformation Tome;4;1;13;0.3077;0.0769
6a963bc7629039f77d8a717f;2026-09-07;crustle-dri;pokemon;PBL;23;Electrike;2;1;8;0.25;0.125
6a963bc7629039f77d8a717f;2026-09-07;crustle-dri;pokemon;PBL;24;Manectric;2;1;8;0.25;0.125
6a963bc7629039f77d8a717f;2026-09-07;crustle-dri;pokemon;MEG;50;Mega Manectric ex;1;1;8;0.125;0.125
6a963bc7629039f77d8a717f;2026-09-07;crustle-dri;pokemon;ASC;39;Psyduck;1;1;8;0.125;0.125
6a963bc7629039f77d8a717f;2026-09-07;crustle-dri;trainer;CRI;76;AZ's Tranquility;1;1;8;0.125;0.125
6a963bc7629039f77d8a717f;2026-09-07;crustle-dri;trainer;ASC;196;Night Stretcher;1;1;8;0.125;0.125
6a963bc7629039f77d8a717f;2026-09-07;crustle-dri;trainer;JTG;156;Redeemable Ticket;1;1;8;0.125;0.125
6a963bc7629039f77d8a717f;2026-09-07;crustle-dri;energy;PBL;84;Voltaic Lightning Energy;4;1;8;0.5;0.125
6a963bc7629039f77d8a717f;2026-09-07;slowking-scr;pokemon;PBL;29;Slowpoke;4;1;12;0.3333;0.0833
6a963bc7629039f77d8a717f;2026-09-07;slowking-scr;pokemon;SSP;75;Smoochum;2;2;12;0.1667;0.1667
6a963bc7629039f77d8a717f;2026-09-07;slowking-scr;pokemon;SSP;45;Walrein;2;2;12;0.1667;0.1667
6a963bc7629039f77d8a717f;2026-09-07;slowking-scr;trainer;TEF;144;Buddy-Buddy Poffin;2;1;12;0.1667;0.0833
6a963bc7629039f77d8a717f;2026-09-07;slowking-scr;trainer;DRI;168;Sacred Ash;3;3;12;0.25;0.25
6a963bc7629039f77d8a717f;2026-09-07;mega-excadrill-ex;trainer;ASC;181;Air Balloon;1;1;9;0.1111;0.1111
6a963bc7629039f77d8a717f;2026-09-07;mega-excadrill-ex;energy;TEF;161;Mist Energy;2;1;9;0.2222;0.1111
6a963bc7629039f77d8a717f;2026-09-07;grimmsnarl-froslass;trainer;POR;71;Crushing Hammer;3;1;5;0.6;0.2
6a963bc7629039f77d8a717f;2026-09-07;grimmsnarl-froslass;trainer;SVI;186;Pokégear 3.0;1;1;5;0.2;0.2
6a963bc7629039f77d8a717f;2026-09-07;grimmsnarl-froslass;trainer;PBL;75;Dark Bell;1;1;5;0.2;0.2
6a963bc7629039f77d8a717f;2026-09-07;alakazam-dudunsparce;trainer;PBL;81;Rust Syndicate Grunt;2;1;16;0.125;0.0625
6a963bc7629039f77d8a717f;2026-09-07;slowking-scr;pokemon;ASC;46;Snorunt;1;1;12;0.0833;0.0833
6a963bc7629039f77d8a717f;2026-09-07;slowking-scr;pokemon;TWM;53;Froslass;1;1;12;0.0833;0.0833
6a963bc7629039f77d8a717f;2026-09-07;dragapult-dusknoir;trainer;WHT;84;Hilda;3;1;13;0.2308;0.0769
6a963bc7629039f77d8a717f;2026-09-07;lopunny-dudunsparce;pokemon;JTG;8;Maractus;1;1;5;0.2;0.2
6a963bc7629039f77d8a717f;2026-09-07;lopunny-dudunsparce;trainer;ASC;212;Tool Scrapper;1;1;5;0.2;0.2
6a963bc7629039f77d8a717f;2026-09-07;lopunny-dudunsparce;trainer;PBL;75;Dark Bell;1;1;5;0.2;0.2
6a963bc7629039f77d8a717f;2026-09-07;lopunny-dudunsparce;trainer;SSP;163;Babiri Berry;1;1;5;0.2;0.2
6a963bc7629039f77d8a717f;2026-09-07;lopunny-dudunsparce;trainer;TEF;152;Hero's Cape;1;1;5;0.2;0.2
6a963bc7629039f77d8a717f;2026-09-07;lopunny-dudunsparce;energy;PBL;84;Voltaic Lightning Energy;2;1;5;0.4;0.2
6a963bc7629039f77d8a717f;2026-09-07;slowking-scr;pokemon;PBL;31;Mega Slowbro ex;1;1;12;0.0833;0.0833
6a963bc7629039f77d8a717f;2026-09-07;slowking-scr;pokemon;WHT;40;Cofagrigus;1;1;12;0.0833;0.0833
6a963bc7629039f77d8a717f;2026-09-07;mega-abomasnow-ex;pokemon;MEG;35;Snover;4;1;1;4.0;1.0
6a963bc7629039f77d8a717f;2026-09-07;mega-abomasnow-ex;pokemon;MEG;36;Mega Abomasnow ex;4;1;1;4.0;1.0
6a963bc7629039f77d8a717f;2026-09-07;mega-abomasnow-ex;pokemon;MEG;34;Kyogre;2;1;1;2.0;1.0
6a963bc7629039f77d8a717f;2026-09-07;mega-abomasnow-ex;trainer;DRI;176;Team Rocket's Petrel;4;1;1;4.0;1.0
6a963bc7629039f77d8a717f;2026-09-07;mega-abomasnow-ex;trainer;PRE;115;Larry's Skill;2;1;1;2.0;1.0
6a963bc7629039f77d8a717f;2026-09-07;mega-abomasnow-ex;trainer;MEG;132;Wally's Compassion;2;1;1;2.0;1.0
6a963bc7629039f77d8a717f;2026-09-07;mega-abomasnow-ex;trainer;JTG;146;Brock's Scouting;2;1;1;2.0;1.0
6a963bc7629039f77d8a717f;2026-09-07;mega-abomasnow-ex;trainer;MEG;114;Boss's Orders;2;1;1;2.0;1.0
6a963bc7629039f77d8a717f;2026-09-07;mega-abomasnow-ex;trainer;POR;76;Judge;1;1;1;1.0;1.0
6a963bc7629039f77d8a717f;2026-09-07;mega-abomasnow-ex;trainer;WHT;84;Hilda;1;1;1;1.0;1.0
6a963bc7629039f77d8a717f;2026-09-07;mega-abomasnow-ex;trainer;ASC;215;Waitress;1;1;1;1.0;1.0
6a963bc7629039f77d8a717f;2026-09-07;mega-abomasnow-ex;trainer;MEG;131;Ultra Ball;2;1;1;2.0;1.0
6a963bc7629039f77d8a717f;2026-09-07;mega-abomasnow-ex;trainer;TEF;152;Hero's Cape;1;1;1;1.0;1.0
6a963bc7629039f77d8a717f;2026-09-07;mega-abomasnow-ex;energy;MEE;3;Water Energy;32;1;1;32.0;1.0
6a963bc7629039f77d8a717f;2026-09-07;rocket-mewtwo-ex;trainer;DRI;180;Team Rocket's Watchtower;1;1;5;0.2;0.2
6a963bc7629039f77d8a717f;2026-09-07;toxtricity-pfl;pokemon;PFL;67;Toxel;3;1;1;3.0;1.0
6a963bc7629039f77d8a717f;2026-09-07;toxtricity-pfl;pokemon;PFL;68;Toxtricity;3;1;1;3.0;1.0
6a963bc7629039f77d8a717f;2026-09-07;toxtricity-pfl;pokemon;PBL;48;Mega Darkrai ex;3;1;1;3.0;1.0
6a963bc7629039f77d8a717f;2026-09-07;toxtricity-pfl;pokemon;PBL;53;Nickit;1;1;1;1.0;1.0
6a963bc7629039f77d8a717f;2026-09-07;toxtricity-pfl;pokemon;PBL;54;Thievul;1;1;1;1.0;1.0
6a963bc7629039f77d8a717f;2026-09-07;toxtricity-pfl;pokemon;PBL;56;Zarude;1;1;1;1.0;1.0
6a963bc7629039f77d8a717f;2026-09-07;toxtricity-pfl;pokemon;PFL;62;Seviper;1;1;1;1.0;1.0
6a963bc7629039f77d8a717f;2026-09-07;toxtricity-pfl;pokemon;SFA;39;Pecharunt ex;1;1;1;1.0;1.0
6a963bc7629039f77d8a717f;2026-09-07;toxtricity-pfl;pokemon;TWM;95;Munkidori;1;1;1;1.0;1.0
6a963bc7629039f77d8a717f;2026-09-07;toxtricity-pfl;pokemon;ASC;142;Fezandipiti ex;1;1;1;1.0;1.0
6a963bc7629039f77d8a717f;2026-09-07;toxtricity-pfl;pokemon;POR;62;Meowth ex;1;1;1;1.0;1.0
6a963bc7629039f77d8a717f;2026-09-07;toxtricity-pfl;trainer;MEG;119;Lillie's Determination;4;1;1;4.0;1.0
6a963bc7629039f77d8a717f;2026-09-07;toxtricity-pfl;trainer;PFL;90;Grimsley's Move;2;1;1;2.0;1.0
6a963bc7629039f77d8a717f;2026-09-07;toxtricity-pfl;trainer;DRI;176;Team Rocket's Petrel;2;1;1;2.0;1.0
6a963bc7629039f77d8a717f;2026-09-07;toxtricity-pfl;trainer;MEG;114;Boss's Orders;2;1;1;2.0;1.0
6a963bc7629039f77d8a717f;2026-09-07;toxtricity-pfl;trainer;PRE;112;Janine's Secret Art;1;1;1;1.0;1.0
6a963bc7629039f77d8a717f;2026-09-07;toxtricity-pfl;trainer;SSP;179;Lisia's Appeal;1;1;1;1.0;1.0
6a963bc7629039f77d8a717f;2026-09-07;toxtricity-pfl;trainer;POR;81;Poké Pad;4;1;1;4.0;1.0
6a963bc7629039f77d8a717f;2026-09-07;toxtricity-pfl;trainer;MEG;131;Ultra Ball;4;1;1;4.0;1.0
6a963bc7629039f77d8a717f;2026-09-07;toxtricity-pfl;trainer;PBL;75;Dark Bell;2;1;1;2.0;1.0
6a963bc7629039f77d8a717f;2026-09-07;toxtricity-pfl;trainer;TEF;144;Buddy-Buddy Poffin;2;1;1;2.0;1.0
6a963bc7629039f77d8a717f;2026-09-07;toxtricity-pfl;trainer;DRI;164;Energy Recycler;1;1;1;1.0;1.0
6a963bc7629039f77d8a717f;2026-09-07;toxtricity-pfl;trainer;ASC;196;Night Stretcher;1;1;1;1.0;1.0
6a963bc7629039f77d8a717f;2026-09-07;toxtricity-pfl;trainer;SFA;58;Dangerous Laser;1;1;1;1.0;1.0
6a963bc7629039f77d8a717f;2026-09-07;toxtricity-pfl;trainer;CRI;82;Special Red Card;1;1;1;1.0;1.0
6a963bc7629039f77d8a717f;2026-09-07;toxtricity-pfl;trainer;ASC;181;Air Balloon;1;1;1;1.0;1.0
6a963bc7629039f77d8a717f;2026-09-07;toxtricity-pfl;trainer;PRE;95;Binding Mochi;1;1;1;1.0;1.0
6a963bc7629039f77d8a717f;2026-09-07;toxtricity-pfl;trainer;SSP;180;Lively Stadium;2;1;1;2.0;1.0
6a963bc7629039f77d8a717f;2026-09-07;toxtricity-pfl;energy;MEE;7;Darkness Energy;10;1;1;10.0;1.0
6a963bc7629039f77d8a717f;2026-09-07;toxtricity-pfl;energy;PBL;83;Shadowy Darkness Energy;1;1;1;1.0;1.0
6a963bc7629039f77d8a717f;2026-09-07;dragapult-ex;pokemon;TEF;68;Bronzor;1;1;38;0.0263;0.0263
6a963bc7629039f77d8a717f;2026-09-07;dragapult-ex;pokemon;TEF;69;Bronzong;1;1;38;0.0263;0.0263
6a963bc7629039f77d8a717f;2026-09-07;dragapult-blaziken;trainer;POR;84;Rosa's Encouragement;1;1;7;0.1429;0.1429
6a963bc7629039f77d8a717f;2026-09-07;dragapult-blaziken;trainer;POR;71;Crushing Hammer;1;1;7;0.1429;0.1429
6a963bc7629039f77d8a717f;2026-09-07;dragapult-blaziken;pokemon;PFL;14;Moltres;1;1;7;0.1429;0.1429
6a963bc7629039f77d8a717f;2026-09-07;mega-darkrai-ex;pokemon;PFL;54;Gastly;2;1;3;0.6667;0.3333
6a963bc7629039f77d8a717f;2026-09-07;mega-darkrai-ex;pokemon;PFL;55;Haunter;1;1;3;0.3333;0.3333
6a963bc7629039f77d8a717f;2026-09-07;mega-darkrai-ex;pokemon;PFL;56;Mega Gengar ex;2;1;3;0.6667;0.3333
6a963bc7629039f77d8a717f;2026-09-07;mega-darkrai-ex;pokemon;PFL;67;Toxel;4;2;3;1.3333;0.6667
6a963bc7629039f77d8a717f;2026-09-07;mega-darkrai-ex;pokemon;PFL;68;Toxtricity;4;2;3;1.3333;0.6667
6a963bc7629039f77d8a717f;2026-09-07;mega-darkrai-ex;pokemon;JTG;97;N's Zorua;1;1;3;0.3333;0.3333
6a963bc7629039f77d8a717f;2026-09-07;mega-darkrai-ex;pokemon;JTG;98;N's Zoroark ex;1;1;3;0.3333;0.3333
6a963bc7629039f77d8a717f;2026-09-07;mega-darkrai-ex;pokemon;ASC;142;Fezandipiti ex;2;2;3;0.6667;0.6667
6a963bc7629039f77d8a717f;2026-09-07;mega-darkrai-ex;pokemon;JTG;116;N's Reshiram;1;1;3;0.3333;0.3333
6a963bc7629039f77d8a717f;2026-09-07;mega-darkrai-ex;pokemon;ASC;143;Pecharunt;1;1;3;0.3333;0.3333
6a963bc7629039f77d8a717f;2026-09-07;mega-darkrai-ex;trainer;MEG;119;Lillie's Determination;7;2;3;2.3333;0.6667
6a963bc7629039f77d8a717f;2026-09-07;mega-darkrai-ex;trainer;PFL;90;Grimsley's Move;2;1;3;0.6667;0.3333
6a963bc7629039f77d8a717f;2026-09-07;mega-darkrai-ex;trainer;WHT;84;Hilda;1;1;3;0.3333;0.3333
6a963bc7629039f77d8a717f;2026-09-07;mega-darkrai-ex;trainer;ASC;196;Night Stretcher;5;2;3;1.6667;0.6667
6a963bc7629039f77d8a717f;2026-09-07;mega-darkrai-ex;trainer;TEF;144;Buddy-Buddy Poffin;2;1;3;0.6667;0.3333
6a963bc7629039f77d8a717f;2026-09-07;mega-darkrai-ex;trainer;MEG;125;Rare Candy;2;1;3;0.6667;0.3333
6a963bc7629039f77d8a717f;2026-09-07;mega-darkrai-ex;trainer;MEG;131;Ultra Ball;3;2;3;1.0;0.6667
6a963bc7629039f77d8a717f;2026-09-07;mega-darkrai-ex;trainer;DRI;164;Energy Recycler;1;1;3;0.3333;0.3333
6a963bc7629039f77d8a717f;2026-09-07;mega-darkrai-ex;trainer;POR;81;Poké Pad;1;1;3;0.3333;0.3333
6a963bc7629039f77d8a717f;2026-09-07;mega-darkrai-ex;trainer;DRI;173;Team Rocket's Factory;1;1;3;0.3333;0.3333
6a963bc7629039f77d8a717f;2026-09-07;mega-darkrai-ex;energy;TWM;167;Legacy Energy;2;2;3;0.6667;0.6667
6a963bc7629039f77d8a717f;2026-09-07;mega-darkrai-ex;energy;PBL;83;Shadowy Darkness Energy;1;1;3;0.3333;0.3333
6a963bc7629039f77d8a717f;2026-09-07;mega-darkrai-ex;pokemon;MEG;28;Cinderace;3;1;3;1.0;0.3333
6a963bc7629039f77d8a717f;2026-09-07;mega-darkrai-ex;pokemon;PFL;60;Carvanha;2;1;3;0.6667;0.3333
6a963bc7629039f77d8a717f;2026-09-07;mega-darkrai-ex;pokemon;PFL;61;Mega Sharpedo ex;2;1;3;0.6667;0.3333
6a963bc7629039f77d8a717f;2026-09-07;mega-darkrai-ex;pokemon;ASC;39;Psyduck;1;1;3;0.3333;0.3333
6a963bc7629039f77d8a717f;2026-09-07;mega-darkrai-ex;pokemon;TWM;141;Bloodmoon Ursaluna ex;1;1;3;0.3333;0.3333
6a963bc7629039f77d8a717f;2026-09-07;mega-darkrai-ex;trainer;PFL;91;Jumbo Ice Cream;2;1;3;0.6667;0.3333
6a963bc7629039f77d8a717f;2026-09-07;mega-darkrai-ex;trainer;SVI;171;Energy Retrieval;1;1;3;0.3333;0.3333
6a963bc7629039f77d8a717f;2026-09-07;mega-darkrai-ex;trainer;MEG;130;Switch;1;1;3;0.3333;0.3333
6a963bc7629039f77d8a717f;2026-09-07;mega-darkrai-ex;trainer;ASC;181;Air Balloon;1;1;3;0.3333;0.3333
6a963bc7629039f77d8a717f;2026-09-07;mega-darkrai-ex;trainer;MEG;127;Risky Ruins;1;1;3;0.3333;0.3333
6a963bc7629039f77d8a717f;2026-09-07;mega-darkrai-ex;trainer;PFL;85;Battle Cage;1;1;3;0.3333;0.3333
6a9ebc30ab080c8c957fcc9c;2026-09-07;dragapult-dusknoir;pokemon;TWM;128;Dreepy;23;6;6;3.8333;1.0
6a9ebc30ab080c8c957fcc9c;2026-09-07;dragapult-dusknoir;pokemon;TWM;129;Drakloak;23;6;6;3.8333;1.0
6a9ebc30ab080c8c957fcc9c;2026-09-07;dragapult-dusknoir;pokemon;TWM;130;Dragapult ex;16;6;6;2.6667;1.0
6a9ebc30ab080c8c957fcc9c;2026-09-07;dragapult-dusknoir;pokemon;PRE;35;Duskull;12;6;6;2.0;1.0
6a9ebc30ab080c8c957fcc9c;2026-09-07;dragapult-dusknoir;pokemon;PRE;36;Dusclops;10;5;6;1.6667;0.8333
6a9ebc30ab080c8c957fcc9c;2026-09-07;dragapult-dusknoir;pokemon;PRE;37;Dusknoir;7;6;6;1.1667;1.0
6a9ebc30ab080c8c957fcc9c;2026-09-07;dragapult-dusknoir;pokemon;ASC;16;Budew;10;6;6;1.6667;1.0
6a9ebc30ab080c8c957fcc9c;2026-09-07;dragapult-dusknoir;pokemon;POR;62;Meowth ex;7;6;6;1.1667;1.0
6a9ebc30ab080c8c957fcc9c;2026-09-07;dragapult-dusknoir;pokemon;TWM;95;Munkidori;5;5;6;0.8333;0.8333
6a9ebc30ab080c8c957fcc9c;2026-09-07;dragapult-dusknoir;pokemon;PFL;14;Moltres;3;3;6;0.5;0.5
6a9ebc30ab080c8c957fcc9c;2026-09-07;dragapult-dusknoir;pokemon;ASC;142;Fezandipiti ex;6;6;6;1.0;1.0
6a9ebc30ab080c8c957fcc9c;2026-09-07;dragapult-dusknoir;trainer;MEG;119;Lillie's Determination;24;6;6;4.0;1.0
6a9ebc30ab080c8c957fcc9c;2026-09-07;dragapult-dusknoir;trainer;MEG;114;Boss's Orders;18;6;6;3.0;1.0
6a9ebc30ab080c8c957fcc9c;2026-09-07;dragapult-dusknoir;trainer;SCR;133;Crispin;11;6;6;1.8333;1.0
6a9ebc30ab080c8c957fcc9c;2026-09-07;dragapult-dusknoir;trainer;PFL;87;Dawn;4;3;6;0.6667;0.5
6a9ebc30ab080c8c957fcc9c;2026-09-07;dragapult-dusknoir;trainer;POR;84;Rosa's Encouragement;4;4;6;0.6667;0.6667
6a9ebc30ab080c8c957fcc9c;2026-09-07;dragapult-dusknoir;trainer;TEF;144;Buddy-Buddy Poffin;23;6;6;3.8333;1.0
6a9ebc30ab080c8c957fcc9c;2026-09-07;dragapult-dusknoir;trainer;POR;81;Poké Pad;23;6;6;3.8333;1.0
6a9ebc30ab080c8c957fcc9c;2026-09-07;dragapult-dusknoir;trainer;MEG;131;Ultra Ball;20;6;6;3.3333;1.0
6a9ebc30ab080c8c957fcc9c;2026-09-07;dragapult-dusknoir;trainer;ASC;196;Night Stretcher;17;6;6;2.8333;1.0
6a9ebc30ab080c8c957fcc9c;2026-09-07;dragapult-dusknoir;trainer;MEG;125;Rare Candy;10;4;6;1.6667;0.6667
6a9ebc30ab080c8c957fcc9c;2026-09-07;dragapult-dusknoir;trainer;CRI;82;Special Red Card;5;5;6;0.8333;0.8333
6a9ebc30ab080c8c957fcc9c;2026-09-07;dragapult-dusknoir;trainer;TWM;165;Unfair Stamp;5;5;6;0.8333;0.8333
6a9ebc30ab080c8c957fcc9c;2026-09-07;dragapult-dusknoir;trainer;TWM;153;Jamming Tower;4;4;6;0.6667;0.6667
6a9ebc30ab080c8c957fcc9c;2026-09-07;dragapult-dusknoir;trainer;DRI;180;Team Rocket's Watchtower;3;3;6;0.5;0.5
6a9ebc30ab080c8c957fcc9c;2026-09-07;dragapult-dusknoir;energy;MEE;5;Psychic Energy;19;6;6;3.1667;1.0
6a9ebc30ab080c8c957fcc9c;2026-09-07;dragapult-dusknoir;energy;MEE;2;Fire Energy;19;6;6;3.1667;1.0
6a9ebc30ab080c8c957fcc9c;2026-09-07;dragapult-dusknoir;energy;MEE;7;Darkness Energy;9;5;6;1.5;0.8333
6a9ebc30ab080c8c957fcc9c;2026-09-07;dragapult-ex;pokemon;TWM;128;Dreepy;68;17;17;4.0;1.0
6a9ebc30ab080c8c957fcc9c;2026-09-07;dragapult-ex;pokemon;TWM;129;Drakloak;68;17;17;4.0;1.0
6a9ebc30ab080c8c957fcc9c;2026-09-07;dragapult-ex;pokemon;TWM;130;Dragapult ex;50;17;17;2.9412;1.0
6a9ebc30ab080c8c957fcc9c;2026-09-07;dragapult-ex;pokemon;ASC;16;Budew;28;17;17;1.6471;1.0
6a9ebc30ab080c8c957fcc9c;2026-09-07;dragapult-ex;pokemon;TWM;95;Munkidori;30;16;17;1.7647;0.9412
6a9ebc30ab080c8c957fcc9c;2026-09-07;dragapult-ex;pokemon;JTG;120;Dunsparce;7;7;17;0.4118;0.4118
6a9ebc30ab080c8c957fcc9c;2026-09-07;dragapult-ex;pokemon;TEF;129;Dudunsparce;7;7;17;0.4118;0.4118
6a9ebc30ab080c8c957fcc9c;2026-09-07;dragapult-ex;pokemon;ASC;142;Fezandipiti ex;17;17;17;1.0;1.0
6a9ebc30ab080c8c957fcc9c;2026-09-07;dragapult-ex;pokemon;POR;62;Meowth ex;17;17;17;1.0;1.0
6a9ebc30ab080c8c957fcc9c;2026-09-07;dragapult-ex;trainer;MEG;119;Lillie's Determination;68;17;17;4.0;1.0
6a9ebc30ab080c8c957fcc9c;2026-09-07;dragapult-ex;trainer;MEG;114;Boss's Orders;50;17;17;2.9412;1.0
6a9ebc30ab080c8c957fcc9c;2026-09-07;dragapult-ex;trainer;SCR;133;Crispin;37;17;17;2.1765;1.0
6a9ebc30ab080c8c957fcc9c;2026-09-07;dragapult-ex;trainer;POR;84;Rosa's Encouragement;16;16;17;0.9412;0.9412
6a9ebc30ab080c8c957fcc9c;2026-09-07;dragapult-ex;trainer;POR;71;Crushing Hammer;64;16;17;3.7647;0.9412
6a9ebc30ab080c8c957fcc9c;2026-09-07;dragapult-ex;trainer;TEF;144;Buddy-Buddy Poffin;67;17;17;3.9412;1.0
6a9ebc30ab080c8c957fcc9c;2026-09-07;dragapult-ex;trainer;MEG;131;Ultra Ball;56;17;17;3.2941;1.0
6a9ebc30ab080c8c957fcc9c;2026-09-07;dragapult-ex;trainer;POR;81;Poké Pad;67;17;17;3.9412;1.0
6a9ebc30ab080c8c957fcc9c;2026-09-07;dragapult-ex;trainer;ASC;196;Night Stretcher;44;17;17;2.5882;1.0
6a9ebc30ab080c8c957fcc9c;2026-09-07;dragapult-ex;trainer;TWM;165;Unfair Stamp;16;16;17;0.9412;0.9412
6a9ebc30ab080c8c957fcc9c;2026-09-07;dragapult-ex;trainer;CRI;82;Special Red Card;17;17;17;1.0;1.0
6a9ebc30ab080c8c957fcc9c;2026-09-07;dragapult-ex;trainer;ASC;212;Tool Scrapper;1;1;17;0.0588;0.0588
6a9ebc30ab080c8c957fcc9c;2026-09-07;dragapult-ex;trainer;MEG;127;Risky Ruins;28;15;17;1.6471;0.8824
6a9ebc30ab080c8c957fcc9c;2026-09-07;dragapult-ex;energy;MEE;5;Psychic Energy;51;17;17;3.0;1.0
6a9ebc30ab080c8c957fcc9c;2026-09-07;dragapult-ex;energy;MEE;7;Darkness Energy;36;16;17;2.1176;0.9412
6a9ebc30ab080c8c957fcc9c;2026-09-07;dragapult-ex;energy;MEE;2;Fire Energy;56;17;17;3.2941;1.0
6a9ebc30ab080c8c957fcc9c;2026-09-07;dragapult-blaziken;pokemon;TWM;128;Dreepy;28;7;7;4.0;1.0
6a9ebc30ab080c8c957fcc9c;2026-09-07;dragapult-blaziken;pokemon;TWM;129;Drakloak;28;7;7;4.0;1.0
6a9ebc30ab080c8c957fcc9c;2026-09-07;dragapult-blaziken;pokemon;TWM;130;Dragapult ex;14;7;7;2.0;1.0
6a9ebc30ab080c8c957fcc9c;2026-09-07;dragapult-blaziken;pokemon;DRI;40;Torchic;14;7;7;2.0;1.0
6a9ebc30ab080c8c957fcc9c;2026-09-07;dragapult-blaziken;pokemon;DRI;41;Combusken;7;7;7;1.0;1.0
6a9ebc30ab080c8c957fcc9c;2026-09-07;dragapult-blaziken;pokemon;JTG;24;Blaziken ex;14;7;7;2.0;1.0
6a9ebc30ab080c8c957fcc9c;2026-09-07;dragapult-blaziken;pokemon;TWM;95;Munkidori;13;7;7;1.8571;1.0
6a9ebc30ab080c8c957fcc9c;2026-09-07;dragapult-blaziken;pokemon;ASC;142;Fezandipiti ex;7;7;7;1.0;1.0
6a9ebc30ab080c8c957fcc9c;2026-09-07;dragapult-blaziken;pokemon;ASC;16;Budew;8;7;7;1.1429;1.0
6a9ebc30ab080c8c957fcc9c;2026-09-07;dragapult-blaziken;pokemon;POR;62;Meowth ex;7;7;7;1.0;1.0
6a9ebc30ab080c8c957fcc9c;2026-09-07;dragapult-blaziken;trainer;MEG;119;Lillie's Determination;28;7;7;4.0;1.0
6a9ebc30ab080c8c957fcc9c;2026-09-07;dragapult-blaziken;trainer;MEG;114;Boss's Orders;21;7;7;3.0;1.0
6a9ebc30ab080c8c957fcc9c;2026-09-07;dragapult-blaziken;trainer;SCR;133;Crispin;13;7;7;1.8571;1.0
6a9ebc30ab080c8c957fcc9c;2026-09-07;dragapult-blaziken;trainer;PFL;87;Dawn;6;6;7;0.8571;0.8571
6a9ebc30ab080c8c957fcc9c;2026-09-07;dragapult-blaziken;trainer;POR;76;Judge;4;4;7;0.5714;0.5714
6a9ebc30ab080c8c957fcc9c;2026-09-07;dragapult-blaziken;trainer;MEG;131;Ultra Ball;26;7;7;3.7143;1.0
6a9ebc30ab080c8c957fcc9c;2026-09-07;dragapult-blaziken;trainer;TEF;144;Buddy-Buddy Poffin;28;7;7;4.0;1.0
6a9ebc30ab080c8c957fcc9c;2026-09-07;dragapult-blaziken;trainer;POR;81;Poké Pad;25;7;7;3.5714;1.0
6a9ebc30ab080c8c957fcc9c;2026-09-07;dragapult-blaziken;trainer;MEG;125;Rare Candy;18;7;7;2.5714;1.0
6a9ebc30ab080c8c957fcc9c;2026-09-07;dragapult-blaziken;trainer;ASC;196;Night Stretcher;14;7;7;2.0;1.0
6a9ebc30ab080c8c957fcc9c;2026-09-07;dragapult-blaziken;trainer;CRI;82;Special Red Card;7;7;7;1.0;1.0
6a9ebc30ab080c8c957fcc9c;2026-09-07;dragapult-blaziken;trainer;TWM;165;Unfair Stamp;7;7;7;1.0;1.0
6a9ebc30ab080c8c957fcc9c;2026-09-07;dragapult-blaziken;trainer;MEG;127;Risky Ruins;7;6;7;1.0;0.8571
6a9ebc30ab080c8c957fcc9c;2026-09-07;dragapult-blaziken;trainer;DRI;180;Team Rocket's Watchtower;3;3;7;0.4286;0.4286
6a9ebc30ab080c8c957fcc9c;2026-09-07;dragapult-blaziken;energy;MEE;5;Psychic Energy;21;7;7;3.0;1.0
6a9ebc30ab080c8c957fcc9c;2026-09-07;dragapult-blaziken;energy;MEE;2;Fire Energy;22;7;7;3.1429;1.0
6a9ebc30ab080c8c957fcc9c;2026-09-07;dragapult-blaziken;energy;MEE;7;Darkness Energy;14;7;7;2.0;1.0
6a9ebc30ab080c8c957fcc9c;2026-09-07;grimmsnarl-froslass;pokemon;DRI;134;Marnie's Impidimp;13;4;4;3.25;1.0
6a9ebc30ab080c8c957fcc9c;2026-09-07;grimmsnarl-froslass;pokemon;DRI;135;Marnie's Morgrem;9;4;4;2.25;1.0
6a9ebc30ab080c8c957fcc9c;2026-09-07;grimmsnarl-froslass;pokemon;DRI;136;Marnie's Grimmsnarl ex;11;4;4;2.75;1.0
6a9ebc30ab080c8c957fcc9c;2026-09-07;grimmsnarl-froslass;pokemon;TWM;95;Munkidori;16;4;4;4.0;1.0
6a9ebc30ab080c8c957fcc9c;2026-09-07;grimmsnarl-froslass;pokemon;ASC;46;Snorunt;10;4;4;2.5;1.0
6a9ebc30ab080c8c957fcc9c;2026-09-07;grimmsnarl-froslass;pokemon;TWM;53;Froslass;10;4;4;2.5;1.0
6a9ebc30ab080c8c957fcc9c;2026-09-07;grimmsnarl-froslass;pokemon;DRI;10;Shaymin;3;3;4;0.75;0.75
6a9ebc30ab080c8c957fcc9c;2026-09-07;grimmsnarl-froslass;pokemon;ASC;16;Budew;4;4;4;1.0;1.0
6a9ebc30ab080c8c957fcc9c;2026-09-07;grimmsnarl-froslass;trainer;MEG;119;Lillie's Determination;16;4;4;4.0;1.0
6a9ebc30ab080c8c957fcc9c;2026-09-07;grimmsnarl-froslass;trainer;DRI;176;Team Rocket's Petrel;12;4;4;3.0;1.0
6a9ebc30ab080c8c957fcc9c;2026-09-07;grimmsnarl-froslass;trainer;MEG;114;Boss's Orders;12;4;4;3.0;1.0
6a9ebc30ab080c8c957fcc9c;2026-09-07;grimmsnarl-froslass;trainer;PBL;78;Gwynn;3;2;4;0.75;0.5
6a9ebc30ab080c8c957fcc9c;2026-09-07;grimmsnarl-froslass;trainer;POR;81;Poké Pad;16;4;4;4.0;1.0
6a9ebc30ab080c8c957fcc9c;2026-09-07;grimmsnarl-froslass;trainer;TEF;144;Buddy-Buddy Poffin;12;4;4;3.0;1.0
6a9ebc30ab080c8c957fcc9c;2026-09-07;grimmsnarl-froslass;trainer;ASC;196;Night Stretcher;11;4;4;2.75;1.0
6a9ebc30ab080c8c957fcc9c;2026-09-07;grimmsnarl-froslass;trainer;MEG;125;Rare Candy;7;4;4;1.75;1.0
6a9ebc30ab080c8c957fcc9c;2026-09-07;grimmsnarl-froslass;trainer;CRI;82;Special Red Card;4;4;4;1.0;1.0
6a9ebc30ab080c8c957fcc9c;2026-09-07;grimmsnarl-froslass;trainer;TWM;163;Secret Box;2;2;4;0.5;0.5
6a9ebc30ab080c8c957fcc9c;2026-09-07;grimmsnarl-froslass;trainer;ASC;181;Air Balloon;4;4;4;1.0;1.0
6a9ebc30ab080c8c957fcc9c;2026-09-07;grimmsnarl-froslass;trainer;DRI;169;Spikemuth Gym;13;4;4;3.25;1.0
6a9ebc30ab080c8c957fcc9c;2026-09-07;grimmsnarl-froslass;energy;MEE;7;Darkness Energy;34;4;4;8.5;1.0
6a9ebc30ab080c8c957fcc9c;2026-09-07;slowking-scr;pokemon;SCR;57;Slowpoke;27;7;7;3.8571;1.0
6a9ebc30ab080c8c957fcc9c;2026-09-07;slowking-scr;pokemon;SCR;58;Slowking;21;7;7;3.0;1.0
6a9ebc30ab080c8c957fcc9c;2026-09-07;slowking-scr;pokemon;PBL;31;Mega Slowbro ex;1;1;7;0.1429;0.1429
6a9ebc30ab080c8c957fcc9c;2026-09-07;slowking-scr;pokemon;MEG;104;Mega Kangaskhan ex;21;7;7;3.0;1.0
6a9ebc30ab080c8c957fcc9c;2026-09-07;slowking-scr;pokemon;SSP;76;Latias ex;14;7;7;2.0;1.0
6a9ebc30ab080c8c957fcc9c;2026-09-07;slowking-scr;pokemon;CRI;61;Metagross;8;7;7;1.1429;1.0
6a9ebc30ab080c8c957fcc9c;2026-09-07;slowking-scr;pokemon;SFA;47;Kyurem;14;7;7;2.0;1.0
6a9ebc30ab080c8c957fcc9c;2026-09-07;slowking-scr;pokemon;POR;62;Meowth ex;7;7;7;1.0;1.0
6a9ebc30ab080c8c957fcc9c;2026-09-07;slowking-scr;pokemon;PBL;41;Annihilape;5;5;7;0.7143;0.7143
6a9ebc30ab080c8c957fcc9c;2026-09-07;slowking-scr;pokemon;ASC;142;Fezandipiti ex;7;7;7;1.0;1.0
6a9ebc30ab080c8c957fcc9c;2026-09-07;slowking-scr;pokemon;JTG;56;Lillie's Clefairy ex;6;6;7;0.8571;0.8571
6a9ebc30ab080c8c957fcc9c;2026-09-07;slowking-scr;pokemon;DRI;78;Zeraora;3;3;7;0.4286;0.4286
6a9ebc30ab080c8c957fcc9c;2026-09-07;slowking-scr;trainer;MEG;119;Lillie's Determination;27;7;7;3.8571;1.0
6a9ebc30ab080c8c957fcc9c;2026-09-07;slowking-scr;trainer;TEF;145;Ciphermaniac's Codebreaking;26;7;7;3.7143;1.0
6a9ebc30ab080c8c957fcc9c;2026-09-07;slowking-scr;trainer;POR;81;Poké Pad;27;7;7;3.8571;1.0
6a9ebc30ab080c8c957fcc9c;2026-09-07;slowking-scr;trainer;MEG;131;Ultra Ball;24;7;7;3.4286;1.0
6a9ebc30ab080c8c957fcc9c;2026-09-07;slowking-scr;trainer;ASC;196;Night Stretcher;18;7;7;2.5714;1.0
6a9ebc30ab080c8c957fcc9c;2026-09-07;slowking-scr;trainer;PFL;94;Wondrous Patch;21;7;7;3.0;1.0
6a9ebc30ab080c8c957fcc9c;2026-09-07;slowking-scr;trainer;TWM;163;Secret Box;5;5;7;0.7143;0.7143
6a9ebc30ab080c8c957fcc9c;2026-09-07;slowking-scr;trainer;MEG;130;Switch;6;6;7;0.8571;0.8571
6a9ebc30ab080c8c957fcc9c;2026-09-07;slowking-scr;trainer;WHT;80;Brave Bangle;3;3;7;0.4286;0.4286
6a9ebc30ab080c8c957fcc9c;2026-09-07;slowking-scr;trainer;TWM;158;Lucky Helmet;3;3;7;0.4286;0.4286
6a9ebc30ab080c8c957fcc9c;2026-09-07;slowking-scr;trainer;SFA;54;Academy at Night;28;7;7;4.0;1.0
6a9ebc30ab080c8c957fcc9c;2026-09-07;slowking-scr;energy;MEE;5;Psychic Energy;25;7;7;3.5714;1.0
6a9ebc30ab080c8c957fcc9c;2026-09-07;slowking-scr;energy;POR;88;Telepathic Psychic Energy;28;7;7;4.0;1.0
6a9ebc30ab080c8c957fcc9c;2026-09-07;slowking-scr;energy;TWM;166;Boomerang Energy;13;7;7;1.8571;1.0
6a9ebc30ab080c8c957fcc9c;2026-09-07;n-zoroark;pokemon;JTG;97;N's Zorua;20;5;5;4.0;1.0
6a9ebc30ab080c8c957fcc9c;2026-09-07;n-zoroark;pokemon;JTG;98;N's Zoroark ex;20;5;5;4.0;1.0
6a9ebc30ab080c8c957fcc9c;2026-09-07;n-zoroark;pokemon;TWM;95;Munkidori;7;5;5;1.4;1.0
6a9ebc30ab080c8c957fcc9c;2026-09-07;n-zoroark;pokemon;ASC;155;N's Zekrom;5;4;5;1.0;0.8
6a9ebc30ab080c8c957fcc9c;2026-09-07;n-zoroark;pokemon;JTG;26;N's Darumaka;1;1;5;0.2;0.2
6a9ebc30ab080c8c957fcc9c;2026-09-07;n-zoroark;pokemon;JTG;27;N's Darmanitan;1;1;5;0.2;0.2
6a9ebc30ab080c8c957fcc9c;2026-09-07;n-zoroark;pokemon;SFA;39;Pecharunt ex;5;4;5;1.0;0.8
6a9ebc30ab080c8c957fcc9c;2026-09-07;n-zoroark;pokemon;ASC;142;Fezandipiti ex;5;5;5;1.0;1.0
6a9ebc30ab080c8c957fcc9c;2026-09-07;n-zoroark;pokemon;POR;62;Meowth ex;2;2;5;0.4;0.4
6a9ebc30ab080c8c957fcc9c;2026-09-07;n-zoroark;pokemon;MEG;88;Yveltal;1;1;5;0.2;0.2
6a9ebc30ab080c8c957fcc9c;2026-09-07;n-zoroark;pokemon;TWM;131;Tatsugiri;3;3;5;0.6;0.6
6a9ebc30ab080c8c957fcc9c;2026-09-07;n-zoroark;trainer;MEG;119;Lillie's Determination;18;5;5;3.6;1.0
6a9ebc30ab080c8c957fcc9c;2026-09-07;n-zoroark;trainer;MEG;114;Boss's Orders;16;5;5;3.2;1.0
6a9ebc30ab080c8c957fcc9c;2026-09-07;n-zoroark;trainer;SSP;170;Cyrano;12;5;5;2.4;1.0
6a9ebc30ab080c8c957fcc9c;2026-09-07;n-zoroark;trainer;JTG;143;Black Belt's Training;4;4;5;0.8;0.8
6a9ebc30ab080c8c957fcc9c;2026-09-07;n-zoroark;trainer;CRI;83;Transformation Tome;8;2;5;1.6;0.4
6a9ebc30ab080c8c957fcc9c;2026-09-07;n-zoroark;trainer;TEF;144;Buddy-Buddy Poffin;19;5;5;3.8;1.0
6a9ebc30ab080c8c957fcc9c;2026-09-07;n-zoroark;trainer;JTG;153;N's PP Up;12;4;5;2.4;0.8
6a9ebc30ab080c8c957fcc9c;2026-09-07;n-zoroark;trainer;POR;81;Poké Pad;16;5;5;3.2;1.0
6a9ebc30ab080c8c957fcc9c;2026-09-07;n-zoroark;trainer;MEG;131;Ultra Ball;13;5;5;2.6;1.0
6a9ebc30ab080c8c957fcc9c;2026-09-07;n-zoroark;trainer;TWM;163;Secret Box;4;4;5;0.8;0.8
6a9ebc30ab080c8c957fcc9c;2026-09-07;n-zoroark;trainer;CRI;82;Special Red Card;5;5;5;1.0;1.0
6a9ebc30ab080c8c957fcc9c;2026-09-07;n-zoroark;trainer;ASC;196;Night Stretcher;9;5;5;1.8;1.0
6a9ebc30ab080c8c957fcc9c;2026-09-07;n-zoroark;trainer;PRE;95;Binding Mochi;6;4;5;1.2;0.8
6a9ebc30ab080c8c957fcc9c;2026-09-07;n-zoroark;trainer;SSP;163;Babiri Berry;1;1;5;0.2;0.2
6a9ebc30ab080c8c957fcc9c;2026-09-07;n-zoroark;trainer;JTG;152;N's Castle;2;1;5;0.4;0.2
6a9ebc30ab080c8c957fcc9c;2026-09-07;n-zoroark;energy;MEE;7;Darkness Energy;36;5;5;7.2;1.0
6a9ebc30ab080c8c957fcc9c;2026-09-07;dragapult-ex;pokemon;JTG;121;Dudunsparce ex;2;2;17;0.1176;0.1176
6a9ebc30ab080c8c957fcc9c;2026-09-07;dragapult-ex;trainer;POR;76;Judge;5;5;17;0.2941;0.2941
6a9ebc30ab080c8c957fcc9c;2026-09-07;beedrill-ex-cri;pokemon;CRI;1;Weedle;8;2;2;4.0;1.0
6a9ebc30ab080c8c957fcc9c;2026-09-07;beedrill-ex-cri;pokemon;CRI;2;Kakuna;8;2;2;4.0;1.0
6a9ebc30ab080c8c957fcc9c;2026-09-07;beedrill-ex-cri;pokemon;CRI;3;Beedrill ex;8;2;2;4.0;1.0
6a9ebc30ab080c8c957fcc9c;2026-09-07;beedrill-ex-cri;pokemon;TEF;128;Dunsparce;7;2;2;3.5;1.0
6a9ebc30ab080c8c957fcc9c;2026-09-07;beedrill-ex-cri;pokemon;TEF;129;Dudunsparce;6;2;2;3.0;1.0
6a9ebc30ab080c8c957fcc9c;2026-09-07;beedrill-ex-cri;pokemon;JTG;121;Dudunsparce ex;1;1;2;0.5;0.5
6a9ebc30ab080c8c957fcc9c;2026-09-07;beedrill-ex-cri;pokemon;SCR;118;Fan Rotom;2;2;2;1.0;1.0
6a9ebc30ab080c8c957fcc9c;2026-09-07;beedrill-ex-cri;pokemon;POR;62;Meowth ex;2;2;2;1.0;1.0
6a9ebc30ab080c8c957fcc9c;2026-09-07;beedrill-ex-cri;pokemon;ASC;142;Fezandipiti ex;2;2;2;1.0;1.0
6a9ebc30ab080c8c957fcc9c;2026-09-07;beedrill-ex-cri;trainer;MEG;119;Lillie's Determination;8;2;2;4.0;1.0
6a9ebc30ab080c8c957fcc9c;2026-09-07;beedrill-ex-cri;trainer;MEG;114;Boss's Orders;4;2;2;2.0;1.0
6a9ebc30ab080c8c957fcc9c;2026-09-07;beedrill-ex-cri;trainer;PFL;87;Dawn;4;2;2;2.0;1.0
6a9ebc30ab080c8c957fcc9c;2026-09-07;beedrill-ex-cri;trainer;TWM;155;Lana's Aid;1;1;2;0.5;0.5
6a9ebc30ab080c8c957fcc9c;2026-09-07;beedrill-ex-cri;trainer;POR;76;Judge;1;1;2;0.5;0.5
6a9ebc30ab080c8c957fcc9c;2026-09-07;beedrill-ex-cri;trainer;POR;81;Poké Pad;8;2;2;4.0;1.0
6a9ebc30ab080c8c957fcc9c;2026-09-07;beedrill-ex-cri;trainer;TEF;144;Buddy-Buddy Poffin;7;2;2;3.5;1.0
6a9ebc30ab080c8c957fcc9c;2026-09-07;beedrill-ex-cri;trainer;TWM;143;Bug Catching Set;8;2;2;4.0;1.0
6a9ebc30ab080c8c957fcc9c;2026-09-07;beedrill-ex-cri;trainer;MEG;131;Ultra Ball;5;2;2;2.5;1.0
6a9ebc30ab080c8c957fcc9c;2026-09-07;beedrill-ex-cri;trainer;ASC;196;Night Stretcher;4;2;2;2.0;1.0
6a9ebc30ab080c8c957fcc9c;2026-09-07;beedrill-ex-cri;trainer;JTG;156;Redeemable Ticket;2;2;2;1.0;1.0
6a9ebc30ab080c8c957fcc9c;2026-09-07;beedrill-ex-cri;trainer;CRI;82;Special Red Card;2;2;2;1.0;1.0
6a9ebc30ab080c8c957fcc9c;2026-09-07;beedrill-ex-cri;trainer;PRE;116;Max Rod;2;2;2;1.0;1.0
6a9ebc30ab080c8c957fcc9c;2026-09-07;beedrill-ex-cri;trainer;MEG;117;Forest of Vitality;7;2;2;3.5;1.0
6a9ebc30ab080c8c957fcc9c;2026-09-07;beedrill-ex-cri;energy;MEE;1;Grass Energy;8;2;2;4.0;1.0
6a9ebc30ab080c8c957fcc9c;2026-09-07;beedrill-ex-cri;energy;POR;86;Growing Grass Energy;2;1;2;1.0;0.5
6a9ebc30ab080c8c957fcc9c;2026-09-07;sharpedo-toxtricity;pokemon;PFL;60;Carvanha;10;3;3;3.3333;1.0
6a9ebc30ab080c8c957fcc9c;2026-09-07;sharpedo-toxtricity;pokemon;PFL;61;Mega Sharpedo ex;8;3;3;2.6667;1.0
6a9ebc30ab080c8c957fcc9c;2026-09-07;sharpedo-toxtricity;pokemon;PFL;67;Toxel;6;3;3;2.0;1.0
6a9ebc30ab080c8c957fcc9c;2026-09-07;sharpedo-toxtricity;pokemon;PFL;68;Toxtricity;6;3;3;2.0;1.0
6a9ebc30ab080c8c957fcc9c;2026-09-07;sharpedo-toxtricity;pokemon;SFA;39;Pecharunt ex;6;3;3;2.0;1.0
6a9ebc30ab080c8c957fcc9c;2026-09-07;sharpedo-toxtricity;pokemon;TWM;95;Munkidori;6;3;3;2.0;1.0
6a9ebc30ab080c8c957fcc9c;2026-09-07;sharpedo-toxtricity;pokemon;TWM;131;Tatsugiri;6;3;3;2.0;1.0
6a9ebc30ab080c8c957fcc9c;2026-09-07;sharpedo-toxtricity;pokemon;ASC;142;Fezandipiti ex;3;3;3;1.0;1.0
6a9ebc30ab080c8c957fcc9c;2026-09-07;sharpedo-toxtricity;trainer;MEG;119;Lillie's Determination;12;3;3;4.0;1.0
6a9ebc30ab080c8c957fcc9c;2026-09-07;sharpedo-toxtricity;trainer;MEG;114;Boss's Orders;9;3;3;3.0;1.0
6a9ebc30ab080c8c957fcc9c;2026-09-07;sharpedo-toxtricity;trainer;POR;76;Judge;5;2;3;1.6667;0.6667
6a9ebc30ab080c8c957fcc9c;2026-09-07;sharpedo-toxtricity;trainer;DRI;176;Team Rocket's Petrel;6;3;3;2.0;1.0
6a9ebc30ab080c8c957fcc9c;2026-09-07;sharpedo-toxtricity;trainer;TEF;144;Buddy-Buddy Poffin;12;3;3;4.0;1.0
6a9ebc30ab080c8c957fcc9c;2026-09-07;sharpedo-toxtricity;trainer;POR;81;Poké Pad;12;3;3;4.0;1.0
6a9ebc30ab080c8c957fcc9c;2026-09-07;sharpedo-toxtricity;trainer;MEG;131;Ultra Ball;12;3;3;4.0;1.0
6a9ebc30ab080c8c957fcc9c;2026-09-07;sharpedo-toxtricity;trainer;PBL;75;Dark Bell;1;1;3;0.3333;0.3333
6a9ebc30ab080c8c957fcc9c;2026-09-07;sharpedo-toxtricity;trainer;TWM;165;Unfair Stamp;3;3;3;1.0;1.0
6a9ebc30ab080c8c957fcc9c;2026-09-07;sharpedo-toxtricity;trainer;ASC;196;Night Stretcher;5;3;3;1.6667;1.0
6a9ebc30ab080c8c957fcc9c;2026-09-07;sharpedo-toxtricity;trainer;PRE;95;Binding Mochi;9;3;3;3.0;1.0
6a9ebc30ab080c8c957fcc9c;2026-09-07;sharpedo-toxtricity;trainer;DRI;180;Team Rocket's Watchtower;6;3;3;2.0;1.0
6a9ebc30ab080c8c957fcc9c;2026-09-07;sharpedo-toxtricity;energy;MEE;7;Darkness Energy;23;3;3;7.6667;1.0
6a9ebc30ab080c8c957fcc9c;2026-09-07;sharpedo-toxtricity;pokemon;PBL;59;Chi-Yu;2;2;3;0.6667;0.6667
6a9ebc30ab080c8c957fcc9c;2026-09-07;sharpedo-toxtricity;pokemon;MEG;88;Yveltal;2;2;3;0.6667;0.6667
6a9ebc30ab080c8c957fcc9c;2026-09-07;sharpedo-toxtricity;trainer;PFL;87;Dawn;4;2;3;1.3333;0.6667
6a9ebc30ab080c8c957fcc9c;2026-09-07;sharpedo-toxtricity;trainer;TEF;155;Morty's Conviction;2;1;3;0.6667;0.3333
6a9ebc30ab080c8c957fcc9c;2026-09-07;sharpedo-toxtricity;trainer;CRI;82;Special Red Card;2;2;3;0.6667;0.6667
6a9ebc30ab080c8c957fcc9c;2026-09-07;sharpedo-toxtricity;trainer;SSP;177;Gravity Mountain;2;2;3;0.6667;0.6667
6a9ebc30ab080c8c957fcc9c;2026-09-07;dragapult-ex;pokemon;PFL;14;Moltres;5;5;17;0.2941;0.2941
6a9ebc30ab080c8c957fcc9c;2026-09-07;dragapult-ex;pokemon;CRI;70;Patrat;1;1;17;0.0588;0.0588
6a9ebc30ab080c8c957fcc9c;2026-09-07;dragapult-ex;trainer;DRI;180;Team Rocket's Watchtower;5;4;17;0.2941;0.2353
6a9ebc30ab080c8c957fcc9c;2026-09-07;dragapult-ex;trainer;TWM;153;Jamming Tower;2;2;17;0.1176;0.1176
6a9ebc30ab080c8c957fcc9c;2026-09-07;ogerpon-meganium-arboliva;pokemon;TWM;25;Teal Mask Ogerpon ex;11;3;3;3.6667;1.0
6a9ebc30ab080c8c957fcc9c;2026-09-07;ogerpon-meganium-arboliva;pokemon;MEG;8;Chikorita;2;1;3;0.6667;0.3333
6a9ebc30ab080c8c957fcc9c;2026-09-07;ogerpon-meganium-arboliva;pokemon;MEG;9;Bayleef;6;3;3;2.0;1.0
6a9ebc30ab080c8c957fcc9c;2026-09-07;ogerpon-meganium-arboliva;pokemon;MEG;10;Meganium;6;3;3;2.0;1.0
6a9ebc30ab080c8c957fcc9c;2026-09-07;ogerpon-meganium-arboliva;pokemon;DRI;21;Smoliv;6;3;3;2.0;1.0
6a9ebc30ab080c8c957fcc9c;2026-09-07;ogerpon-meganium-arboliva;pokemon;DRI;22;Dolliv;6;3;3;2.0;1.0
6a9ebc30ab080c8c957fcc9c;2026-09-07;ogerpon-meganium-arboliva;pokemon;DRI;23;Arboliva ex;6;3;3;2.0;1.0
6a9ebc30ab080c8c957fcc9c;2026-09-07;ogerpon-meganium-arboliva;pokemon;POR;62;Meowth ex;4;3;3;1.3333;1.0
6a9ebc30ab080c8c957fcc9c;2026-09-07;ogerpon-meganium-arboliva;pokemon;ASC;142;Fezandipiti ex;3;3;3;1.0;1.0
6a9ebc30ab080c8c957fcc9c;2026-09-07;ogerpon-meganium-arboliva;pokemon;ASC;16;Budew;3;3;3;1.0;1.0
6a9ebc30ab080c8c957fcc9c;2026-09-07;ogerpon-meganium-arboliva;trainer;MEG;119;Lillie's Determination;12;3;3;4.0;1.0
6a9ebc30ab080c8c957fcc9c;2026-09-07;ogerpon-meganium-arboliva;trainer;MEG;114;Boss's Orders;6;3;3;2.0;1.0
6a9ebc30ab080c8c957fcc9c;2026-09-07;ogerpon-meganium-arboliva;trainer;PFL;87;Dawn;6;3;3;2.0;1.0
6a9ebc30ab080c8c957fcc9c;2026-09-07;ogerpon-meganium-arboliva;trainer;SCR;132;Briar;3;3;3;1.0;1.0
6a9ebc30ab080c8c957fcc9c;2026-09-07;ogerpon-meganium-arboliva;trainer;TWM;155;Lana's Aid;2;2;3;0.6667;0.6667
6a9ebc30ab080c8c957fcc9c;2026-09-07;ogerpon-meganium-arboliva;trainer;POR;76;Judge;1;1;3;0.3333;0.3333
6a9ebc30ab080c8c957fcc9c;2026-09-07;ogerpon-meganium-arboliva;trainer;MEG;131;Ultra Ball;10;3;3;3.3333;1.0
6a9ebc30ab080c8c957fcc9c;2026-09-07;ogerpon-meganium-arboliva;trainer;TWM;143;Bug Catching Set;12;3;3;4.0;1.0
6a9ebc30ab080c8c957fcc9c;2026-09-07;ogerpon-meganium-arboliva;trainer;POR;81;Poké Pad;6;3;3;2.0;1.0
6a9ebc30ab080c8c957fcc9c;2026-09-07;ogerpon-meganium-arboliva;trainer;ASC;196;Night Stretcher;4;3;3;1.3333;1.0
6a9ebc30ab080c8c957fcc9c;2026-09-07;ogerpon-meganium-arboliva;trainer;MEG;115;Energy Switch;4;3;3;1.3333;1.0
6a9ebc30ab080c8c957fcc9c;2026-09-07;ogerpon-meganium-arboliva;trainer;CRI;82;Special Red Card;2;2;3;0.6667;0.6667
6a9ebc30ab080c8c957fcc9c;2026-09-07;ogerpon-meganium-arboliva;trainer;TWM;165;Unfair Stamp;2;2;3;0.6667;0.6667
6a9ebc30ab080c8c957fcc9c;2026-09-07;ogerpon-meganium-arboliva;trainer;MEG;117;Forest of Vitality;11;3;3;3.6667;1.0
6a9ebc30ab080c8c957fcc9c;2026-09-07;ogerpon-meganium-arboliva;energy;MEE;1;Grass Energy;36;3;3;12.0;1.0
6a9ebc30ab080c8c957fcc9c;2026-09-07;basic-box-m;pokemon;MEG;104;Mega Kangaskhan ex;12;3;3;4.0;1.0
6a9ebc30ab080c8c957fcc9c;2026-09-07;basic-box-m;pokemon;POR;62;Meowth ex;9;3;3;3.0;1.0
6a9ebc30ab080c8c957fcc9c;2026-09-07;basic-box-m;pokemon;TWM;25;Teal Mask Ogerpon ex;6;3;3;2.0;1.0
6a9ebc30ab080c8c957fcc9c;2026-09-07;basic-box-m;pokemon;SSP;76;Latias ex;6;3;3;2.0;1.0
6a9ebc30ab080c8c957fcc9c;2026-09-07;basic-box-m;pokemon;JTG;56;Lillie's Clefairy ex;6;3;3;2.0;1.0
6a9ebc30ab080c8c957fcc9c;2026-09-07;basic-box-m;pokemon;TEF;25;Iron Leaves ex;2;2;3;0.6667;0.6667
6a9ebc30ab080c8c957fcc9c;2026-09-07;basic-box-m;pokemon;TEF;81;Iron Crown ex;3;3;3;1.0;1.0
6a9ebc30ab080c8c957fcc9c;2026-09-07;basic-box-m;pokemon;TWM;64;Wellspring Mask Ogerpon ex;3;3;3;1.0;1.0
6a9ebc30ab080c8c957fcc9c;2026-09-07;basic-box-m;pokemon;TEF;123;Raging Bolt ex;3;3;3;1.0;1.0
6a9ebc30ab080c8c957fcc9c;2026-09-07;basic-box-m;pokemon;TWM;93;Enamorus;2;2;3;0.6667;0.6667
6a9ebc30ab080c8c957fcc9c;2026-09-07;basic-box-m;pokemon;SSP;56;Chien-Pao;3;3;3;1.0;1.0
6a9ebc30ab080c8c957fcc9c;2026-09-07;basic-box-m;pokemon;ASC;142;Fezandipiti ex;3;3;3;1.0;1.0
6a9ebc30ab080c8c957fcc9c;2026-09-07;basic-box-m;trainer;SCR;133;Crispin;12;3;3;4.0;1.0
6a9ebc30ab080c8c957fcc9c;2026-09-07;basic-box-m;trainer;MEG;114;Boss's Orders;6;3;3;2.0;1.0
6a9ebc30ab080c8c957fcc9c;2026-09-07;basic-box-m;trainer;SSP;170;Cyrano;5;3;3;1.6667;1.0
6a9ebc30ab080c8c957fcc9c;2026-09-07;basic-box-m;trainer;TEF;145;Ciphermaniac's Codebreaking;4;3;3;1.3333;1.0
6a9ebc30ab080c8c957fcc9c;2026-09-07;basic-box-m;trainer;MEG;115;Energy Switch;11;3;3;3.6667;1.0
6a9ebc30ab080c8c957fcc9c;2026-09-07;basic-box-m;trainer;MEG;131;Ultra Ball;12;3;3;4.0;1.0
6a9ebc30ab080c8c957fcc9c;2026-09-07;basic-box-m;trainer;SCR;135;Glass Trumpet;4;3;3;1.3333;1.0
6a9ebc30ab080c8c957fcc9c;2026-09-07;basic-box-m;trainer;ASC;196;Night Stretcher;5;3;3;1.6667;1.0
6a9ebc30ab080c8c957fcc9c;2026-09-07;basic-box-m;trainer;CRI;82;Special Red Card;3;3;3;1.0;1.0
6a9ebc30ab080c8c957fcc9c;2026-09-07;basic-box-m;trainer;TEF;157;Prime Catcher;1;1;3;0.3333;0.3333
6a9ebc30ab080c8c957fcc9c;2026-09-07;basic-box-m;trainer;SCR;131;Area Zero Underdepths;10;3;3;3.3333;1.0
6a9ebc30ab080c8c957fcc9c;2026-09-07;basic-box-m;energy;MEE;1;Grass Energy;18;3;3;6.0;1.0
6a9ebc30ab080c8c957fcc9c;2026-09-07;basic-box-m;energy;MEE;5;Psychic Energy;7;3;3;2.3333;1.0
6a9ebc30ab080c8c957fcc9c;2026-09-07;basic-box-m;energy;MEE;4;Lightning Energy;6;3;3;2.0;1.0
6a9ebc30ab080c8c957fcc9c;2026-09-07;basic-box-m;energy;MEE;6;Fighting Energy;6;3;3;2.0;1.0
6a9ebc30ab080c8c957fcc9c;2026-09-07;basic-box-m;energy;MEE;3;Water Energy;3;3;3;1.0;1.0
6a9ebc30ab080c8c957fcc9c;2026-09-07;rockets-honchkrow;pokemon;DRI;127;Team Rocket's Murkrow;16;4;4;4.0;1.0
6a9ebc30ab080c8c957fcc9c;2026-09-07;rockets-honchkrow;pokemon;ASC;127;Team Rocket's Honchkrow;12;4;4;3.0;1.0
6a9ebc30ab080c8c957fcc9c;2026-09-07;rockets-honchkrow;pokemon;DRI;153;Team Rocket's Porygon;8;4;4;2.0;1.0
6a9ebc30ab080c8c957fcc9c;2026-09-07;rockets-honchkrow;pokemon;DRI;154;Team Rocket's Porygon2;5;4;4;1.25;1.0
6a9ebc30ab080c8c957fcc9c;2026-09-07;rockets-honchkrow;pokemon;TWM;141;Bloodmoon Ursaluna ex;1;1;4;0.25;0.25
6a9ebc30ab080c8c957fcc9c;2026-09-07;rockets-honchkrow;trainer;DRI;171;Team Rocket's Ariana;16;4;4;4.0;1.0
6a9ebc30ab080c8c957fcc9c;2026-09-07;rockets-honchkrow;trainer;DRI;174;Team Rocket's Giovanni;16;4;4;4.0;1.0
6a9ebc30ab080c8c957fcc9c;2026-09-07;rockets-honchkrow;trainer;DRI;170;Team Rocket's Archer;16;4;4;4.0;1.0
6a9ebc30ab080c8c957fcc9c;2026-09-07;rockets-honchkrow;trainer;DRI;177;Team Rocket's Proton;16;4;4;4.0;1.0
6a9ebc30ab080c8c957fcc9c;2026-09-07;rockets-honchkrow;trainer;DRI;176;Team Rocket's Petrel;16;4;4;4.0;1.0
6a9ebc30ab080c8c957fcc9c;2026-09-07;rockets-honchkrow;trainer;MEG;119;Lillie's Determination;2;1;4;0.5;0.25
6a9ebc30ab080c8c957fcc9c;2026-09-07;rockets-honchkrow;trainer;DRI;178;Team Rocket's Transceiver;16;4;4;4.0;1.0
6a9ebc30ab080c8c957fcc9c;2026-09-07;rockets-honchkrow;trainer;PRE;127;Roto-Stick;16;4;4;4.0;1.0
6a9ebc30ab080c8c957fcc9c;2026-09-07;rockets-honchkrow;trainer;POR;81;Poké Pad;13;4;4;3.25;1.0
6a9ebc30ab080c8c957fcc9c;2026-09-07;rockets-honchkrow;trainer;ASC;196;Night Stretcher;10;4;4;2.5;1.0
6a9ebc30ab080c8c957fcc9c;2026-09-07;rockets-honchkrow;trainer;SSP;183;Miracle Headset;4;4;4;1.0;1.0
6a9ebc30ab080c8c957fcc9c;2026-09-07;rockets-honchkrow;trainer;SVI;186;Pokégear 3.0;1;1;4;0.25;0.25
6a9ebc30ab080c8c957fcc9c;2026-09-07;rockets-honchkrow;trainer;MEG;130;Switch;1;1;4;0.25;0.25
6a9ebc30ab080c8c957fcc9c;2026-09-07;rockets-honchkrow;trainer;DRI;173;Team Rocket's Factory;14;4;4;3.5;1.0
6a9ebc30ab080c8c957fcc9c;2026-09-07;rockets-honchkrow;energy;DRI;182;Team Rocket's Energy;16;4;4;4.0;1.0
6a9ebc30ab080c8c957fcc9c;2026-09-07;rockets-honchkrow;energy;WHT;86;Ignition Energy;16;4;4;4.0;1.0
6a9ebc30ab080c8c957fcc9c;2026-09-07;ogerpon-meganium-arboliva;pokemon;ASC;8;Chikorita;4;2;3;1.3333;0.6667
6a9ebc30ab080c8c957fcc9c;2026-09-07;ogerpon-meganium-arboliva;trainer;TEF;145;Ciphermaniac's Codebreaking;1;1;3;0.3333;0.3333
6a9ebc30ab080c8c957fcc9c;2026-09-07;dragapult-ex;pokemon;PBL;66;Pikipek;2;1;17;0.1176;0.0588
6a9ebc30ab080c8c957fcc9c;2026-09-07;dragapult-ex;pokemon;PBL;67;Trumbeak;1;1;17;0.0588;0.0588
6a9ebc30ab080c8c957fcc9c;2026-09-07;dragapult-ex;pokemon;PBL;68;Toucannon;2;1;17;0.1176;0.0588
6a9ebc30ab080c8c957fcc9c;2026-09-07;dragapult-ex;pokemon;JTG;56;Lillie's Clefairy ex;1;1;17;0.0588;0.0588
6a9ebc30ab080c8c957fcc9c;2026-09-07;dragapult-ex;trainer;PFL;87;Dawn;2;1;17;0.1176;0.0588
6a9ebc30ab080c8c957fcc9c;2026-09-07;dragapult-ex;trainer;MEG;125;Rare Candy;6;4;17;0.3529;0.2353
6a9ebc30ab080c8c957fcc9c;2026-09-07;dragapult-ex;trainer;ASC;181;Air Balloon;2;1;17;0.1176;0.0588
6a9ebc30ab080c8c957fcc9c;2026-09-07;dragapult-ex;trainer;WHT;80;Brave Bangle;1;1;17;0.0588;0.0588
6a9ebc30ab080c8c957fcc9c;2026-09-07;dragapult-ex;trainer;SCR;131;Area Zero Underdepths;3;1;17;0.1765;0.0588
6a9ebc30ab080c8c957fcc9c;2026-09-07;n-zoroark;pokemon;JTG;116;N's Reshiram;5;4;5;1.0;0.8
6a9ebc30ab080c8c957fcc9c;2026-09-07;n-zoroark;trainer;POR;76;Judge;7;4;5;1.4;0.8
6a9ebc30ab080c8c957fcc9c;2026-09-07;n-zoroark;trainer;ASC;181;Air Balloon;3;3;5;0.6;0.6
6a9ebc30ab080c8c957fcc9c;2026-09-07;n-zoroark;trainer;DRI;180;Team Rocket's Watchtower;10;3;5;2.0;0.6
6a9ebc30ab080c8c957fcc9c;2026-09-07;starmie-dusknoir;pokemon;POR;20;Staryu;3;1;1;3.0;1.0
6a9ebc30ab080c8c957fcc9c;2026-09-07;starmie-dusknoir;pokemon;POR;21;Mega Starmie ex;2;1;1;2.0;1.0
6a9ebc30ab080c8c957fcc9c;2026-09-07;starmie-dusknoir;pokemon;PRE;35;Duskull;2;1;1;2.0;1.0
6a9ebc30ab080c8c957fcc9c;2026-09-07;starmie-dusknoir;pokemon;PRE;36;Dusclops;2;1;1;2.0;1.0
6a9ebc30ab080c8c957fcc9c;2026-09-07;starmie-dusknoir;pokemon;PRE;37;Dusknoir;2;1;1;2.0;1.0
6a9ebc30ab080c8c957fcc9c;2026-09-07;starmie-dusknoir;pokemon;TWM;95;Munkidori;2;1;1;2.0;1.0
6a9ebc30ab080c8c957fcc9c;2026-09-07;starmie-dusknoir;pokemon;ASC;46;Snorunt;1;1;1;1.0;1.0
6a9ebc30ab080c8c957fcc9c;2026-09-07;starmie-dusknoir;pokemon;ASC;47;Mega Froslass ex;1;1;1;1.0;1.0
6a9ebc30ab080c8c957fcc9c;2026-09-07;starmie-dusknoir;pokemon;ASC;142;Fezandipiti ex;1;1;1;1.0;1.0
6a9ebc30ab080c8c957fcc9c;2026-09-07;starmie-dusknoir;pokemon;POR;62;Meowth ex;1;1;1;1.0;1.0
6a9ebc30ab080c8c957fcc9c;2026-09-07;starmie-dusknoir;pokemon;ASC;16;Budew;1;1;1;1.0;1.0
6a9ebc30ab080c8c957fcc9c;2026-09-07;starmie-dusknoir;pokemon;DRI;10;Shaymin;1;1;1;1.0;1.0
6a9ebc30ab080c8c957fcc9c;2026-09-07;starmie-dusknoir;trainer;MEG;119;Lillie's Determination;4;1;1;4.0;1.0
6a9ebc30ab080c8c957fcc9c;2026-09-07;starmie-dusknoir;trainer;WHT;84;Hilda;3;1;1;3.0;1.0
6a9ebc30ab080c8c957fcc9c;2026-09-07;starmie-dusknoir;trainer;MEG;132;Wally's Compassion;2;1;1;2.0;1.0
6a9ebc30ab080c8c957fcc9c;2026-09-07;starmie-dusknoir;trainer;MEG;114;Boss's Orders;2;1;1;2.0;1.0
6a9ebc30ab080c8c957fcc9c;2026-09-07;starmie-dusknoir;trainer;POR;76;Judge;1;1;1;1.0;1.0
6a9ebc30ab080c8c957fcc9c;2026-09-07;starmie-dusknoir;trainer;TEF;160;Salvatore;1;1;1;1.0;1.0
6a9ebc30ab080c8c957fcc9c;2026-09-07;starmie-dusknoir;trainer;TEF;144;Buddy-Buddy Poffin;4;1;1;4.0;1.0
6a9ebc30ab080c8c957fcc9c;2026-09-07;starmie-dusknoir;trainer;MEG;131;Ultra Ball;3;1;1;3.0;1.0
6a9ebc30ab080c8c957fcc9c;2026-09-07;starmie-dusknoir;trainer;POR;81;Poké Pad;3;1;1;3.0;1.0
6a9ebc30ab080c8c957fcc9c;2026-09-07;starmie-dusknoir;trainer;TWM;163;Secret Box;1;1;1;1.0;1.0
6a9ebc30ab080c8c957fcc9c;2026-09-07;starmie-dusknoir;trainer;SVI;186;Pokégear 3.0;1;1;1;1.0;1.0
6a9ebc30ab080c8c957fcc9c;2026-09-07;starmie-dusknoir;trainer;ASC;196;Night Stretcher;1;1;1;1.0;1.0
6a9ebc30ab080c8c957fcc9c;2026-09-07;starmie-dusknoir;trainer;CRI;82;Special Red Card;1;1;1;1.0;1.0
6a9ebc30ab080c8c957fcc9c;2026-09-07;starmie-dusknoir;trainer;TWM;150;Handheld Fan;1;1;1;1.0;1.0
6a9ebc30ab080c8c957fcc9c;2026-09-07;starmie-dusknoir;trainer;ASC;181;Air Balloon;1;1;1;1.0;1.0
6a9ebc30ab080c8c957fcc9c;2026-09-07;starmie-dusknoir;trainer;MEG;127;Risky Ruins;2;1;1;2.0;1.0
6a9ebc30ab080c8c957fcc9c;2026-09-07;starmie-dusknoir;trainer;MEG;129;Surfing Beach;1;1;1;1.0;1.0
6a9ebc30ab080c8c957fcc9c;2026-09-07;starmie-dusknoir;energy;MEE;3;Water Energy;4;1;1;4.0;1.0
6a9ebc30ab080c8c957fcc9c;2026-09-07;starmie-dusknoir;energy;MEE;7;Darkness Energy;2;1;1;2.0;1.0
6a9ebc30ab080c8c957fcc9c;2026-09-07;starmie-dusknoir;energy;WHT;86;Ignition Energy;2;1;1;2.0;1.0
6a9ebc30ab080c8c957fcc9c;2026-09-07;starmie-dusknoir;energy;CRI;84;Bubbly Water Energy;1;1;1;1.0;1.0
6a9ebc30ab080c8c957fcc9c;2026-09-07;grimmsnarl-froslass;pokemon;TWM;141;Bloodmoon Ursaluna ex;1;1;4;0.25;0.25
6a9ebc30ab080c8c957fcc9c;2026-09-07;grimmsnarl-froslass;pokemon;MEG;88;Yveltal;3;3;4;0.75;0.75
6a9ebc30ab080c8c957fcc9c;2026-09-07;grimmsnarl-froslass;trainer;SFA;64;Xerosic's Machinations;1;1;4;0.25;0.25
6a9ebc30ab080c8c957fcc9c;2026-09-07;grimmsnarl-froslass;trainer;MEG;115;Energy Switch;3;3;4;0.75;0.75
6a9ebc30ab080c8c957fcc9c;2026-09-07;grimmsnarl-froslass;trainer;MEG;131;Ultra Ball;1;1;4;0.25;0.25
6a9ebc30ab080c8c957fcc9c;2026-09-07;dragapult-ex;pokemon;MEG;88;Yveltal;1;1;17;0.0588;0.0588
6a9ebc30ab080c8c957fcc9c;2026-09-07;rockets-honchkrow;pokemon;DRI;155;Team Rocket's Porygon-Z;1;1;4;0.25;0.25
6a9ebc30ab080c8c957fcc9c;2026-09-07;rockets-honchkrow;pokemon;DRI;51;Team Rocket's Articuno;5;3;4;1.25;0.75
6a9ebc30ab080c8c957fcc9c;2026-09-07;rockets-honchkrow;trainer;WHT;80;Brave Bangle;1;1;4;0.25;0.25
6a9ebc30ab080c8c957fcc9c;2026-09-07;dragapult-dusknoir;pokemon;DRI;40;Torchic;1;1;6;0.1667;0.1667
6a9ebc30ab080c8c957fcc9c;2026-09-07;dragapult-dusknoir;pokemon;JTG;24;Blaziken ex;1;1;6;0.1667;0.1667
6a9ebc30ab080c8c957fcc9c;2026-09-07;dragapult-dusknoir;pokemon;JTG;56;Lillie's Clefairy ex;1;1;6;0.1667;0.1667
6a9ebc30ab080c8c957fcc9c;2026-09-07;dragapult-dusknoir;pokemon;MEG;88;Yveltal;1;1;6;0.1667;0.1667
6a9ebc30ab080c8c957fcc9c;2026-09-07;dragapult-dusknoir;trainer;POR;71;Crushing Hammer;3;1;6;0.5;0.1667
6a9ebc30ab080c8c957fcc9c;2026-09-07;dragapult-dusknoir;trainer;SCR;131;Area Zero Underdepths;2;2;6;0.3333;0.3333
6a9ebc30ab080c8c957fcc9c;2026-09-07;dragapult-blaziken;pokemon;JTG;56;Lillie's Clefairy ex;6;6;7;0.8571;0.8571
6a9ebc30ab080c8c957fcc9c;2026-09-07;dragapult-blaziken;trainer;SCR;131;Area Zero Underdepths;1;1;7;0.1429;0.1429
6a9ebc30ab080c8c957fcc9c;2026-09-07;ogerpon-meganium-hydrapple;pokemon;TWM;25;Teal Mask Ogerpon ex;8;2;2;4.0;1.0
6a9ebc30ab080c8c957fcc9c;2026-09-07;ogerpon-meganium-hydrapple;pokemon;MEG;8;Chikorita;3;2;2;1.5;1.0
6a9ebc30ab080c8c957fcc9c;2026-09-07;ogerpon-meganium-hydrapple;pokemon;ASC;9;Bayleef;2;2;2;1.0;1.0
6a9ebc30ab080c8c957fcc9c;2026-09-07;ogerpon-meganium-hydrapple;pokemon;MEG;9;Bayleef;2;2;2;1.0;1.0
6a9ebc30ab080c8c957fcc9c;2026-09-07;ogerpon-meganium-hydrapple;pokemon;MEG;10;Meganium;4;2;2;2.0;1.0
6a9ebc30ab080c8c957fcc9c;2026-09-07;ogerpon-meganium-hydrapple;pokemon;SCR;12;Applin;2;1;2;1.0;0.5
6a9ebc30ab080c8c957fcc9c;2026-09-07;ogerpon-meganium-hydrapple;pokemon;TWM;18;Dipplin;4;2;2;2.0;1.0
6a9ebc30ab080c8c957fcc9c;2026-09-07;ogerpon-meganium-hydrapple;pokemon;SCR;14;Hydrapple ex;4;2;2;2.0;1.0
6a9ebc30ab080c8c957fcc9c;2026-09-07;ogerpon-meganium-hydrapple;pokemon;TEF;23;Rellor;1;1;2;0.5;0.5
6a9ebc30ab080c8c957fcc9c;2026-09-07;ogerpon-meganium-hydrapple;pokemon;TEF;24;Rabsca;1;1;2;0.5;0.5
6a9ebc30ab080c8c957fcc9c;2026-09-07;ogerpon-meganium-hydrapple;pokemon;ASC;142;Fezandipiti ex;2;2;2;1.0;1.0
6a9ebc30ab080c8c957fcc9c;2026-09-07;ogerpon-meganium-hydrapple;pokemon;MEG;12;Celebi;2;2;2;1.0;1.0
6a9ebc30ab080c8c957fcc9c;2026-09-07;ogerpon-meganium-hydrapple;pokemon;POR;62;Meowth ex;2;2;2;1.0;1.0
6a9ebc30ab080c8c957fcc9c;2026-09-07;ogerpon-meganium-hydrapple;pokemon;SFA;6;Tapu Bulu;2;2;2;1.0;1.0
6a9ebc30ab080c8c957fcc9c;2026-09-07;ogerpon-meganium-hydrapple;trainer;MEG;119;Lillie's Determination;8;2;2;4.0;1.0
6a9ebc30ab080c8c957fcc9c;2026-09-07;ogerpon-meganium-hydrapple;trainer;MEG;114;Boss's Orders;4;2;2;2.0;1.0
6a9ebc30ab080c8c957fcc9c;2026-09-07;ogerpon-meganium-hydrapple;trainer;TWM;155;Lana's Aid;2;2;2;1.0;1.0
6a9ebc30ab080c8c957fcc9c;2026-09-07;ogerpon-meganium-hydrapple;trainer;SCR;132;Briar;2;2;2;1.0;1.0
6a9ebc30ab080c8c957fcc9c;2026-09-07;ogerpon-meganium-hydrapple;trainer;SFA;64;Xerosic's Machinations;1;1;2;0.5;0.5
6a9ebc30ab080c8c957fcc9c;2026-09-07;ogerpon-meganium-hydrapple;trainer;PFL;87;Dawn;3;2;2;1.5;1.0
6a9ebc30ab080c8c957fcc9c;2026-09-07;ogerpon-meganium-hydrapple;trainer;TWM;143;Bug Catching Set;8;2;2;4.0;1.0
6a9ebc30ab080c8c957fcc9c;2026-09-07;ogerpon-meganium-hydrapple;trainer;ASC;196;Night Stretcher;3;2;2;1.5;1.0
6a9ebc30ab080c8c957fcc9c;2026-09-07;ogerpon-meganium-hydrapple;trainer;POR;81;Poké Pad;4;2;2;2.0;1.0
6a9ebc30ab080c8c957fcc9c;2026-09-07;ogerpon-meganium-hydrapple;trainer;MEG;131;Ultra Ball;4;2;2;2.0;1.0
6a9ebc30ab080c8c957fcc9c;2026-09-07;ogerpon-meganium-hydrapple;trainer;TWM;165;Unfair Stamp;2;2;2;1.0;1.0
6a9ebc30ab080c8c957fcc9c;2026-09-07;ogerpon-meganium-hydrapple;trainer;CRI;82;Special Red Card;2;2;2;1.0;1.0
6a9ebc30ab080c8c957fcc9c;2026-09-07;ogerpon-meganium-hydrapple;trainer;MEG;117;Forest of Vitality;6;2;2;3.0;1.0
6a9ebc30ab080c8c957fcc9c;2026-09-07;ogerpon-meganium-hydrapple;energy;MEE;1;Grass Energy;27;2;2;13.5;1.0
6a9ebc30ab080c8c957fcc9c;2026-09-07;mega-darkrai-ex;pokemon;PBL;48;Mega Darkrai ex;3;1;1;3.0;1.0
6a9ebc30ab080c8c957fcc9c;2026-09-07;mega-darkrai-ex;pokemon;PFL;67;Toxel;2;1;1;2.0;1.0
6a9ebc30ab080c8c957fcc9c;2026-09-07;mega-darkrai-ex;pokemon;PFL;68;Toxtricity;2;1;1;2.0;1.0
6a9ebc30ab080c8c957fcc9c;2026-09-07;mega-darkrai-ex;pokemon;MEG;104;Mega Kangaskhan ex;2;1;1;2.0;1.0
6a9ebc30ab080c8c957fcc9c;2026-09-07;mega-darkrai-ex;pokemon;POR;62;Meowth ex;2;1;1;2.0;1.0
6a9ebc30ab080c8c957fcc9c;2026-09-07;mega-darkrai-ex;pokemon;SSP;76;Latias ex;2;1;1;2.0;1.0
6a9ebc30ab080c8c957fcc9c;2026-09-07;mega-darkrai-ex;pokemon;JTG;31;Volcanion ex;1;1;1;1.0;1.0
6a9ebc30ab080c8c957fcc9c;2026-09-07;mega-darkrai-ex;pokemon;SFA;39;Pecharunt ex;1;1;1;1.0;1.0
6a9ebc30ab080c8c957fcc9c;2026-09-07;mega-darkrai-ex;trainer;PRE;112;Janine's Secret Art;4;1;1;4.0;1.0
6a9ebc30ab080c8c957fcc9c;2026-09-07;mega-darkrai-ex;trainer;MEG;119;Lillie's Determination;2;1;1;2.0;1.0
6a9ebc30ab080c8c957fcc9c;2026-09-07;mega-darkrai-ex;trainer;MEG;114;Boss's Orders;2;1;1;2.0;1.0
6a9ebc30ab080c8c957fcc9c;2026-09-07;mega-darkrai-ex;trainer;SCR;133;Crispin;1;1;1;1.0;1.0
6a9ebc30ab080c8c957fcc9c;2026-09-07;mega-darkrai-ex;trainer;PBL;75;Dark Bell;3;1;1;3.0;1.0
6a9ebc30ab080c8c957fcc9c;2026-09-07;mega-darkrai-ex;trainer;MEG;115;Energy Switch;3;1;1;3.0;1.0
6a9ebc30ab080c8c957fcc9c;2026-09-07;mega-darkrai-ex;trainer;MEG;131;Ultra Ball;3;1;1;3.0;1.0
6a9ebc30ab080c8c957fcc9c;2026-09-07;mega-darkrai-ex;trainer;POR;81;Poké Pad;2;1;1;2.0;1.0
6a9ebc30ab080c8c957fcc9c;2026-09-07;mega-darkrai-ex;trainer;ASC;196;Night Stretcher;2;1;1;2.0;1.0
6a9ebc30ab080c8c957fcc9c;2026-09-07;mega-darkrai-ex;trainer;SFA;58;Dangerous Laser;1;1;1;1.0;1.0
6a9ebc30ab080c8c957fcc9c;2026-09-07;mega-darkrai-ex;trainer;PFL;91;Jumbo Ice Cream;1;1;1;1.0;1.0
6a9ebc30ab080c8c957fcc9c;2026-09-07;mega-darkrai-ex;trainer;MEG;121;Mega Signal;1;1;1;1.0;1.0
6a9ebc30ab080c8c957fcc9c;2026-09-07;mega-darkrai-ex;trainer;CRI;82;Special Red Card;1;1;1;1.0;1.0
6a9ebc30ab080c8c957fcc9c;2026-09-07;mega-darkrai-ex;trainer;PRE;95;Binding Mochi;2;1;1;2.0;1.0
6a9ebc30ab080c8c957fcc9c;2026-09-07;mega-darkrai-ex;trainer;MEG;127;Risky Ruins;2;1;1;2.0;1.0
6a9ebc30ab080c8c957fcc9c;2026-09-07;mega-darkrai-ex;trainer;SSP;180;Lively Stadium;1;1;1;1.0;1.0
6a9ebc30ab080c8c957fcc9c;2026-09-07;mega-darkrai-ex;energy;MEE;7;Darkness Energy;9;1;1;9.0;1.0
6a9ebc30ab080c8c957fcc9c;2026-09-07;mega-darkrai-ex;energy;PBL;83;Shadowy Darkness Energy;2;1;1;2.0;1.0
6a9ebc30ab080c8c957fcc9c;2026-09-07;mega-darkrai-ex;energy;MEE;2;Fire Energy;2;1;1;2.0;1.0
6a9ebc30ab080c8c957fcc9c;2026-09-07;mega-darkrai-ex;energy;ASC;216;Prism Energy;1;1;1;1.0;1.0
6a9ebc30ab080c8c957fcc9c;2026-09-07;beedrill-ex-cri;pokemon;TWM;39;Chi-Yu;1;1;2;0.5;0.5
6a9ebc30ab080c8c957fcc9c;2026-09-07;beedrill-ex-cri;trainer;SFA;57;Colress's Tenacity;1;1;2;0.5;0.5
6a9ebc30ab080c8c957fcc9c;2026-09-07;beedrill-ex-cri;energy;MEE;2;Fire Energy;1;1;2;0.5;0.5
6a9ebc30ab080c8c957fcc9c;2026-09-07;dragapult-ex;pokemon;DRI;10;Shaymin;5;5;17;0.2941;0.2941
6a9ebc30ab080c8c957fcc9c;2026-09-07;lopunny-dudunsparce;pokemon;TEF;128;Dunsparce;5;3;3;1.6667;1.0
6a9ebc30ab080c8c957fcc9c;2026-09-07;lopunny-dudunsparce;pokemon;JTG;120;Dunsparce;6;3;3;2.0;1.0
6a9ebc30ab080c8c957fcc9c;2026-09-07;lopunny-dudunsparce;pokemon;TEF;129;Dudunsparce;8;3;3;2.6667;1.0
6a9ebc30ab080c8c957fcc9c;2026-09-07;lopunny-dudunsparce;pokemon;JTG;121;Dudunsparce ex;2;2;3;0.6667;0.6667
6a9ebc30ab080c8c957fcc9c;2026-09-07;lopunny-dudunsparce;pokemon;MEG;107;Buneary;3;1;3;1.0;0.3333
6a9ebc30ab080c8c957fcc9c;2026-09-07;lopunny-dudunsparce;pokemon;PFL;84;Mega Lopunny ex;8;3;3;2.6667;1.0
6a9ebc30ab080c8c957fcc9c;2026-09-07;lopunny-dudunsparce;pokemon;PFL;14;Moltres;2;1;3;0.6667;0.3333
6a9ebc30ab080c8c957fcc9c;2026-09-07;lopunny-dudunsparce;pokemon;SCR;118;Fan Rotom;6;3;3;2.0;1.0
6a9ebc30ab080c8c957fcc9c;2026-09-07;lopunny-dudunsparce;pokemon;ASC;39;Psyduck;2;2;3;0.6667;0.6667
6a9ebc30ab080c8c957fcc9c;2026-09-07;lopunny-dudunsparce;pokemon;DRI;10;Shaymin;2;2;3;0.6667;0.6667
6a9ebc30ab080c8c957fcc9c;2026-09-07;lopunny-dudunsparce;trainer;MEG;119;Lillie's Determination;4;1;3;1.3333;0.3333
6a9ebc30ab080c8c957fcc9c;2026-09-07;lopunny-dudunsparce;trainer;MEG;132;Wally's Compassion;8;3;3;2.6667;1.0
6a9ebc30ab080c8c957fcc9c;2026-09-07;lopunny-dudunsparce;trainer;MEG;114;Boss's Orders;9;3;3;3.0;1.0
6a9ebc30ab080c8c957fcc9c;2026-09-07;lopunny-dudunsparce;trainer;WHT;84;Hilda;8;3;3;2.6667;1.0
6a9ebc30ab080c8c957fcc9c;2026-09-07;lopunny-dudunsparce;trainer;POR;81;Poké Pad;12;3;3;4.0;1.0
6a9ebc30ab080c8c957fcc9c;2026-09-07;lopunny-dudunsparce;trainer;TEF;144;Buddy-Buddy Poffin;12;3;3;4.0;1.0
6a9ebc30ab080c8c957fcc9c;2026-09-07;lopunny-dudunsparce;trainer;MEG;131;Ultra Ball;4;1;3;1.3333;0.3333
6a9ebc30ab080c8c957fcc9c;2026-09-07;lopunny-dudunsparce;trainer;SVI;186;Pokégear 3.0;2;1;3;0.6667;0.3333
6a9ebc30ab080c8c957fcc9c;2026-09-07;lopunny-dudunsparce;trainer;CRI;82;Special Red Card;3;3;3;1.0;1.0
6a9ebc30ab080c8c957fcc9c;2026-09-07;lopunny-dudunsparce;trainer;ASC;196;Night Stretcher;4;3;3;1.3333;1.0
6a9ebc30ab080c8c957fcc9c;2026-09-07;lopunny-dudunsparce;trainer;ASC;181;Air Balloon;7;3;3;2.3333;1.0
6a9ebc30ab080c8c957fcc9c;2026-09-07;lopunny-dudunsparce;trainer;PFL;85;Battle Cage;5;2;3;1.6667;0.6667
6a9ebc30ab080c8c957fcc9c;2026-09-07;lopunny-dudunsparce;trainer;TWM;153;Jamming Tower;1;1;3;0.3333;0.3333
6a9ebc30ab080c8c957fcc9c;2026-09-07;lopunny-dudunsparce;energy;TEF;161;Mist Energy;11;3;3;3.6667;1.0
6a9ebc30ab080c8c957fcc9c;2026-09-07;lopunny-dudunsparce;energy;MEE;2;Fire Energy;2;1;3;0.6667;0.3333
6a9ebc30ab080c8c957fcc9c;2026-09-07;lopunny-dudunsparce;energy;SSP;191;Enriching Energy;3;3;3;1.0;1.0
6a9ebc30ab080c8c957fcc9c;2026-09-07;alakazam-dudunsparce;pokemon;MEG;54;Abra;36;9;9;4.0;1.0
6a9ebc30ab080c8c957fcc9c;2026-09-07;alakazam-dudunsparce;pokemon;MEG;55;Kadabra;35;9;9;3.8889;1.0
6a9ebc30ab080c8c957fcc9c;2026-09-07;alakazam-dudunsparce;pokemon;MEG;56;Alakazam;27;9;9;3.0;1.0
6a9ebc30ab080c8c957fcc9c;2026-09-07;alakazam-dudunsparce;pokemon;PBL;66;Pikipek;6;3;9;0.6667;0.3333
6a9ebc30ab080c8c957fcc9c;2026-09-07;alakazam-dudunsparce;pokemon;PBL;67;Trumbeak;1;1;9;0.1111;0.1111
6a9ebc30ab080c8c957fcc9c;2026-09-07;alakazam-dudunsparce;pokemon;PBL;68;Toucannon;6;3;9;0.6667;0.3333
6a9ebc30ab080c8c957fcc9c;2026-09-07;alakazam-dudunsparce;pokemon;JTG;120;Dunsparce;14;6;9;1.5556;0.6667
6a9ebc30ab080c8c957fcc9c;2026-09-07;alakazam-dudunsparce;pokemon;TEF;129;Dudunsparce;23;9;9;2.5556;1.0
6a9ebc30ab080c8c957fcc9c;2026-09-07;alakazam-dudunsparce;pokemon;SCR;118;Fan Rotom;1;1;9;0.1111;0.1111
6a9ebc30ab080c8c957fcc9c;2026-09-07;alakazam-dudunsparce;pokemon;ASC;142;Fezandipiti ex;9;9;9;1.0;1.0
6a9ebc30ab080c8c957fcc9c;2026-09-07;alakazam-dudunsparce;pokemon;DRI;10;Shaymin;9;9;9;1.0;1.0
6a9ebc30ab080c8c957fcc9c;2026-09-07;alakazam-dudunsparce;trainer;PFL;87;Dawn;33;9;9;3.6667;1.0
6a9ebc30ab080c8c957fcc9c;2026-09-07;alakazam-dudunsparce;trainer;WHT;84;Hilda;30;9;9;3.3333;1.0
6a9ebc30ab080c8c957fcc9c;2026-09-07;alakazam-dudunsparce;trainer;MEG;114;Boss's Orders;20;9;9;2.2222;1.0
6a9ebc30ab080c8c957fcc9c;2026-09-07;alakazam-dudunsparce;trainer;TWM;155;Lana's Aid;9;8;9;1.0;0.8889
6a9ebc30ab080c8c957fcc9c;2026-09-07;alakazam-dudunsparce;trainer;MEG;125;Rare Candy;29;9;9;3.2222;1.0
6a9ebc30ab080c8c957fcc9c;2026-09-07;alakazam-dudunsparce;trainer;POR;81;Poké Pad;35;9;9;3.8889;1.0
6a9ebc30ab080c8c957fcc9c;2026-09-07;alakazam-dudunsparce;trainer;TEF;144;Buddy-Buddy Poffin;34;9;9;3.7778;1.0
6a9ebc30ab080c8c957fcc9c;2026-09-07;alakazam-dudunsparce;trainer;TWM;148;Enhanced Hammer;15;8;9;1.6667;0.8889
6a9ebc30ab080c8c957fcc9c;2026-09-07;alakazam-dudunsparce;trainer;ASC;196;Night Stretcher;7;7;9;0.7778;0.7778
6a9ebc30ab080c8c957fcc9c;2026-09-07;alakazam-dudunsparce;trainer;CRI;82;Special Red Card;3;3;9;0.3333;0.3333
6a9ebc30ab080c8c957fcc9c;2026-09-07;alakazam-dudunsparce;trainer;PFL;94;Wondrous Patch;3;2;9;0.3333;0.2222
6a9ebc30ab080c8c957fcc9c;2026-09-07;alakazam-dudunsparce;trainer;DRI;168;Sacred Ash;9;9;9;1.0;1.0
6a9ebc30ab080c8c957fcc9c;2026-09-07;alakazam-dudunsparce;trainer;PFL;85;Battle Cage;27;9;9;3.0;1.0
6a9ebc30ab080c8c957fcc9c;2026-09-07;alakazam-dudunsparce;energy;POR;88;Telepathic Psychic Energy;35;9;9;3.8889;1.0
6a9ebc30ab080c8c957fcc9c;2026-09-07;alakazam-dudunsparce;energy;MEE;5;Psychic Energy;12;9;9;1.3333;1.0
6a9ebc30ab080c8c957fcc9c;2026-09-07;alakazam-dudunsparce;energy;SSP;191;Enriching Energy;9;9;9;1.0;1.0
6a9ebc30ab080c8c957fcc9c;2026-09-07;rocket-mewtwo-ex;pokemon;DRI;19;Team Rocket's Tarountula;4;1;1;4.0;1.0
6a9ebc30ab080c8c957fcc9c;2026-09-07;rocket-mewtwo-ex;pokemon;DRI;20;Team Rocket's Spidops;4;1;1;4.0;1.0
6a9ebc30ab080c8c957fcc9c;2026-09-07;rocket-mewtwo-ex;pokemon;DRI;51;Team Rocket's Articuno;2;1;1;2.0;1.0
6a9ebc30ab080c8c957fcc9c;2026-09-07;rocket-mewtwo-ex;pokemon;DRI;87;Team Rocket's Mimikyu;2;1;1;2.0;1.0
6a9ebc30ab080c8c957fcc9c;2026-09-07;rocket-mewtwo-ex;pokemon;DRI;81;Team Rocket's Mewtwo ex;2;1;1;2.0;1.0
6a9ebc30ab080c8c957fcc9c;2026-09-07;rocket-mewtwo-ex;pokemon;JTG;56;Lillie's Clefairy ex;1;1;1;1.0;1.0
6a9ebc30ab080c8c957fcc9c;2026-09-07;rocket-mewtwo-ex;pokemon;DRI;128;Team Rocket's Sneasel;1;1;1;1.0;1.0
6a9ebc30ab080c8c957fcc9c;2026-09-07;rocket-mewtwo-ex;trainer;MEG;119;Lillie's Determination;4;1;1;4.0;1.0
6a9ebc30ab080c8c957fcc9c;2026-09-07;rocket-mewtwo-ex;trainer;DRI;171;Team Rocket's Ariana;4;1;1;4.0;1.0
6a9ebc30ab080c8c957fcc9c;2026-09-07;rocket-mewtwo-ex;trainer;DRI;174;Team Rocket's Giovanni;3;1;1;3.0;1.0
6a9ebc30ab080c8c957fcc9c;2026-09-07;rocket-mewtwo-ex;trainer;DRI;177;Team Rocket's Proton;3;1;1;3.0;1.0
6a9ebc30ab080c8c957fcc9c;2026-09-07;rocket-mewtwo-ex;trainer;DRI;178;Team Rocket's Transceiver;4;1;1;4.0;1.0
6a9ebc30ab080c8c957fcc9c;2026-09-07;rocket-mewtwo-ex;trainer;MEG;131;Ultra Ball;3;1;1;3.0;1.0
6a9ebc30ab080c8c957fcc9c;2026-09-07;rocket-mewtwo-ex;trainer;TWM;143;Bug Catching Set;2;1;1;2.0;1.0
6a9ebc30ab080c8c957fcc9c;2026-09-07;rocket-mewtwo-ex;trainer;ASC;196;Night Stretcher;2;1;1;2.0;1.0
6a9ebc30ab080c8c957fcc9c;2026-09-07;rocket-mewtwo-ex;trainer;TWM;163;Secret Box;1;1;1;1.0;1.0
6a9ebc30ab080c8c957fcc9c;2026-09-07;rocket-mewtwo-ex;trainer;MEG;115;Energy Switch;1;1;1;1.0;1.0
6a9ebc30ab080c8c957fcc9c;2026-09-07;rocket-mewtwo-ex;trainer;CRI;82;Special Red Card;1;1;1;1.0;1.0
6a9ebc30ab080c8c957fcc9c;2026-09-07;rocket-mewtwo-ex;trainer;TWM;158;Lucky Helmet;2;1;1;2.0;1.0
6a9ebc30ab080c8c957fcc9c;2026-09-07;rocket-mewtwo-ex;trainer;CRI;80;Prism Tower;2;1;1;2.0;1.0
6a9ebc30ab080c8c957fcc9c;2026-09-07;rocket-mewtwo-ex;trainer;DRI;173;Team Rocket's Factory;1;1;1;1.0;1.0
6a9ebc30ab080c8c957fcc9c;2026-09-07;rocket-mewtwo-ex;energy;MEE;1;Grass Energy;6;1;1;6.0;1.0
6a9ebc30ab080c8c957fcc9c;2026-09-07;rocket-mewtwo-ex;energy;DRI;182;Team Rocket's Energy;4;1;1;4.0;1.0
6a9ebc30ab080c8c957fcc9c;2026-09-07;rocket-mewtwo-ex;energy;MEE;5;Psychic Energy;1;1;1;1.0;1.0
6a9ebc30ab080c8c957fcc9c;2026-09-07;dhelmise-pbl;pokemon;PBL;5;Poltchageist;12;3;3;4.0;1.0
6a9ebc30ab080c8c957fcc9c;2026-09-07;dhelmise-pbl;pokemon;PBL;6;Sinistcha;12;3;3;4.0;1.0
6a9ebc30ab080c8c957fcc9c;2026-09-07;dhelmise-pbl;pokemon;PBL;33;Shuppet;12;3;3;4.0;1.0
6a9ebc30ab080c8c957fcc9c;2026-09-07;dhelmise-pbl;pokemon;PBL;34;Banette;12;3;3;4.0;1.0
6a9ebc30ab080c8c957fcc9c;2026-09-07;dhelmise-pbl;pokemon;PBL;39;Dhelmise;10;3;3;3.3333;1.0
6a9ebc30ab080c8c957fcc9c;2026-09-07;dhelmise-pbl;pokemon;JTG;120;Dunsparce;2;1;3;0.6667;0.3333
6a9ebc30ab080c8c957fcc9c;2026-09-07;dhelmise-pbl;pokemon;TEF;129;Dudunsparce;2;1;3;0.6667;0.3333
6a9ebc30ab080c8c957fcc9c;2026-09-07;dhelmise-pbl;pokemon;DRI;10;Shaymin;3;3;3;1.0;1.0
6a9ebc30ab080c8c957fcc9c;2026-09-07;dhelmise-pbl;pokemon;CRI;70;Patrat;3;3;3;1.0;1.0
6a9ebc30ab080c8c957fcc9c;2026-09-07;dhelmise-pbl;pokemon;PBL;35;Spiritomb;3;3;3;1.0;1.0
6a9ebc30ab080c8c957fcc9c;2026-09-07;dhelmise-pbl;pokemon;JTG;56;Lillie's Clefairy ex;3;3;3;1.0;1.0
6a9ebc30ab080c8c957fcc9c;2026-09-07;dhelmise-pbl;pokemon;SSP;76;Latias ex;1;1;3;0.3333;0.3333
6a9ebc30ab080c8c957fcc9c;2026-09-07;dhelmise-pbl;trainer;MEG;119;Lillie's Determination;10;3;3;3.3333;1.0
6a9ebc30ab080c8c957fcc9c;2026-09-07;dhelmise-pbl;trainer;PBL;78;Gwynn;11;3;3;3.6667;1.0
6a9ebc30ab080c8c957fcc9c;2026-09-07;dhelmise-pbl;trainer;MEG;114;Boss's Orders;7;3;3;2.3333;1.0
6a9ebc30ab080c8c957fcc9c;2026-09-07;dhelmise-pbl;trainer;TEF;147;Explorer's Guidance;5;2;3;1.6667;0.6667
6a9ebc30ab080c8c957fcc9c;2026-09-07;dhelmise-pbl;trainer;MEG;131;Ultra Ball;12;3;3;4.0;1.0
6a9ebc30ab080c8c957fcc9c;2026-09-07;dhelmise-pbl;trainer;POR;81;Poké Pad;11;3;3;3.6667;1.0
6a9ebc30ab080c8c957fcc9c;2026-09-07;dhelmise-pbl;trainer;ASC;196;Night Stretcher;8;3;3;2.6667;1.0
6a9ebc30ab080c8c957fcc9c;2026-09-07;dhelmise-pbl;trainer;SSP;164;Brilliant Blender;3;3;3;1.0;1.0
6a9ebc30ab080c8c957fcc9c;2026-09-07;dhelmise-pbl;trainer;CRI;80;Prism Tower;7;3;3;2.3333;1.0
6a9ebc30ab080c8c957fcc9c;2026-09-07;dhelmise-pbl;energy;POR;88;Telepathic Psychic Energy;12;3;3;4.0;1.0
6a9ebc30ab080c8c957fcc9c;2026-09-07;dhelmise-pbl;energy;MEE;5;Psychic Energy;9;3;3;3.0;1.0
6a9ebc30ab080c8c957fcc9c;2026-09-07;dragapult-blaziken;pokemon;DRI;10;Shaymin;3;3;7;0.4286;0.4286
6a9ebc30ab080c8c957fcc9c;2026-09-07;starmie-froslass;pokemon;ASC;46;Snorunt;4;1;1;4.0;1.0
6a9ebc30ab080c8c957fcc9c;2026-09-07;starmie-froslass;pokemon;TWM;53;Froslass;3;1;1;3.0;1.0
6a9ebc30ab080c8c957fcc9c;2026-09-07;starmie-froslass;pokemon;ASC;47;Mega Froslass ex;1;1;1;1.0;1.0
6a9ebc30ab080c8c957fcc9c;2026-09-07;starmie-froslass;pokemon;POR;20;Staryu;3;1;1;3.0;1.0
6a9ebc30ab080c8c957fcc9c;2026-09-07;starmie-froslass;pokemon;POR;21;Mega Starmie ex;2;1;1;2.0;1.0
6a9ebc30ab080c8c957fcc9c;2026-09-07;starmie-froslass;pokemon;TWM;95;Munkidori;3;1;1;3.0;1.0
6a9ebc30ab080c8c957fcc9c;2026-09-07;starmie-froslass;pokemon;POR;62;Meowth ex;1;1;1;1.0;1.0
6a9ebc30ab080c8c957fcc9c;2026-09-07;starmie-froslass;pokemon;DRI;10;Shaymin;1;1;1;1.0;1.0
6a9ebc30ab080c8c957fcc9c;2026-09-07;starmie-froslass;pokemon;ASC;142;Fezandipiti ex;1;1;1;1.0;1.0
6a9ebc30ab080c8c957fcc9c;2026-09-07;starmie-froslass;pokemon;MEG;88;Yveltal;1;1;1;1.0;1.0
6a9ebc30ab080c8c957fcc9c;2026-09-07;starmie-froslass;pokemon;ASC;39;Psyduck;1;1;1;1.0;1.0
6a9ebc30ab080c8c957fcc9c;2026-09-07;starmie-froslass;pokemon;ASC;16;Budew;1;1;1;1.0;1.0
6a9ebc30ab080c8c957fcc9c;2026-09-07;starmie-froslass;trainer;MEG;119;Lillie's Determination;3;1;1;3.0;1.0
6a9ebc30ab080c8c957fcc9c;2026-09-07;starmie-froslass;trainer;MEG;114;Boss's Orders;2;1;1;2.0;1.0
6a9ebc30ab080c8c957fcc9c;2026-09-07;starmie-froslass;trainer;TWM;145;Carmine;2;1;1;2.0;1.0
6a9ebc30ab080c8c957fcc9c;2026-09-07;starmie-froslass;trainer;WHT;84;Hilda;2;1;1;2.0;1.0
6a9ebc30ab080c8c957fcc9c;2026-09-07;starmie-froslass;trainer;SCR;133;Crispin;2;1;1;2.0;1.0
6a9ebc30ab080c8c957fcc9c;2026-09-07;starmie-froslass;trainer;PBL;78;Gwynn;1;1;1;1.0;1.0
6a9ebc30ab080c8c957fcc9c;2026-09-07;starmie-froslass;trainer;SFA;57;Colress's Tenacity;1;1;1;1.0;1.0
6a9ebc30ab080c8c957fcc9c;2026-09-07;starmie-froslass;trainer;TEF;144;Buddy-Buddy Poffin;4;1;1;4.0;1.0
6a9ebc30ab080c8c957fcc9c;2026-09-07;starmie-froslass;trainer;POR;81;Poké Pad;3;1;1;3.0;1.0
6a9ebc30ab080c8c957fcc9c;2026-09-07;starmie-froslass;trainer;ASC;196;Night Stretcher;2;1;1;2.0;1.0
6a9ebc30ab080c8c957fcc9c;2026-09-07;starmie-froslass;trainer;CRI;82;Special Red Card;1;1;1;1.0;1.0
6a9ebc30ab080c8c957fcc9c;2026-09-07;starmie-froslass;trainer;CRI;78;Great Haul Net;1;1;1;1.0;1.0
6a9ebc30ab080c8c957fcc9c;2026-09-07;starmie-froslass;trainer;SVI;186;Pokégear 3.0;1;1;1;1.0;1.0
6a9ebc30ab080c8c957fcc9c;2026-09-07;starmie-froslass;trainer;ASC;181;Air Balloon;1;1;1;1.0;1.0
6a9ebc30ab080c8c957fcc9c;2026-09-07;starmie-froslass;trainer;MEG;127;Risky Ruins;4;1;1;4.0;1.0
6a9ebc30ab080c8c957fcc9c;2026-09-07;starmie-froslass;energy;MEE;7;Darkness Energy;3;1;1;3.0;1.0
6a9ebc30ab080c8c957fcc9c;2026-09-07;starmie-froslass;energy;MEE;3;Water Energy;2;1;1;2.0;1.0
6a9ebc30ab080c8c957fcc9c;2026-09-07;starmie-froslass;energy;WHT;86;Ignition Energy;1;1;1;1.0;1.0
6a9ebc30ab080c8c957fcc9c;2026-09-07;starmie-froslass;energy;TWM;167;Legacy Energy;1;1;1;1.0;1.0
6a9ebc30ab080c8c957fcc9c;2026-09-07;starmie-froslass;energy;CRI;84;Bubbly Water Energy;1;1;1;1.0;1.0
6a9ebc30ab080c8c957fcc9c;2026-09-07;ogerpon-meganium-arboliva;pokemon;SCR;114;Hoothoot;2;1;3;0.6667;0.3333
6a9ebc30ab080c8c957fcc9c;2026-09-07;ogerpon-meganium-arboliva;pokemon;SCR;115;Noctowl;2;1;3;0.6667;0.3333
6a9ebc30ab080c8c957fcc9c;2026-09-07;ogerpon-meganium-arboliva;trainer;TWM;162;Scoop Up Cyclone;1;1;3;0.3333;0.3333
6a9ebc30ab080c8c957fcc9c;2026-09-07;crustle-dri;pokemon;DRI;11;Dwebble;18;6;6;3.0;1.0
6a9ebc30ab080c8c957fcc9c;2026-09-07;crustle-dri;pokemon;DRI;12;Crustle;18;6;6;3.0;1.0
6a9ebc30ab080c8c957fcc9c;2026-09-07;crustle-dri;pokemon;MEG;104;Mega Kangaskhan ex;20;6;6;3.3333;1.0
6a9ebc30ab080c8c957fcc9c;2026-09-07;crustle-dri;pokemon;DRI;51;Team Rocket's Articuno;1;1;6;0.1667;0.1667
6a9ebc30ab080c8c957fcc9c;2026-09-07;crustle-dri;pokemon;ASC;162;Team Rocket's Kangaskhan ex;1;1;6;0.1667;0.1667
6a9ebc30ab080c8c957fcc9c;2026-09-07;crustle-dri;trainer;MEG;114;Boss's Orders;24;6;6;4.0;1.0
6a9ebc30ab080c8c957fcc9c;2026-09-07;crustle-dri;trainer;DRI;176;Team Rocket's Petrel;23;6;6;3.8333;1.0
6a9ebc30ab080c8c957fcc9c;2026-09-07;crustle-dri;trainer;MEG;119;Lillie's Determination;23;6;6;3.8333;1.0
6a9ebc30ab080c8c957fcc9c;2026-09-07;crustle-dri;trainer;TEF;146;Eri;11;4;6;1.8333;0.6667
6a9ebc30ab080c8c957fcc9c;2026-09-07;crustle-dri;trainer;WHT;84;Hilda;12;6;6;2.0;1.0
6a9ebc30ab080c8c957fcc9c;2026-09-07;crustle-dri;trainer;MEG;123;Pokémon Center Lady;6;6;6;1.0;1.0
6a9ebc30ab080c8c957fcc9c;2026-09-07;crustle-dri;trainer;SFA;64;Xerosic's Machinations;6;6;6;1.0;1.0
6a9ebc30ab080c8c957fcc9c;2026-09-07;crustle-dri;trainer;POR;71;Crushing Hammer;7;2;6;1.1667;0.3333
6a9ebc30ab080c8c957fcc9c;2026-09-07;crustle-dri;trainer;PFL;91;Jumbo Ice Cream;24;6;6;4.0;1.0
6a9ebc30ab080c8c957fcc9c;2026-09-07;crustle-dri;trainer;SVI;186;Pokégear 3.0;16;6;6;2.6667;1.0
6a9ebc30ab080c8c957fcc9c;2026-09-07;crustle-dri;trainer;TEF;144;Buddy-Buddy Poffin;12;6;6;2.0;1.0
6a9ebc30ab080c8c957fcc9c;2026-09-07;crustle-dri;trainer;MEG;131;Ultra Ball;6;6;6;1.0;1.0
6a9ebc30ab080c8c957fcc9c;2026-09-07;crustle-dri;trainer;MEG;130;Switch;7;6;6;1.1667;1.0
6a9ebc30ab080c8c957fcc9c;2026-09-07;crustle-dri;trainer;TEF;152;Hero's Cape;6;6;6;1.0;1.0
6a9ebc30ab080c8c957fcc9c;2026-09-07;crustle-dri;trainer;DRI;173;Team Rocket's Factory;8;6;6;1.3333;1.0
6a9ebc30ab080c8c957fcc9c;2026-09-07;crustle-dri;trainer;POR;77;Lumiose City;4;4;6;0.6667;0.6667
6a9ebc30ab080c8c957fcc9c;2026-09-07;crustle-dri;energy;TEF;161;Mist Energy;24;6;6;4.0;1.0
6a9ebc30ab080c8c957fcc9c;2026-09-07;crustle-dri;energy;POR;86;Growing Grass Energy;24;6;6;4.0;1.0
6a9ebc30ab080c8c957fcc9c;2026-09-07;crustle-dri;energy;JTG;159;Spiky Energy;19;5;6;3.1667;0.8333
6a9ebc30ab080c8c957fcc9c;2026-09-07;crustle-dri;energy;MEE;1;Grass Energy;7;6;6;1.1667;1.0
6a9ebc30ab080c8c957fcc9c;2026-09-07;crustle-dri;energy;MEE;3;Water Energy;1;1;6;0.1667;0.1667
6a9ebc30ab080c8c957fcc9c;2026-09-07;alakazam-dudunsparce;pokemon;TEF;128;Dunsparce;10;4;9;1.1111;0.4444
6a9ebc30ab080c8c957fcc9c;2026-09-07;alakazam-dudunsparce;pokemon;SFA;40;Genesect;9;8;9;1.0;0.8889
6a9ebc30ab080c8c957fcc9c;2026-09-07;alakazam-dudunsparce;trainer;TEF;146;Eri;6;6;9;0.6667;0.6667
6a9ebc30ab080c8c957fcc9c;2026-09-07;alakazam-dudunsparce;trainer;TWM;150;Handheld Fan;8;4;9;0.8889;0.4444
6a9ebc30ab080c8c957fcc9c;2026-09-07;alakazam-dudunsparce;trainer;TWM;158;Lucky Helmet;5;5;9;0.5556;0.5556
6a9ebc30ab080c8c957fcc9c;2026-09-07;alakazam-dudunsparce;trainer;ASC;181;Air Balloon;10;6;9;1.1111;0.6667
6a9ebc30ab080c8c957fcc9c;2026-09-07;dragapult-dusknoir;pokemon;TEF;128;Dunsparce;1;1;6;0.1667;0.1667
6a9ebc30ab080c8c957fcc9c;2026-09-07;dragapult-dusknoir;pokemon;TEF;129;Dudunsparce;1;1;6;0.1667;0.1667
6a9ebc30ab080c8c957fcc9c;2026-09-07;dragapult-dusknoir;trainer;POR;76;Judge;3;3;6;0.5;0.5
6a9ebc30ab080c8c957fcc9c;2026-09-07;dragapult-dusknoir;trainer;DRI;176;Team Rocket's Petrel;1;1;6;0.1667;0.1667
6a9ebc30ab080c8c957fcc9c;2026-09-07;dragapult-dusknoir;trainer;JTG;146;Brock's Scouting;1;1;6;0.1667;0.1667
6a9ebc30ab080c8c957fcc9c;2026-09-07;dragapult-dusknoir;trainer;TEF;152;Hero's Cape;1;1;6;0.1667;0.1667
6a9ebc30ab080c8c957fcc9c;2026-09-07;dragapult-dusknoir;trainer;MEG;127;Risky Ruins;2;1;6;0.3333;0.1667
6a9ebc30ab080c8c957fcc9c;2026-09-07;kangaskhan-bouffalant;pokemon;MEG;104;Mega Kangaskhan ex;8;2;2;4.0;1.0
6a9ebc30ab080c8c957fcc9c;2026-09-07;kangaskhan-bouffalant;pokemon;TWM;95;Munkidori;6;2;2;3.0;1.0
6a9ebc30ab080c8c957fcc9c;2026-09-07;kangaskhan-bouffalant;pokemon;SCR;119;Bouffalant;5;2;2;2.5;1.0
6a9ebc30ab080c8c957fcc9c;2026-09-07;kangaskhan-bouffalant;pokemon;SSP;151;Bouffalant;1;1;2;0.5;0.5
6a9ebc30ab080c8c957fcc9c;2026-09-07;kangaskhan-bouffalant;pokemon;ASC;39;Psyduck;2;2;2;1.0;1.0
6a9ebc30ab080c8c957fcc9c;2026-09-07;kangaskhan-bouffalant;trainer;MEG;119;Lillie's Determination;8;2;2;4.0;1.0
6a9ebc30ab080c8c957fcc9c;2026-09-07;kangaskhan-bouffalant;trainer;SCR;133;Crispin;8;2;2;4.0;1.0
6a9ebc30ab080c8c957fcc9c;2026-09-07;kangaskhan-bouffalant;trainer;MEG;114;Boss's Orders;6;2;2;3.0;1.0
6a9ebc30ab080c8c957fcc9c;2026-09-07;kangaskhan-bouffalant;trainer;DRI;176;Team Rocket's Petrel;6;2;2;3.0;1.0
6a9ebc30ab080c8c957fcc9c;2026-09-07;kangaskhan-bouffalant;trainer;TEF;145;Ciphermaniac's Codebreaking;4;2;2;2.0;1.0
6a9ebc30ab080c8c957fcc9c;2026-09-07;kangaskhan-bouffalant;trainer;TWM;155;Lana's Aid;2;2;2;1.0;1.0
6a9ebc30ab080c8c957fcc9c;2026-09-07;kangaskhan-bouffalant;trainer;CRI;76;AZ's Tranquility;2;2;2;1.0;1.0
6a9ebc30ab080c8c957fcc9c;2026-09-07;kangaskhan-bouffalant;trainer;PFL;91;Jumbo Ice Cream;8;2;2;4.0;1.0
6a9ebc30ab080c8c957fcc9c;2026-09-07;kangaskhan-bouffalant;trainer;MEG;131;Ultra Ball;6;2;2;3.0;1.0
6a9ebc30ab080c8c957fcc9c;2026-09-07;kangaskhan-bouffalant;trainer;ASC;196;Night Stretcher;4;2;2;2.0;1.0
6a9ebc30ab080c8c957fcc9c;2026-09-07;kangaskhan-bouffalant;trainer;SVI;186;Pokégear 3.0;4;2;2;2.0;1.0
6a9ebc30ab080c8c957fcc9c;2026-09-07;kangaskhan-bouffalant;trainer;MEG;115;Energy Switch;2;2;2;1.0;1.0
6a9ebc30ab080c8c957fcc9c;2026-09-07;kangaskhan-bouffalant;trainer;POR;81;Poké Pad;2;2;2;1.0;1.0
6a9ebc30ab080c8c957fcc9c;2026-09-07;kangaskhan-bouffalant;trainer;MEG;130;Switch;2;2;2;1.0;1.0
6a9ebc30ab080c8c957fcc9c;2026-09-07;kangaskhan-bouffalant;trainer;ASC;181;Air Balloon;2;2;2;1.0;1.0
6a9ebc30ab080c8c957fcc9c;2026-09-07;kangaskhan-bouffalant;trainer;TEF;152;Hero's Cape;2;2;2;1.0;1.0
6a9ebc30ab080c8c957fcc9c;2026-09-07;kangaskhan-bouffalant;trainer;POR;77;Lumiose City;6;2;2;3.0;1.0
6a9ebc30ab080c8c957fcc9c;2026-09-07;kangaskhan-bouffalant;energy;TEF;161;Mist Energy;8;2;2;4.0;1.0
6a9ebc30ab080c8c957fcc9c;2026-09-07;kangaskhan-bouffalant;energy;MEE;7;Darkness Energy;8;2;2;4.0;1.0
6a9ebc30ab080c8c957fcc9c;2026-09-07;kangaskhan-bouffalant;energy;MEE;5;Psychic Energy;8;2;2;4.0;1.0
6a9ebc30ab080c8c957fcc9c;2026-09-07;lucario-hariyama;pokemon;MEG;76;Riolu;7;2;2;3.5;1.0
6a9ebc30ab080c8c957fcc9c;2026-09-07;lucario-hariyama;pokemon;MEG;77;Mega Lucario ex;6;2;2;3.0;1.0
6a9ebc30ab080c8c957fcc9c;2026-09-07;lucario-hariyama;pokemon;MEG;75;Solrock;5;2;2;2.5;1.0
6a9ebc30ab080c8c957fcc9c;2026-09-07;lucario-hariyama;pokemon;MEG;72;Makuhita;4;2;2;2.0;1.0
6a9ebc30ab080c8c957fcc9c;2026-09-07;lucario-hariyama;pokemon;MEG;73;Hariyama;4;2;2;2.0;1.0
6a9ebc30ab080c8c957fcc9c;2026-09-07;lucario-hariyama;pokemon;MEG;74;Lunatone;4;2;2;2.0;1.0
6a9ebc30ab080c8c957fcc9c;2026-09-07;lucario-hariyama;pokemon;POR;62;Meowth ex;2;2;2;1.0;1.0
6a9ebc30ab080c8c957fcc9c;2026-09-07;lucario-hariyama;trainer;MEG;119;Lillie's Determination;8;2;2;4.0;1.0
6a9ebc30ab080c8c957fcc9c;2026-09-07;lucario-hariyama;trainer;MEG;114;Boss's Orders;4;2;2;2.0;1.0
6a9ebc30ab080c8c957fcc9c;2026-09-07;lucario-hariyama;trainer;POR;76;Judge;3;2;2;1.5;1.0
6a9ebc30ab080c8c957fcc9c;2026-09-07;lucario-hariyama;trainer;MEG;132;Wally's Compassion;2;2;2;1.0;1.0
6a9ebc30ab080c8c957fcc9c;2026-09-07;lucario-hariyama;trainer;DRI;176;Team Rocket's Petrel;1;1;2;0.5;0.5
6a9ebc30ab080c8c957fcc9c;2026-09-07;lucario-hariyama;trainer;MEG;116;Fighting Gong;8;2;2;4.0;1.0
6a9ebc30ab080c8c957fcc9c;2026-09-07;lucario-hariyama;trainer;POR;81;Poké Pad;7;2;2;3.5;1.0
6a9ebc30ab080c8c957fcc9c;2026-09-07;lucario-hariyama;trainer;MEG;124;Premium Power Pro;8;2;2;4.0;1.0
6a9ebc30ab080c8c957fcc9c;2026-09-07;lucario-hariyama;trainer;MEG;131;Ultra Ball;7;2;2;3.5;1.0
6a9ebc30ab080c8c957fcc9c;2026-09-07;lucario-hariyama;trainer;TWM;165;Unfair Stamp;1;1;2;0.5;0.5
6a9ebc30ab080c8c957fcc9c;2026-09-07;lucario-hariyama;trainer;MEG;130;Switch;3;2;2;1.5;1.0
6a9ebc30ab080c8c957fcc9c;2026-09-07;lucario-hariyama;trainer;ASC;181;Air Balloon;4;2;2;2.0;1.0
6a9ebc30ab080c8c957fcc9c;2026-09-07;lucario-hariyama;trainer;SSP;177;Gravity Mountain;4;2;2;2.0;1.0
6a9ebc30ab080c8c957fcc9c;2026-09-07;lucario-hariyama;energy;MEE;6;Fighting Energy;20;2;2;10.0;1.0
6a9ebc30ab080c8c957fcc9c;2026-09-07;festival-lead;pokemon;SCR;12;Applin;11;3;7;1.5714;0.4286
6a9ebc30ab080c8c957fcc9c;2026-09-07;festival-lead;pokemon;TWM;18;Dipplin;26;7;7;3.7143;1.0
6a9ebc30ab080c8c957fcc9c;2026-09-07;festival-lead;pokemon;TWM;14;Grookey;25;7;7;3.5714;1.0
6a9ebc30ab080c8c957fcc9c;2026-09-07;festival-lead;pokemon;TWM;15;Thwackey;25;7;7;3.5714;1.0
6a9ebc30ab080c8c957fcc9c;2026-09-07;festival-lead;pokemon;TEF;23;Rellor;8;6;7;1.1429;0.8571
6a9ebc30ab080c8c957fcc9c;2026-09-07;festival-lead;pokemon;TEF;24;Rabsca;8;7;7;1.1429;1.0
6a9ebc30ab080c8c957fcc9c;2026-09-07;festival-lead;pokemon;TWM;44;Goldeen;11;7;7;1.5714;1.0
6a9ebc30ab080c8c957fcc9c;2026-09-07;festival-lead;pokemon;PRE;21;Seaking;8;7;7;1.1429;1.0
6a9ebc30ab080c8c957fcc9c;2026-09-07;festival-lead;trainer;MEG;119;Lillie's Determination;26;7;7;3.7143;1.0
6a9ebc30ab080c8c957fcc9c;2026-09-07;festival-lead;trainer;MEG;114;Boss's Orders;14;7;7;2.0;1.0
6a9ebc30ab080c8c957fcc9c;2026-09-07;festival-lead;trainer;PBL;77;Gladion's Final Battle;15;7;7;2.1429;1.0
6a9ebc30ab080c8c957fcc9c;2026-09-07;festival-lead;trainer;TWM;155;Lana's Aid;4;4;7;0.5714;0.5714
6a9ebc30ab080c8c957fcc9c;2026-09-07;festival-lead;trainer;TWM;154;Kieran;5;5;7;0.7143;0.7143
6a9ebc30ab080c8c957fcc9c;2026-09-07;festival-lead;trainer;TEF;144;Buddy-Buddy Poffin;28;7;7;4.0;1.0
6a9ebc30ab080c8c957fcc9c;2026-09-07;festival-lead;trainer;POR;81;Poké Pad;27;7;7;3.8571;1.0
6a9ebc30ab080c8c957fcc9c;2026-09-07;festival-lead;trainer;TWM;143;Bug Catching Set;15;6;7;2.1429;0.8571
6a9ebc30ab080c8c957fcc9c;2026-09-07;festival-lead;trainer;MEG;131;Ultra Ball;18;7;7;2.5714;1.0
6a9ebc30ab080c8c957fcc9c;2026-09-07;festival-lead;trainer;ASC;196;Night Stretcher;9;6;7;1.2857;0.8571
6a9ebc30ab080c8c957fcc9c;2026-09-07;festival-lead;trainer;MEG;130;Switch;5;5;7;0.7143;0.7143
6a9ebc30ab080c8c957fcc9c;2026-09-07;festival-lead;trainer;TWM;163;Secret Box;7;7;7;1.0;1.0
6a9ebc30ab080c8c957fcc9c;2026-09-07;festival-lead;trainer;DRI;168;Sacred Ash;5;5;7;0.7143;0.7143
6a9ebc30ab080c8c957fcc9c;2026-09-07;festival-lead;trainer;ASC;181;Air Balloon;13;7;7;1.8571;1.0
6a9ebc30ab080c8c957fcc9c;2026-09-07;festival-lead;trainer;WHT;80;Brave Bangle;13;7;7;1.8571;1.0
6a9ebc30ab080c8c957fcc9c;2026-09-07;festival-lead;trainer;TWM;149;Festival Grounds;28;7;7;4.0;1.0
6a9ebc30ab080c8c957fcc9c;2026-09-07;festival-lead;energy;MEE;1;Grass Energy;27;7;7;3.8571;1.0
6a9ebc30ab080c8c957fcc9c;2026-09-07;festival-lead;energy;POR;86;Growing Grass Energy;9;5;7;1.2857;0.7143
6a9ebc30ab080c8c957fcc9c;2026-09-07;erikas-victreebel;pokemon;ASC;4;Erika's Bellsprout;4;1;1;4.0;1.0
6a9ebc30ab080c8c957fcc9c;2026-09-07;erikas-victreebel;pokemon;ASC;5;Erika's Weepinbell;3;1;1;3.0;1.0
6a9ebc30ab080c8c957fcc9c;2026-09-07;erikas-victreebel;pokemon;ASC;6;Erika's Victreebel;3;1;1;3.0;1.0
6a9ebc30ab080c8c957fcc9c;2026-09-07;erikas-victreebel;pokemon;ASC;7;Erika's Tangela;4;1;1;4.0;1.0
6a9ebc30ab080c8c957fcc9c;2026-09-07;erikas-victreebel;pokemon;ASC;8;Chikorita;2;1;1;2.0;1.0
6a9ebc30ab080c8c957fcc9c;2026-09-07;erikas-victreebel;pokemon;MEG;9;Bayleef;2;1;1;2.0;1.0
6a9ebc30ab080c8c957fcc9c;2026-09-07;erikas-victreebel;pokemon;MEG;10;Meganium;2;1;1;2.0;1.0
6a9ebc30ab080c8c957fcc9c;2026-09-07;erikas-victreebel;pokemon;ASC;1;Erika's Oddish;1;1;1;1.0;1.0
6a9ebc30ab080c8c957fcc9c;2026-09-07;erikas-victreebel;pokemon;ASC;2;Erika's Gloom;1;1;1;1.0;1.0
6a9ebc30ab080c8c957fcc9c;2026-09-07;erikas-victreebel;pokemon;ASC;3;Erika's Vileplume ex;1;1;1;1.0;1.0
6a9ebc30ab080c8c957fcc9c;2026-09-07;erikas-victreebel;pokemon;TEF;23;Rellor;1;1;1;1.0;1.0
6a9ebc30ab080c8c957fcc9c;2026-09-07;erikas-victreebel;pokemon;TEF;24;Rabsca;1;1;1;1.0;1.0
6a9ebc30ab080c8c957fcc9c;2026-09-07;erikas-victreebel;pokemon;DRI;10;Shaymin;1;1;1;1.0;1.0
6a9ebc30ab080c8c957fcc9c;2026-09-07;erikas-victreebel;trainer;PBL;78;Gwynn;4;1;1;4.0;1.0
6a9ebc30ab080c8c957fcc9c;2026-09-07;erikas-victreebel;trainer;MEG;119;Lillie's Determination;4;1;1;4.0;1.0
6a9ebc30ab080c8c957fcc9c;2026-09-07;erikas-victreebel;trainer;MEG;114;Boss's Orders;2;1;1;2.0;1.0
6a9ebc30ab080c8c957fcc9c;2026-09-07;erikas-victreebel;trainer;TWM;155;Lana's Aid;1;1;1;1.0;1.0
6a9ebc30ab080c8c957fcc9c;2026-09-07;erikas-victreebel;trainer;POR;81;Poké Pad;4;1;1;4.0;1.0
6a9ebc30ab080c8c957fcc9c;2026-09-07;erikas-victreebel;trainer;TWM;143;Bug Catching Set;4;1;1;4.0;1.0
6a9ebc30ab080c8c957fcc9c;2026-09-07;erikas-victreebel;trainer;DRI;168;Sacred Ash;2;1;1;2.0;1.0
6a9ebc30ab080c8c957fcc9c;2026-09-07;erikas-victreebel;trainer;TWM;163;Secret Box;1;1;1;1.0;1.0
6a9ebc30ab080c8c957fcc9c;2026-09-07;erikas-victreebel;trainer;WHT;80;Brave Bangle;2;1;1;2.0;1.0
6a9ebc30ab080c8c957fcc9c;2026-09-07;erikas-victreebel;trainer;MEG;117;Forest of Vitality;4;1;1;4.0;1.0
6a9ebc30ab080c8c957fcc9c;2026-09-07;erikas-victreebel;energy;MEE;1;Grass Energy;6;1;1;6.0;1.0
6a9ebc30ab080c8c957fcc9c;2026-09-07;n-zoroark;pokemon;WHT;61;Zorua;1;1;5;0.2;0.2
6a9ebc30ab080c8c957fcc9c;2026-09-07;n-zoroark;pokemon;WHT;62;Zoroark;1;1;5;0.2;0.2
6a9ebc30ab080c8c957fcc9c;2026-09-07;n-zoroark;trainer;SVI;186;Pokégear 3.0;1;1;5;0.2;0.2
6a9ebc30ab080c8c957fcc9c;2026-09-07;lucario-hariyama;pokemon;ASC;142;Fezandipiti ex;1;1;2;0.5;0.5
6a9ebc30ab080c8c957fcc9c;2026-09-07;lucario-hariyama;trainer;TEF;145;Ciphermaniac's Codebreaking;1;1;2;0.5;0.5
6a9ebc30ab080c8c957fcc9c;2026-09-07;lucario-hariyama;trainer;ASC;196;Night Stretcher;2;1;2;1.0;0.5
6a9ebc30ab080c8c957fcc9c;2026-09-07;lucario-hariyama;trainer;ASC;212;Tool Scrapper;1;1;2;0.5;0.5
6a9ebc30ab080c8c957fcc9c;2026-09-07;lucario-hariyama;trainer;TEF;154;Maximum Belt;1;1;2;0.5;0.5
6a9ebc30ab080c8c957fcc9c;2026-09-07;lucario-hariyama;energy;POR;87;Rocky Fighting Energy;2;1;2;1.0;0.5
6a9ebc30ab080c8c957fcc9c;2026-09-07;alakazam-dudunsparce;pokemon;ASC;39;Psyduck;2;2;9;0.2222;0.2222
6a9ebc30ab080c8c957fcc9c;2026-09-07;mega-lucario-ex;pokemon;PRE;50;Riolu;3;1;2;1.5;0.5
6a9ebc30ab080c8c957fcc9c;2026-09-07;mega-lucario-ex;pokemon;MEG;77;Mega Lucario ex;6;2;2;3.0;1.0
6a9ebc30ab080c8c957fcc9c;2026-09-07;mega-lucario-ex;pokemon;JTG;120;Dunsparce;2;1;2;1.0;0.5
6a9ebc30ab080c8c957fcc9c;2026-09-07;mega-lucario-ex;pokemon;TEF;129;Dudunsparce;4;2;2;2.0;1.0
6a9ebc30ab080c8c957fcc9c;2026-09-07;mega-lucario-ex;pokemon;MEG;74;Lunatone;4;2;2;2.0;1.0
6a9ebc30ab080c8c957fcc9c;2026-09-07;mega-lucario-ex;pokemon;MEG;75;Solrock;5;2;2;2.5;1.0
6a9ebc30ab080c8c957fcc9c;2026-09-07;mega-lucario-ex;pokemon;POR;47;Mega Zygarde ex;1;1;2;0.5;0.5
6a9ebc30ab080c8c957fcc9c;2026-09-07;mega-lucario-ex;pokemon;SFA;40;Genesect;1;1;2;0.5;0.5
6a9ebc30ab080c8c957fcc9c;2026-09-07;mega-lucario-ex;pokemon;DRI;10;Shaymin;1;1;2;0.5;0.5
6a9ebc30ab080c8c957fcc9c;2026-09-07;mega-lucario-ex;trainer;WHT;84;Hilda;5;2;2;2.5;1.0
6a9ebc30ab080c8c957fcc9c;2026-09-07;mega-lucario-ex;trainer;MEG;119;Lillie's Determination;7;2;2;3.5;1.0
6a9ebc30ab080c8c957fcc9c;2026-09-07;mega-lucario-ex;trainer;MEG;114;Boss's Orders;4;2;2;2.0;1.0
6a9ebc30ab080c8c957fcc9c;2026-09-07;mega-lucario-ex;trainer;MEG;132;Wally's Compassion;2;2;2;1.0;1.0
6a9ebc30ab080c8c957fcc9c;2026-09-07;mega-lucario-ex;trainer;POR;71;Crushing Hammer;4;1;2;2.0;0.5
6a9ebc30ab080c8c957fcc9c;2026-09-07;mega-lucario-ex;trainer;MEG;124;Premium Power Pro;8;2;2;4.0;1.0
6a9ebc30ab080c8c957fcc9c;2026-09-07;mega-lucario-ex;trainer;MEG;116;Fighting Gong;7;2;2;3.5;1.0
6a9ebc30ab080c8c957fcc9c;2026-09-07;mega-lucario-ex;trainer;POR;81;Poké Pad;7;2;2;3.5;1.0
6a9ebc30ab080c8c957fcc9c;2026-09-07;mega-lucario-ex;trainer;TEF;144;Buddy-Buddy Poffin;5;2;2;2.5;1.0
6a9ebc30ab080c8c957fcc9c;2026-09-07;mega-lucario-ex;trainer;TWM;165;Unfair Stamp;1;1;2;0.5;0.5
6a9ebc30ab080c8c957fcc9c;2026-09-07;mega-lucario-ex;trainer;MEG;130;Switch;2;2;2;1.0;1.0
6a9ebc30ab080c8c957fcc9c;2026-09-07;mega-lucario-ex;trainer;CRI;82;Special Red Card;2;2;2;1.0;1.0
6a9ebc30ab080c8c957fcc9c;2026-09-07;mega-lucario-ex;trainer;ASC;181;Air Balloon;2;2;2;1.0;1.0
6a9ebc30ab080c8c957fcc9c;2026-09-07;mega-lucario-ex;trainer;SSP;177;Gravity Mountain;4;2;2;2.0;1.0
6a9ebc30ab080c8c957fcc9c;2026-09-07;mega-lucario-ex;trainer;TWM;153;Jamming Tower;1;1;2;0.5;0.5
6a9ebc30ab080c8c957fcc9c;2026-09-07;mega-lucario-ex;energy;MEE;6;Fighting Energy;15;2;2;7.5;1.0
6a9ebc30ab080c8c957fcc9c;2026-09-07;mega-lucario-ex;energy;POR;87;Rocky Fighting Energy;5;2;2;2.5;1.0
6a9ebc30ab080c8c957fcc9c;2026-09-07;clefairy-ogerpon;pokemon;MEG;104;Mega Kangaskhan ex;4;1;1;4.0;1.0
6a9ebc30ab080c8c957fcc9c;2026-09-07;clefairy-ogerpon;pokemon;JTG;56;Lillie's Clefairy ex;3;1;1;3.0;1.0
6a9ebc30ab080c8c957fcc9c;2026-09-07;clefairy-ogerpon;pokemon;POR;62;Meowth ex;2;1;1;2.0;1.0
6a9ebc30ab080c8c957fcc9c;2026-09-07;clefairy-ogerpon;pokemon;SSP;76;Latias ex;2;1;1;2.0;1.0
6a9ebc30ab080c8c957fcc9c;2026-09-07;clefairy-ogerpon;pokemon;TWM;25;Teal Mask Ogerpon ex;2;1;1;2.0;1.0
6a9ebc30ab080c8c957fcc9c;2026-09-07;clefairy-ogerpon;pokemon;ASC;142;Fezandipiti ex;1;1;1;1.0;1.0
6a9ebc30ab080c8c957fcc9c;2026-09-07;clefairy-ogerpon;pokemon;TEF;81;Iron Crown ex;1;1;1;1.0;1.0
6a9ebc30ab080c8c957fcc9c;2026-09-07;clefairy-ogerpon;pokemon;TWM;64;Wellspring Mask Ogerpon ex;1;1;1;1.0;1.0
6a9ebc30ab080c8c957fcc9c;2026-09-07;clefairy-ogerpon;pokemon;TEF;25;Iron Leaves ex;1;1;1;1.0;1.0
6a9ebc30ab080c8c957fcc9c;2026-09-07;clefairy-ogerpon;pokemon;SSP;111;Passimian;1;1;1;1.0;1.0
6a9ebc30ab080c8c957fcc9c;2026-09-07;clefairy-ogerpon;pokemon;SSP;56;Chien-Pao;1;1;1;1.0;1.0
6a9ebc30ab080c8c957fcc9c;2026-09-07;clefairy-ogerpon;trainer;SCR;133;Crispin;4;1;1;4.0;1.0
6a9ebc30ab080c8c957fcc9c;2026-09-07;clefairy-ogerpon;trainer;MEG;114;Boss's Orders;3;1;1;3.0;1.0
6a9ebc30ab080c8c957fcc9c;2026-09-07;clefairy-ogerpon;trainer;SSP;170;Cyrano;2;1;1;2.0;1.0
6a9ebc30ab080c8c957fcc9c;2026-09-07;clefairy-ogerpon;trainer;POR;76;Judge;1;1;1;1.0;1.0
6a9ebc30ab080c8c957fcc9c;2026-09-07;clefairy-ogerpon;trainer;TEF;145;Ciphermaniac's Codebreaking;1;1;1;1.0;1.0
6a9ebc30ab080c8c957fcc9c;2026-09-07;clefairy-ogerpon;trainer;MEG;131;Ultra Ball;4;1;1;4.0;1.0
6a9ebc30ab080c8c957fcc9c;2026-09-07;clefairy-ogerpon;trainer;MEG;115;Energy Switch;3;1;1;3.0;1.0
6a9ebc30ab080c8c957fcc9c;2026-09-07;clefairy-ogerpon;trainer;SSP;175;Dusk Ball;2;1;1;2.0;1.0
6a9ebc30ab080c8c957fcc9c;2026-09-07;clefairy-ogerpon;trainer;ASC;196;Night Stretcher;2;1;1;2.0;1.0
6a9ebc30ab080c8c957fcc9c;2026-09-07;clefairy-ogerpon;trainer;TEF;157;Prime Catcher;1;1;1;1.0;1.0
6a9ebc30ab080c8c957fcc9c;2026-09-07;clefairy-ogerpon;trainer;CRI;82;Special Red Card;1;1;1;1.0;1.0
6a9ebc30ab080c8c957fcc9c;2026-09-07;clefairy-ogerpon;trainer;JTG;151;Lillie's Pearl;2;1;1;2.0;1.0
6a9ebc30ab080c8c957fcc9c;2026-09-07;clefairy-ogerpon;trainer;SCR;131;Area Zero Underdepths;3;1;1;3.0;1.0
6a9ebc30ab080c8c957fcc9c;2026-09-07;clefairy-ogerpon;energy;MEE;1;Grass Energy;5;1;1;5.0;1.0
6a9ebc30ab080c8c957fcc9c;2026-09-07;clefairy-ogerpon;energy;MEE;5;Psychic Energy;3;1;1;3.0;1.0
6a9ebc30ab080c8c957fcc9c;2026-09-07;clefairy-ogerpon;energy;POR;88;Telepathic Psychic Energy;2;1;1;2.0;1.0
6a9ebc30ab080c8c957fcc9c;2026-09-07;clefairy-ogerpon;energy;MEE;6;Fighting Energy;1;1;1;1.0;1.0
6a9ebc30ab080c8c957fcc9c;2026-09-07;clefairy-ogerpon;energy;MEE;3;Water Energy;1;1;1;1.0;1.0
6a9ebc30ab080c8c957fcc9c;2026-09-07;grimmsnarl-froslass;pokemon;TWM;131;Tatsugiri;2;2;4;0.5;0.5
6a9ebc30ab080c8c957fcc9c;2026-09-07;grimmsnarl-froslass;trainer;JTG;149;Iris's Fighting Spirit;1;1;4;0.25;0.25
6a9ebc30ab080c8c957fcc9c;2026-09-07;grimmsnarl-froslass;trainer;TEF;152;Hero's Cape;2;2;4;0.5;0.5
6a9ebc30ab080c8c957fcc9c;2026-09-07;mega-absol-box;pokemon;TWM;95;Munkidori;3;1;1;3.0;1.0
6a9ebc30ab080c8c957fcc9c;2026-09-07;mega-absol-box;pokemon;MEG;86;Mega Absol ex;2;1;1;2.0;1.0
6a9ebc30ab080c8c957fcc9c;2026-09-07;mega-absol-box;pokemon;MEG;104;Mega Kangaskhan ex;2;1;1;2.0;1.0
6a9ebc30ab080c8c957fcc9c;2026-09-07;mega-absol-box;pokemon;ASC;142;Fezandipiti ex;1;1;1;1.0;1.0
6a9ebc30ab080c8c957fcc9c;2026-09-07;mega-absol-box;pokemon;POR;62;Meowth ex;1;1;1;1.0;1.0
6a9ebc30ab080c8c957fcc9c;2026-09-07;mega-absol-box;pokemon;MEG;88;Yveltal;1;1;1;1.0;1.0
6a9ebc30ab080c8c957fcc9c;2026-09-07;mega-absol-box;pokemon;SFA;39;Pecharunt ex;1;1;1;1.0;1.0
6a9ebc30ab080c8c957fcc9c;2026-09-07;mega-absol-box;pokemon;DRI;10;Shaymin;1;1;1;1.0;1.0
6a9ebc30ab080c8c957fcc9c;2026-09-07;mega-absol-box;pokemon;SSP;76;Latias ex;1;1;1;1.0;1.0
6a9ebc30ab080c8c957fcc9c;2026-09-07;mega-absol-box;trainer;MEG;119;Lillie's Determination;4;1;1;4.0;1.0
6a9ebc30ab080c8c957fcc9c;2026-09-07;mega-absol-box;trainer;PRE;112;Janine's Secret Art;4;1;1;4.0;1.0
6a9ebc30ab080c8c957fcc9c;2026-09-07;mega-absol-box;trainer;MEG;114;Boss's Orders;3;1;1;3.0;1.0
6a9ebc30ab080c8c957fcc9c;2026-09-07;mega-absol-box;trainer;DRI;176;Team Rocket's Petrel;2;1;1;2.0;1.0
6a9ebc30ab080c8c957fcc9c;2026-09-07;mega-absol-box;trainer;SFA;64;Xerosic's Machinations;1;1;1;1.0;1.0
6a9ebc30ab080c8c957fcc9c;2026-09-07;mega-absol-box;trainer;MEG;115;Energy Switch;4;1;1;4.0;1.0
6a9ebc30ab080c8c957fcc9c;2026-09-07;mega-absol-box;trainer;MEG;121;Mega Signal;4;1;1;4.0;1.0
6a9ebc30ab080c8c957fcc9c;2026-09-07;mega-absol-box;trainer;MEG;131;Ultra Ball;4;1;1;4.0;1.0
6a9ebc30ab080c8c957fcc9c;2026-09-07;mega-absol-box;trainer;ASC;196;Night Stretcher;3;1;1;3.0;1.0
6a9ebc30ab080c8c957fcc9c;2026-09-07;mega-absol-box;trainer;TWM;163;Secret Box;1;1;1;1.0;1.0
6a9ebc30ab080c8c957fcc9c;2026-09-07;mega-absol-box;trainer;MEG;130;Switch;1;1;1;1.0;1.0
6a9ebc30ab080c8c957fcc9c;2026-09-07;mega-absol-box;trainer;CRI;82;Special Red Card;1;1;1;1.0;1.0
6a9ebc30ab080c8c957fcc9c;2026-09-07;mega-absol-box;trainer;PRE;95;Binding Mochi;2;1;1;2.0;1.0
6a9ebc30ab080c8c957fcc9c;2026-09-07;mega-absol-box;trainer;SSP;180;Lively Stadium;2;1;1;2.0;1.0
6a9ebc30ab080c8c957fcc9c;2026-09-07;mega-absol-box;trainer;POR;77;Lumiose City;1;1;1;1.0;1.0
6a9ebc30ab080c8c957fcc9c;2026-09-07;mega-absol-box;energy;MEE;7;Darkness Energy;8;1;1;8.0;1.0
6a9ebc30ab080c8c957fcc9c;2026-09-07;mega-absol-box;energy;TEF;161;Mist Energy;2;1;1;2.0;1.0
6a9ebc30ab080c8c957fcc9c;2026-09-07;dragapult-dudunsparce;pokemon;TWM;128;Dreepy;4;1;1;4.0;1.0
6a9ebc30ab080c8c957fcc9c;2026-09-07;dragapult-dudunsparce;pokemon;TWM;129;Drakloak;4;1;1;4.0;1.0
6a9ebc30ab080c8c957fcc9c;2026-09-07;dragapult-dudunsparce;pokemon;TWM;130;Dragapult ex;3;1;1;3.0;1.0
6a9ebc30ab080c8c957fcc9c;2026-09-07;dragapult-dudunsparce;pokemon;TEF;128;Dunsparce;2;1;1;2.0;1.0
6a9ebc30ab080c8c957fcc9c;2026-09-07;dragapult-dudunsparce;pokemon;TEF;129;Dudunsparce;1;1;1;1.0;1.0
6a9ebc30ab080c8c957fcc9c;2026-09-07;dragapult-dudunsparce;pokemon;JTG;121;Dudunsparce ex;1;1;1;1.0;1.0
6a9ebc30ab080c8c957fcc9c;2026-09-07;dragapult-dudunsparce;pokemon;ASC;16;Budew;2;1;1;2.0;1.0
6a9ebc30ab080c8c957fcc9c;2026-09-07;dragapult-dudunsparce;pokemon;ASC;142;Fezandipiti ex;1;1;1;1.0;1.0
6a9ebc30ab080c8c957fcc9c;2026-09-07;dragapult-dudunsparce;pokemon;PFL;14;Moltres;1;1;1;1.0;1.0
6a9ebc30ab080c8c957fcc9c;2026-09-07;dragapult-dudunsparce;pokemon;POR;62;Meowth ex;1;1;1;1.0;1.0
6a9ebc30ab080c8c957fcc9c;2026-09-07;dragapult-dudunsparce;pokemon;CRI;70;Patrat;1;1;1;1.0;1.0
6a9ebc30ab080c8c957fcc9c;2026-09-07;dragapult-dudunsparce;pokemon;DRI;10;Shaymin;1;1;1;1.0;1.0
6a9ebc30ab080c8c957fcc9c;2026-09-07;dragapult-dudunsparce;trainer;MEG;119;Lillie's Determination;4;1;1;4.0;1.0
6a9ebc30ab080c8c957fcc9c;2026-09-07;dragapult-dudunsparce;trainer;MEG;114;Boss's Orders;3;1;1;3.0;1.0
6a9ebc30ab080c8c957fcc9c;2026-09-07;dragapult-dudunsparce;trainer;SCR;133;Crispin;2;1;1;2.0;1.0
6a9ebc30ab080c8c957fcc9c;2026-09-07;dragapult-dudunsparce;trainer;POR;84;Rosa's Encouragement;1;1;1;1.0;1.0
6a9ebc30ab080c8c957fcc9c;2026-09-07;dragapult-dudunsparce;trainer;PFL;87;Dawn;1;1;1;1.0;1.0
6a9ebc30ab080c8c957fcc9c;2026-09-07;dragapult-dudunsparce;trainer;POR;76;Judge;1;1;1;1.0;1.0
6a9ebc30ab080c8c957fcc9c;2026-09-07;dragapult-dudunsparce;trainer;TEF;144;Buddy-Buddy Poffin;4;1;1;4.0;1.0
6a9ebc30ab080c8c957fcc9c;2026-09-07;dragapult-dudunsparce;trainer;POR;81;Poké Pad;4;1;1;4.0;1.0
6a9ebc30ab080c8c957fcc9c;2026-09-07;dragapult-dudunsparce;trainer;ASC;196;Night Stretcher;3;1;1;3.0;1.0
6a9ebc30ab080c8c957fcc9c;2026-09-07;dragapult-dudunsparce;trainer;MEG;131;Ultra Ball;3;1;1;3.0;1.0
6a9ebc30ab080c8c957fcc9c;2026-09-07;dragapult-dudunsparce;trainer;TWM;165;Unfair Stamp;1;1;1;1.0;1.0
6a9ebc30ab080c8c957fcc9c;2026-09-07;dragapult-dudunsparce;trainer;PBL;75;Dark Bell;1;1;1;1.0;1.0
6a9ebc30ab080c8c957fcc9c;2026-09-07;dragapult-dudunsparce;trainer;CRI;82;Special Red Card;1;1;1;1.0;1.0
6a9ebc30ab080c8c957fcc9c;2026-09-07;dragapult-dudunsparce;trainer;TWM;153;Jamming Tower;1;1;1;1.0;1.0
6a9ebc30ab080c8c957fcc9c;2026-09-07;dragapult-dudunsparce;energy;MEE;5;Psychic Energy;4;1;1;4.0;1.0
6a9ebc30ab080c8c957fcc9c;2026-09-07;dragapult-dudunsparce;energy;MEE;2;Fire Energy;4;1;1;4.0;1.0
6a9ebc30ab080c8c957fcc9c;2026-09-07;dragapult-ex;pokemon;MEG;31;Chi-Yu;2;2;17;0.1176;0.1176
6a9ebc30ab080c8c957fcc9c;2026-09-07;dragapult-ex;pokemon;ASC;39;Psyduck;2;2;17;0.1176;0.1176
6a9ebc30ab080c8c957fcc9c;2026-09-07;dragapult-blaziken;pokemon;TWM;39;Chi-Yu;1;1;7;0.1429;0.1429
6a9ebc30ab080c8c957fcc9c;2026-09-07;dragapult-blaziken;trainer;PFL;86;Blowtorch;1;1;7;0.1429;0.1429
6a9ebc30ab080c8c957fcc9c;2026-09-07;alakazam-dusknoir;pokemon;PRE;35;Duskull;12;3;3;4.0;1.0
6a9ebc30ab080c8c957fcc9c;2026-09-07;alakazam-dusknoir;pokemon;PRE;36;Dusclops;6;3;3;2.0;1.0
6a9ebc30ab080c8c957fcc9c;2026-09-07;alakazam-dusknoir;pokemon;PRE;37;Dusknoir;6;3;3;2.0;1.0
6a9ebc30ab080c8c957fcc9c;2026-09-07;alakazam-dusknoir;pokemon;TWM;80;Abra;6;3;3;2.0;1.0
6a9ebc30ab080c8c957fcc9c;2026-09-07;alakazam-dusknoir;pokemon;MEG;54;Abra;6;3;3;2.0;1.0
6a9ebc30ab080c8c957fcc9c;2026-09-07;alakazam-dusknoir;pokemon;MEG;55;Kadabra;12;3;3;4.0;1.0
6a9ebc30ab080c8c957fcc9c;2026-09-07;alakazam-dusknoir;pokemon;MEG;56;Alakazam;9;3;3;3.0;1.0
6a9ebc30ab080c8c957fcc9c;2026-09-07;alakazam-dusknoir;pokemon;ASC;16;Budew;6;3;3;2.0;1.0
6a9ebc30ab080c8c957fcc9c;2026-09-07;alakazam-dusknoir;pokemon;DRI;10;Shaymin;3;3;3;1.0;1.0
6a9ebc30ab080c8c957fcc9c;2026-09-07;alakazam-dusknoir;pokemon;CRI;70;Patrat;2;2;3;0.6667;0.6667
6a9ebc30ab080c8c957fcc9c;2026-09-07;alakazam-dusknoir;pokemon;ASC;142;Fezandipiti ex;3;3;3;1.0;1.0
6a9ebc30ab080c8c957fcc9c;2026-09-07;alakazam-dusknoir;trainer;PBL;78;Gwynn;12;3;3;4.0;1.0
6a9ebc30ab080c8c957fcc9c;2026-09-07;alakazam-dusknoir;trainer;WHT;84;Hilda;12;3;3;4.0;1.0
6a9ebc30ab080c8c957fcc9c;2026-09-07;alakazam-dusknoir;trainer;PFL;87;Dawn;6;3;3;2.0;1.0
6a9ebc30ab080c8c957fcc9c;2026-09-07;alakazam-dusknoir;trainer;MEG;114;Boss's Orders;3;3;3;1.0;1.0
6a9ebc30ab080c8c957fcc9c;2026-09-07;alakazam-dusknoir;trainer;POR;81;Poké Pad;12;3;3;4.0;1.0
6a9ebc30ab080c8c957fcc9c;2026-09-07;alakazam-dusknoir;trainer;MEG;125;Rare Candy;12;3;3;4.0;1.0
6a9ebc30ab080c8c957fcc9c;2026-09-07;alakazam-dusknoir;trainer;TEF;144;Buddy-Buddy Poffin;9;3;3;3.0;1.0
6a9ebc30ab080c8c957fcc9c;2026-09-07;alakazam-dusknoir;trainer;MEG;128;Strange Timepiece;8;3;3;2.6667;1.0
6a9ebc30ab080c8c957fcc9c;2026-09-07;alakazam-dusknoir;trainer;ASC;196;Night Stretcher;6;3;3;2.0;1.0
6a9ebc30ab080c8c957fcc9c;2026-09-07;alakazam-dusknoir;trainer;CRI;82;Special Red Card;6;3;3;2.0;1.0
6a9ebc30ab080c8c957fcc9c;2026-09-07;alakazam-dusknoir;trainer;DRI;168;Sacred Ash;3;3;3;1.0;1.0
6a9ebc30ab080c8c957fcc9c;2026-09-07;alakazam-dusknoir;trainer;TEF;157;Prime Catcher;3;3;3;1.0;1.0
6a9ebc30ab080c8c957fcc9c;2026-09-07;alakazam-dusknoir;energy;POR;88;Telepathic Psychic Energy;12;3;3;4.0;1.0
6a9ebc30ab080c8c957fcc9c;2026-09-07;alakazam-dusknoir;energy;MEE;5;Psychic Energy;3;3;3;1.0;1.0
6a9ebc30ab080c8c957fcc9c;2026-09-07;stevens-metagross;pokemon;DRI;143;Steven's Beldum;3;1;1;3.0;1.0
6a9ebc30ab080c8c957fcc9c;2026-09-07;stevens-metagross;pokemon;DRI;144;Steven's Metang;2;1;1;2.0;1.0
6a9ebc30ab080c8c957fcc9c;2026-09-07;stevens-metagross;pokemon;DRI;145;Steven's Metagross ex;3;1;1;3.0;1.0
6a9ebc30ab080c8c957fcc9c;2026-09-07;stevens-metagross;pokemon;BLK;67;Genesect ex;2;1;1;2.0;1.0
6a9ebc30ab080c8c957fcc9c;2026-09-07;stevens-metagross;pokemon;PBL;46;Drilbur;1;1;1;1.0;1.0
6a9ebc30ab080c8c957fcc9c;2026-09-07;stevens-metagross;pokemon;PBL;65;Mega Excadrill ex;1;1;1;1.0;1.0
6a9ebc30ab080c8c957fcc9c;2026-09-07;stevens-metagross;pokemon;PFL;27;Piplup;1;1;1;1.0;1.0
6a9ebc30ab080c8c957fcc9c;2026-09-07;stevens-metagross;pokemon;PFL;70;Empoleon ex;1;1;1;1.0;1.0
6a9ebc30ab080c8c957fcc9c;2026-09-07;stevens-metagross;pokemon;SSP;76;Latias ex;1;1;1;1.0;1.0
6a9ebc30ab080c8c957fcc9c;2026-09-07;stevens-metagross;pokemon;MEG;94;Mega Mawile ex;1;1;1;1.0;1.0
6a9ebc30ab080c8c957fcc9c;2026-09-07;stevens-metagross;pokemon;ASC;16;Budew;1;1;1;1.0;1.0
6a9ebc30ab080c8c957fcc9c;2026-09-07;stevens-metagross;pokemon;POR;55;Mega Skarmory ex;1;1;1;1.0;1.0
6a9ebc30ab080c8c957fcc9c;2026-09-07;stevens-metagross;pokemon;CRI;32;Deoxys;1;1;1;1.0;1.0
6a9ebc30ab080c8c957fcc9c;2026-09-07;stevens-metagross;pokemon;JTG;56;Lillie's Clefairy ex;1;1;1;1.0;1.0
6a9ebc30ab080c8c957fcc9c;2026-09-07;stevens-metagross;pokemon;POR;62;Meowth ex;1;1;1;1.0;1.0
6a9ebc30ab080c8c957fcc9c;2026-09-07;stevens-metagross;pokemon;MEG;95;Dialga;1;1;1;1.0;1.0
6a9ebc30ab080c8c957fcc9c;2026-09-07;stevens-metagross;trainer;DRI;176;Team Rocket's Petrel;4;1;1;4.0;1.0
6a9ebc30ab080c8c957fcc9c;2026-09-07;stevens-metagross;trainer;MEG;119;Lillie's Determination;3;1;1;3.0;1.0
6a9ebc30ab080c8c957fcc9c;2026-09-07;stevens-metagross;trainer;MEG;114;Boss's Orders;2;1;1;2.0;1.0
6a9ebc30ab080c8c957fcc9c;2026-09-07;stevens-metagross;trainer;DRI;178;Team Rocket's Transceiver;4;1;1;4.0;1.0
6a9ebc30ab080c8c957fcc9c;2026-09-07;stevens-metagross;trainer;MEG;125;Rare Candy;3;1;1;3.0;1.0
6a9ebc30ab080c8c957fcc9c;2026-09-07;stevens-metagross;trainer;DRI;164;Energy Recycler;2;1;1;2.0;1.0
6a9ebc30ab080c8c957fcc9c;2026-09-07;stevens-metagross;trainer;ASC;196;Night Stretcher;2;1;1;2.0;1.0
6a9ebc30ab080c8c957fcc9c;2026-09-07;stevens-metagross;trainer;MEG;131;Ultra Ball;2;1;1;2.0;1.0
6a9ebc30ab080c8c957fcc9c;2026-09-07;stevens-metagross;trainer;SSP;185;Precious Trolley;1;1;1;1.0;1.0
6a9ebc30ab080c8c957fcc9c;2026-09-07;stevens-metagross;trainer;CRI;82;Special Red Card;1;1;1;1.0;1.0
6a9ebc30ab080c8c957fcc9c;2026-09-07;stevens-metagross;trainer;PFL;91;Jumbo Ice Cream;1;1;1;1.0;1.0
6a9ebc30ab080c8c957fcc9c;2026-09-07;stevens-metagross;trainer;TEF;144;Buddy-Buddy Poffin;1;1;1;1.0;1.0
6a9ebc30ab080c8c957fcc9c;2026-09-07;stevens-metagross;trainer;DRI;180;Team Rocket's Watchtower;1;1;1;1.0;1.0
6a9ebc30ab080c8c957fcc9c;2026-09-07;stevens-metagross;energy;MEE;8;Metal Energy;6;1;1;6.0;1.0
6a9ebc30ab080c8c957fcc9c;2026-09-07;stevens-metagross;energy;MEE;5;Psychic Energy;5;1;1;5.0;1.0
6a9ebc30ab080c8c957fcc9c;2026-09-07;cynthia-garchomp-ex;pokemon;DRI;102;Cynthia's Gible;8;2;2;4.0;1.0
6a9ebc30ab080c8c957fcc9c;2026-09-07;cynthia-garchomp-ex;pokemon;DRI;103;Cynthia's Gabite;8;2;2;4.0;1.0
6a9ebc30ab080c8c957fcc9c;2026-09-07;cynthia-garchomp-ex;pokemon;DRI;104;Cynthia's Garchomp ex;6;2;2;3.0;1.0
6a9ebc30ab080c8c957fcc9c;2026-09-07;cynthia-garchomp-ex;pokemon;DRI;7;Cynthia's Roselia;7;2;2;3.5;1.0
6a9ebc30ab080c8c957fcc9c;2026-09-07;cynthia-garchomp-ex;pokemon;DRI;8;Cynthia's Roserade;6;2;2;3.0;1.0
6a9ebc30ab080c8c957fcc9c;2026-09-07;cynthia-garchomp-ex;pokemon;DRI;129;Cynthia's Spiritomb;3;2;2;1.5;1.0
6a9ebc30ab080c8c957fcc9c;2026-09-07;cynthia-garchomp-ex;pokemon;DRI;10;Shaymin;1;1;2;0.5;0.5
6a9ebc30ab080c8c957fcc9c;2026-09-07;cynthia-garchomp-ex;pokemon;ASC;16;Budew;1;1;2;0.5;0.5
6a9ebc30ab080c8c957fcc9c;2026-09-07;cynthia-garchomp-ex;trainer;MEG;119;Lillie's Determination;8;2;2;4.0;1.0
6a9ebc30ab080c8c957fcc9c;2026-09-07;cynthia-garchomp-ex;trainer;MEG;114;Boss's Orders;6;2;2;3.0;1.0
6a9ebc30ab080c8c957fcc9c;2026-09-07;cynthia-garchomp-ex;trainer;PRE;115;Larry's Skill;2;1;2;1.0;0.5
6a9ebc30ab080c8c957fcc9c;2026-09-07;cynthia-garchomp-ex;trainer;WHT;84;Hilda;1;1;2;0.5;0.5
6a9ebc30ab080c8c957fcc9c;2026-09-07;cynthia-garchomp-ex;trainer;POR;84;Rosa's Encouragement;1;1;2;0.5;0.5
6a9ebc30ab080c8c957fcc9c;2026-09-07;cynthia-garchomp-ex;trainer;POR;81;Poké Pad;8;2;2;4.0;1.0
6a9ebc30ab080c8c957fcc9c;2026-09-07;cynthia-garchomp-ex;trainer;TEF;144;Buddy-Buddy Poffin;8;2;2;4.0;1.0
6a9ebc30ab080c8c957fcc9c;2026-09-07;cynthia-garchomp-ex;trainer;MEG;124;Premium Power Pro;5;2;2;2.5;1.0
6a9ebc30ab080c8c957fcc9c;2026-09-07;cynthia-garchomp-ex;trainer;ASC;196;Night Stretcher;4;2;2;2.0;1.0
6a9ebc30ab080c8c957fcc9c;2026-09-07;cynthia-garchomp-ex;trainer;CRI;82;Special Red Card;1;1;2;0.5;0.5
6a9ebc30ab080c8c957fcc9c;2026-09-07;cynthia-garchomp-ex;trainer;DRI;162;Cynthia's Power Weight;6;2;2;3.0;1.0
6a9ebc30ab080c8c957fcc9c;2026-09-07;cynthia-garchomp-ex;trainer;SSP;177;Gravity Mountain;2;1;2;1.0;0.5
6a9ebc30ab080c8c957fcc9c;2026-09-07;cynthia-garchomp-ex;energy;MEE;6;Fighting Energy;11;2;2;5.5;1.0
6a9ebc30ab080c8c957fcc9c;2026-09-07;cynthia-garchomp-ex;energy;POR;87;Rocky Fighting Energy;6;2;2;3.0;1.0
6a9ebc30ab080c8c957fcc9c;2026-09-07;alakazam-dudunsparce;pokemon;JTG;56;Lillie's Clefairy ex;1;1;9;0.1111;0.1111
6a9ebc30ab080c8c957fcc9c;2026-09-07;alakazam-dudunsparce;trainer;JTG;151;Lillie's Pearl;1;1;9;0.1111;0.1111
6a9ebc30ab080c8c957fcc9c;2026-09-07;alakazam-dudunsparce;trainer;ASC;197;Nighttime Mine;6;3;9;0.6667;0.3333
6a9ebc30ab080c8c957fcc9c;2026-09-07;lopunny-dudunsparce;pokemon;PFL;83;Buneary;6;2;3;2.0;0.6667
6a9ebc30ab080c8c957fcc9c;2026-09-07;lopunny-dudunsparce;pokemon;MEG;108;Lopunny;1;1;3;0.3333;0.3333
6a9ebc30ab080c8c957fcc9c;2026-09-07;lopunny-dudunsparce;trainer;SCR;138;Kofu;2;1;3;0.6667;0.3333
6a9ebc30ab080c8c957fcc9c;2026-09-07;lopunny-dudunsparce;trainer;SSP;178;Jasmine's Gaze;1;1;3;0.3333;0.3333
6a9ebc30ab080c8c957fcc9c;2026-09-07;lopunny-dudunsparce;trainer;POR;76;Judge;1;1;3;0.3333;0.3333
6a9ebc30ab080c8c957fcc9c;2026-09-07;lopunny-dudunsparce;trainer;SFA;64;Xerosic's Machinations;1;1;3;0.3333;0.3333
6a9ebc30ab080c8c957fcc9c;2026-09-07;lopunny-dudunsparce;trainer;MEG;130;Switch;3;2;3;1.0;0.6667
6a9ebc30ab080c8c957fcc9c;2026-09-07;lopunny-dudunsparce;trainer;TWM;146;Community Center;2;1;3;0.6667;0.3333
6a9ebc30ab080c8c957fcc9c;2026-09-07;lopunny-dudunsparce;trainer;SSP;177;Gravity Mountain;2;1;3;0.6667;0.3333
6a9ebc30ab080c8c957fcc9c;2026-09-07;lopunny-dudunsparce;energy;JTG;159;Spiky Energy;4;1;3;1.3333;0.3333
6a9ebc30ab080c8c957fcc9c;2026-09-07;lopunny-dudunsparce;energy;WHT;86;Ignition Energy;1;1;3;0.3333;0.3333
6a9ebc30ab080c8c957fcc9c;2026-09-07;crustle-dri;trainer;CRI;82;Special Red Card;4;4;6;0.6667;0.6667
6a9ebc30ab080c8c957fcc9c;2026-09-07;crustle-dri;trainer;TWM;148;Enhanced Hammer;4;4;6;0.6667;0.6667
6a9ebc30ab080c8c957fcc9c;2026-09-07;crustle-dri;trainer;TWM;150;Handheld Fan;4;4;6;0.6667;0.6667
6a9ebc30ab080c8c957fcc9c;2026-09-07;crustle-dri;trainer;TWM;149;Festival Grounds;3;3;6;0.5;0.5
6a9ebc30ab080c8c957fcc9c;2026-09-07;dragapult-blaziken;trainer;TWM;153;Jamming Tower;3;3;7;0.4286;0.4286
6a9ebc30ab080c8c957fcc9c;2026-09-07;dragapult-blaziken;trainer;SFA;64;Xerosic's Machinations;1;1;7;0.1429;0.1429
6a9ebc30ab080c8c957fcc9c;2026-09-07;slowking-scr;pokemon;PRE;35;Duskull;3;2;7;0.4286;0.2857
6a9ebc30ab080c8c957fcc9c;2026-09-07;slowking-scr;pokemon;PRE;36;Dusclops;2;2;7;0.2857;0.2857
6a9ebc30ab080c8c957fcc9c;2026-09-07;slowking-scr;pokemon;PRE;37;Dusknoir;2;2;7;0.2857;0.2857
6a9ebc30ab080c8c957fcc9c;2026-09-07;slowking-scr;pokemon;SSP;75;Smoochum;3;3;7;0.4286;0.4286
6a9ebc30ab080c8c957fcc9c;2026-09-07;slowking-scr;trainer;WHT;84;Hilda;1;1;7;0.1429;0.1429
6a9ebc30ab080c8c957fcc9c;2026-09-07;slowking-scr;trainer;MEG;125;Rare Candy;3;2;7;0.4286;0.2857
6a9ebc30ab080c8c957fcc9c;2026-09-07;basic-box-m;trainer;TEF;152;Hero's Cape;1;1;3;0.3333;0.3333
6a9ebc30ab080c8c957fcc9c;2026-09-07;basic-box-m;trainer;TWM;153;Jamming Tower;1;1;3;0.3333;0.3333
6a9ebc30ab080c8c957fcc9c;2026-09-07;mega-excadrill-ex;pokemon;TEF;113;Beldum;20;5;5;4.0;1.0
6a9ebc30ab080c8c957fcc9c;2026-09-07;mega-excadrill-ex;pokemon;TEF;114;Metang;20;5;5;4.0;1.0
6a9ebc30ab080c8c957fcc9c;2026-09-07;mega-excadrill-ex;pokemon;CRI;61;Metagross;6;5;5;1.2;1.0
6a9ebc30ab080c8c957fcc9c;2026-09-07;mega-excadrill-ex;pokemon;PBL;46;Drilbur;18;5;5;3.6;1.0
6a9ebc30ab080c8c957fcc9c;2026-09-07;mega-excadrill-ex;pokemon;PBL;65;Mega Excadrill ex;10;5;5;2.0;1.0
6a9ebc30ab080c8c957fcc9c;2026-09-07;mega-excadrill-ex;pokemon;BLK;67;Genesect ex;10;5;5;2.0;1.0
6a9ebc30ab080c8c957fcc9c;2026-09-07;mega-excadrill-ex;pokemon;PFL;27;Piplup;3;2;5;0.6;0.4
6a9ebc30ab080c8c957fcc9c;2026-09-07;mega-excadrill-ex;pokemon;PFL;70;Empoleon ex;3;2;5;0.6;0.4
6a9ebc30ab080c8c957fcc9c;2026-09-07;mega-excadrill-ex;pokemon;POR;55;Mega Skarmory ex;5;5;5;1.0;1.0
6a9ebc30ab080c8c957fcc9c;2026-09-07;mega-excadrill-ex;trainer;DRI;176;Team Rocket's Petrel;19;5;5;3.8;1.0
6a9ebc30ab080c8c957fcc9c;2026-09-07;mega-excadrill-ex;trainer;MEG;119;Lillie's Determination;16;5;5;3.2;1.0
6a9ebc30ab080c8c957fcc9c;2026-09-07;mega-excadrill-ex;trainer;JTG;146;Brock's Scouting;4;2;5;0.8;0.4
6a9ebc30ab080c8c957fcc9c;2026-09-07;mega-excadrill-ex;trainer;MEG;114;Boss's Orders;9;5;5;1.8;1.0
6a9ebc30ab080c8c957fcc9c;2026-09-07;mega-excadrill-ex;trainer;TWM;154;Kieran;7;5;5;1.4;1.0
6a9ebc30ab080c8c957fcc9c;2026-09-07;mega-excadrill-ex;trainer;TEF;144;Buddy-Buddy Poffin;19;5;5;3.8;1.0
6a9ebc30ab080c8c957fcc9c;2026-09-07;mega-excadrill-ex;trainer;SVI;186;Pokégear 3.0;6;3;5;1.2;0.6
6a9ebc30ab080c8c957fcc9c;2026-09-07;mega-excadrill-ex;trainer;PFL;91;Jumbo Ice Cream;16;5;5;3.2;1.0
6a9ebc30ab080c8c957fcc9c;2026-09-07;mega-excadrill-ex;trainer;MEG;125;Rare Candy;1;1;5;0.2;0.2
6a9ebc30ab080c8c957fcc9c;2026-09-07;mega-excadrill-ex;trainer;DRI;164;Energy Recycler;6;5;5;1.2;1.0
6a9ebc30ab080c8c957fcc9c;2026-09-07;mega-excadrill-ex;trainer;ASC;181;Air Balloon;1;1;5;0.2;0.2
6a9ebc30ab080c8c957fcc9c;2026-09-07;mega-excadrill-ex;trainer;TEF;152;Hero's Cape;4;4;5;0.8;0.8
6a9ebc30ab080c8c957fcc9c;2026-09-07;mega-excadrill-ex;energy;MEE;8;Metal Energy;79;5;5;15.8;1.0
6a9ebc30ab080c8c957fcc9c;2026-09-07;crustle-dri;pokemon;TWM;112;Cornerstone Mask Ogerpon ex;2;2;6;0.3333;0.3333
6a9ebc30ab080c8c957fcc9c;2026-09-07;crustle-dri;pokemon;DRI;10;Shaymin;2;2;6;0.3333;0.3333
6a9ebc30ab080c8c957fcc9c;2026-09-07;crustle-dri;pokemon;ASC;39;Psyduck;2;2;6;0.3333;0.3333
6a9ebc30ab080c8c957fcc9c;2026-09-07;crustle-dri;trainer;POR;76;Judge;1;1;6;0.1667;0.1667
6a9ebc30ab080c8c957fcc9c;2026-09-07;crustle-dri;energy;POR;87;Rocky Fighting Energy;1;1;6;0.1667;0.1667
6a9ebc30ab080c8c957fcc9c;2026-09-07;alakazam-dudunsparce;pokemon;SSP;87;Dedenne;3;3;9;0.3333;0.3333
6a9ebc30ab080c8c957fcc9c;2026-09-07;mega-excadrill-ex;pokemon;ASC;142;Fezandipiti ex;4;4;5;0.8;0.8
6a9ebc30ab080c8c957fcc9c;2026-09-07;mega-excadrill-ex;trainer;MEG;130;Switch;3;3;5;0.6;0.6
6a9ebc30ab080c8c957fcc9c;2026-09-07;mega-excadrill-ex;trainer;CRI;82;Special Red Card;2;2;5;0.4;0.4
6a9ebc30ab080c8c957fcc9c;2026-09-07;mega-excadrill-ex;trainer;MEG;131;Ultra Ball;5;4;5;1.0;0.8
6a9ebc30ab080c8c957fcc9c;2026-09-07;slowking-scr;pokemon;SSP;100;Annihilape;3;3;7;0.4286;0.4286
6a9ebc30ab080c8c957fcc9c;2026-09-07;slowking-scr;pokemon;POR;52;Drapion;2;2;7;0.2857;0.2857
6a9ebc30ab080c8c957fcc9c;2026-09-07;slowking-scr;trainer;TEF;157;Prime Catcher;2;2;7;0.2857;0.2857
6a9ebc30ab080c8c957fcc9c;2026-09-07;slowking-scr;pokemon;SSP;83;Cofagrigus;1;1;7;0.1429;0.1429
6a9ebc30ab080c8c957fcc9c;2026-09-07;slowking-scr;pokemon;TWM;95;Munkidori;1;1;7;0.1429;0.1429
6a9ebc30ab080c8c957fcc9c;2026-09-07;slowking-scr;trainer;SCR;133;Crispin;1;1;7;0.1429;0.1429
6a9ebc30ab080c8c957fcc9c;2026-09-07;slowking-scr;energy;MEE;7;Darkness Energy;2;1;7;0.2857;0.1429
6a9ebc30ab080c8c957fcc9c;2026-09-07;rockets-honchkrow;trainer;ASC;212;Tool Scrapper;1;1;4;0.25;0.25
6a9ebc30ab080c8c957fcc9c;2026-09-07;ogerpon-meganium-hydrapple;pokemon;TWM;17;Applin;2;1;2;1.0;0.5
6a9ebc30ab080c8c957fcc9c;2026-09-07;ogerpon-meganium-hydrapple;pokemon;ASC;8;Chikorita;1;1;2;0.5;0.5
6a9ebc30ab080c8c957fcc9c;2026-09-07;ogerpon-meganium-hydrapple;pokemon;SCR;114;Hoothoot;1;1;2;0.5;0.5
6a9ebc30ab080c8c957fcc9c;2026-09-07;ogerpon-meganium-hydrapple;pokemon;SCR;115;Noctowl;1;1;2;0.5;0.5
6a9ebc30ab080c8c957fcc9c;2026-09-07;alakazam-dusknoir;pokemon;TEF;78;Flutter Mane;1;1;3;0.3333;0.3333
6a9ebc30ab080c8c957fcc9c;2026-09-07;alakazam-dusknoir;trainer;TWM;148;Enhanced Hammer;1;1;3;0.3333;0.3333
6a9ebc30ab080c8c957fcc9c;2026-09-07;mega-excadrill-ex;trainer;DRI;178;Team Rocket's Transceiver;2;1;5;0.4;0.2
6a9ebc30ab080c8c957fcc9c;2026-09-07;mega-excadrill-ex;trainer;SSP;185;Precious Trolley;1;1;5;0.2;0.2
6a9ebc30ab080c8c957fcc9c;2026-09-07;mega-excadrill-ex;trainer;SSP;177;Gravity Mountain;1;1;5;0.2;0.2
6a9ebc30ab080c8c957fcc9c;2026-09-07;festival-lead;pokemon;TWM;126;Applin;3;1;7;0.4286;0.1429
6a9ebc30ab080c8c957fcc9c;2026-09-07;festival-lead;pokemon;TWM;17;Applin;13;4;7;1.8571;0.5714
6a9ebc30ab080c8c957fcc9c;2026-09-07;festival-lead;pokemon;DRI;10;Shaymin;3;3;7;0.4286;0.4286
6a9ebc30ab080c8c957fcc9c;2026-09-07;festival-lead;pokemon;ASC;39;Psyduck;2;2;7;0.2857;0.2857
6a9ebc30ab080c8c957fcc9c;2026-09-07;festival-lead;trainer;ASC;212;Tool Scrapper;3;3;7;0.4286;0.4286
6a9ebc30ab080c8c957fcc9c;2026-09-07;festival-lead;pokemon;TWM;16;Rillaboom;1;1;7;0.1429;0.1429
6a9ebc30ab080c8c957fcc9c;2026-09-07;festival-lead;pokemon;DRI;24;Rellor;1;1;7;0.1429;0.1429
6a9ebc30ab080c8c957fcc9c;2026-09-07;festival-lead;trainer;PBL;78;Gwynn;1;1;7;0.1429;0.1429
6a9ebc30ab080c8c957fcc9c;2026-09-07;festival-lead;trainer;MEG;117;Forest of Vitality;1;1;7;0.1429;0.1429
6a9ebc30ab080c8c957fcc9c;2026-09-07;greninja-ex;pokemon;CRI;20;Froakie;3;1;1;3.0;1.0
6a9ebc30ab080c8c957fcc9c;2026-09-07;greninja-ex;pokemon;CRI;21;Frogadier;2;1;1;2.0;1.0
6a9ebc30ab080c8c957fcc9c;2026-09-07;greninja-ex;pokemon;TWM;106;Greninja ex;2;1;1;2.0;1.0
6a9ebc30ab080c8c957fcc9c;2026-09-07;greninja-ex;pokemon;CRI;22;Mega Greninja ex;1;1;1;1.0;1.0
6a9ebc30ab080c8c957fcc9c;2026-09-07;greninja-ex;pokemon;PRE;35;Duskull;2;1;1;2.0;1.0
6a9ebc30ab080c8c957fcc9c;2026-09-07;greninja-ex;pokemon;PRE;36;Dusclops;2;1;1;2.0;1.0
6a9ebc30ab080c8c957fcc9c;2026-09-07;greninja-ex;pokemon;PRE;37;Dusknoir;2;1;1;2.0;1.0
6a9ebc30ab080c8c957fcc9c;2026-09-07;greninja-ex;pokemon;POR;62;Meowth ex;2;1;1;2.0;1.0
6a9ebc30ab080c8c957fcc9c;2026-09-07;greninja-ex;pokemon;POR;20;Staryu;1;1;1;1.0;1.0
6a9ebc30ab080c8c957fcc9c;2026-09-07;greninja-ex;pokemon;POR;21;Mega Starmie ex;1;1;1;1.0;1.0
6a9ebc30ab080c8c957fcc9c;2026-09-07;greninja-ex;pokemon;ASC;46;Snorunt;1;1;1;1.0;1.0
6a9ebc30ab080c8c957fcc9c;2026-09-07;greninja-ex;pokemon;ASC;47;Mega Froslass ex;1;1;1;1.0;1.0
6a9ebc30ab080c8c957fcc9c;2026-09-07;greninja-ex;pokemon;ASC;142;Fezandipiti ex;1;1;1;1.0;1.0
6a9ebc30ab080c8c957fcc9c;2026-09-07;greninja-ex;pokemon;ASC;16;Budew;1;1;1;1.0;1.0
6a9ebc30ab080c8c957fcc9c;2026-09-07;greninja-ex;trainer;MEG;119;Lillie's Determination;4;1;1;4.0;1.0
6a9ebc30ab080c8c957fcc9c;2026-09-07;greninja-ex;trainer;MEG;114;Boss's Orders;2;1;1;2.0;1.0
6a9ebc30ab080c8c957fcc9c;2026-09-07;greninja-ex;trainer;WHT;84;Hilda;2;1;1;2.0;1.0
6a9ebc30ab080c8c957fcc9c;2026-09-07;greninja-ex;trainer;SFA;57;Colress's Tenacity;2;1;1;2.0;1.0
6a9ebc30ab080c8c957fcc9c;2026-09-07;greninja-ex;trainer;TEF;144;Buddy-Buddy Poffin;4;1;1;4.0;1.0
6a9ebc30ab080c8c957fcc9c;2026-09-07;greninja-ex;trainer;MEG;131;Ultra Ball;3;1;1;3.0;1.0
6a9ebc30ab080c8c957fcc9c;2026-09-07;greninja-ex;trainer;POR;81;Poké Pad;3;1;1;3.0;1.0
6a9ebc30ab080c8c957fcc9c;2026-09-07;greninja-ex;trainer;ASC;196;Night Stretcher;2;1;1;2.0;1.0
6a9ebc30ab080c8c957fcc9c;2026-09-07;greninja-ex;trainer;MEG;125;Rare Candy;2;1;1;2.0;1.0
6a9ebc30ab080c8c957fcc9c;2026-09-07;greninja-ex;trainer;MEG;130;Switch;1;1;1;1.0;1.0
6a9ebc30ab080c8c957fcc9c;2026-09-07;greninja-ex;trainer;CRI;82;Special Red Card;1;1;1;1.0;1.0
6a9ebc30ab080c8c957fcc9c;2026-09-07;greninja-ex;trainer;ASC;181;Air Balloon;1;1;1;1.0;1.0
6a9ebc30ab080c8c957fcc9c;2026-09-07;greninja-ex;trainer;SCR;136;Grand Tree;1;1;1;1.0;1.0
6a9ebc30ab080c8c957fcc9c;2026-09-07;greninja-ex;trainer;MEG;129;Surfing Beach;1;1;1;1.0;1.0
6a9ebc30ab080c8c957fcc9c;2026-09-07;greninja-ex;energy;MEE;3;Water Energy;6;1;1;6.0;1.0
6a9ebc30ab080c8c957fcc9c;2026-09-07;greninja-ex;energy;WHT;86;Ignition Energy;3;1;1;3.0;1.0
6a9ebc30ab080c8c957fcc9c;2026-09-07;rockets-honchkrow;trainer;MEG;131;Ultra Ball;1;1;4;0.25;0.25
6a9ebc30ab080c8c957fcc9c;2026-09-07;dragapult-ex;trainer;WHT;83;Harlequin;1;1;17;0.0588;0.0588
6a9ebc30ab080c8c957fcc9c;2026-09-07;dhelmise-pbl;pokemon;ASC;142;Fezandipiti ex;2;2;3;0.6667;0.6667
6a9ebc30ab080c8c957fcc9c;2026-09-07;dhelmise-pbl;trainer;ASC;181;Air Balloon;3;2;3;1.0;0.6667
6a9ebc30ab080c8c957fcc9c;2026-09-07;slowking-scr;trainer;SSP;187;Surfer;2;2;7;0.2857;0.2857
6a9ebc30ab080c8c957fcc9c;2026-09-07;slowking-scr;trainer;CRI;82;Special Red Card;2;2;7;0.2857;0.2857
6a9ebc30ab080c8c957fcc9c;2026-09-07;slowking-scr;pokemon;DRI;10;Shaymin;1;1;7;0.1429;0.1429
6a9ebc30ab080c8c957fcc9c;2026-09-07;slowking-scr;trainer;MEG;114;Boss's Orders;1;1;7;0.1429;0.1429
6a9ebc30ab080c8c957fcc9c;2026-09-07;crustle-dri;pokemon;CRI;70;Patrat;1;1;6;0.1667;0.1667
6a9ebc30ab080c8c957fcc9c;2026-09-07;crustle-dri;trainer;SCR;133;Crispin;2;1;6;0.3333;0.1667
6a9ebc30ab080c8c957fcc9c;2026-09-07;crustle-dri;trainer;ASC;196;Night Stretcher;2;1;6;0.3333;0.1667
6a9ebc30ab080c8c957fcc9c;2026-09-07;crustle-dri;trainer;WHT;80;Brave Bangle;1;1;6;0.1667;0.1667
6a9ebc30ab080c8c957fcc9c;2026-09-07;crustle-dri;energy;MEE;6;Fighting Energy;2;1;6;0.3333;0.1667
6a9ebc30ab080c8c957fcc9c;2026-09-07;dragapult-dusknoir;pokemon;CRI;70;Patrat;1;1;6;0.1667;0.1667
6a9ebc30ab080c8c957fcc9c;2026-09-07;cynthia-garchomp-ex;pokemon;TEF;84;Relicanth;1;1;2;0.5;0.5
6a9ebc30ab080c8c957fcc9c;2026-09-07;cynthia-garchomp-ex;trainer;DRI;176;Team Rocket's Petrel;2;1;2;1.0;0.5
6a9ebc30ab080c8c957fcc9c;2026-09-07;cynthia-garchomp-ex;trainer;MEG;116;Fighting Gong;3;1;2;1.5;0.5
6a9ebc30ab080c8c957fcc9c;2026-09-07;cynthia-garchomp-ex;trainer;MEG;130;Switch;1;1;2;0.5;0.5
6a9ebc30ab080c8c957fcc9c;2026-09-07;cynthia-garchomp-ex;trainer;MEG;125;Rare Candy;1;1;2;0.5;0.5
6a9ebc30ab080c8c957fcc9c;2026-09-07;cynthia-garchomp-ex;trainer;TWM;165;Unfair Stamp;1;1;2;0.5;0.5
6a9ebc30ab080c8c957fcc9c;2026-09-07;cynthia-garchomp-ex;trainer;SVI;186;Pokégear 3.0;1;1;2;0.5;0.5
6a9ebc30ab080c8c957fcc9c;2026-09-07;cynthia-garchomp-ex;trainer;MEG;117;Forest of Vitality;1;1;2;0.5;0.5
6a9ebc30ab080c8c957fcc9c;2026-09-07;dragapult-ex;trainer;PBL;75;Dark Bell;1;1;17;0.0588;0.0588
6a9ebc30ab080c8c957fcc9c;2026-09-07;dragapult-ex;trainer;TEF;152;Hero's Cape;1;1;17;0.0588;0.0588
6a9ebc30ab080c8c957fcc9c;2026-09-07;grimmsnarl-froslass;trainer;WHT;84;Hilda;2;1;4;0.5;0.25
6a9ebc30ab080c8c957fcc9c;2026-09-07;grimmsnarl-froslass;energy;POR;88;Telepathic Psychic Energy;2;1;4;0.5;0.25
6a9ebc30ab080c8c957fcc9c;2026-09-07;basic-box-m;pokemon;SSP;111;Passimian;1;1;3;0.3333;0.3333
6a9ebc30ab080c8c957fcc9c;2026-09-07;basic-box-m;trainer;POR;71;Crushing Hammer;4;1;3;1.3333;0.3333
6a9ebc30ab080c8c957fcc9c;2026-09-07;basic-box-m;trainer;TWM;165;Unfair Stamp;1;1;3;0.3333;0.3333
6a9ebc30ab080c8c957fcc9c;2026-09-07;basic-box-m;trainer;JTG;151;Lillie's Pearl;1;1;3;0.3333;0.3333
6a9ebc30ab080c8c957fcc9c;2026-09-07;mega-venusaur-ex;pokemon;TWM;25;Teal Mask Ogerpon ex;4;1;1;4.0;1.0
6a9ebc30ab080c8c957fcc9c;2026-09-07;mega-venusaur-ex;pokemon;MEG;1;Bulbasaur;2;1;1;2.0;1.0
6a9ebc30ab080c8c957fcc9c;2026-09-07;mega-venusaur-ex;pokemon;MEG;2;Ivysaur;2;1;1;2.0;1.0
6a9ebc30ab080c8c957fcc9c;2026-09-07;mega-venusaur-ex;pokemon;MEG;3;Mega Venusaur ex;2;1;1;2.0;1.0
6a9ebc30ab080c8c957fcc9c;2026-09-07;mega-venusaur-ex;pokemon;MEG;8;Chikorita;2;1;1;2.0;1.0
6a9ebc30ab080c8c957fcc9c;2026-09-07;mega-venusaur-ex;pokemon;MEG;9;Bayleef;2;1;1;2.0;1.0
6a9ebc30ab080c8c957fcc9c;2026-09-07;mega-venusaur-ex;pokemon;MEG;10;Meganium;2;1;1;2.0;1.0
6a9ebc30ab080c8c957fcc9c;2026-09-07;mega-venusaur-ex;pokemon;POR;62;Meowth ex;1;1;1;1.0;1.0
6a9ebc30ab080c8c957fcc9c;2026-09-07;mega-venusaur-ex;pokemon;MEG;12;Celebi;1;1;1;1.0;1.0
6a9ebc30ab080c8c957fcc9c;2026-09-07;mega-venusaur-ex;pokemon;PRE;86;Regigigas;1;1;1;1.0;1.0
6a9ebc30ab080c8c957fcc9c;2026-09-07;mega-venusaur-ex;pokemon;PFL;8;Genesect;1;1;1;1.0;1.0
6a9ebc30ab080c8c957fcc9c;2026-09-07;mega-venusaur-ex;pokemon;ASC;16;Budew;1;1;1;1.0;1.0
6a9ebc30ab080c8c957fcc9c;2026-09-07;mega-venusaur-ex;trainer;MEG;119;Lillie's Determination;4;1;1;4.0;1.0
6a9ebc30ab080c8c957fcc9c;2026-09-07;mega-venusaur-ex;trainer;MEG;114;Boss's Orders;3;1;1;3.0;1.0
6a9ebc30ab080c8c957fcc9c;2026-09-07;mega-venusaur-ex;trainer;PBL;78;Gwynn;2;1;1;2.0;1.0
6a9ebc30ab080c8c957fcc9c;2026-09-07;mega-venusaur-ex;trainer;MEG;132;Wally's Compassion;1;1;1;1.0;1.0
6a9ebc30ab080c8c957fcc9c;2026-09-07;mega-venusaur-ex;trainer;TWM;143;Bug Catching Set;4;1;1;4.0;1.0
6a9ebc30ab080c8c957fcc9c;2026-09-07;mega-venusaur-ex;trainer;POR;81;Poké Pad;4;1;1;4.0;1.0
6a9ebc30ab080c8c957fcc9c;2026-09-07;mega-venusaur-ex;trainer;MEG;131;Ultra Ball;3;1;1;3.0;1.0
6a9ebc30ab080c8c957fcc9c;2026-09-07;mega-venusaur-ex;trainer;ASC;196;Night Stretcher;2;1;1;2.0;1.0
6a9ebc30ab080c8c957fcc9c;2026-09-07;mega-venusaur-ex;trainer;CRI;82;Special Red Card;1;1;1;1.0;1.0
6a9ebc30ab080c8c957fcc9c;2026-09-07;mega-venusaur-ex;trainer;PRE;116;Max Rod;1;1;1;1.0;1.0
6a9ebc30ab080c8c957fcc9c;2026-09-07;mega-venusaur-ex;trainer;MEG;117;Forest of Vitality;3;1;1;3.0;1.0
6a9ebc30ab080c8c957fcc9c;2026-09-07;mega-venusaur-ex;energy;MEE;1;Grass Energy;11;1;1;11.0;1.0
6a9ebc30ab080c8c957fcc9c;2026-09-07;lopunny-dudunsparce;pokemon;TWM;80;Abra;2;1;3;0.6667;0.3333
6a9ebc30ab080c8c957fcc9c;2026-09-07;lopunny-dudunsparce;pokemon;MEG;54;Abra;1;1;3;0.3333;0.3333
6a9ebc30ab080c8c957fcc9c;2026-09-07;lopunny-dudunsparce;pokemon;MEG;55;Kadabra;3;1;3;1.0;0.3333
6a9ebc30ab080c8c957fcc9c;2026-09-07;lopunny-dudunsparce;pokemon;MEG;56;Alakazam;2;1;3;0.6667;0.3333
6a9ebc30ab080c8c957fcc9c;2026-09-07;lopunny-dudunsparce;trainer;PFL;87;Dawn;2;1;3;0.6667;0.3333
6a9ebc30ab080c8c957fcc9c;2026-09-07;lopunny-dudunsparce;trainer;TEF;145;Ciphermaniac's Codebreaking;1;1;3;0.3333;0.3333
6a9ebc30ab080c8c957fcc9c;2026-09-07;lopunny-dudunsparce;trainer;TEF;146;Eri;1;1;3;0.3333;0.3333
6a9ebc30ab080c8c957fcc9c;2026-09-07;lopunny-dudunsparce;trainer;MEG;125;Rare Candy;1;1;3;0.3333;0.3333
6a9ebc30ab080c8c957fcc9c;2026-09-07;lopunny-dudunsparce;trainer;PFL;94;Wondrous Patch;1;1;3;0.3333;0.3333
6a9ebc30ab080c8c957fcc9c;2026-09-07;lopunny-dudunsparce;trainer;ASC;197;Nighttime Mine;1;1;3;0.3333;0.3333
6a9ebc30ab080c8c957fcc9c;2026-09-07;lopunny-dudunsparce;energy;POR;88;Telepathic Psychic Energy;1;1;3;0.3333;0.3333
6a9ebc30ab080c8c957fcc9c;2026-09-07;lopunny-dudunsparce;energy;MEE;5;Psychic Energy;1;1;3;0.3333;0.3333
6a9ebc30ab080c8c957fcc9c;2026-09-07;alakazam-dudunsparce;trainer;POR;76;Judge;1;1;9;0.1111;0.1111
6a9ebc30ab080c8c957fcc9c;2026-09-07;n-zoroark;pokemon;POR;20;Staryu;3;1;5;0.6;0.2
6a9ebc30ab080c8c957fcc9c;2026-09-07;n-zoroark;pokemon;POR;21;Mega Starmie ex;2;1;5;0.4;0.2
6a9ebc30ab080c8c957fcc9c;2026-09-07;n-zoroark;trainer;SCR;133;Crispin;3;1;5;0.6;0.2
6a9ebc30ab080c8c957fcc9c;2026-09-07;n-zoroark;trainer;SFA;64;Xerosic's Machinations;2;1;5;0.4;0.2
6a9ebc30ab080c8c957fcc9c;2026-09-07;n-zoroark;trainer;MEG;132;Wally's Compassion;1;1;5;0.2;0.2
6a9ebc30ab080c8c957fcc9c;2026-09-07;n-zoroark;trainer;TEF;160;Salvatore;1;1;5;0.2;0.2
6a9ebc30ab080c8c957fcc9c;2026-09-07;n-zoroark;trainer;DRI;176;Team Rocket's Petrel;1;1;5;0.2;0.2
6a9ebc30ab080c8c957fcc9c;2026-09-07;n-zoroark;trainer;MEG;127;Risky Ruins;2;1;5;0.4;0.2
6a9ebc30ab080c8c957fcc9c;2026-09-07;n-zoroark;energy;MEE;3;Water Energy;3;1;5;0.6;0.2
6a9ebc30ab080c8c957fcc9c;2026-09-07;n-zoroark;energy;TWM;167;Legacy Energy;1;1;5;0.2;0.2
6a9ebc30ab080c8c957fcc9c;2026-09-07;n-zoroark;energy;CRI;84;Bubbly Water Energy;1;1;5;0.2;0.2
6a9ebc30ab080c8c957fcc9c;2026-09-07;n-zoroark;energy;PBL;83;Shadowy Darkness Energy;1;1;5;0.2;0.2
6a9ebc30ab080c8c957fcc9c;2026-09-07;crustle-dri;trainer;POR;78;Lumiose Galette;1;1;6;0.1667;0.1667
6a9ebc30ab080c8c957fcc9c;2026-09-07;mega-lucario-ex;pokemon;MEG;76;Riolu;3;1;2;1.5;0.5
6a9ebc30ab080c8c957fcc9c;2026-09-07;mega-lucario-ex;pokemon;TEF;128;Dunsparce;2;1;2;1.0;0.5
6a9ebc30ab080c8c957fcc9c;2026-09-07;mega-lucario-ex;pokemon;MEG;72;Makuhita;1;1;2;0.5;0.5
6a9ebc30ab080c8c957fcc9c;2026-09-07;mega-lucario-ex;pokemon;MEG;73;Hariyama;1;1;2;0.5;0.5
6a9ebc30ab080c8c957fcc9c;2026-09-07;mega-lucario-ex;pokemon;SSP;56;Chien-Pao;1;1;2;0.5;0.5
6a9ebc30ab080c8c957fcc9c;2026-09-07;mega-lucario-ex;trainer;DRI;176;Team Rocket's Petrel;1;1;2;0.5;0.5
6a9ebc30ab080c8c957fcc9c;2026-09-07;mega-lucario-ex;trainer;MEG;131;Ultra Ball;2;1;2;1.0;0.5
6a9ebc30ab080c8c957fcc9c;2026-09-07;mega-lucario-ex;energy;TWM;167;Legacy Energy;1;1;2;0.5;0.5
6a9ebc30ab080c8c957fcc9c;2026-09-07;alakazam-dudunsparce;pokemon;BLK;40;Elgyem;1;1;9;0.1111;0.1111
6a9ebc30ab080c8c957fcc9c;2026-09-07;dhelmise-pbl;pokemon;TWM;141;Bloodmoon Ursaluna ex;1;1;3;0.3333;0.3333
6a9ebc30ab080c8c957fcc9c;2026-09-07;dhelmise-pbl;pokemon;TEF;78;Flutter Mane;1;1;3;0.3333;0.3333
6a9ebc30ab080c8c957fcc9c;2026-09-07;dhelmise-pbl;trainer;DRI;176;Team Rocket's Petrel;1;1;3;0.3333;0.3333
6a9ebc30ab080c8c957fcc9c;2026-09-07;dhelmise-pbl;trainer;CRI;82;Special Red Card;1;1;3;0.3333;0.3333
6a9ebc30ab080c8c957fcc9c;2026-09-07;dhelmise-pbl;trainer;DRI;180;Team Rocket's Watchtower;1;1;3;0.3333;0.3333
6a9ebc30ab080c8c957fcc9c;2026-09-07;festival-lead;pokemon;ASC;16;Budew;1;1;7;0.1429;0.1429
6a9ebc30ab080c8c957fcc9c;2026-09-07;festival-lead;trainer;JTG;143;Black Belt's Training;1;1;7;0.1429;0.1429
6a9ebc30ab080c8c957fcc9c;2026-09-07;dragapult-ex;pokemon;TWM;39;Chi-Yu;1;1;17;0.0588;0.0588
6a9db100ab080c8c957fc12b;2026-09-07;dragapult-dusknoir;pokemon;TWM;128;Dreepy;80;20;20;4.0;1.0
6a9db100ab080c8c957fc12b;2026-09-07;dragapult-dusknoir;pokemon;TWM;129;Drakloak;79;20;20;3.95;1.0
6a9db100ab080c8c957fc12b;2026-09-07;dragapult-dusknoir;pokemon;TWM;130;Dragapult ex;54;20;20;2.7;1.0
6a9db100ab080c8c957fc12b;2026-09-07;dragapult-dusknoir;pokemon;PRE;35;Duskull;40;20;20;2.0;1.0
6a9db100ab080c8c957fc12b;2026-09-07;dragapult-dusknoir;pokemon;PRE;36;Dusclops;35;20;20;1.75;1.0
6a9db100ab080c8c957fc12b;2026-09-07;dragapult-dusknoir;pokemon;PRE;37;Dusknoir;22;20;20;1.1;1.0
6a9db100ab080c8c957fc12b;2026-09-07;dragapult-dusknoir;pokemon;POR;62;Meowth ex;20;19;20;1.0;0.95
6a9db100ab080c8c957fc12b;2026-09-07;dragapult-dusknoir;pokemon;TWM;95;Munkidori;17;15;20;0.85;0.75
6a9db100ab080c8c957fc12b;2026-09-07;dragapult-dusknoir;pokemon;ASC;142;Fezandipiti ex;20;20;20;1.0;1.0
6a9db100ab080c8c957fc12b;2026-09-07;dragapult-dusknoir;pokemon;ASC;16;Budew;31;20;20;1.55;1.0
6a9db100ab080c8c957fc12b;2026-09-07;dragapult-dusknoir;trainer;MEG;119;Lillie's Determination;79;20;20;3.95;1.0
6a9db100ab080c8c957fc12b;2026-09-07;dragapult-dusknoir;trainer;MEG;114;Boss's Orders;57;20;20;2.85;1.0
6a9db100ab080c8c957fc12b;2026-09-07;dragapult-dusknoir;trainer;SCR;133;Crispin;39;20;20;1.95;1.0
6a9db100ab080c8c957fc12b;2026-09-07;dragapult-dusknoir;trainer;PFL;87;Dawn;14;11;20;0.7;0.55
6a9db100ab080c8c957fc12b;2026-09-07;dragapult-dusknoir;trainer;POR;71;Crushing Hammer;19;5;20;0.95;0.25
6a9db100ab080c8c957fc12b;2026-09-07;dragapult-dusknoir;trainer;TEF;144;Buddy-Buddy Poffin;78;20;20;3.9;1.0
6a9db100ab080c8c957fc12b;2026-09-07;dragapult-dusknoir;trainer;POR;81;Poké Pad;79;20;20;3.95;1.0
6a9db100ab080c8c957fc12b;2026-09-07;dragapult-dusknoir;trainer;MEG;131;Ultra Ball;72;20;20;3.6;1.0
6a9db100ab080c8c957fc12b;2026-09-07;dragapult-dusknoir;trainer;ASC;196;Night Stretcher;50;20;20;2.5;1.0
6a9db100ab080c8c957fc12b;2026-09-07;dragapult-dusknoir;trainer;CRI;82;Special Red Card;18;17;20;0.9;0.85
6a9db100ab080c8c957fc12b;2026-09-07;dragapult-dusknoir;trainer;TWM;165;Unfair Stamp;18;18;20;0.9;0.9
6a9db100ab080c8c957fc12b;2026-09-07;dragapult-dusknoir;trainer;TWM;153;Jamming Tower;16;14;20;0.8;0.7
6a9db100ab080c8c957fc12b;2026-09-07;dragapult-dusknoir;trainer;DRI;180;Team Rocket's Watchtower;17;12;20;0.85;0.6
6a9db100ab080c8c957fc12b;2026-09-07;dragapult-dusknoir;energy;MEE;5;Psychic Energy;65;20;20;3.25;1.0
6a9db100ab080c8c957fc12b;2026-09-07;dragapult-dusknoir;energy;MEE;2;Fire Energy;66;20;20;3.3;1.0
6a9db100ab080c8c957fc12b;2026-09-07;dragapult-dusknoir;energy;MEE;7;Darkness Energy;27;15;20;1.35;0.75
6a9db100ab080c8c957fc12b;2026-09-07;mega-lucario-ex;pokemon;MEG;76;Riolu;14;5;6;2.3333;0.8333
6a9db100ab080c8c957fc12b;2026-09-07;mega-lucario-ex;pokemon;MEG;77;Mega Lucario ex;17;6;6;2.8333;1.0
6a9db100ab080c8c957fc12b;2026-09-07;mega-lucario-ex;pokemon;POR;42;Binacle;2;1;6;0.3333;0.1667
6a9db100ab080c8c957fc12b;2026-09-07;mega-lucario-ex;pokemon;POR;43;Barbaracle;2;1;6;0.3333;0.1667
6a9db100ab080c8c957fc12b;2026-09-07;mega-lucario-ex;pokemon;MEG;75;Solrock;13;5;6;2.1667;0.8333
6a9db100ab080c8c957fc12b;2026-09-07;mega-lucario-ex;pokemon;MEG;74;Lunatone;10;5;6;1.6667;0.8333
6a9db100ab080c8c957fc12b;2026-09-07;mega-lucario-ex;pokemon;POR;47;Mega Zygarde ex;4;2;6;0.6667;0.3333
6a9db100ab080c8c957fc12b;2026-09-07;mega-lucario-ex;pokemon;SSP;76;Latias ex;2;2;6;0.3333;0.3333
6a9db100ab080c8c957fc12b;2026-09-07;mega-lucario-ex;trainer;MEG;119;Lillie's Determination;23;6;6;3.8333;1.0
6a9db100ab080c8c957fc12b;2026-09-07;mega-lucario-ex;trainer;MEG;132;Wally's Compassion;7;4;6;1.1667;0.6667
6a9db100ab080c8c957fc12b;2026-09-07;mega-lucario-ex;trainer;MEG;114;Boss's Orders;13;6;6;2.1667;1.0
6a9db100ab080c8c957fc12b;2026-09-07;mega-lucario-ex;trainer;POR;76;Judge;11;6;6;1.8333;1.0
6a9db100ab080c8c957fc12b;2026-09-07;mega-lucario-ex;trainer;MEG;124;Premium Power Pro;19;5;6;3.1667;0.8333
6a9db100ab080c8c957fc12b;2026-09-07;mega-lucario-ex;trainer;POR;72;Energy Search;3;1;6;0.5;0.1667
6a9db100ab080c8c957fc12b;2026-09-07;mega-lucario-ex;trainer;MEG;130;Switch;4;3;6;0.6667;0.5
6a9db100ab080c8c957fc12b;2026-09-07;mega-lucario-ex;trainer;POR;81;Poké Pad;16;5;6;2.6667;0.8333
6a9db100ab080c8c957fc12b;2026-09-07;mega-lucario-ex;trainer;ASC;196;Night Stretcher;5;4;6;0.8333;0.6667
6a9db100ab080c8c957fc12b;2026-09-07;mega-lucario-ex;trainer;MEG;116;Fighting Gong;21;6;6;3.5;1.0
6a9db100ab080c8c957fc12b;2026-09-07;mega-lucario-ex;trainer;MEG;121;Mega Signal;5;2;6;0.8333;0.3333
6a9db100ab080c8c957fc12b;2026-09-07;mega-lucario-ex;trainer;TEF;154;Maximum Belt;3;3;6;0.5;0.5
6a9db100ab080c8c957fc12b;2026-09-07;mega-lucario-ex;trainer;POR;77;Lumiose City;2;1;6;0.3333;0.1667
6a9db100ab080c8c957fc12b;2026-09-07;mega-lucario-ex;energy;MEE;6;Fighting Energy;61;6;6;10.1667;1.0
6a9db100ab080c8c957fc12b;2026-09-07;alakazam-dudunsparce;pokemon;MEG;54;Abra;100;25;25;4.0;1.0
6a9db100ab080c8c957fc12b;2026-09-07;alakazam-dudunsparce;pokemon;MEG;55;Kadabra;97;25;25;3.88;1.0
6a9db100ab080c8c957fc12b;2026-09-07;alakazam-dudunsparce;pokemon;MEG;56;Alakazam;76;25;25;3.04;1.0
6a9db100ab080c8c957fc12b;2026-09-07;alakazam-dudunsparce;pokemon;JTG;120;Dunsparce;71;25;25;2.84;1.0
6a9db100ab080c8c957fc12b;2026-09-07;alakazam-dudunsparce;pokemon;TEF;129;Dudunsparce;62;25;25;2.48;1.0
6a9db100ab080c8c957fc12b;2026-09-07;alakazam-dudunsparce;pokemon;PBL;66;Pikipek;8;4;25;0.32;0.16
6a9db100ab080c8c957fc12b;2026-09-07;alakazam-dudunsparce;pokemon;PBL;68;Toucannon;8;4;25;0.32;0.16
6a9db100ab080c8c957fc12b;2026-09-07;alakazam-dudunsparce;pokemon;ASC;142;Fezandipiti ex;25;25;25;1.0;1.0
6a9db100ab080c8c957fc12b;2026-09-07;alakazam-dudunsparce;pokemon;SFA;40;Genesect;32;25;25;1.28;1.0
6a9db100ab080c8c957fc12b;2026-09-07;alakazam-dudunsparce;trainer;PFL;87;Dawn;88;25;25;3.52;1.0
6a9db100ab080c8c957fc12b;2026-09-07;alakazam-dudunsparce;trainer;WHT;84;Hilda;75;25;25;3.0;1.0
6a9db100ab080c8c957fc12b;2026-09-07;alakazam-dudunsparce;trainer;MEG;114;Boss's Orders;56;25;25;2.24;1.0
6a9db100ab080c8c957fc12b;2026-09-07;alakazam-dudunsparce;trainer;TEF;146;Eri;24;23;25;0.96;0.92
6a9db100ab080c8c957fc12b;2026-09-07;alakazam-dudunsparce;trainer;TWM;155;Lana's Aid;20;20;25;0.8;0.8
6a9db100ab080c8c957fc12b;2026-09-07;alakazam-dudunsparce;trainer;MEG;125;Rare Candy;73;25;25;2.92;1.0
6a9db100ab080c8c957fc12b;2026-09-07;alakazam-dudunsparce;trainer;POR;81;Poké Pad;96;25;25;3.84;1.0
6a9db100ab080c8c957fc12b;2026-09-07;alakazam-dudunsparce;trainer;TEF;144;Buddy-Buddy Poffin;96;25;25;3.84;1.0
6a9db100ab080c8c957fc12b;2026-09-07;alakazam-dudunsparce;trainer;TWM;148;Enhanced Hammer;40;23;25;1.6;0.92
6a9db100ab080c8c957fc12b;2026-09-07;alakazam-dudunsparce;trainer;ASC;196;Night Stretcher;20;15;25;0.8;0.6
6a9db100ab080c8c957fc12b;2026-09-07;alakazam-dudunsparce;trainer;DRI;168;Sacred Ash;25;25;25;1.0;1.0
6a9db100ab080c8c957fc12b;2026-09-07;alakazam-dudunsparce;trainer;TWM;150;Handheld Fan;27;12;25;1.08;0.48
6a9db100ab080c8c957fc12b;2026-09-07;alakazam-dudunsparce;trainer;ASC;181;Air Balloon;38;22;25;1.52;0.88
6a9db100ab080c8c957fc12b;2026-09-07;alakazam-dudunsparce;trainer;PFL;85;Battle Cage;75;22;25;3.0;0.88
6a9db100ab080c8c957fc12b;2026-09-07;alakazam-dudunsparce;energy;POR;88;Telepathic Psychic Energy;96;25;25;3.84;1.0
6a9db100ab080c8c957fc12b;2026-09-07;alakazam-dudunsparce;energy;MEE;5;Psychic Energy;33;25;25;1.32;1.0
6a9db100ab080c8c957fc12b;2026-09-07;alakazam-dudunsparce;energy;SSP;191;Enriching Energy;24;24;25;0.96;0.96
6a9db100ab080c8c957fc12b;2026-09-07;basic-box-m;pokemon;MEG;104;Mega Kangaskhan ex;51;14;14;3.6429;1.0
6a9db100ab080c8c957fc12b;2026-09-07;basic-box-m;pokemon;POR;62;Meowth ex;40;14;14;2.8571;1.0
6a9db100ab080c8c957fc12b;2026-09-07;basic-box-m;pokemon;SSP;76;Latias ex;28;14;14;2.0;1.0
6a9db100ab080c8c957fc12b;2026-09-07;basic-box-m;pokemon;JTG;56;Lillie's Clefairy ex;29;14;14;2.0714;1.0
6a9db100ab080c8c957fc12b;2026-09-07;basic-box-m;pokemon;TWM;25;Teal Mask Ogerpon ex;34;14;14;2.4286;1.0
6a9db100ab080c8c957fc12b;2026-09-07;basic-box-m;pokemon;TWM;64;Wellspring Mask Ogerpon ex;14;14;14;1.0;1.0
6a9db100ab080c8c957fc12b;2026-09-07;basic-box-m;pokemon;TEF;25;Iron Leaves ex;12;11;14;0.8571;0.7857
6a9db100ab080c8c957fc12b;2026-09-07;basic-box-m;pokemon;TWM;93;Enamorus;7;7;14;0.5;0.5
6a9db100ab080c8c957fc12b;2026-09-07;basic-box-m;pokemon;ASC;142;Fezandipiti ex;15;14;14;1.0714;1.0
6a9db100ab080c8c957fc12b;2026-09-07;basic-box-m;pokemon;SSP;56;Chien-Pao;14;14;14;1.0;1.0
6a9db100ab080c8c957fc12b;2026-09-07;basic-box-m;pokemon;TEF;81;Iron Crown ex;8;8;14;0.5714;0.5714
6a9db100ab080c8c957fc12b;2026-09-07;basic-box-m;pokemon;TEF;123;Raging Bolt ex;12;12;14;0.8571;0.8571
6a9db100ab080c8c957fc12b;2026-09-07;basic-box-m;trainer;SCR;133;Crispin;50;13;14;3.5714;0.9286
6a9db100ab080c8c957fc12b;2026-09-07;basic-box-m;trainer;SSP;170;Cyrano;25;14;14;1.7857;1.0
6a9db100ab080c8c957fc12b;2026-09-07;basic-box-m;trainer;MEG;114;Boss's Orders;30;14;14;2.1429;1.0
6a9db100ab080c8c957fc12b;2026-09-07;basic-box-m;trainer;TEF;145;Ciphermaniac's Codebreaking;14;13;14;1.0;0.9286
6a9db100ab080c8c957fc12b;2026-09-07;basic-box-m;trainer;MEG;131;Ultra Ball;55;14;14;3.9286;1.0
6a9db100ab080c8c957fc12b;2026-09-07;basic-box-m;trainer;MEG;115;Energy Switch;55;14;14;3.9286;1.0
6a9db100ab080c8c957fc12b;2026-09-07;basic-box-m;trainer;ASC;196;Night Stretcher;26;14;14;1.8571;1.0
6a9db100ab080c8c957fc12b;2026-09-07;basic-box-m;trainer;SCR;135;Glass Trumpet;17;11;14;1.2143;0.7857
6a9db100ab080c8c957fc12b;2026-09-07;basic-box-m;trainer;CRI;82;Special Red Card;9;9;14;0.6429;0.6429
6a9db100ab080c8c957fc12b;2026-09-07;basic-box-m;trainer;TEF;157;Prime Catcher;4;4;14;0.2857;0.2857
6a9db100ab080c8c957fc12b;2026-09-07;basic-box-m;trainer;SCR;131;Area Zero Underdepths;41;14;14;2.9286;1.0
6a9db100ab080c8c957fc12b;2026-09-07;basic-box-m;trainer;TWM;153;Jamming Tower;4;4;14;0.2857;0.2857
6a9db100ab080c8c957fc12b;2026-09-07;basic-box-m;energy;MEE;1;Grass Energy;90;14;14;6.4286;1.0
6a9db100ab080c8c957fc12b;2026-09-07;basic-box-m;energy;MEE;4;Lightning Energy;22;11;14;1.5714;0.7857
6a9db100ab080c8c957fc12b;2026-09-07;basic-box-m;energy;MEE;5;Psychic Energy;29;14;14;2.0714;1.0
6a9db100ab080c8c957fc12b;2026-09-07;basic-box-m;energy;MEE;6;Fighting Energy;24;13;14;1.7143;0.9286
6a9db100ab080c8c957fc12b;2026-09-07;basic-box-m;energy;MEE;3;Water Energy;13;13;14;0.9286;0.9286
6a9db100ab080c8c957fc12b;2026-09-07;mega-excadrill-ex;pokemon;CRI;59;Beldum;14;4;13;1.0769;0.3077
6a9db100ab080c8c957fc12b;2026-09-07;mega-excadrill-ex;pokemon;TEF;114;Metang;49;13;13;3.7692;1.0
6a9db100ab080c8c957fc12b;2026-09-07;mega-excadrill-ex;pokemon;CRI;61;Metagross;19;13;13;1.4615;1.0
6a9db100ab080c8c957fc12b;2026-09-07;mega-excadrill-ex;pokemon;PBL;46;Drilbur;42;13;13;3.2308;1.0
6a9db100ab080c8c957fc12b;2026-09-07;mega-excadrill-ex;pokemon;PBL;65;Mega Excadrill ex;26;13;13;2.0;1.0
6a9db100ab080c8c957fc12b;2026-09-07;mega-excadrill-ex;pokemon;BLK;67;Genesect ex;26;13;13;2.0;1.0
6a9db100ab080c8c957fc12b;2026-09-07;mega-excadrill-ex;pokemon;ASC;142;Fezandipiti ex;10;10;13;0.7692;0.7692
6a9db100ab080c8c957fc12b;2026-09-07;mega-excadrill-ex;pokemon;POR;62;Meowth ex;2;2;13;0.1538;0.1538
6a9db100ab080c8c957fc12b;2026-09-07;mega-excadrill-ex;pokemon;POR;55;Mega Skarmory ex;8;8;13;0.6154;0.6154
6a9db100ab080c8c957fc12b;2026-09-07;mega-excadrill-ex;pokemon;DRI;10;Shaymin;6;6;13;0.4615;0.4615
6a9db100ab080c8c957fc12b;2026-09-07;mega-excadrill-ex;trainer;DRI;176;Team Rocket's Petrel;47;13;13;3.6154;1.0
6a9db100ab080c8c957fc12b;2026-09-07;mega-excadrill-ex;trainer;TWM;154;Kieran;12;10;13;0.9231;0.7692
6a9db100ab080c8c957fc12b;2026-09-07;mega-excadrill-ex;trainer;POR;76;Judge;6;4;13;0.4615;0.3077
6a9db100ab080c8c957fc12b;2026-09-07;mega-excadrill-ex;trainer;MEG;114;Boss's Orders;24;12;13;1.8462;0.9231
6a9db100ab080c8c957fc12b;2026-09-07;mega-excadrill-ex;trainer;JTG;146;Brock's Scouting;9;5;13;0.6923;0.3846
6a9db100ab080c8c957fc12b;2026-09-07;mega-excadrill-ex;trainer;DRI;178;Team Rocket's Transceiver;30;9;13;2.3077;0.6923
6a9db100ab080c8c957fc12b;2026-09-07;mega-excadrill-ex;trainer;PFL;91;Jumbo Ice Cream;35;13;13;2.6923;1.0
6a9db100ab080c8c957fc12b;2026-09-07;mega-excadrill-ex;trainer;TEF;144;Buddy-Buddy Poffin;31;12;13;2.3846;0.9231
6a9db100ab080c8c957fc12b;2026-09-07;mega-excadrill-ex;trainer;SSP;185;Precious Trolley;7;7;13;0.5385;0.5385
6a9db100ab080c8c957fc12b;2026-09-07;mega-excadrill-ex;trainer;DRI;164;Energy Recycler;10;10;13;0.7692;0.7692
6a9db100ab080c8c957fc12b;2026-09-07;mega-excadrill-ex;trainer;MEG;130;Switch;5;5;13;0.3846;0.3846
6a9db100ab080c8c957fc12b;2026-09-07;mega-excadrill-ex;trainer;CRI;82;Special Red Card;9;9;13;0.6923;0.6923
6a9db100ab080c8c957fc12b;2026-09-07;mega-excadrill-ex;trainer;WHT;80;Brave Bangle;1;1;13;0.0769;0.0769
6a9db100ab080c8c957fc12b;2026-09-07;mega-excadrill-ex;trainer;SSP;177;Gravity Mountain;7;7;13;0.5385;0.5385
6a9db100ab080c8c957fc12b;2026-09-07;mega-excadrill-ex;energy;MEE;8;Metal Energy;207;13;13;15.9231;1.0
6a9db100ab080c8c957fc12b;2026-09-07;mega-charizard-x-ex;pokemon;PFL;11;Charmander;6;2;2;3.0;1.0
6a9db100ab080c8c957fc12b;2026-09-07;mega-charizard-x-ex;pokemon;PFL;12;Charmeleon;4;2;2;2.0;1.0
6a9db100ab080c8c957fc12b;2026-09-07;mega-charizard-x-ex;pokemon;PFL;13;Mega Charizard X ex;5;2;2;2.5;1.0
6a9db100ab080c8c957fc12b;2026-09-07;mega-charizard-x-ex;pokemon;TWM;128;Dreepy;2;1;2;1.0;0.5
6a9db100ab080c8c957fc12b;2026-09-07;mega-charizard-x-ex;pokemon;TWM;129;Drakloak;2;1;2;1.0;0.5
6a9db100ab080c8c957fc12b;2026-09-07;mega-charizard-x-ex;pokemon;SSP;16;Vulpix;2;1;2;1.0;0.5
6a9db100ab080c8c957fc12b;2026-09-07;mega-charizard-x-ex;pokemon;CRI;9;Ninetales;2;1;2;1.0;0.5
6a9db100ab080c8c957fc12b;2026-09-07;mega-charizard-x-ex;pokemon;PFL;18;Oricorio ex;4;2;2;2.0;1.0
6a9db100ab080c8c957fc12b;2026-09-07;mega-charizard-x-ex;pokemon;PFL;14;Moltres;1;1;2;0.5;0.5
6a9db100ab080c8c957fc12b;2026-09-07;mega-charizard-x-ex;trainer;MEG;119;Lillie's Determination;7;2;2;3.5;1.0
6a9db100ab080c8c957fc12b;2026-09-07;mega-charizard-x-ex;trainer;MEG;114;Boss's Orders;4;2;2;2.0;1.0
6a9db100ab080c8c957fc12b;2026-09-07;mega-charizard-x-ex;trainer;DRI;176;Team Rocket's Petrel;3;2;2;1.5;1.0
6a9db100ab080c8c957fc12b;2026-09-07;mega-charizard-x-ex;trainer;PFL;89;Firebreather;3;2;2;1.5;1.0
6a9db100ab080c8c957fc12b;2026-09-07;mega-charizard-x-ex;trainer;JTG;146;Brock's Scouting;1;1;2;0.5;0.5
6a9db100ab080c8c957fc12b;2026-09-07;mega-charizard-x-ex;trainer;PFL;87;Dawn;4;2;2;2.0;1.0
6a9db100ab080c8c957fc12b;2026-09-07;mega-charizard-x-ex;trainer;ASC;196;Night Stretcher;4;2;2;2.0;1.0
6a9db100ab080c8c957fc12b;2026-09-07;mega-charizard-x-ex;trainer;PFL;86;Blowtorch;2;1;2;1.0;0.5
6a9db100ab080c8c957fc12b;2026-09-07;mega-charizard-x-ex;trainer;TEF;150;Hand Trimmer;2;1;2;1.0;0.5
6a9db100ab080c8c957fc12b;2026-09-07;mega-charizard-x-ex;trainer;MEG;125;Rare Candy;5;2;2;2.5;1.0
6a9db100ab080c8c957fc12b;2026-09-07;mega-charizard-x-ex;trainer;POR;81;Poké Pad;6;2;2;3.0;1.0
6a9db100ab080c8c957fc12b;2026-09-07;mega-charizard-x-ex;trainer;SVI;171;Energy Retrieval;4;2;2;2.0;1.0
6a9db100ab080c8c957fc12b;2026-09-07;mega-charizard-x-ex;trainer;DRI;164;Energy Recycler;1;1;2;0.5;0.5
6a9db100ab080c8c957fc12b;2026-09-07;mega-charizard-x-ex;trainer;SSP;185;Precious Trolley;1;1;2;0.5;0.5
6a9db100ab080c8c957fc12b;2026-09-07;mega-charizard-x-ex;trainer;ASC;181;Air Balloon;2;1;2;1.0;0.5
6a9db100ab080c8c957fc12b;2026-09-07;mega-charizard-x-ex;trainer;SFA;63;Powerglass;1;1;2;0.5;0.5
6a9db100ab080c8c957fc12b;2026-09-07;mega-charizard-x-ex;trainer;PFL;85;Battle Cage;2;2;2;1.0;1.0
6a9db100ab080c8c957fc12b;2026-09-07;mega-charizard-x-ex;energy;MEE;2;Fire Energy;17;2;2;8.5;1.0
6a9db100ab080c8c957fc12b;2026-09-07;mega-charizard-x-ex;energy;CRI;86;Nitro Fire Energy;3;2;2;1.5;1.0
6a9db100ab080c8c957fc12b;2026-09-07;raging-bolt-ogerpon;pokemon;MEG;104;Mega Kangaskhan ex;21;6;6;3.5;1.0
6a9db100ab080c8c957fc12b;2026-09-07;raging-bolt-ogerpon;pokemon;TWM;25;Teal Mask Ogerpon ex;18;6;6;3.0;1.0
6a9db100ab080c8c957fc12b;2026-09-07;raging-bolt-ogerpon;pokemon;POR;62;Meowth ex;18;6;6;3.0;1.0
6a9db100ab080c8c957fc12b;2026-09-07;raging-bolt-ogerpon;pokemon;SSP;76;Latias ex;12;6;6;2.0;1.0
6a9db100ab080c8c957fc12b;2026-09-07;raging-bolt-ogerpon;pokemon;TEF;123;Raging Bolt ex;12;6;6;2.0;1.0
6a9db100ab080c8c957fc12b;2026-09-07;raging-bolt-ogerpon;pokemon;JTG;56;Lillie's Clefairy ex;10;6;6;1.6667;1.0
6a9db100ab080c8c957fc12b;2026-09-07;raging-bolt-ogerpon;pokemon;SSP;56;Chien-Pao;5;5;6;0.8333;0.8333
6a9db100ab080c8c957fc12b;2026-09-07;raging-bolt-ogerpon;pokemon;TWM;141;Bloodmoon Ursaluna ex;3;3;6;0.5;0.5
6a9db100ab080c8c957fc12b;2026-09-07;raging-bolt-ogerpon;pokemon;TWM;64;Wellspring Mask Ogerpon ex;6;6;6;1.0;1.0
6a9db100ab080c8c957fc12b;2026-09-07;raging-bolt-ogerpon;pokemon;ASC;142;Fezandipiti ex;6;6;6;1.0;1.0
6a9db100ab080c8c957fc12b;2026-09-07;raging-bolt-ogerpon;trainer;SCR;133;Crispin;24;6;6;4.0;1.0
6a9db100ab080c8c957fc12b;2026-09-07;raging-bolt-ogerpon;trainer;SSP;170;Cyrano;13;6;6;2.1667;1.0
6a9db100ab080c8c957fc12b;2026-09-07;raging-bolt-ogerpon;trainer;MEG;114;Boss's Orders;13;6;6;2.1667;1.0
6a9db100ab080c8c957fc12b;2026-09-07;raging-bolt-ogerpon;trainer;TEF;145;Ciphermaniac's Codebreaking;5;5;6;0.8333;0.8333
6a9db100ab080c8c957fc12b;2026-09-07;raging-bolt-ogerpon;trainer;MEG;119;Lillie's Determination;6;5;6;1.0;0.8333
6a9db100ab080c8c957fc12b;2026-09-07;raging-bolt-ogerpon;trainer;MEG;115;Energy Switch;24;6;6;4.0;1.0
6a9db100ab080c8c957fc12b;2026-09-07;raging-bolt-ogerpon;trainer;MEG;131;Ultra Ball;23;6;6;3.8333;1.0
6a9db100ab080c8c957fc12b;2026-09-07;raging-bolt-ogerpon;trainer;ASC;196;Night Stretcher;11;6;6;1.8333;1.0
6a9db100ab080c8c957fc12b;2026-09-07;raging-bolt-ogerpon;trainer;TEF;157;Prime Catcher;3;3;6;0.5;0.5
6a9db100ab080c8c957fc12b;2026-09-07;raging-bolt-ogerpon;trainer;SCR;135;Glass Trumpet;8;5;6;1.3333;0.8333
6a9db100ab080c8c957fc12b;2026-09-07;raging-bolt-ogerpon;trainer;SCR;131;Area Zero Underdepths;21;6;6;3.5;1.0
6a9db100ab080c8c957fc12b;2026-09-07;raging-bolt-ogerpon;energy;MEE;1;Grass Energy;42;6;6;7.0;1.0
6a9db100ab080c8c957fc12b;2026-09-07;raging-bolt-ogerpon;energy;MEE;5;Psychic Energy;12;6;6;2.0;1.0
6a9db100ab080c8c957fc12b;2026-09-07;raging-bolt-ogerpon;energy;MEE;4;Lightning Energy;12;6;6;2.0;1.0
6a9db100ab080c8c957fc12b;2026-09-07;raging-bolt-ogerpon;energy;MEE;6;Fighting Energy;12;6;6;2.0;1.0
6a9db100ab080c8c957fc12b;2026-09-07;raging-bolt-ogerpon;energy;MEE;3;Water Energy;6;6;6;1.0;1.0
6a9db100ab080c8c957fc12b;2026-09-07;toxtricity-pfl;pokemon;PFL;67;Toxel;7;2;2;3.5;1.0
6a9db100ab080c8c957fc12b;2026-09-07;toxtricity-pfl;pokemon;PFL;68;Toxtricity;6;2;2;3.0;1.0
6a9db100ab080c8c957fc12b;2026-09-07;toxtricity-pfl;pokemon;PFL;60;Carvanha;6;2;2;3.0;1.0
6a9db100ab080c8c957fc12b;2026-09-07;toxtricity-pfl;pokemon;PFL;61;Mega Sharpedo ex;6;2;2;3.0;1.0
6a9db100ab080c8c957fc12b;2026-09-07;toxtricity-pfl;pokemon;TWM;95;Munkidori;4;2;2;2.0;1.0
6a9db100ab080c8c957fc12b;2026-09-07;toxtricity-pfl;pokemon;SFA;39;Pecharunt ex;4;2;2;2.0;1.0
6a9db100ab080c8c957fc12b;2026-09-07;toxtricity-pfl;pokemon;ASC;142;Fezandipiti ex;2;2;2;1.0;1.0
6a9db100ab080c8c957fc12b;2026-09-07;toxtricity-pfl;pokemon;SVP;149;Pecharunt;1;1;2;0.5;0.5
6a9db100ab080c8c957fc12b;2026-09-07;toxtricity-pfl;pokemon;PBL;59;Chi-Yu;1;1;2;0.5;0.5
6a9db100ab080c8c957fc12b;2026-09-07;toxtricity-pfl;pokemon;TWM;131;Tatsugiri;3;2;2;1.5;1.0
6a9db100ab080c8c957fc12b;2026-09-07;toxtricity-pfl;trainer;MEG;119;Lillie's Determination;8;2;2;4.0;1.0
6a9db100ab080c8c957fc12b;2026-09-07;toxtricity-pfl;trainer;MEG;114;Boss's Orders;6;2;2;3.0;1.0
6a9db100ab080c8c957fc12b;2026-09-07;toxtricity-pfl;trainer;POR;76;Judge;4;2;2;2.0;1.0
6a9db100ab080c8c957fc12b;2026-09-07;toxtricity-pfl;trainer;MEG;132;Wally's Compassion;1;1;2;0.5;0.5
6a9db100ab080c8c957fc12b;2026-09-07;toxtricity-pfl;trainer;TEF;144;Buddy-Buddy Poffin;8;2;2;4.0;1.0
6a9db100ab080c8c957fc12b;2026-09-07;toxtricity-pfl;trainer;MEG;131;Ultra Ball;8;2;2;4.0;1.0
6a9db100ab080c8c957fc12b;2026-09-07;toxtricity-pfl;trainer;POR;81;Poké Pad;8;2;2;4.0;1.0
6a9db100ab080c8c957fc12b;2026-09-07;toxtricity-pfl;trainer;TWM;165;Unfair Stamp;1;1;2;0.5;0.5
6a9db100ab080c8c957fc12b;2026-09-07;toxtricity-pfl;trainer;ASC;196;Night Stretcher;2;2;2;1.0;1.0
6a9db100ab080c8c957fc12b;2026-09-07;toxtricity-pfl;trainer;PRE;95;Binding Mochi;5;2;2;2.5;1.0
6a9db100ab080c8c957fc12b;2026-09-07;toxtricity-pfl;trainer;SSP;177;Gravity Mountain;2;2;2;1.0;1.0
6a9db100ab080c8c957fc12b;2026-09-07;toxtricity-pfl;energy;MEE;7;Darkness Energy;17;2;2;8.5;1.0
6a9db100ab080c8c957fc12b;2026-09-07;toxtricity-pfl;energy;PBL;83;Shadowy Darkness Energy;1;1;2;0.5;0.5
6a9db100ab080c8c957fc12b;2026-09-07;basic-box-m;pokemon;TEF;50;Walking Wake ex;1;1;14;0.0714;0.0714
6a9db100ab080c8c957fc12b;2026-09-07;basic-box-m;pokemon;TWM;95;Munkidori;2;2;14;0.1429;0.1429
6a9db100ab080c8c957fc12b;2026-09-07;basic-box-m;pokemon;PFL;14;Moltres;1;1;14;0.0714;0.0714
6a9db100ab080c8c957fc12b;2026-09-07;basic-box-m;trainer;MEG;119;Lillie's Determination;7;3;14;0.5;0.2143
6a9db100ab080c8c957fc12b;2026-09-07;basic-box-m;trainer;POR;76;Judge;3;2;14;0.2143;0.1429
6a9db100ab080c8c957fc12b;2026-09-07;basic-box-m;trainer;SFA;64;Xerosic's Machinations;4;4;14;0.2857;0.2857
6a9db100ab080c8c957fc12b;2026-09-07;basic-box-m;trainer;BLK;83;N's Plan;2;2;14;0.1429;0.1429
6a9db100ab080c8c957fc12b;2026-09-07;basic-box-m;trainer;TWM;143;Bug Catching Set;5;2;14;0.3571;0.1429
6a9db100ab080c8c957fc12b;2026-09-07;basic-box-m;trainer;TWM;162;Scoop Up Cyclone;1;1;14;0.0714;0.0714
6a9db100ab080c8c957fc12b;2026-09-07;basic-box-m;energy;ASC;216;Prism Energy;8;2;14;0.5714;0.1429
6a9db100ab080c8c957fc12b;2026-09-07;basic-box-m;energy;MEE;2;Fire Energy;2;2;14;0.1429;0.1429
6a9db100ab080c8c957fc12b;2026-09-07;dhelmise-pbl;pokemon;PBL;5;Poltchageist;34;10;12;2.8333;0.8333
6a9db100ab080c8c957fc12b;2026-09-07;dhelmise-pbl;pokemon;PBL;6;Sinistcha;33;9;12;2.75;0.75
6a9db100ab080c8c957fc12b;2026-09-07;dhelmise-pbl;pokemon;PBL;33;Shuppet;48;12;12;4.0;1.0
6a9db100ab080c8c957fc12b;2026-09-07;dhelmise-pbl;pokemon;PBL;34;Banette;45;12;12;3.75;1.0
6a9db100ab080c8c957fc12b;2026-09-07;dhelmise-pbl;pokemon;PBL;39;Dhelmise;43;12;12;3.5833;1.0
6a9db100ab080c8c957fc12b;2026-09-07;dhelmise-pbl;pokemon;POR;62;Meowth ex;4;4;12;0.3333;0.3333
6a9db100ab080c8c957fc12b;2026-09-07;dhelmise-pbl;pokemon;DRI;10;Shaymin;9;9;12;0.75;0.75
6a9db100ab080c8c957fc12b;2026-09-07;dhelmise-pbl;pokemon;ASC;142;Fezandipiti ex;4;4;12;0.3333;0.3333
6a9db100ab080c8c957fc12b;2026-09-07;dhelmise-pbl;pokemon;PBL;35;Spiritomb;6;6;12;0.5;0.5
6a9db100ab080c8c957fc12b;2026-09-07;dhelmise-pbl;trainer;MEG;119;Lillie's Determination;37;11;12;3.0833;0.9167
6a9db100ab080c8c957fc12b;2026-09-07;dhelmise-pbl;trainer;PBL;78;Gwynn;40;11;12;3.3333;0.9167
6a9db100ab080c8c957fc12b;2026-09-07;dhelmise-pbl;trainer;MEG;114;Boss's Orders;34;12;12;2.8333;1.0
6a9db100ab080c8c957fc12b;2026-09-07;dhelmise-pbl;trainer;DRI;176;Team Rocket's Petrel;3;2;12;0.25;0.1667
6a9db100ab080c8c957fc12b;2026-09-07;dhelmise-pbl;trainer;TWM;155;Lana's Aid;3;3;12;0.25;0.25
6a9db100ab080c8c957fc12b;2026-09-07;dhelmise-pbl;trainer;POR;81;Poké Pad;46;12;12;3.8333;1.0
6a9db100ab080c8c957fc12b;2026-09-07;dhelmise-pbl;trainer;MEG;131;Ultra Ball;46;12;12;3.8333;1.0
6a9db100ab080c8c957fc12b;2026-09-07;dhelmise-pbl;trainer;ASC;196;Night Stretcher;29;12;12;2.4167;1.0
6a9db100ab080c8c957fc12b;2026-09-07;dhelmise-pbl;trainer;SSP;164;Brilliant Blender;3;3;12;0.25;0.25
6a9db100ab080c8c957fc12b;2026-09-07;dhelmise-pbl;trainer;CRI;82;Special Red Card;6;6;12;0.5;0.5
6a9db100ab080c8c957fc12b;2026-09-07;dhelmise-pbl;trainer;MEG;130;Switch;4;4;12;0.3333;0.3333
6a9db100ab080c8c957fc12b;2026-09-07;dhelmise-pbl;trainer;CRI;80;Prism Tower;32;12;12;2.6667;1.0
6a9db100ab080c8c957fc12b;2026-09-07;dhelmise-pbl;energy;MEE;5;Psychic Energy;36;12;12;3.0;1.0
6a9db100ab080c8c957fc12b;2026-09-07;ethan-typhlosion;pokemon;DRI;32;Ethan's Cyndaquil;8;2;2;4.0;1.0
6a9db100ab080c8c957fc12b;2026-09-07;ethan-typhlosion;pokemon;DRI;33;Ethan's Quilava;8;2;2;4.0;1.0
6a9db100ab080c8c957fc12b;2026-09-07;ethan-typhlosion;pokemon;DRI;34;Ethan's Typhlosion;6;2;2;3.0;1.0
6a9db100ab080c8c957fc12b;2026-09-07;ethan-typhlosion;pokemon;TWM;128;Dreepy;3;1;2;1.5;0.5
6a9db100ab080c8c957fc12b;2026-09-07;ethan-typhlosion;pokemon;TWM;129;Drakloak;3;1;2;1.5;0.5
6a9db100ab080c8c957fc12b;2026-09-07;ethan-typhlosion;pokemon;TWM;130;Dragapult ex;1;1;2;0.5;0.5
6a9db100ab080c8c957fc12b;2026-09-07;ethan-typhlosion;pokemon;SSP;21;Victini;3;2;2;1.5;1.0
6a9db100ab080c8c957fc12b;2026-09-07;ethan-typhlosion;trainer;DRI;165;Ethan's Adventure;8;2;2;4.0;1.0
6a9db100ab080c8c957fc12b;2026-09-07;ethan-typhlosion;trainer;MEG;119;Lillie's Determination;6;2;2;3.0;1.0
6a9db100ab080c8c957fc12b;2026-09-07;ethan-typhlosion;trainer;MEG;114;Boss's Orders;4;2;2;2.0;1.0
6a9db100ab080c8c957fc12b;2026-09-07;ethan-typhlosion;trainer;TWM;155;Lana's Aid;2;2;2;1.0;1.0
6a9db100ab080c8c957fc12b;2026-09-07;ethan-typhlosion;trainer;SCR;133;Crispin;1;1;2;0.5;0.5
6a9db100ab080c8c957fc12b;2026-09-07;ethan-typhlosion;trainer;TWM;154;Kieran;2;2;2;1.0;1.0
6a9db100ab080c8c957fc12b;2026-09-07;ethan-typhlosion;trainer;TEF;144;Buddy-Buddy Poffin;6;2;2;3.0;1.0
6a9db100ab080c8c957fc12b;2026-09-07;ethan-typhlosion;trainer;MEG;131;Ultra Ball;7;2;2;3.5;1.0
6a9db100ab080c8c957fc12b;2026-09-07;ethan-typhlosion;trainer;MEG;125;Rare Candy;4;2;2;2.0;1.0
6a9db100ab080c8c957fc12b;2026-09-07;ethan-typhlosion;trainer;ASC;196;Night Stretcher;4;2;2;2.0;1.0
6a9db100ab080c8c957fc12b;2026-09-07;ethan-typhlosion;trainer;POR;81;Poké Pad;6;2;2;3.0;1.0
6a9db100ab080c8c957fc12b;2026-09-07;ethan-typhlosion;trainer;TWM;163;Secret Box;2;2;2;1.0;1.0
6a9db100ab080c8c957fc12b;2026-09-07;ethan-typhlosion;trainer;JTG;156;Redeemable Ticket;2;2;2;1.0;1.0
6a9db100ab080c8c957fc12b;2026-09-07;ethan-typhlosion;trainer;CRI;82;Special Red Card;2;2;2;1.0;1.0
6a9db100ab080c8c957fc12b;2026-09-07;ethan-typhlosion;trainer;DRI;168;Sacred Ash;2;2;2;1.0;1.0
6a9db100ab080c8c957fc12b;2026-09-07;ethan-typhlosion;trainer;WHT;80;Brave Bangle;4;2;2;2.0;1.0
6a9db100ab080c8c957fc12b;2026-09-07;ethan-typhlosion;trainer;PFL;85;Battle Cage;2;1;2;1.0;0.5
6a9db100ab080c8c957fc12b;2026-09-07;ethan-typhlosion;trainer;SSP;177;Gravity Mountain;3;2;2;1.5;1.0
6a9db100ab080c8c957fc12b;2026-09-07;ethan-typhlosion;energy;MEE;2;Fire Energy;10;2;2;5.0;1.0
6a9db100ab080c8c957fc12b;2026-09-07;ethan-typhlosion;energy;MEE;5;Psychic Energy;2;1;2;1.0;0.5
6a9db100ab080c8c957fc12b;2026-09-07;basic-box-m;trainer;TEF;152;Hero's Cape;4;4;14;0.2857;0.2857
6a9db100ab080c8c957fc12b;2026-09-07;n-zoroark;pokemon;JTG;97;N's Zorua;56;14;14;4.0;1.0
6a9db100ab080c8c957fc12b;2026-09-07;n-zoroark;pokemon;JTG;98;N's Zoroark ex;56;14;14;4.0;1.0
6a9db100ab080c8c957fc12b;2026-09-07;n-zoroark;pokemon;ASC;155;N's Zekrom;23;14;14;1.6429;1.0
6a9db100ab080c8c957fc12b;2026-09-07;n-zoroark;pokemon;JTG;26;N's Darumaka;8;7;14;0.5714;0.5
6a9db100ab080c8c957fc12b;2026-09-07;n-zoroark;pokemon;JTG;27;N's Darmanitan;8;7;14;0.5714;0.5
6a9db100ab080c8c957fc12b;2026-09-07;n-zoroark;pokemon;SFA;39;Pecharunt ex;14;13;14;1.0;0.9286
6a9db100ab080c8c957fc12b;2026-09-07;n-zoroark;pokemon;TWM;95;Munkidori;24;13;14;1.7143;0.9286
6a9db100ab080c8c957fc12b;2026-09-07;n-zoroark;pokemon;ASC;142;Fezandipiti ex;9;9;14;0.6429;0.6429
6a9db100ab080c8c957fc12b;2026-09-07;n-zoroark;pokemon;ASC;16;Budew;7;7;14;0.5;0.5
6a9db100ab080c8c957fc12b;2026-09-07;n-zoroark;pokemon;MEG;88;Yveltal;11;11;14;0.7857;0.7857
6a9db100ab080c8c957fc12b;2026-09-07;n-zoroark;pokemon;JTG;116;N's Reshiram;14;13;14;1.0;0.9286
6a9db100ab080c8c957fc12b;2026-09-07;n-zoroark;trainer;MEG;119;Lillie's Determination;55;14;14;3.9286;1.0
6a9db100ab080c8c957fc12b;2026-09-07;n-zoroark;trainer;MEG;114;Boss's Orders;46;14;14;3.2857;1.0
6a9db100ab080c8c957fc12b;2026-09-07;n-zoroark;trainer;SSP;170;Cyrano;29;14;14;2.0714;1.0
6a9db100ab080c8c957fc12b;2026-09-07;n-zoroark;trainer;JTG;143;Black Belt's Training;18;14;14;1.2857;1.0
6a9db100ab080c8c957fc12b;2026-09-07;n-zoroark;trainer;POR;76;Judge;4;4;14;0.2857;0.2857
6a9db100ab080c8c957fc12b;2026-09-07;n-zoroark;trainer;SFA;64;Xerosic's Machinations;3;3;14;0.2143;0.2143
6a9db100ab080c8c957fc12b;2026-09-07;n-zoroark;trainer;PRE;112;Janine's Secret Art;6;6;14;0.4286;0.4286
6a9db100ab080c8c957fc12b;2026-09-07;n-zoroark;trainer;TEF;144;Buddy-Buddy Poffin;56;14;14;4.0;1.0
6a9db100ab080c8c957fc12b;2026-09-07;n-zoroark;trainer;JTG;153;N's PP Up;43;14;14;3.0714;1.0
6a9db100ab080c8c957fc12b;2026-09-07;n-zoroark;trainer;POR;81;Poké Pad;36;14;14;2.5714;1.0
6a9db100ab080c8c957fc12b;2026-09-07;n-zoroark;trainer;MEG;131;Ultra Ball;36;14;14;2.5714;1.0
6a9db100ab080c8c957fc12b;2026-09-07;n-zoroark;trainer;ASC;196;Night Stretcher;27;14;14;1.9286;1.0
6a9db100ab080c8c957fc12b;2026-09-07;n-zoroark;trainer;CRI;82;Special Red Card;12;12;14;0.8571;0.8571
6a9db100ab080c8c957fc12b;2026-09-07;n-zoroark;trainer;ASC;212;Tool Scrapper;6;6;14;0.4286;0.4286
6a9db100ab080c8c957fc12b;2026-09-07;n-zoroark;trainer;TWM;163;Secret Box;6;6;14;0.4286;0.4286
6a9db100ab080c8c957fc12b;2026-09-07;n-zoroark;trainer;PRE;95;Binding Mochi;18;10;14;1.2857;0.7143
6a9db100ab080c8c957fc12b;2026-09-07;n-zoroark;trainer;JTG;152;N's Castle;24;13;14;1.7143;0.9286
6a9db100ab080c8c957fc12b;2026-09-07;n-zoroark;trainer;DRI;180;Team Rocket's Watchtower;8;7;14;0.5714;0.5
6a9db100ab080c8c957fc12b;2026-09-07;n-zoroark;energy;MEE;7;Darkness Energy;107;14;14;7.6429;1.0
6a9db100ab080c8c957fc12b;2026-09-07;erikas-victreebel;pokemon;ASC;4;Erika's Bellsprout;4;1;1;4.0;1.0
6a9db100ab080c8c957fc12b;2026-09-07;erikas-victreebel;pokemon;ASC;5;Erika's Weepinbell;4;1;1;4.0;1.0
6a9db100ab080c8c957fc12b;2026-09-07;erikas-victreebel;pokemon;ASC;6;Erika's Victreebel;3;1;1;3.0;1.0
6a9db100ab080c8c957fc12b;2026-09-07;erikas-victreebel;pokemon;ASC;7;Erika's Tangela;4;1;1;4.0;1.0
6a9db100ab080c8c957fc12b;2026-09-07;erikas-victreebel;pokemon;MEG;8;Chikorita;2;1;1;2.0;1.0
6a9db100ab080c8c957fc12b;2026-09-07;erikas-victreebel;pokemon;MEG;9;Bayleef;2;1;1;2.0;1.0
6a9db100ab080c8c957fc12b;2026-09-07;erikas-victreebel;pokemon;MEG;10;Meganium;2;1;1;2.0;1.0
6a9db100ab080c8c957fc12b;2026-09-07;erikas-victreebel;pokemon;ASC;1;Erika's Oddish;1;1;1;1.0;1.0
6a9db100ab080c8c957fc12b;2026-09-07;erikas-victreebel;pokemon;ASC;2;Erika's Gloom;1;1;1;1.0;1.0
6a9db100ab080c8c957fc12b;2026-09-07;erikas-victreebel;pokemon;ASC;3;Erika's Vileplume ex;1;1;1;1.0;1.0
6a9db100ab080c8c957fc12b;2026-09-07;erikas-victreebel;pokemon;DRI;10;Shaymin;1;1;1;1.0;1.0
6a9db100ab080c8c957fc12b;2026-09-07;erikas-victreebel;trainer;MEG;119;Lillie's Determination;4;1;1;4.0;1.0
6a9db100ab080c8c957fc12b;2026-09-07;erikas-victreebel;trainer;PBL;78;Gwynn;4;1;1;4.0;1.0
6a9db100ab080c8c957fc12b;2026-09-07;erikas-victreebel;trainer;MEG;114;Boss's Orders;2;1;1;2.0;1.0
6a9db100ab080c8c957fc12b;2026-09-07;erikas-victreebel;trainer;TWM;155;Lana's Aid;1;1;1;1.0;1.0
6a9db100ab080c8c957fc12b;2026-09-07;erikas-victreebel;trainer;POR;81;Poké Pad;4;1;1;4.0;1.0
6a9db100ab080c8c957fc12b;2026-09-07;erikas-victreebel;trainer;TWM;143;Bug Catching Set;4;1;1;4.0;1.0
6a9db100ab080c8c957fc12b;2026-09-07;erikas-victreebel;trainer;DRI;168;Sacred Ash;2;1;1;2.0;1.0
6a9db100ab080c8c957fc12b;2026-09-07;erikas-victreebel;trainer;TWM;163;Secret Box;1;1;1;1.0;1.0
6a9db100ab080c8c957fc12b;2026-09-07;erikas-victreebel;trainer;WHT;80;Brave Bangle;2;1;1;2.0;1.0
6a9db100ab080c8c957fc12b;2026-09-07;erikas-victreebel;trainer;MEG;117;Forest of Vitality;4;1;1;4.0;1.0
6a9db100ab080c8c957fc12b;2026-09-07;erikas-victreebel;energy;MEE;1;Grass Energy;7;1;1;7.0;1.0
6a9db100ab080c8c957fc12b;2026-09-07;lopunny-dusknoir;pokemon;PRE;35;Duskull;32;8;8;4.0;1.0
6a9db100ab080c8c957fc12b;2026-09-07;lopunny-dusknoir;pokemon;PRE;36;Dusclops;18;8;8;2.25;1.0
6a9db100ab080c8c957fc12b;2026-09-07;lopunny-dusknoir;pokemon;PRE;37;Dusknoir;30;8;8;3.75;1.0
6a9db100ab080c8c957fc12b;2026-09-07;lopunny-dusknoir;pokemon;TEF;68;Bronzor;16;8;8;2.0;1.0
6a9db100ab080c8c957fc12b;2026-09-07;lopunny-dusknoir;pokemon;TEF;69;Bronzong;16;8;8;2.0;1.0
6a9db100ab080c8c957fc12b;2026-09-07;lopunny-dusknoir;pokemon;PFL;83;Buneary;14;7;8;1.75;0.875
6a9db100ab080c8c957fc12b;2026-09-07;lopunny-dusknoir;pokemon;PFL;84;Mega Lopunny ex;16;8;8;2.0;1.0
6a9db100ab080c8c957fc12b;2026-09-07;lopunny-dusknoir;pokemon;SSP;76;Latias ex;11;8;8;1.375;1.0
6a9db100ab080c8c957fc12b;2026-09-07;lopunny-dusknoir;pokemon;MEG;104;Mega Kangaskhan ex;15;8;8;1.875;1.0
6a9db100ab080c8c957fc12b;2026-09-07;lopunny-dusknoir;pokemon;TWM;141;Bloodmoon Ursaluna ex;2;2;8;0.25;0.25
6a9db100ab080c8c957fc12b;2026-09-07;lopunny-dusknoir;pokemon;POR;62;Meowth ex;8;8;8;1.0;1.0
6a9db100ab080c8c957fc12b;2026-09-07;lopunny-dusknoir;pokemon;ASC;16;Budew;8;8;8;1.0;1.0
6a9db100ab080c8c957fc12b;2026-09-07;lopunny-dusknoir;trainer;WHT;84;Hilda;31;8;8;3.875;1.0
6a9db100ab080c8c957fc12b;2026-09-07;lopunny-dusknoir;trainer;MEG;119;Lillie's Determination;31;8;8;3.875;1.0
6a9db100ab080c8c957fc12b;2026-09-07;lopunny-dusknoir;trainer;MEG;114;Boss's Orders;17;8;8;2.125;1.0
6a9db100ab080c8c957fc12b;2026-09-07;lopunny-dusknoir;trainer;TEF;160;Salvatore;2;2;8;0.25;0.25
6a9db100ab080c8c957fc12b;2026-09-07;lopunny-dusknoir;trainer;MEG;131;Ultra Ball;30;8;8;3.75;1.0
6a9db100ab080c8c957fc12b;2026-09-07;lopunny-dusknoir;trainer;MEG;130;Switch;32;8;8;4.0;1.0
6a9db100ab080c8c957fc12b;2026-09-07;lopunny-dusknoir;trainer;POR;81;Poké Pad;32;8;8;4.0;1.0
6a9db100ab080c8c957fc12b;2026-09-07;lopunny-dusknoir;trainer;MEG;125;Rare Candy;30;8;8;3.75;1.0
6a9db100ab080c8c957fc12b;2026-09-07;lopunny-dusknoir;trainer;ASC;196;Night Stretcher;10;8;8;1.25;1.0
6a9db100ab080c8c957fc12b;2026-09-07;lopunny-dusknoir;trainer;CRI;82;Special Red Card;3;3;8;0.375;0.375
6a9db100ab080c8c957fc12b;2026-09-07;lopunny-dusknoir;trainer;TWM;153;Jamming Tower;6;6;8;0.75;0.75
6a9db100ab080c8c957fc12b;2026-09-07;lopunny-dusknoir;energy;POR;88;Telepathic Psychic Energy;32;8;8;4.0;1.0
6a9db100ab080c8c957fc12b;2026-09-07;lopunny-dusknoir;energy;SSP;191;Enriching Energy;8;8;8;1.0;1.0
6a9db100ab080c8c957fc12b;2026-09-07;lopunny-dusknoir;energy;MEE;5;Psychic Energy;1;1;8;0.125;0.125
6a9db100ab080c8c957fc12b;2026-09-07;palafin-ex;pokemon;TWM;59;Finizen;4;1;1;4.0;1.0
6a9db100ab080c8c957fc12b;2026-09-07;palafin-ex;pokemon;TWM;61;Palafin ex;3;1;1;3.0;1.0
6a9db100ab080c8c957fc12b;2026-09-07;palafin-ex;pokemon;TWM;60;Palafin;2;1;1;2.0;1.0
6a9db100ab080c8c957fc12b;2026-09-07;palafin-ex;pokemon;PRE;35;Duskull;2;1;1;2.0;1.0
6a9db100ab080c8c957fc12b;2026-09-07;palafin-ex;pokemon;PRE;36;Dusclops;2;1;1;2.0;1.0
6a9db100ab080c8c957fc12b;2026-09-07;palafin-ex;pokemon;PRE;37;Dusknoir;1;1;1;1.0;1.0
6a9db100ab080c8c957fc12b;2026-09-07;palafin-ex;pokemon;TEF;128;Dunsparce;1;1;1;1.0;1.0
6a9db100ab080c8c957fc12b;2026-09-07;palafin-ex;pokemon;TEF;129;Dudunsparce;1;1;1;1.0;1.0
6a9db100ab080c8c957fc12b;2026-09-07;palafin-ex;pokemon;POR;62;Meowth ex;1;1;1;1.0;1.0
6a9db100ab080c8c957fc12b;2026-09-07;palafin-ex;pokemon;ASC;142;Fezandipiti ex;1;1;1;1.0;1.0
6a9db100ab080c8c957fc12b;2026-09-07;palafin-ex;trainer;MEG;119;Lillie's Determination;4;1;1;4.0;1.0
6a9db100ab080c8c957fc12b;2026-09-07;palafin-ex;trainer;MEG;114;Boss's Orders;3;1;1;3.0;1.0
6a9db100ab080c8c957fc12b;2026-09-07;palafin-ex;trainer;SFA;57;Colress's Tenacity;2;1;1;2.0;1.0
6a9db100ab080c8c957fc12b;2026-09-07;palafin-ex;trainer;SSP;187;Surfer;2;1;1;2.0;1.0
6a9db100ab080c8c957fc12b;2026-09-07;palafin-ex;trainer;TWM;155;Lana's Aid;1;1;1;1.0;1.0
6a9db100ab080c8c957fc12b;2026-09-07;palafin-ex;trainer;WHT;84;Hilda;1;1;1;1.0;1.0
6a9db100ab080c8c957fc12b;2026-09-07;palafin-ex;trainer;TEF;144;Buddy-Buddy Poffin;3;1;1;3.0;1.0
6a9db100ab080c8c957fc12b;2026-09-07;palafin-ex;trainer;MEG;131;Ultra Ball;2;1;1;2.0;1.0
6a9db100ab080c8c957fc12b;2026-09-07;palafin-ex;trainer;MEG;130;Switch;2;1;1;2.0;1.0
6a9db100ab080c8c957fc12b;2026-09-07;palafin-ex;trainer;POR;81;Poké Pad;2;1;1;2.0;1.0
6a9db100ab080c8c957fc12b;2026-09-07;palafin-ex;trainer;ASC;196;Night Stretcher;2;1;1;2.0;1.0
6a9db100ab080c8c957fc12b;2026-09-07;palafin-ex;trainer;CRI;82;Special Red Card;1;1;1;1.0;1.0
6a9db100ab080c8c957fc12b;2026-09-07;palafin-ex;trainer;SVI;186;Pokégear 3.0;1;1;1;1.0;1.0
6a9db100ab080c8c957fc12b;2026-09-07;palafin-ex;trainer;TEF;157;Prime Catcher;1;1;1;1.0;1.0
6a9db100ab080c8c957fc12b;2026-09-07;palafin-ex;trainer;CRI;78;Great Haul Net;1;1;1;1.0;1.0
6a9db100ab080c8c957fc12b;2026-09-07;palafin-ex;trainer;ASC;212;Tool Scrapper;1;1;1;1.0;1.0
6a9db100ab080c8c957fc12b;2026-09-07;palafin-ex;trainer;ASC;181;Air Balloon;3;1;1;3.0;1.0
6a9db100ab080c8c957fc12b;2026-09-07;palafin-ex;trainer;MEG;129;Surfing Beach;3;1;1;3.0;1.0
6a9db100ab080c8c957fc12b;2026-09-07;palafin-ex;energy;MEE;3;Water Energy;5;1;1;5.0;1.0
6a9db100ab080c8c957fc12b;2026-09-07;palafin-ex;energy;CRI;84;Bubbly Water Energy;2;1;1;2.0;1.0
6a9db100ab080c8c957fc12b;2026-09-07;dragapult-blaziken;pokemon;TWM;128;Dreepy;44;11;11;4.0;1.0
6a9db100ab080c8c957fc12b;2026-09-07;dragapult-blaziken;pokemon;TWM;129;Drakloak;43;11;11;3.9091;1.0
6a9db100ab080c8c957fc12b;2026-09-07;dragapult-blaziken;pokemon;TWM;130;Dragapult ex;24;11;11;2.1818;1.0
6a9db100ab080c8c957fc12b;2026-09-07;dragapult-blaziken;pokemon;DRI;40;Torchic;22;11;11;2.0;1.0
6a9db100ab080c8c957fc12b;2026-09-07;dragapult-blaziken;pokemon;DRI;41;Combusken;11;11;11;1.0;1.0
6a9db100ab080c8c957fc12b;2026-09-07;dragapult-blaziken;pokemon;JTG;24;Blaziken ex;22;11;11;2.0;1.0
6a9db100ab080c8c957fc12b;2026-09-07;dragapult-blaziken;pokemon;TWM;95;Munkidori;20;11;11;1.8182;1.0
6a9db100ab080c8c957fc12b;2026-09-07;dragapult-blaziken;pokemon;POR;62;Meowth ex;11;11;11;1.0;1.0
6a9db100ab080c8c957fc12b;2026-09-07;dragapult-blaziken;pokemon;ASC;142;Fezandipiti ex;11;11;11;1.0;1.0
6a9db100ab080c8c957fc12b;2026-09-07;dragapult-blaziken;pokemon;ASC;16;Budew;11;11;11;1.0;1.0
6a9db100ab080c8c957fc12b;2026-09-07;dragapult-blaziken;trainer;MEG;119;Lillie's Determination;43;11;11;3.9091;1.0
6a9db100ab080c8c957fc12b;2026-09-07;dragapult-blaziken;trainer;MEG;114;Boss's Orders;33;11;11;3.0;1.0
6a9db100ab080c8c957fc12b;2026-09-07;dragapult-blaziken;trainer;SCR;133;Crispin;22;11;11;2.0;1.0
6a9db100ab080c8c957fc12b;2026-09-07;dragapult-blaziken;trainer;PFL;87;Dawn;9;9;11;0.8182;0.8182
6a9db100ab080c8c957fc12b;2026-09-07;dragapult-blaziken;trainer;POR;76;Judge;7;7;11;0.6364;0.6364
6a9db100ab080c8c957fc12b;2026-09-07;dragapult-blaziken;trainer;MEG;131;Ultra Ball;40;11;11;3.6364;1.0
6a9db100ab080c8c957fc12b;2026-09-07;dragapult-blaziken;trainer;TEF;144;Buddy-Buddy Poffin;44;11;11;4.0;1.0
6a9db100ab080c8c957fc12b;2026-09-07;dragapult-blaziken;trainer;POR;81;Poké Pad;42;11;11;3.8182;1.0
6a9db100ab080c8c957fc12b;2026-09-07;dragapult-blaziken;trainer;MEG;125;Rare Candy;28;11;11;2.5455;1.0
6a9db100ab080c8c957fc12b;2026-09-07;dragapult-blaziken;trainer;ASC;196;Night Stretcher;22;11;11;2.0;1.0
6a9db100ab080c8c957fc12b;2026-09-07;dragapult-blaziken;trainer;CRI;82;Special Red Card;9;9;11;0.8182;0.8182
6a9db100ab080c8c957fc12b;2026-09-07;dragapult-blaziken;trainer;TWM;165;Unfair Stamp;10;10;11;0.9091;0.9091
6a9db100ab080c8c957fc12b;2026-09-07;dragapult-blaziken;trainer;MEG;127;Risky Ruins;10;9;11;0.9091;0.8182
6a9db100ab080c8c957fc12b;2026-09-07;dragapult-blaziken;trainer;DRI;180;Team Rocket's Watchtower;9;9;11;0.8182;0.8182
6a9db100ab080c8c957fc12b;2026-09-07;dragapult-blaziken;energy;MEE;2;Fire Energy;34;11;11;3.0909;1.0
6a9db100ab080c8c957fc12b;2026-09-07;dragapult-blaziken;energy;MEE;5;Psychic Energy;34;11;11;3.0909;1.0
6a9db100ab080c8c957fc12b;2026-09-07;dragapult-blaziken;energy;MEE;7;Darkness Energy;21;11;11;1.9091;1.0
6a9db100ab080c8c957fc12b;2026-09-07;alakazam-dudunsparce;pokemon;JTG;56;Lillie's Clefairy ex;4;4;25;0.16;0.16
6a9db100ab080c8c957fc12b;2026-09-07;alakazam-dudunsparce;trainer;PFL;94;Wondrous Patch;9;5;25;0.36;0.2
6a9db100ab080c8c957fc12b;2026-09-07;alakazam-dudunsparce;trainer;CRI;82;Special Red Card;7;7;25;0.28;0.28
6a9db100ab080c8c957fc12b;2026-09-07;alakazam-dudunsparce;trainer;JTG;151;Lillie's Pearl;3;3;25;0.12;0.12
6a9db100ab080c8c957fc12b;2026-09-07;alakazam-dudunsparce;trainer;ASC;197;Nighttime Mine;18;7;25;0.72;0.28
6a9db100ab080c8c957fc12b;2026-09-07;decidueye-ex;pokemon;SFA;3;Rowlet;4;1;1;4.0;1.0
6a9db100ab080c8c957fc12b;2026-09-07;decidueye-ex;pokemon;POR;11;Dartrix;2;1;1;2.0;1.0
6a9db100ab080c8c957fc12b;2026-09-07;decidueye-ex;pokemon;POR;12;Decidueye ex;3;1;1;3.0;1.0
6a9db100ab080c8c957fc12b;2026-09-07;decidueye-ex;pokemon;JTG;97;N's Zorua;3;1;1;3.0;1.0
6a9db100ab080c8c957fc12b;2026-09-07;decidueye-ex;pokemon;JTG;98;N's Zoroark ex;2;1;1;2.0;1.0
6a9db100ab080c8c957fc12b;2026-09-07;decidueye-ex;pokemon;POR;7;Scatterbug;2;1;1;2.0;1.0
6a9db100ab080c8c957fc12b;2026-09-07;decidueye-ex;pokemon;POR;8;Spewpa;2;1;1;2.0;1.0
6a9db100ab080c8c957fc12b;2026-09-07;decidueye-ex;pokemon;POR;9;Vivillon;2;1;1;2.0;1.0
6a9db100ab080c8c957fc12b;2026-09-07;decidueye-ex;pokemon;TEF;84;Relicanth;1;1;1;1.0;1.0
6a9db100ab080c8c957fc12b;2026-09-07;decidueye-ex;pokemon;ASC;155;N's Zekrom;1;1;1;1.0;1.0
6a9db100ab080c8c957fc12b;2026-09-07;decidueye-ex;trainer;POR;76;Judge;4;1;1;4.0;1.0
6a9db100ab080c8c957fc12b;2026-09-07;decidueye-ex;trainer;MEG;119;Lillie's Determination;3;1;1;3.0;1.0
6a9db100ab080c8c957fc12b;2026-09-07;decidueye-ex;trainer;MEG;114;Boss's Orders;2;1;1;2.0;1.0
6a9db100ab080c8c957fc12b;2026-09-07;decidueye-ex;trainer;TEF;145;Ciphermaniac's Codebreaking;1;1;1;1.0;1.0
6a9db100ab080c8c957fc12b;2026-09-07;decidueye-ex;trainer;MEG;131;Ultra Ball;3;1;1;3.0;1.0
6a9db100ab080c8c957fc12b;2026-09-07;decidueye-ex;trainer;TEF;144;Buddy-Buddy Poffin;3;1;1;3.0;1.0
6a9db100ab080c8c957fc12b;2026-09-07;decidueye-ex;trainer;ASC;196;Night Stretcher;2;1;1;2.0;1.0
6a9db100ab080c8c957fc12b;2026-09-07;decidueye-ex;trainer;JTG;153;N's PP Up;2;1;1;2.0;1.0
6a9db100ab080c8c957fc12b;2026-09-07;decidueye-ex;trainer;MEG;125;Rare Candy;2;1;1;2.0;1.0
6a9db100ab080c8c957fc12b;2026-09-07;decidueye-ex;trainer;POR;81;Poké Pad;2;1;1;2.0;1.0
6a9db100ab080c8c957fc12b;2026-09-07;decidueye-ex;trainer;TWM;162;Scoop Up Cyclone;1;1;1;1.0;1.0
6a9db100ab080c8c957fc12b;2026-09-07;decidueye-ex;trainer;ASC;181;Air Balloon;2;1;1;2.0;1.0
6a9db100ab080c8c957fc12b;2026-09-07;decidueye-ex;trainer;MEG;117;Forest of Vitality;3;1;1;3.0;1.0
6a9db100ab080c8c957fc12b;2026-09-07;decidueye-ex;trainer;DRI;180;Team Rocket's Watchtower;1;1;1;1.0;1.0
6a9db100ab080c8c957fc12b;2026-09-07;decidueye-ex;energy;MEE;1;Grass Energy;3;1;1;3.0;1.0
6a9db100ab080c8c957fc12b;2026-09-07;decidueye-ex;energy;MEE;7;Darkness Energy;3;1;1;3.0;1.0
6a9db100ab080c8c957fc12b;2026-09-07;decidueye-ex;energy;WHT;86;Ignition Energy;1;1;1;1.0;1.0
6a9db100ab080c8c957fc12b;2026-09-07;sinistcha-ogerpon;pokemon;PBL;5;Poltchageist;4;1;1;4.0;1.0
6a9db100ab080c8c957fc12b;2026-09-07;sinistcha-ogerpon;pokemon;TWM;22;Sinistcha;3;1;1;3.0;1.0
6a9db100ab080c8c957fc12b;2026-09-07;sinistcha-ogerpon;pokemon;TWM;23;Sinistcha ex;1;1;1;1.0;1.0
6a9db100ab080c8c957fc12b;2026-09-07;sinistcha-ogerpon;pokemon;TWM;25;Teal Mask Ogerpon ex;4;1;1;4.0;1.0
6a9db100ab080c8c957fc12b;2026-09-07;sinistcha-ogerpon;pokemon;CRI;70;Patrat;1;1;1;1.0;1.0
6a9db100ab080c8c957fc12b;2026-09-07;sinistcha-ogerpon;pokemon;TEF;78;Flutter Mane;1;1;1;1.0;1.0
6a9db100ab080c8c957fc12b;2026-09-07;sinistcha-ogerpon;pokemon;ASC;142;Fezandipiti ex;1;1;1;1.0;1.0
6a9db100ab080c8c957fc12b;2026-09-07;sinistcha-ogerpon;trainer;MEG;119;Lillie's Determination;4;1;1;4.0;1.0
6a9db100ab080c8c957fc12b;2026-09-07;sinistcha-ogerpon;trainer;MEG;114;Boss's Orders;4;1;1;4.0;1.0
6a9db100ab080c8c957fc12b;2026-09-07;sinistcha-ogerpon;trainer;POR;76;Judge;1;1;1;1.0;1.0
6a9db100ab080c8c957fc12b;2026-09-07;sinistcha-ogerpon;trainer;WHT;83;Harlequin;1;1;1;1.0;1.0
6a9db100ab080c8c957fc12b;2026-09-07;sinistcha-ogerpon;trainer;TWM;143;Bug Catching Set;4;1;1;4.0;1.0
6a9db100ab080c8c957fc12b;2026-09-07;sinistcha-ogerpon;trainer;MEG;115;Energy Switch;4;1;1;4.0;1.0
6a9db100ab080c8c957fc12b;2026-09-07;sinistcha-ogerpon;trainer;SSP;189;Tera Orb;2;1;1;2.0;1.0
6a9db100ab080c8c957fc12b;2026-09-07;sinistcha-ogerpon;trainer;POR;81;Poké Pad;2;1;1;2.0;1.0
6a9db100ab080c8c957fc12b;2026-09-07;sinistcha-ogerpon;trainer;ASC;196;Night Stretcher;2;1;1;2.0;1.0
6a9db100ab080c8c957fc12b;2026-09-07;sinistcha-ogerpon;trainer;TEF;157;Prime Catcher;1;1;1;1.0;1.0
6a9db100ab080c8c957fc12b;2026-09-07;sinistcha-ogerpon;trainer;MEG;131;Ultra Ball;1;1;1;1.0;1.0
6a9db100ab080c8c957fc12b;2026-09-07;sinistcha-ogerpon;trainer;MEG;117;Forest of Vitality;2;1;1;2.0;1.0
6a9db100ab080c8c957fc12b;2026-09-07;sinistcha-ogerpon;energy;MEE;1;Grass Energy;17;1;1;17.0;1.0
6a9db100ab080c8c957fc12b;2026-09-07;dragapult-ex;pokemon;TWM;128;Dreepy;180;45;45;4.0;1.0
6a9db100ab080c8c957fc12b;2026-09-07;dragapult-ex;pokemon;TWM;129;Drakloak;180;45;45;4.0;1.0
6a9db100ab080c8c957fc12b;2026-09-07;dragapult-ex;pokemon;TWM;130;Dragapult ex;133;45;45;2.9556;1.0
6a9db100ab080c8c957fc12b;2026-09-07;dragapult-ex;pokemon;TWM;95;Munkidori;85;44;45;1.8889;0.9778
6a9db100ab080c8c957fc12b;2026-09-07;dragapult-ex;pokemon;ASC;16;Budew;67;43;45;1.4889;0.9556
6a9db100ab080c8c957fc12b;2026-09-07;dragapult-ex;pokemon;JTG;120;Dunsparce;31;31;45;0.6889;0.6889
6a9db100ab080c8c957fc12b;2026-09-07;dragapult-ex;pokemon;TEF;129;Dudunsparce;32;32;45;0.7111;0.7111
6a9db100ab080c8c957fc12b;2026-09-07;dragapult-ex;pokemon;ASC;142;Fezandipiti ex;45;45;45;1.0;1.0
6a9db100ab080c8c957fc12b;2026-09-07;dragapult-ex;pokemon;POR;62;Meowth ex;45;44;45;1.0;0.9778
6a9db100ab080c8c957fc12b;2026-09-07;dragapult-ex;trainer;MEG;119;Lillie's Determination;180;45;45;4.0;1.0
6a9db100ab080c8c957fc12b;2026-09-07;dragapult-ex;trainer;MEG;114;Boss's Orders;134;45;45;2.9778;1.0
6a9db100ab080c8c957fc12b;2026-09-07;dragapult-ex;trainer;SCR;133;Crispin;95;45;45;2.1111;1.0
6a9db100ab080c8c957fc12b;2026-09-07;dragapult-ex;trainer;POR;84;Rosa's Encouragement;45;44;45;1.0;0.9778
6a9db100ab080c8c957fc12b;2026-09-07;dragapult-ex;trainer;TEF;144;Buddy-Buddy Poffin;175;44;45;3.8889;0.9778
6a9db100ab080c8c957fc12b;2026-09-07;dragapult-ex;trainer;POR;71;Crushing Hammer;159;40;45;3.5333;0.8889
6a9db100ab080c8c957fc12b;2026-09-07;dragapult-ex;trainer;POR;81;Poké Pad;178;45;45;3.9556;1.0
6a9db100ab080c8c957fc12b;2026-09-07;dragapult-ex;trainer;ASC;196;Night Stretcher;116;45;45;2.5778;1.0
6a9db100ab080c8c957fc12b;2026-09-07;dragapult-ex;trainer;MEG;131;Ultra Ball;151;45;45;3.3556;1.0
6a9db100ab080c8c957fc12b;2026-09-07;dragapult-ex;trainer;TWM;165;Unfair Stamp;44;44;45;0.9778;0.9778
6a9db100ab080c8c957fc12b;2026-09-07;dragapult-ex;trainer;CRI;82;Special Red Card;42;42;45;0.9333;0.9333
6a9db100ab080c8c957fc12b;2026-09-07;dragapult-ex;trainer;MEG;127;Risky Ruins;79;43;45;1.7556;0.9556
6a9db100ab080c8c957fc12b;2026-09-07;dragapult-ex;energy;MEE;5;Psychic Energy;138;45;45;3.0667;1.0
6a9db100ab080c8c957fc12b;2026-09-07;dragapult-ex;energy;MEE;7;Darkness Energy;109;44;45;2.4222;0.9778
6a9db100ab080c8c957fc12b;2026-09-07;dragapult-ex;energy;MEE;2;Fire Energy;141;45;45;3.1333;1.0
6a9db100ab080c8c957fc12b;2026-09-07;slowking-scr;pokemon;SCR;57;Slowpoke;72;18;19;3.7895;0.9474
6a9db100ab080c8c957fc12b;2026-09-07;slowking-scr;pokemon;SCR;58;Slowking;57;19;19;3.0;1.0
6a9db100ab080c8c957fc12b;2026-09-07;slowking-scr;pokemon;MEG;104;Mega Kangaskhan ex;48;18;19;2.5263;0.9474
6a9db100ab080c8c957fc12b;2026-09-07;slowking-scr;pokemon;SSP;76;Latias ex;36;18;19;1.8947;0.9474
6a9db100ab080c8c957fc12b;2026-09-07;slowking-scr;pokemon;CRI;61;Metagross;30;19;19;1.5789;1.0
6a9db100ab080c8c957fc12b;2026-09-07;slowking-scr;pokemon;SFA;47;Kyurem;36;19;19;1.8947;1.0
6a9db100ab080c8c957fc12b;2026-09-07;slowking-scr;pokemon;JTG;56;Lillie's Clefairy ex;18;18;19;0.9474;0.9474
6a9db100ab080c8c957fc12b;2026-09-07;slowking-scr;pokemon;POR;62;Meowth ex;18;18;19;0.9474;0.9474
6a9db100ab080c8c957fc12b;2026-09-07;slowking-scr;pokemon;ASC;142;Fezandipiti ex;18;18;19;0.9474;0.9474
6a9db100ab080c8c957fc12b;2026-09-07;slowking-scr;pokemon;ASC;98;Spectrier;3;3;19;0.1579;0.1579
6a9db100ab080c8c957fc12b;2026-09-07;slowking-scr;pokemon;DRI;78;Zeraora;13;13;19;0.6842;0.6842
6a9db100ab080c8c957fc12b;2026-09-07;slowking-scr;pokemon;PBL;41;Annihilape;9;9;19;0.4737;0.4737
6a9db100ab080c8c957fc12b;2026-09-07;slowking-scr;trainer;TEF;145;Ciphermaniac's Codebreaking;65;19;19;3.4211;1.0
6a9db100ab080c8c957fc12b;2026-09-07;slowking-scr;trainer;MEG;119;Lillie's Determination;75;19;19;3.9474;1.0
6a9db100ab080c8c957fc12b;2026-09-07;slowking-scr;trainer;MEG;131;Ultra Ball;70;19;19;3.6842;1.0
6a9db100ab080c8c957fc12b;2026-09-07;slowking-scr;trainer;POR;81;Poké Pad;73;19;19;3.8421;1.0
6a9db100ab080c8c957fc12b;2026-09-07;slowking-scr;trainer;PFL;94;Wondrous Patch;58;19;19;3.0526;1.0
6a9db100ab080c8c957fc12b;2026-09-07;slowking-scr;trainer;ASC;196;Night Stretcher;43;19;19;2.2632;1.0
6a9db100ab080c8c957fc12b;2026-09-07;slowking-scr;trainer;CRI;82;Special Red Card;4;4;19;0.2105;0.2105
6a9db100ab080c8c957fc12b;2026-09-07;slowking-scr;trainer;TWM;163;Secret Box;14;14;19;0.7368;0.7368
6a9db100ab080c8c957fc12b;2026-09-07;slowking-scr;trainer;MEG;130;Switch;19;18;19;1.0;0.9474
6a9db100ab080c8c957fc12b;2026-09-07;slowking-scr;trainer;TWM;158;Lucky Helmet;10;7;19;0.5263;0.3684
6a9db100ab080c8c957fc12b;2026-09-07;slowking-scr;trainer;SFA;54;Academy at Night;75;19;19;3.9474;1.0
6a9db100ab080c8c957fc12b;2026-09-07;slowking-scr;energy;MEE;5;Psychic Energy;71;19;19;3.7368;1.0
6a9db100ab080c8c957fc12b;2026-09-07;slowking-scr;energy;POR;88;Telepathic Psychic Energy;76;19;19;4.0;1.0
6a9db100ab080c8c957fc12b;2026-09-07;slowking-scr;energy;TWM;166;Boomerang Energy;37;19;19;1.9474;1.0
6a9db100ab080c8c957fc12b;2026-09-07;n-zoroark;pokemon;POR;62;Meowth ex;7;7;14;0.5;0.5
6a9db100ab080c8c957fc12b;2026-09-07;n-zoroark;pokemon;TWM;131;Tatsugiri;3;3;14;0.2143;0.2143
6a9db100ab080c8c957fc12b;2026-09-07;n-zoroark;trainer;CRI;83;Transformation Tome;11;3;14;0.7857;0.2143
6a9db100ab080c8c957fc12b;2026-09-07;dragapult-ex;trainer;WHT;83;Harlequin;1;1;45;0.0222;0.0222
6a9db100ab080c8c957fc12b;2026-09-07;dragapult-ex;trainer;DRI;180;Team Rocket's Watchtower;10;8;45;0.2222;0.1778
6a9db100ab080c8c957fc12b;2026-09-07;dragapult-ex;pokemon;PFL;14;Moltres;18;18;45;0.4;0.4
6a9db100ab080c8c957fc12b;2026-09-07;dragapult-ex;trainer;PFL;87;Dawn;4;4;45;0.0889;0.0889
6a9db100ab080c8c957fc12b;2026-09-07;dragapult-ex;trainer;MEG;125;Rare Candy;7;3;45;0.1556;0.0667
6a9db100ab080c8c957fc12b;2026-09-07;mega-chandelure-ex;pokemon;PBL;36;Litwick;4;1;1;4.0;1.0
6a9db100ab080c8c957fc12b;2026-09-07;mega-chandelure-ex;pokemon;PBL;37;Lampent;4;1;1;4.0;1.0
6a9db100ab080c8c957fc12b;2026-09-07;mega-chandelure-ex;pokemon;TWM;38;Chandelure;3;1;1;3.0;1.0
6a9db100ab080c8c957fc12b;2026-09-07;mega-chandelure-ex;pokemon;PBL;38;Mega Chandelure ex;3;1;1;3.0;1.0
6a9db100ab080c8c957fc12b;2026-09-07;mega-chandelure-ex;pokemon;TEF;68;Bronzor;1;1;1;1.0;1.0
6a9db100ab080c8c957fc12b;2026-09-07;mega-chandelure-ex;pokemon;TEF;69;Bronzong;1;1;1;1.0;1.0
6a9db100ab080c8c957fc12b;2026-09-07;mega-chandelure-ex;pokemon;ASC;142;Fezandipiti ex;1;1;1;1.0;1.0
6a9db100ab080c8c957fc12b;2026-09-07;mega-chandelure-ex;pokemon;JTG;56;Lillie's Clefairy ex;1;1;1;1.0;1.0
6a9db100ab080c8c957fc12b;2026-09-07;mega-chandelure-ex;pokemon;SCR;63;Comfey;1;1;1;1.0;1.0
6a9db100ab080c8c957fc12b;2026-09-07;mega-chandelure-ex;pokemon;POR;62;Meowth ex;1;1;1;1.0;1.0
6a9db100ab080c8c957fc12b;2026-09-07;mega-chandelure-ex;trainer;MEG;119;Lillie's Determination;4;1;1;4.0;1.0
6a9db100ab080c8c957fc12b;2026-09-07;mega-chandelure-ex;trainer;MEG;114;Boss's Orders;4;1;1;4.0;1.0
6a9db100ab080c8c957fc12b;2026-09-07;mega-chandelure-ex;trainer;WHT;84;Hilda;4;1;1;4.0;1.0
6a9db100ab080c8c957fc12b;2026-09-07;mega-chandelure-ex;trainer;MEG;131;Ultra Ball;4;1;1;4.0;1.0
6a9db100ab080c8c957fc12b;2026-09-07;mega-chandelure-ex;trainer;TEF;144;Buddy-Buddy Poffin;3;1;1;3.0;1.0
6a9db100ab080c8c957fc12b;2026-09-07;mega-chandelure-ex;trainer;MEG;125;Rare Candy;3;1;1;3.0;1.0
6a9db100ab080c8c957fc12b;2026-09-07;mega-chandelure-ex;trainer;POR;81;Poké Pad;3;1;1;3.0;1.0
6a9db100ab080c8c957fc12b;2026-09-07;mega-chandelure-ex;trainer;ASC;196;Night Stretcher;2;1;1;2.0;1.0
6a9db100ab080c8c957fc12b;2026-09-07;mega-chandelure-ex;trainer;MEG;130;Switch;1;1;1;1.0;1.0
6a9db100ab080c8c957fc12b;2026-09-07;mega-chandelure-ex;trainer;CRI;82;Special Red Card;1;1;1;1.0;1.0
6a9db100ab080c8c957fc12b;2026-09-07;mega-chandelure-ex;trainer;ASC;197;Nighttime Mine;2;1;1;2.0;1.0
6a9db100ab080c8c957fc12b;2026-09-07;mega-chandelure-ex;energy;POR;88;Telepathic Psychic Energy;4;1;1;4.0;1.0
6a9db100ab080c8c957fc12b;2026-09-07;mega-chandelure-ex;energy;MEE;2;Fire Energy;2;1;1;2.0;1.0
6a9db100ab080c8c957fc12b;2026-09-07;mega-chandelure-ex;energy;MEE;5;Psychic Energy;2;1;1;2.0;1.0
6a9db100ab080c8c957fc12b;2026-09-07;mega-chandelure-ex;energy;TEF;162;Neo Upper Energy;1;1;1;1.0;1.0
6a9db100ab080c8c957fc12b;2026-09-07;dragapult-ex;trainer;ASC;212;Tool Scrapper;2;2;45;0.0444;0.0444
6a9db100ab080c8c957fc12b;2026-09-07;dragapult-ex;pokemon;MEG;31;Chi-Yu;2;2;45;0.0444;0.0444
6a9db100ab080c8c957fc12b;2026-09-07;dragapult-ex;pokemon;DRI;10;Shaymin;13;13;45;0.2889;0.2889
6a9db100ab080c8c957fc12b;2026-09-07;lucario-hariyama;pokemon;MEG;76;Riolu;32;9;9;3.5556;1.0
6a9db100ab080c8c957fc12b;2026-09-07;lucario-hariyama;pokemon;MEG;77;Mega Lucario ex;27;9;9;3.0;1.0
6a9db100ab080c8c957fc12b;2026-09-07;lucario-hariyama;pokemon;MEG;75;Solrock;24;9;9;2.6667;1.0
6a9db100ab080c8c957fc12b;2026-09-07;lucario-hariyama;pokemon;MEG;72;Makuhita;19;9;9;2.1111;1.0
6a9db100ab080c8c957fc12b;2026-09-07;lucario-hariyama;pokemon;MEG;73;Hariyama;18;9;9;2.0;1.0
6a9db100ab080c8c957fc12b;2026-09-07;lucario-hariyama;pokemon;MEG;74;Lunatone;18;9;9;2.0;1.0
6a9db100ab080c8c957fc12b;2026-09-07;lucario-hariyama;pokemon;POR;62;Meowth ex;7;7;9;0.7778;0.7778
6a9db100ab080c8c957fc12b;2026-09-07;lucario-hariyama;trainer;MEG;119;Lillie's Determination;36;9;9;4.0;1.0
6a9db100ab080c8c957fc12b;2026-09-07;lucario-hariyama;trainer;MEG;114;Boss's Orders;18;9;9;2.0;1.0
6a9db100ab080c8c957fc12b;2026-09-07;lucario-hariyama;trainer;MEG;132;Wally's Compassion;10;7;9;1.1111;0.7778
6a9db100ab080c8c957fc12b;2026-09-07;lucario-hariyama;trainer;POR;76;Judge;12;6;9;1.3333;0.6667
6a9db100ab080c8c957fc12b;2026-09-07;lucario-hariyama;trainer;POR;85;Tarragon;1;1;9;0.1111;0.1111
6a9db100ab080c8c957fc12b;2026-09-07;lucario-hariyama;trainer;MEG;116;Fighting Gong;36;9;9;4.0;1.0
6a9db100ab080c8c957fc12b;2026-09-07;lucario-hariyama;trainer;MEG;124;Premium Power Pro;36;9;9;4.0;1.0
6a9db100ab080c8c957fc12b;2026-09-07;lucario-hariyama;trainer;POR;81;Poké Pad;28;9;9;3.1111;1.0
6a9db100ab080c8c957fc12b;2026-09-07;lucario-hariyama;trainer;MEG;131;Ultra Ball;30;9;9;3.3333;1.0
6a9db100ab080c8c957fc12b;2026-09-07;lucario-hariyama;trainer;ASC;196;Night Stretcher;10;6;9;1.1111;0.6667
6a9db100ab080c8c957fc12b;2026-09-07;lucario-hariyama;trainer;MEG;130;Switch;11;9;9;1.2222;1.0
6a9db100ab080c8c957fc12b;2026-09-07;lucario-hariyama;trainer;CRI;82;Special Red Card;5;5;9;0.5556;0.5556
6a9db100ab080c8c957fc12b;2026-09-07;lucario-hariyama;trainer;TEF;154;Maximum Belt;4;4;9;0.4444;0.4444
6a9db100ab080c8c957fc12b;2026-09-07;lucario-hariyama;trainer;ASC;181;Air Balloon;14;8;9;1.5556;0.8889
6a9db100ab080c8c957fc12b;2026-09-07;lucario-hariyama;trainer;SSP;177;Gravity Mountain;12;6;9;1.3333;0.6667
6a9db100ab080c8c957fc12b;2026-09-07;lucario-hariyama;energy;MEE;6;Fighting Energy;87;9;9;9.6667;1.0
6a9db100ab080c8c957fc12b;2026-09-07;lucario-hariyama;energy;POR;87;Rocky Fighting Energy;8;4;9;0.8889;0.4444
6a9db100ab080c8c957fc12b;2026-09-07;lopunny-dusknoir;trainer;TEF;145;Ciphermaniac's Codebreaking;15;7;8;1.875;0.875
6a9db100ab080c8c957fc12b;2026-09-07;dragapult-ex;trainer;TWM;153;Jamming Tower;3;3;45;0.0667;0.0667
6a9db100ab080c8c957fc12b;2026-09-07;alakazam-dusknoir;pokemon;PRE;35;Duskull;28;7;7;4.0;1.0
6a9db100ab080c8c957fc12b;2026-09-07;alakazam-dusknoir;pokemon;PRE;36;Dusclops;14;7;7;2.0;1.0
6a9db100ab080c8c957fc12b;2026-09-07;alakazam-dusknoir;pokemon;PRE;37;Dusknoir;14;7;7;2.0;1.0
6a9db100ab080c8c957fc12b;2026-09-07;alakazam-dusknoir;pokemon;TWM;80;Abra;14;7;7;2.0;1.0
6a9db100ab080c8c957fc12b;2026-09-07;alakazam-dusknoir;pokemon;MEG;54;Abra;14;7;7;2.0;1.0
6a9db100ab080c8c957fc12b;2026-09-07;alakazam-dusknoir;pokemon;MEG;55;Kadabra;28;7;7;4.0;1.0
6a9db100ab080c8c957fc12b;2026-09-07;alakazam-dusknoir;pokemon;MEG;56;Alakazam;21;7;7;3.0;1.0
6a9db100ab080c8c957fc12b;2026-09-07;alakazam-dusknoir;pokemon;ASC;16;Budew;13;7;7;1.8571;1.0
6a9db100ab080c8c957fc12b;2026-09-07;alakazam-dusknoir;pokemon;DRI;10;Shaymin;7;7;7;1.0;1.0
6a9db100ab080c8c957fc12b;2026-09-07;alakazam-dusknoir;pokemon;CRI;70;Patrat;7;7;7;1.0;1.0
6a9db100ab080c8c957fc12b;2026-09-07;alakazam-dusknoir;pokemon;ASC;142;Fezandipiti ex;7;7;7;1.0;1.0
6a9db100ab080c8c957fc12b;2026-09-07;alakazam-dusknoir;trainer;PBL;78;Gwynn;27;7;7;3.8571;1.0
6a9db100ab080c8c957fc12b;2026-09-07;alakazam-dusknoir;trainer;WHT;84;Hilda;26;7;7;3.7143;1.0
6a9db100ab080c8c957fc12b;2026-09-07;alakazam-dusknoir;trainer;PFL;87;Dawn;16;7;7;2.2857;1.0
6a9db100ab080c8c957fc12b;2026-09-07;alakazam-dusknoir;trainer;MEG;114;Boss's Orders;7;7;7;1.0;1.0
6a9db100ab080c8c957fc12b;2026-09-07;alakazam-dusknoir;trainer;POR;81;Poké Pad;28;7;7;4.0;1.0
6a9db100ab080c8c957fc12b;2026-09-07;alakazam-dusknoir;trainer;MEG;125;Rare Candy;28;7;7;4.0;1.0
6a9db100ab080c8c957fc12b;2026-09-07;alakazam-dusknoir;trainer;TEF;144;Buddy-Buddy Poffin;21;7;7;3.0;1.0
6a9db100ab080c8c957fc12b;2026-09-07;alakazam-dusknoir;trainer;MEG;128;Strange Timepiece;20;7;7;2.8571;1.0
6a9db100ab080c8c957fc12b;2026-09-07;alakazam-dusknoir;trainer;ASC;196;Night Stretcher;14;7;7;2.0;1.0
6a9db100ab080c8c957fc12b;2026-09-07;alakazam-dusknoir;trainer;CRI;82;Special Red Card;14;7;7;2.0;1.0
6a9db100ab080c8c957fc12b;2026-09-07;alakazam-dusknoir;trainer;DRI;168;Sacred Ash;7;7;7;1.0;1.0
6a9db100ab080c8c957fc12b;2026-09-07;alakazam-dusknoir;trainer;TEF;157;Prime Catcher;7;7;7;1.0;1.0
6a9db100ab080c8c957fc12b;2026-09-07;alakazam-dusknoir;energy;POR;88;Telepathic Psychic Energy;28;7;7;4.0;1.0
6a9db100ab080c8c957fc12b;2026-09-07;alakazam-dusknoir;energy;MEE;5;Psychic Energy;7;7;7;1.0;1.0
6a9db100ab080c8c957fc12b;2026-09-07;raging-bolt-ogerpon;pokemon;TEF;78;Flutter Mane;1;1;6;0.1667;0.1667
6a9db100ab080c8c957fc12b;2026-09-07;raging-bolt-ogerpon;pokemon;TEF;81;Iron Crown ex;1;1;6;0.1667;0.1667
6a9db100ab080c8c957fc12b;2026-09-07;raging-bolt-ogerpon;pokemon;TEF;25;Iron Leaves ex;4;4;6;0.6667;0.6667
6a9db100ab080c8c957fc12b;2026-09-07;raging-bolt-ogerpon;trainer;TWM;165;Unfair Stamp;3;3;6;0.5;0.5
6a9db100ab080c8c957fc12b;2026-09-07;basic-box-m;pokemon;SVP;149;Pecharunt;2;2;14;0.1429;0.1429
6a9db100ab080c8c957fc12b;2026-09-07;basic-box-m;pokemon;SSP;111;Passimian;2;2;14;0.1429;0.1429
6a9db100ab080c8c957fc12b;2026-09-07;basic-box-m;trainer;JTG;146;Brock's Scouting;1;1;14;0.0714;0.0714
6a9db100ab080c8c957fc12b;2026-09-07;basic-box-m;energy;MEE;7;Darkness Energy;1;1;14;0.0714;0.0714
6a9db100ab080c8c957fc12b;2026-09-07;n-zoroark;pokemon;PRE;35;Duskull;2;1;14;0.1429;0.0714
6a9db100ab080c8c957fc12b;2026-09-07;n-zoroark;pokemon;PRE;36;Dusclops;1;1;14;0.0714;0.0714
6a9db100ab080c8c957fc12b;2026-09-07;n-zoroark;pokemon;PRE;37;Dusknoir;1;1;14;0.0714;0.0714
6a9db100ab080c8c957fc12b;2026-09-07;n-zoroark;trainer;MEG;125;Rare Candy;1;1;14;0.0714;0.0714
6a9db100ab080c8c957fc12b;2026-09-07;n-zoroark;trainer;TWM;165;Unfair Stamp;7;7;14;0.5;0.5
6a9db100ab080c8c957fc12b;2026-09-07;n-zoroark;trainer;SSP;177;Gravity Mountain;1;1;14;0.0714;0.0714
6a9db100ab080c8c957fc12b;2026-09-07;alakazam-dudunsparce;pokemon;SSP;87;Dedenne;10;10;25;0.4;0.4
6a9db100ab080c8c957fc12b;2026-09-07;alakazam-dudunsparce;pokemon;DRI;10;Shaymin;21;21;25;0.84;0.84
6a9db100ab080c8c957fc12b;2026-09-07;alakazam-dudunsparce;trainer;TWM;158;Lucky Helmet;10;10;25;0.4;0.4
6a9db100ab080c8c957fc12b;2026-09-07;grimmsnarl-froslass;pokemon;DRI;134;Marnie's Impidimp;22;6;6;3.6667;1.0
6a9db100ab080c8c957fc12b;2026-09-07;grimmsnarl-froslass;pokemon;DRI;135;Marnie's Morgrem;16;6;6;2.6667;1.0
6a9db100ab080c8c957fc12b;2026-09-07;grimmsnarl-froslass;pokemon;DRI;136;Marnie's Grimmsnarl ex;16;6;6;2.6667;1.0
6a9db100ab080c8c957fc12b;2026-09-07;grimmsnarl-froslass;pokemon;TWM;95;Munkidori;24;6;6;4.0;1.0
6a9db100ab080c8c957fc12b;2026-09-07;grimmsnarl-froslass;pokemon;ASC;46;Snorunt;17;6;6;2.8333;1.0
6a9db100ab080c8c957fc12b;2026-09-07;grimmsnarl-froslass;pokemon;TWM;53;Froslass;17;6;6;2.8333;1.0
6a9db100ab080c8c957fc12b;2026-09-07;grimmsnarl-froslass;pokemon;ASC;16;Budew;9;6;6;1.5;1.0
6a9db100ab080c8c957fc12b;2026-09-07;grimmsnarl-froslass;pokemon;MEG;88;Yveltal;6;6;6;1.0;1.0
6a9db100ab080c8c957fc12b;2026-09-07;grimmsnarl-froslass;trainer;MEG;119;Lillie's Determination;24;6;6;4.0;1.0
6a9db100ab080c8c957fc12b;2026-09-07;grimmsnarl-froslass;trainer;MEG;114;Boss's Orders;18;6;6;3.0;1.0
6a9db100ab080c8c957fc12b;2026-09-07;grimmsnarl-froslass;trainer;DRI;176;Team Rocket's Petrel;14;6;6;2.3333;1.0
6a9db100ab080c8c957fc12b;2026-09-07;grimmsnarl-froslass;trainer;PBL;78;Gwynn;11;6;6;1.8333;1.0
6a9db100ab080c8c957fc12b;2026-09-07;grimmsnarl-froslass;trainer;POR;81;Poké Pad;24;6;6;4.0;1.0
6a9db100ab080c8c957fc12b;2026-09-07;grimmsnarl-froslass;trainer;ASC;196;Night Stretcher;14;6;6;2.3333;1.0
6a9db100ab080c8c957fc12b;2026-09-07;grimmsnarl-froslass;trainer;TEF;144;Buddy-Buddy Poffin;14;6;6;2.3333;1.0
6a9db100ab080c8c957fc12b;2026-09-07;grimmsnarl-froslass;trainer;CRI;82;Special Red Card;6;6;6;1.0;1.0
6a9db100ab080c8c957fc12b;2026-09-07;grimmsnarl-froslass;trainer;SVI;186;Pokégear 3.0;2;2;6;0.3333;0.3333
6a9db100ab080c8c957fc12b;2026-09-07;grimmsnarl-froslass;trainer;TWM;163;Secret Box;6;6;6;1.0;1.0
6a9db100ab080c8c957fc12b;2026-09-07;grimmsnarl-froslass;trainer;MEG;125;Rare Candy;8;6;6;1.3333;1.0
6a9db100ab080c8c957fc12b;2026-09-07;grimmsnarl-froslass;trainer;ASC;181;Air Balloon;6;6;6;1.0;1.0
6a9db100ab080c8c957fc12b;2026-09-07;grimmsnarl-froslass;trainer;DRI;169;Spikemuth Gym;21;6;6;3.5;1.0
6a9db100ab080c8c957fc12b;2026-09-07;grimmsnarl-froslass;energy;MEE;7;Darkness Energy;53;6;6;8.8333;1.0
6a9db100ab080c8c957fc12b;2026-09-07;alakazam-dudunsparce;pokemon;ASC;39;Psyduck;9;9;25;0.36;0.36
6a9db100ab080c8c957fc12b;2026-09-07;dragapult-dusknoir;pokemon;DRI;10;Shaymin;5;5;20;0.25;0.25
6a9db100ab080c8c957fc12b;2026-09-07;dragapult-dusknoir;trainer;POR;84;Rosa's Encouragement;16;16;20;0.8;0.8
6a9db100ab080c8c957fc12b;2026-09-07;dragapult-dusknoir;trainer;MEG;125;Rare Candy;30;12;20;1.5;0.6
6a9db100ab080c8c957fc12b;2026-09-07;dragapult-dusknoir;trainer;MEG;127;Risky Ruins;5;3;20;0.25;0.15
6a9db100ab080c8c957fc12b;2026-09-07;starmie-dusknoir;pokemon;POR;20;Staryu;7;2;2;3.5;1.0
6a9db100ab080c8c957fc12b;2026-09-07;starmie-dusknoir;pokemon;POR;21;Mega Starmie ex;4;2;2;2.0;1.0
6a9db100ab080c8c957fc12b;2026-09-07;starmie-dusknoir;pokemon;TWM;128;Dreepy;2;1;2;1.0;0.5
6a9db100ab080c8c957fc12b;2026-09-07;starmie-dusknoir;pokemon;TWM;129;Drakloak;2;1;2;1.0;0.5
6a9db100ab080c8c957fc12b;2026-09-07;starmie-dusknoir;pokemon;PRE;35;Duskull;4;2;2;2.0;1.0
6a9db100ab080c8c957fc12b;2026-09-07;starmie-dusknoir;pokemon;PRE;36;Dusclops;4;2;2;2.0;1.0
6a9db100ab080c8c957fc12b;2026-09-07;starmie-dusknoir;pokemon;PRE;37;Dusknoir;4;2;2;2.0;1.0
6a9db100ab080c8c957fc12b;2026-09-07;starmie-dusknoir;pokemon;POR;62;Meowth ex;4;2;2;2.0;1.0
6a9db100ab080c8c957fc12b;2026-09-07;starmie-dusknoir;pokemon;ASC;142;Fezandipiti ex;2;2;2;1.0;1.0
6a9db100ab080c8c957fc12b;2026-09-07;starmie-dusknoir;trainer;MEG;119;Lillie's Determination;8;2;2;4.0;1.0
6a9db100ab080c8c957fc12b;2026-09-07;starmie-dusknoir;trainer;MEG;114;Boss's Orders;6;2;2;3.0;1.0
6a9db100ab080c8c957fc12b;2026-09-07;starmie-dusknoir;trainer;MEG;132;Wally's Compassion;4;2;2;2.0;1.0
6a9db100ab080c8c957fc12b;2026-09-07;starmie-dusknoir;trainer;WHT;84;Hilda;4;2;2;2.0;1.0
6a9db100ab080c8c957fc12b;2026-09-07;starmie-dusknoir;trainer;SSP;187;Surfer;1;1;2;0.5;0.5
6a9db100ab080c8c957fc12b;2026-09-07;starmie-dusknoir;trainer;TEF;160;Salvatore;2;2;2;1.0;1.0
6a9db100ab080c8c957fc12b;2026-09-07;starmie-dusknoir;trainer;TEF;144;Buddy-Buddy Poffin;8;2;2;4.0;1.0
6a9db100ab080c8c957fc12b;2026-09-07;starmie-dusknoir;trainer;POR;81;Poké Pad;6;2;2;3.0;1.0
6a9db100ab080c8c957fc12b;2026-09-07;starmie-dusknoir;trainer;MEG;131;Ultra Ball;6;2;2;3.0;1.0
6a9db100ab080c8c957fc12b;2026-09-07;starmie-dusknoir;trainer;MEG;125;Rare Candy;2;1;2;1.0;0.5
6a9db100ab080c8c957fc12b;2026-09-07;starmie-dusknoir;trainer;ASC;196;Night Stretcher;4;2;2;2.0;1.0
6a9db100ab080c8c957fc12b;2026-09-07;starmie-dusknoir;trainer;MEG;130;Switch;1;1;2;0.5;0.5
6a9db100ab080c8c957fc12b;2026-09-07;starmie-dusknoir;trainer;ASC;212;Tool Scrapper;1;1;2;0.5;0.5
6a9db100ab080c8c957fc12b;2026-09-07;starmie-dusknoir;trainer;CRI;82;Special Red Card;2;2;2;1.0;1.0
6a9db100ab080c8c957fc12b;2026-09-07;starmie-dusknoir;trainer;TEF;152;Hero's Cape;1;1;2;0.5;0.5
6a9db100ab080c8c957fc12b;2026-09-07;starmie-dusknoir;trainer;MEG;127;Risky Ruins;4;2;2;2.0;1.0
6a9db100ab080c8c957fc12b;2026-09-07;starmie-dusknoir;energy;MEE;3;Water Energy;8;2;2;4.0;1.0
6a9db100ab080c8c957fc12b;2026-09-07;starmie-dusknoir;energy;WHT;86;Ignition Energy;5;2;2;2.5;1.0
6a9db100ab080c8c957fc12b;2026-09-07;slowking-scr;pokemon;SSP;100;Annihilape;10;10;19;0.5263;0.5263
6a9db100ab080c8c957fc12b;2026-09-07;slowking-scr;trainer;DRI;168;Sacred Ash;4;4;19;0.2105;0.2105
6a9db100ab080c8c957fc12b;2026-09-07;dragapult-blaziken;pokemon;ASC;39;Psyduck;1;1;11;0.0909;0.0909
6a9db100ab080c8c957fc12b;2026-09-07;froslass-munkidori;pokemon;ASC;46;Snorunt;4;1;1;4.0;1.0
6a9db100ab080c8c957fc12b;2026-09-07;froslass-munkidori;pokemon;TWM;53;Froslass;3;1;1;3.0;1.0
6a9db100ab080c8c957fc12b;2026-09-07;froslass-munkidori;pokemon;ASC;47;Mega Froslass ex;1;1;1;1.0;1.0
6a9db100ab080c8c957fc12b;2026-09-07;froslass-munkidori;pokemon;TWM;95;Munkidori;4;1;1;4.0;1.0
6a9db100ab080c8c957fc12b;2026-09-07;froslass-munkidori;pokemon;ASC;16;Budew;2;1;1;2.0;1.0
6a9db100ab080c8c957fc12b;2026-09-07;froslass-munkidori;pokemon;TWM;141;Bloodmoon Ursaluna ex;1;1;1;1.0;1.0
6a9db100ab080c8c957fc12b;2026-09-07;froslass-munkidori;pokemon;ASC;142;Fezandipiti ex;1;1;1;1.0;1.0
6a9db100ab080c8c957fc12b;2026-09-07;froslass-munkidori;pokemon;TWM;110;Ting-Lu;1;1;1;1.0;1.0
6a9db100ab080c8c957fc12b;2026-09-07;froslass-munkidori;pokemon;DRI;10;Shaymin;1;1;1;1.0;1.0
6a9db100ab080c8c957fc12b;2026-09-07;froslass-munkidori;pokemon;MEG;88;Yveltal;1;1;1;1.0;1.0
6a9db100ab080c8c957fc12b;2026-09-07;froslass-munkidori;trainer;MEG;119;Lillie's Determination;4;1;1;4.0;1.0
6a9db100ab080c8c957fc12b;2026-09-07;froslass-munkidori;trainer;MEG;114;Boss's Orders;3;1;1;3.0;1.0
6a9db100ab080c8c957fc12b;2026-09-07;froslass-munkidori;trainer;PBL;78;Gwynn;2;1;1;2.0;1.0
6a9db100ab080c8c957fc12b;2026-09-07;froslass-munkidori;trainer;TWM;151;Hassel;1;1;1;1.0;1.0
6a9db100ab080c8c957fc12b;2026-09-07;froslass-munkidori;trainer;SCR;133;Crispin;1;1;1;1.0;1.0
6a9db100ab080c8c957fc12b;2026-09-07;froslass-munkidori;trainer;POR;81;Poké Pad;3;1;1;3.0;1.0
6a9db100ab080c8c957fc12b;2026-09-07;froslass-munkidori;trainer;ASC;196;Night Stretcher;3;1;1;3.0;1.0
6a9db100ab080c8c957fc12b;2026-09-07;froslass-munkidori;trainer;TEF;144;Buddy-Buddy Poffin;3;1;1;3.0;1.0
6a9db100ab080c8c957fc12b;2026-09-07;froslass-munkidori;trainer;MEG;131;Ultra Ball;3;1;1;3.0;1.0
6a9db100ab080c8c957fc12b;2026-09-07;froslass-munkidori;trainer;SVI;186;Pokégear 3.0;2;1;1;2.0;1.0
6a9db100ab080c8c957fc12b;2026-09-07;froslass-munkidori;trainer;TWM;163;Secret Box;1;1;1;1.0;1.0
6a9db100ab080c8c957fc12b;2026-09-07;froslass-munkidori;trainer;CRI;82;Special Red Card;1;1;1;1.0;1.0
6a9db100ab080c8c957fc12b;2026-09-07;froslass-munkidori;trainer;ASC;181;Air Balloon;2;1;1;2.0;1.0
6a9db100ab080c8c957fc12b;2026-09-07;froslass-munkidori;trainer;MEG;127;Risky Ruins;2;1;1;2.0;1.0
6a9db100ab080c8c957fc12b;2026-09-07;froslass-munkidori;energy;MEE;7;Darkness Energy;4;1;1;4.0;1.0
6a9db100ab080c8c957fc12b;2026-09-07;froslass-munkidori;energy;ASC;216;Prism Energy;3;1;1;3.0;1.0
6a9db100ab080c8c957fc12b;2026-09-07;froslass-munkidori;energy;MEE;3;Water Energy;3;1;1;3.0;1.0
6a9db100ab080c8c957fc12b;2026-09-07;ogerpon-meganium-hydrapple;pokemon;TWM;25;Teal Mask Ogerpon ex;28;7;7;4.0;1.0
6a9db100ab080c8c957fc12b;2026-09-07;ogerpon-meganium-hydrapple;pokemon;MEG;8;Chikorita;9;4;7;1.2857;0.5714
6a9db100ab080c8c957fc12b;2026-09-07;ogerpon-meganium-hydrapple;pokemon;MEG;9;Bayleef;10;5;7;1.4286;0.7143
6a9db100ab080c8c957fc12b;2026-09-07;ogerpon-meganium-hydrapple;pokemon;MEG;10;Meganium;14;7;7;2.0;1.0
6a9db100ab080c8c957fc12b;2026-09-07;ogerpon-meganium-hydrapple;pokemon;SCR;12;Applin;6;3;7;0.8571;0.4286
6a9db100ab080c8c957fc12b;2026-09-07;ogerpon-meganium-hydrapple;pokemon;TWM;17;Applin;9;5;7;1.2857;0.7143
6a9db100ab080c8c957fc12b;2026-09-07;ogerpon-meganium-hydrapple;pokemon;SCR;13;Dipplin;3;1;7;0.4286;0.1429
6a9db100ab080c8c957fc12b;2026-09-07;ogerpon-meganium-hydrapple;pokemon;SCR;14;Hydrapple ex;15;7;7;2.1429;1.0
6a9db100ab080c8c957fc12b;2026-09-07;ogerpon-meganium-hydrapple;pokemon;ASC;142;Fezandipiti ex;7;7;7;1.0;1.0
6a9db100ab080c8c957fc12b;2026-09-07;ogerpon-meganium-hydrapple;pokemon;SFA;6;Tapu Bulu;4;4;7;0.5714;0.5714
6a9db100ab080c8c957fc12b;2026-09-07;ogerpon-meganium-hydrapple;trainer;MEG;119;Lillie's Determination;28;7;7;4.0;1.0
6a9db100ab080c8c957fc12b;2026-09-07;ogerpon-meganium-hydrapple;trainer;JTG;149;Iris's Fighting Spirit;3;1;7;0.4286;0.1429
6a9db100ab080c8c957fc12b;2026-09-07;ogerpon-meganium-hydrapple;trainer;POR;76;Judge;5;4;7;0.7143;0.5714
6a9db100ab080c8c957fc12b;2026-09-07;ogerpon-meganium-hydrapple;trainer;MEG;120;Lt. Surge's Bargain;1;1;7;0.1429;0.1429
6a9db100ab080c8c957fc12b;2026-09-07;ogerpon-meganium-hydrapple;trainer;MEG;114;Boss's Orders;13;7;7;1.8571;1.0
6a9db100ab080c8c957fc12b;2026-09-07;ogerpon-meganium-hydrapple;trainer;TWM;143;Bug Catching Set;27;7;7;3.8571;1.0
6a9db100ab080c8c957fc12b;2026-09-07;ogerpon-meganium-hydrapple;trainer;TEF;144;Buddy-Buddy Poffin;2;1;7;0.2857;0.1429
6a9db100ab080c8c957fc12b;2026-09-07;ogerpon-meganium-hydrapple;trainer;TEF;157;Prime Catcher;1;1;7;0.1429;0.1429
6a9db100ab080c8c957fc12b;2026-09-07;ogerpon-meganium-hydrapple;trainer;MEG;130;Switch;2;2;7;0.2857;0.2857
6a9db100ab080c8c957fc12b;2026-09-07;ogerpon-meganium-hydrapple;trainer;ASC;196;Night Stretcher;8;7;7;1.1429;1.0
6a9db100ab080c8c957fc12b;2026-09-07;ogerpon-meganium-hydrapple;trainer;SVI;171;Energy Retrieval;2;2;7;0.2857;0.2857
6a9db100ab080c8c957fc12b;2026-09-07;ogerpon-meganium-hydrapple;trainer;MEG;131;Ultra Ball;17;7;7;2.4286;1.0
6a9db100ab080c8c957fc12b;2026-09-07;ogerpon-meganium-hydrapple;trainer;DRI;164;Energy Recycler;1;1;7;0.1429;0.1429
6a9db100ab080c8c957fc12b;2026-09-07;ogerpon-meganium-hydrapple;trainer;ASC;181;Air Balloon;1;1;7;0.1429;0.1429
6a9db100ab080c8c957fc12b;2026-09-07;ogerpon-meganium-hydrapple;trainer;MEG;117;Forest of Vitality;24;7;7;3.4286;1.0
6a9db100ab080c8c957fc12b;2026-09-07;ogerpon-meganium-hydrapple;energy;MEE;1;Grass Energy;90;7;7;12.8571;1.0
6a9db100ab080c8c957fc12b;2026-09-07;festival-lead;pokemon;TWM;14;Grookey;37;10;10;3.7;1.0
6a9db100ab080c8c957fc12b;2026-09-07;festival-lead;pokemon;TWM;15;Thwackey;33;10;10;3.3;1.0
6a9db100ab080c8c957fc12b;2026-09-07;festival-lead;pokemon;TWM;126;Applin;8;4;10;0.8;0.4
6a9db100ab080c8c957fc12b;2026-09-07;festival-lead;pokemon;SCR;12;Applin;7;3;10;0.7;0.3
6a9db100ab080c8c957fc12b;2026-09-07;festival-lead;pokemon;TWM;17;Applin;23;9;10;2.3;0.9
6a9db100ab080c8c957fc12b;2026-09-07;festival-lead;pokemon;TWM;18;Dipplin;33;10;10;3.3;1.0
6a9db100ab080c8c957fc12b;2026-09-07;festival-lead;pokemon;TWM;44;Goldeen;16;9;10;1.6;0.9
6a9db100ab080c8c957fc12b;2026-09-07;festival-lead;pokemon;PRE;21;Seaking;11;9;10;1.1;0.9
6a9db100ab080c8c957fc12b;2026-09-07;festival-lead;pokemon;SFA;40;Genesect;1;1;10;0.1;0.1
6a9db100ab080c8c957fc12b;2026-09-07;festival-lead;pokemon;ASC;39;Psyduck;3;3;10;0.3;0.3
6a9db100ab080c8c957fc12b;2026-09-07;festival-lead;pokemon;ASC;16;Budew;1;1;10;0.1;0.1
6a9db100ab080c8c957fc12b;2026-09-07;festival-lead;pokemon;DRI;10;Shaymin;6;6;10;0.6;0.6
6a9db100ab080c8c957fc12b;2026-09-07;festival-lead;trainer;MEG;119;Lillie's Determination;38;10;10;3.8;1.0
6a9db100ab080c8c957fc12b;2026-09-07;festival-lead;trainer;PBL;77;Gladion's Final Battle;21;10;10;2.1;1.0
6a9db100ab080c8c957fc12b;2026-09-07;festival-lead;trainer;TWM;155;Lana's Aid;3;3;10;0.3;0.3
6a9db100ab080c8c957fc12b;2026-09-07;festival-lead;trainer;MEG;114;Boss's Orders;19;10;10;1.9;1.0
6a9db100ab080c8c957fc12b;2026-09-07;festival-lead;trainer;TWM;154;Kieran;9;9;10;0.9;0.9
6a9db100ab080c8c957fc12b;2026-09-07;festival-lead;trainer;TEF;144;Buddy-Buddy Poffin;39;10;10;3.9;1.0
6a9db100ab080c8c957fc12b;2026-09-07;festival-lead;trainer;POR;81;Poké Pad;39;10;10;3.9;1.0
6a9db100ab080c8c957fc12b;2026-09-07;festival-lead;trainer;MEG;131;Ultra Ball;26;10;10;2.6;1.0
6a9db100ab080c8c957fc12b;2026-09-07;festival-lead;trainer;ASC;196;Night Stretcher;14;10;10;1.4;1.0
6a9db100ab080c8c957fc12b;2026-09-07;festival-lead;trainer;POR;82;Pokémon Catcher;3;2;10;0.3;0.2
6a9db100ab080c8c957fc12b;2026-09-07;festival-lead;trainer;TWM;143;Bug Catching Set;16;7;10;1.6;0.7
6a9db100ab080c8c957fc12b;2026-09-07;festival-lead;trainer;TWM;163;Secret Box;9;9;10;0.9;0.9
6a9db100ab080c8c957fc12b;2026-09-07;festival-lead;trainer;TWM;148;Enhanced Hammer;1;1;10;0.1;0.1
6a9db100ab080c8c957fc12b;2026-09-07;festival-lead;trainer;MEG;130;Switch;8;8;10;0.8;0.8
6a9db100ab080c8c957fc12b;2026-09-07;festival-lead;trainer;ASC;212;Tool Scrapper;7;7;10;0.7;0.7
6a9db100ab080c8c957fc12b;2026-09-07;festival-lead;trainer;DRI;168;Sacred Ash;8;8;10;0.8;0.8
6a9db100ab080c8c957fc12b;2026-09-07;festival-lead;trainer;ASC;181;Air Balloon;21;10;10;2.1;1.0
6a9db100ab080c8c957fc12b;2026-09-07;festival-lead;trainer;WHT;80;Brave Bangle;19;10;10;1.9;1.0
6a9db100ab080c8c957fc12b;2026-09-07;festival-lead;trainer;TWM;149;Festival Grounds;39;10;10;3.9;1.0
6a9db100ab080c8c957fc12b;2026-09-07;festival-lead;energy;MEE;1;Grass Energy;37;10;10;3.7;1.0
6a9db100ab080c8c957fc12b;2026-09-07;festival-lead;energy;POR;86;Growing Grass Energy;15;7;10;1.5;0.7
6a9db100ab080c8c957fc12b;2026-09-07;grimmsnarl-froslass;pokemon;TWM;141;Bloodmoon Ursaluna ex;1;1;6;0.1667;0.1667
6a9db100ab080c8c957fc12b;2026-09-07;grimmsnarl-froslass;pokemon;DRI;10;Shaymin;3;3;6;0.5;0.5
6a9db100ab080c8c957fc12b;2026-09-07;grimmsnarl-froslass;trainer;SFA;64;Xerosic's Machinations;1;1;6;0.1667;0.1667
6a9db100ab080c8c957fc12b;2026-09-07;grimmsnarl-froslass;trainer;MEG;115;Energy Switch;3;3;6;0.5;0.5
6a9db100ab080c8c957fc12b;2026-09-07;grimmsnarl-froslass;trainer;MEG;131;Ultra Ball;1;1;6;0.1667;0.1667
6a9db100ab080c8c957fc12b;2026-09-07;cynthia-garchomp-ex;pokemon;DRI;102;Cynthia's Gible;20;5;5;4.0;1.0
6a9db100ab080c8c957fc12b;2026-09-07;cynthia-garchomp-ex;pokemon;DRI;103;Cynthia's Gabite;20;5;5;4.0;1.0
6a9db100ab080c8c957fc12b;2026-09-07;cynthia-garchomp-ex;pokemon;DRI;104;Cynthia's Garchomp ex;15;5;5;3.0;1.0
6a9db100ab080c8c957fc12b;2026-09-07;cynthia-garchomp-ex;pokemon;DRI;7;Cynthia's Roselia;19;5;5;3.8;1.0
6a9db100ab080c8c957fc12b;2026-09-07;cynthia-garchomp-ex;pokemon;DRI;8;Cynthia's Roserade;15;5;5;3.0;1.0
6a9db100ab080c8c957fc12b;2026-09-07;cynthia-garchomp-ex;pokemon;DRI;129;Cynthia's Spiritomb;4;4;5;0.8;0.8
6a9db100ab080c8c957fc12b;2026-09-07;cynthia-garchomp-ex;trainer;MEG;119;Lillie's Determination;19;5;5;3.8;1.0
6a9db100ab080c8c957fc12b;2026-09-07;cynthia-garchomp-ex;trainer;MEG;114;Boss's Orders;14;5;5;2.8;1.0
6a9db100ab080c8c957fc12b;2026-09-07;cynthia-garchomp-ex;trainer;WHT;84;Hilda;8;4;5;1.6;0.8
6a9db100ab080c8c957fc12b;2026-09-07;cynthia-garchomp-ex;trainer;DRI;176;Team Rocket's Petrel;7;4;5;1.4;0.8
6a9db100ab080c8c957fc12b;2026-09-07;cynthia-garchomp-ex;trainer;TEF;144;Buddy-Buddy Poffin;18;5;5;3.6;1.0
6a9db100ab080c8c957fc12b;2026-09-07;cynthia-garchomp-ex;trainer;POR;81;Poké Pad;19;5;5;3.8;1.0
6a9db100ab080c8c957fc12b;2026-09-07;cynthia-garchomp-ex;trainer;MEG;116;Fighting Gong;13;5;5;2.6;1.0
6a9db100ab080c8c957fc12b;2026-09-07;cynthia-garchomp-ex;trainer;MEG;124;Premium Power Pro;9;5;5;1.8;1.0
6a9db100ab080c8c957fc12b;2026-09-07;cynthia-garchomp-ex;trainer;TWM;165;Unfair Stamp;3;3;5;0.6;0.6
6a9db100ab080c8c957fc12b;2026-09-07;cynthia-garchomp-ex;trainer;MEG;125;Rare Candy;5;5;5;1.0;1.0
6a9db100ab080c8c957fc12b;2026-09-07;cynthia-garchomp-ex;trainer;SVI;186;Pokégear 3.0;5;4;5;1.0;0.8
6a9db100ab080c8c957fc12b;2026-09-07;cynthia-garchomp-ex;trainer;MEG;130;Switch;4;4;5;0.8;0.8
6a9db100ab080c8c957fc12b;2026-09-07;cynthia-garchomp-ex;trainer;ASC;196;Night Stretcher;8;5;5;1.6;1.0
6a9db100ab080c8c957fc12b;2026-09-07;cynthia-garchomp-ex;trainer;DRI;162;Cynthia's Power Weight;18;5;5;3.6;1.0
6a9db100ab080c8c957fc12b;2026-09-07;cynthia-garchomp-ex;trainer;MEG;117;Forest of Vitality;4;4;5;0.8;0.8
6a9db100ab080c8c957fc12b;2026-09-07;cynthia-garchomp-ex;energy;MEE;6;Fighting Energy;21;5;5;4.2;1.0
6a9db100ab080c8c957fc12b;2026-09-07;cynthia-garchomp-ex;energy;POR;87;Rocky Fighting Energy;15;5;5;3.0;1.0
6a9db100ab080c8c957fc12b;2026-09-07;crustle-dri;pokemon;MEG;104;Mega Kangaskhan ex;38;10;10;3.8;1.0
6a9db100ab080c8c957fc12b;2026-09-07;crustle-dri;pokemon;DRI;11;Dwebble;31;10;10;3.1;1.0
6a9db100ab080c8c957fc12b;2026-09-07;crustle-dri;pokemon;DRI;12;Crustle;30;10;10;3.0;1.0
6a9db100ab080c8c957fc12b;2026-09-07;crustle-dri;trainer;DRI;176;Team Rocket's Petrel;40;10;10;4.0;1.0
6a9db100ab080c8c957fc12b;2026-09-07;crustle-dri;trainer;MEG;119;Lillie's Determination;40;10;10;4.0;1.0
6a9db100ab080c8c957fc12b;2026-09-07;crustle-dri;trainer;MEG;114;Boss's Orders;40;10;10;4.0;1.0
6a9db100ab080c8c957fc12b;2026-09-07;crustle-dri;trainer;TEF;146;Eri;26;9;10;2.6;0.9
6a9db100ab080c8c957fc12b;2026-09-07;crustle-dri;trainer;WHT;84;Hilda;23;10;10;2.3;1.0
6a9db100ab080c8c957fc12b;2026-09-07;crustle-dri;trainer;SFA;64;Xerosic's Machinations;9;9;10;0.9;0.9
6a9db100ab080c8c957fc12b;2026-09-07;crustle-dri;trainer;MEG;123;Pokémon Center Lady;10;9;10;1.0;0.9
6a9db100ab080c8c957fc12b;2026-09-07;crustle-dri;trainer;PFL;91;Jumbo Ice Cream;40;10;10;4.0;1.0
6a9db100ab080c8c957fc12b;2026-09-07;crustle-dri;trainer;SVI;186;Pokégear 3.0;27;9;10;2.7;0.9
6a9db100ab080c8c957fc12b;2026-09-07;crustle-dri;trainer;TEF;144;Buddy-Buddy Poffin;19;10;10;1.9;1.0
6a9db100ab080c8c957fc12b;2026-09-07;crustle-dri;trainer;CRI;82;Special Red Card;9;9;10;0.9;0.9
6a9db100ab080c8c957fc12b;2026-09-07;crustle-dri;trainer;MEG;131;Ultra Ball;11;10;10;1.1;1.0
6a9db100ab080c8c957fc12b;2026-09-07;crustle-dri;trainer;MEG;130;Switch;11;10;10;1.1;1.0
6a9db100ab080c8c957fc12b;2026-09-07;crustle-dri;trainer;TWM;148;Enhanced Hammer;5;5;10;0.5;0.5
6a9db100ab080c8c957fc12b;2026-09-07;crustle-dri;trainer;TWM;150;Handheld Fan;9;9;10;0.9;0.9
6a9db100ab080c8c957fc12b;2026-09-07;crustle-dri;trainer;TEF;152;Hero's Cape;10;10;10;1.0;1.0
6a9db100ab080c8c957fc12b;2026-09-07;crustle-dri;trainer;POR;77;Lumiose City;8;8;10;0.8;0.8
6a9db100ab080c8c957fc12b;2026-09-07;crustle-dri;trainer;DRI;173;Team Rocket's Factory;9;9;10;0.9;0.9
6a9db100ab080c8c957fc12b;2026-09-07;crustle-dri;trainer;TWM;149;Festival Grounds;5;5;10;0.5;0.5
6a9db100ab080c8c957fc12b;2026-09-07;crustle-dri;energy;TEF;161;Mist Energy;36;9;10;3.6;0.9
6a9db100ab080c8c957fc12b;2026-09-07;crustle-dri;energy;POR;86;Growing Grass Energy;40;10;10;4.0;1.0
6a9db100ab080c8c957fc12b;2026-09-07;crustle-dri;energy;JTG;159;Spiky Energy;39;10;10;3.9;1.0
6a9db100ab080c8c957fc12b;2026-09-07;crustle-dri;energy;MEE;1;Grass Energy;12;10;10;1.2;1.0
6a9db100ab080c8c957fc12b;2026-09-07;beedrill-ex-cri;pokemon;CRI;1;Weedle;20;5;5;4.0;1.0
6a9db100ab080c8c957fc12b;2026-09-07;beedrill-ex-cri;pokemon;CRI;2;Kakuna;20;5;5;4.0;1.0
6a9db100ab080c8c957fc12b;2026-09-07;beedrill-ex-cri;pokemon;CRI;3;Beedrill ex;20;5;5;4.0;1.0
6a9db100ab080c8c957fc12b;2026-09-07;beedrill-ex-cri;pokemon;JTG;120;Dunsparce;9;4;5;1.8;0.8
6a9db100ab080c8c957fc12b;2026-09-07;beedrill-ex-cri;pokemon;TEF;129;Dudunsparce;13;5;5;2.6;1.0
6a9db100ab080c8c957fc12b;2026-09-07;beedrill-ex-cri;pokemon;SCR;118;Fan Rotom;4;3;5;0.8;0.6
6a9db100ab080c8c957fc12b;2026-09-07;beedrill-ex-cri;pokemon;POR;62;Meowth ex;4;4;5;0.8;0.8
6a9db100ab080c8c957fc12b;2026-09-07;beedrill-ex-cri;pokemon;ASC;142;Fezandipiti ex;3;3;5;0.6;0.6
6a9db100ab080c8c957fc12b;2026-09-07;beedrill-ex-cri;trainer;MEG;119;Lillie's Determination;20;5;5;4.0;1.0
6a9db100ab080c8c957fc12b;2026-09-07;beedrill-ex-cri;trainer;MEG;114;Boss's Orders;10;5;5;2.0;1.0
6a9db100ab080c8c957fc12b;2026-09-07;beedrill-ex-cri;trainer;PFL;87;Dawn;12;5;5;2.4;1.0
6a9db100ab080c8c957fc12b;2026-09-07;beedrill-ex-cri;trainer;POR;76;Judge;2;2;5;0.4;0.4
6a9db100ab080c8c957fc12b;2026-09-07;beedrill-ex-cri;trainer;TWM;143;Bug Catching Set;20;5;5;4.0;1.0
6a9db100ab080c8c957fc12b;2026-09-07;beedrill-ex-cri;trainer;MEG;131;Ultra Ball;15;5;5;3.0;1.0
6a9db100ab080c8c957fc12b;2026-09-07;beedrill-ex-cri;trainer;TEF;144;Buddy-Buddy Poffin;18;5;5;3.6;1.0
6a9db100ab080c8c957fc12b;2026-09-07;beedrill-ex-cri;trainer;POR;81;Poké Pad;19;5;5;3.8;1.0
6a9db100ab080c8c957fc12b;2026-09-07;beedrill-ex-cri;trainer;ASC;196;Night Stretcher;8;4;5;1.6;0.8
6a9db100ab080c8c957fc12b;2026-09-07;beedrill-ex-cri;trainer;CRI;82;Special Red Card;3;3;5;0.6;0.6
6a9db100ab080c8c957fc12b;2026-09-07;beedrill-ex-cri;trainer;MEG;130;Switch;2;2;5;0.4;0.4
6a9db100ab080c8c957fc12b;2026-09-07;beedrill-ex-cri;trainer;PRE;116;Max Rod;3;3;5;0.6;0.6
6a9db100ab080c8c957fc12b;2026-09-07;beedrill-ex-cri;trainer;DRI;168;Sacred Ash;3;3;5;0.6;0.6
6a9db100ab080c8c957fc12b;2026-09-07;beedrill-ex-cri;trainer;MEG;117;Forest of Vitality;19;5;5;3.8;1.0
6a9db100ab080c8c957fc12b;2026-09-07;beedrill-ex-cri;energy;MEE;1;Grass Energy;24;5;5;4.8;1.0
6a9db100ab080c8c957fc12b;2026-09-07;slowking-scr;trainer;TWM;154;Kieran;3;3;19;0.1579;0.1579
6a9db100ab080c8c957fc12b;2026-09-07;slowking-scr;trainer;TEF;157;Prime Catcher;5;5;19;0.2632;0.2632
6a9db100ab080c8c957fc12b;2026-09-07;dragapult-dusknoir;pokemon;PFL;14;Moltres;8;8;20;0.4;0.4
6a9db100ab080c8c957fc12b;2026-09-07;toxtricity-box;pokemon;PFL;67;Toxel;20;5;5;4.0;1.0
6a9db100ab080c8c957fc12b;2026-09-07;toxtricity-box;pokemon;PFL;68;Toxtricity;20;5;5;4.0;1.0
6a9db100ab080c8c957fc12b;2026-09-07;toxtricity-box;pokemon;TWM;95;Munkidori;15;5;5;3.0;1.0
6a9db100ab080c8c957fc12b;2026-09-07;toxtricity-box;pokemon;MEG;86;Mega Absol ex;5;5;5;1.0;1.0
6a9db100ab080c8c957fc12b;2026-09-07;toxtricity-box;pokemon;SVP;149;Pecharunt;4;4;5;0.8;0.8
6a9db100ab080c8c957fc12b;2026-09-07;toxtricity-box;pokemon;PBL;59;Chi-Yu;5;5;5;1.0;1.0
6a9db100ab080c8c957fc12b;2026-09-07;toxtricity-box;pokemon;ASC;142;Fezandipiti ex;5;5;5;1.0;1.0
6a9db100ab080c8c957fc12b;2026-09-07;toxtricity-box;pokemon;DRI;10;Shaymin;4;4;5;0.8;0.8
6a9db100ab080c8c957fc12b;2026-09-07;toxtricity-box;pokemon;SFA;39;Pecharunt ex;5;5;5;1.0;1.0
6a9db100ab080c8c957fc12b;2026-09-07;toxtricity-box;pokemon;TWM;118;Brute Bonnet;5;5;5;1.0;1.0
6a9db100ab080c8c957fc12b;2026-09-07;toxtricity-box;trainer;MEG;119;Lillie's Determination;20;5;5;4.0;1.0
6a9db100ab080c8c957fc12b;2026-09-07;toxtricity-box;trainer;MEG;114;Boss's Orders;15;5;5;3.0;1.0
6a9db100ab080c8c957fc12b;2026-09-07;toxtricity-box;trainer;DRI;176;Team Rocket's Petrel;11;5;5;2.2;1.0
6a9db100ab080c8c957fc12b;2026-09-07;toxtricity-box;trainer;TWM;151;Hassel;3;2;5;0.6;0.4
6a9db100ab080c8c957fc12b;2026-09-07;toxtricity-box;trainer;POR;76;Judge;3;3;5;0.6;0.6
6a9db100ab080c8c957fc12b;2026-09-07;toxtricity-box;trainer;POR;81;Poké Pad;20;5;5;4.0;1.0
6a9db100ab080c8c957fc12b;2026-09-07;toxtricity-box;trainer;DRI;164;Energy Recycler;9;5;5;1.8;1.0
6a9db100ab080c8c957fc12b;2026-09-07;toxtricity-box;trainer;ASC;196;Night Stretcher;11;5;5;2.2;1.0
6a9db100ab080c8c957fc12b;2026-09-07;toxtricity-box;trainer;SVI;186;Pokégear 3.0;11;5;5;2.2;1.0
6a9db100ab080c8c957fc12b;2026-09-07;toxtricity-box;trainer;MEG;115;Energy Switch;10;5;5;2.0;1.0
6a9db100ab080c8c957fc12b;2026-09-07;toxtricity-box;trainer;TWM;163;Secret Box;5;5;5;1.0;1.0
6a9db100ab080c8c957fc12b;2026-09-07;toxtricity-box;trainer;CRI;82;Special Red Card;5;5;5;1.0;1.0
6a9db100ab080c8c957fc12b;2026-09-07;toxtricity-box;trainer;TEF;144;Buddy-Buddy Poffin;5;5;5;1.0;1.0
6a9db100ab080c8c957fc12b;2026-09-07;toxtricity-box;trainer;MEG;131;Ultra Ball;6;5;5;1.2;1.0
6a9db100ab080c8c957fc12b;2026-09-07;toxtricity-box;trainer;ASC;181;Air Balloon;10;5;5;2.0;1.0
6a9db100ab080c8c957fc12b;2026-09-07;toxtricity-box;trainer;DRI;180;Team Rocket's Watchtower;10;5;5;2.0;1.0
6a9db100ab080c8c957fc12b;2026-09-07;toxtricity-box;trainer;POR;77;Lumiose City;3;3;5;0.6;0.6
6a9db100ab080c8c957fc12b;2026-09-07;toxtricity-box;energy;MEE;7;Darkness Energy;51;5;5;10.2;1.0
6a9db100ab080c8c957fc12b;2026-09-07;alakazam-dudunsparce;pokemon;SCR;118;Fan Rotom;1;1;25;0.04;0.04
6a9db100ab080c8c957fc12b;2026-09-07;dragapult-ex;pokemon;TWM;39;Chi-Yu;1;1;45;0.0222;0.0222
6a9db100ab080c8c957fc12b;2026-09-07;hop-zacian;pokemon;ASC;95;Hop's Phantump;3;1;1;3.0;1.0
6a9db100ab080c8c957fc12b;2026-09-07;hop-zacian;pokemon;ASC;96;Hop's Trevenant;2;1;1;2.0;1.0
6a9db100ab080c8c957fc12b;2026-09-07;hop-zacian;pokemon;JTG;111;Hop's Zacian ex;3;1;1;3.0;1.0
6a9db100ab080c8c957fc12b;2026-09-07;hop-zacian;pokemon;JTG;117;Hop's Snorlax;2;1;1;2.0;1.0
6a9db100ab080c8c957fc12b;2026-09-07;hop-zacian;pokemon;SSP;76;Latias ex;1;1;1;1.0;1.0
6a9db100ab080c8c957fc12b;2026-09-07;hop-zacian;pokemon;ASC;142;Fezandipiti ex;1;1;1;1.0;1.0
6a9db100ab080c8c957fc12b;2026-09-07;hop-zacian;pokemon;JTG;138;Hop's Cramorant;1;1;1;1.0;1.0
6a9db100ab080c8c957fc12b;2026-09-07;hop-zacian;pokemon;JTG;56;Lillie's Clefairy ex;1;1;1;1.0;1.0
6a9db100ab080c8c957fc12b;2026-09-07;hop-zacian;pokemon;POR;62;Meowth ex;1;1;1;1.0;1.0
6a9db100ab080c8c957fc12b;2026-09-07;hop-zacian;trainer;MEG;119;Lillie's Determination;4;1;1;4.0;1.0
6a9db100ab080c8c957fc12b;2026-09-07;hop-zacian;trainer;DRI;176;Team Rocket's Petrel;4;1;1;4.0;1.0
6a9db100ab080c8c957fc12b;2026-09-07;hop-zacian;trainer;MEG;114;Boss's Orders;3;1;1;3.0;1.0
6a9db100ab080c8c957fc12b;2026-09-07;hop-zacian;trainer;JTG;149;Iris's Fighting Spirit;1;1;1;1.0;1.0
6a9db100ab080c8c957fc12b;2026-09-07;hop-zacian;trainer;CRI;79;Philippe;1;1;1;1.0;1.0
6a9db100ab080c8c957fc12b;2026-09-07;hop-zacian;trainer;JTG;147;Hop's Bag;4;1;1;4.0;1.0
6a9db100ab080c8c957fc12b;2026-09-07;hop-zacian;trainer;MEG;131;Ultra Ball;4;1;1;4.0;1.0
6a9db100ab080c8c957fc12b;2026-09-07;hop-zacian;trainer;POR;81;Poké Pad;2;1;1;2.0;1.0
6a9db100ab080c8c957fc12b;2026-09-07;hop-zacian;trainer;ASC;196;Night Stretcher;2;1;1;2.0;1.0
6a9db100ab080c8c957fc12b;2026-09-07;hop-zacian;trainer;POR;72;Energy Search;2;1;1;2.0;1.0
6a9db100ab080c8c957fc12b;2026-09-07;hop-zacian;trainer;TWM;163;Secret Box;1;1;1;1.0;1.0
6a9db100ab080c8c957fc12b;2026-09-07;hop-zacian;trainer;CRI;82;Special Red Card;1;1;1;1.0;1.0
6a9db100ab080c8c957fc12b;2026-09-07;hop-zacian;trainer;JTG;148;Hop's Choice Band;4;1;1;4.0;1.0
6a9db100ab080c8c957fc12b;2026-09-07;hop-zacian;trainer;JTG;154;Postwick;4;1;1;4.0;1.0
6a9db100ab080c8c957fc12b;2026-09-07;hop-zacian;energy;MEE;8;Metal Energy;4;1;1;4.0;1.0
6a9db100ab080c8c957fc12b;2026-09-07;hop-zacian;energy;POR;88;Telepathic Psychic Energy;3;1;1;3.0;1.0
6a9db100ab080c8c957fc12b;2026-09-07;hop-zacian;energy;MEE;5;Psychic Energy;1;1;1;1.0;1.0
6a9db100ab080c8c957fc12b;2026-09-07;rocket-mewtwo-ex;pokemon;DRI;19;Team Rocket's Tarountula;24;6;6;4.0;1.0
6a9db100ab080c8c957fc12b;2026-09-07;rocket-mewtwo-ex;pokemon;DRI;20;Team Rocket's Spidops;24;6;6;4.0;1.0
6a9db100ab080c8c957fc12b;2026-09-07;rocket-mewtwo-ex;pokemon;DRI;87;Team Rocket's Mimikyu;10;6;6;1.6667;1.0
6a9db100ab080c8c957fc12b;2026-09-07;rocket-mewtwo-ex;pokemon;DRI;51;Team Rocket's Articuno;12;6;6;2.0;1.0
6a9db100ab080c8c957fc12b;2026-09-07;rocket-mewtwo-ex;pokemon;DRI;81;Team Rocket's Mewtwo ex;12;6;6;2.0;1.0
6a9db100ab080c8c957fc12b;2026-09-07;rocket-mewtwo-ex;pokemon;JTG;56;Lillie's Clefairy ex;6;6;6;1.0;1.0
6a9db100ab080c8c957fc12b;2026-09-07;rocket-mewtwo-ex;pokemon;DRI;128;Team Rocket's Sneasel;3;3;6;0.5;0.5
6a9db100ab080c8c957fc12b;2026-09-07;rocket-mewtwo-ex;trainer;DRI;171;Team Rocket's Ariana;23;6;6;3.8333;1.0
6a9db100ab080c8c957fc12b;2026-09-07;rocket-mewtwo-ex;trainer;MEG;119;Lillie's Determination;20;5;6;3.3333;0.8333
6a9db100ab080c8c957fc12b;2026-09-07;rocket-mewtwo-ex;trainer;DRI;174;Team Rocket's Giovanni;20;6;6;3.3333;1.0
6a9db100ab080c8c957fc12b;2026-09-07;rocket-mewtwo-ex;trainer;DRI;177;Team Rocket's Proton;15;6;6;2.5;1.0
6a9db100ab080c8c957fc12b;2026-09-07;rocket-mewtwo-ex;trainer;DRI;176;Team Rocket's Petrel;6;6;6;1.0;1.0
6a9db100ab080c8c957fc12b;2026-09-07;rocket-mewtwo-ex;trainer;DRI;178;Team Rocket's Transceiver;24;6;6;4.0;1.0
6a9db100ab080c8c957fc12b;2026-09-07;rocket-mewtwo-ex;trainer;MEG;131;Ultra Ball;22;6;6;3.6667;1.0
6a9db100ab080c8c957fc12b;2026-09-07;rocket-mewtwo-ex;trainer;ASC;196;Night Stretcher;15;6;6;2.5;1.0
6a9db100ab080c8c957fc12b;2026-09-07;rocket-mewtwo-ex;trainer;TWM;143;Bug Catching Set;10;5;6;1.6667;0.8333
6a9db100ab080c8c957fc12b;2026-09-07;rocket-mewtwo-ex;trainer;MEG;115;Energy Switch;6;6;6;1.0;1.0
6a9db100ab080c8c957fc12b;2026-09-07;rocket-mewtwo-ex;trainer;TWM;158;Lucky Helmet;5;3;6;0.8333;0.5
6a9db100ab080c8c957fc12b;2026-09-07;rocket-mewtwo-ex;trainer;TEF;154;Maximum Belt;3;3;6;0.5;0.5
6a9db100ab080c8c957fc12b;2026-09-07;rocket-mewtwo-ex;trainer;CRI;80;Prism Tower;7;4;6;1.1667;0.6667
6a9db100ab080c8c957fc12b;2026-09-07;rocket-mewtwo-ex;trainer;DRI;173;Team Rocket's Factory;8;5;6;1.3333;0.8333
6a9db100ab080c8c957fc12b;2026-09-07;rocket-mewtwo-ex;energy;MEE;1;Grass Energy;34;6;6;5.6667;1.0
6a9db100ab080c8c957fc12b;2026-09-07;rocket-mewtwo-ex;energy;DRI;182;Team Rocket's Energy;24;6;6;4.0;1.0
6a9db100ab080c8c957fc12b;2026-09-07;rocket-mewtwo-ex;energy;MEE;5;Psychic Energy;6;5;6;1.0;0.8333
6a9db100ab080c8c957fc12b;2026-09-07;dragapult-dusknoir;trainer;POR;76;Judge;5;5;20;0.25;0.25
6a9db100ab080c8c957fc12b;2026-09-07;slowking-scr;pokemon;SSP;75;Smoochum;4;4;19;0.2105;0.2105
6a9db100ab080c8c957fc12b;2026-09-07;slowking-scr;trainer;MEG;114;Boss's Orders;4;4;19;0.2105;0.2105
6a9db100ab080c8c957fc12b;2026-09-07;slowking-scr;trainer;TWM;155;Lana's Aid;2;2;19;0.1053;0.1053
6a9db100ab080c8c957fc12b;2026-09-07;slowking-scr;trainer;WHT;80;Brave Bangle;6;5;19;0.3158;0.2632
6a9db100ab080c8c957fc12b;2026-09-07;alakazam-dudunsparce;pokemon;BLK;40;Elgyem;5;5;25;0.2;0.2
6a9db100ab080c8c957fc12b;2026-09-07;alakazam-dudunsparce;trainer;PBL;81;Rust Syndicate Grunt;5;3;25;0.2;0.12
6a9db100ab080c8c957fc12b;2026-09-07;festival-lead;pokemon;TEF;23;Rellor;9;7;10;0.9;0.7
6a9db100ab080c8c957fc12b;2026-09-07;festival-lead;pokemon;TEF;24;Rabsca;8;8;10;0.8;0.8
6a9db100ab080c8c957fc12b;2026-09-07;mega-absol-box;pokemon;TWM;95;Munkidori;12;4;4;3.0;1.0
6a9db100ab080c8c957fc12b;2026-09-07;mega-absol-box;pokemon;MEG;86;Mega Absol ex;8;4;4;2.0;1.0
6a9db100ab080c8c957fc12b;2026-09-07;mega-absol-box;pokemon;ASC;172;Mega Audino ex;6;3;4;1.5;0.75
6a9db100ab080c8c957fc12b;2026-09-07;mega-absol-box;pokemon;SSP;76;Latias ex;5;4;4;1.25;1.0
6a9db100ab080c8c957fc12b;2026-09-07;mega-absol-box;pokemon;SVP;149;Pecharunt;3;3;4;0.75;0.75
6a9db100ab080c8c957fc12b;2026-09-07;mega-absol-box;pokemon;MEG;104;Mega Kangaskhan ex;5;4;4;1.25;1.0
6a9db100ab080c8c957fc12b;2026-09-07;mega-absol-box;pokemon;POR;62;Meowth ex;3;3;4;0.75;0.75
6a9db100ab080c8c957fc12b;2026-09-07;mega-absol-box;pokemon;SFA;39;Pecharunt ex;4;4;4;1.0;1.0
6a9db100ab080c8c957fc12b;2026-09-07;mega-absol-box;pokemon;MEG;88;Yveltal;5;4;4;1.25;1.0
6a9db100ab080c8c957fc12b;2026-09-07;mega-absol-box;trainer;DRI;176;Team Rocket's Petrel;14;4;4;3.5;1.0
6a9db100ab080c8c957fc12b;2026-09-07;mega-absol-box;trainer;MEG;114;Boss's Orders;16;4;4;4.0;1.0
6a9db100ab080c8c957fc12b;2026-09-07;mega-absol-box;trainer;MEG;119;Lillie's Determination;10;4;4;2.5;1.0
6a9db100ab080c8c957fc12b;2026-09-07;mega-absol-box;trainer;SFA;64;Xerosic's Machinations;4;4;4;1.0;1.0
6a9db100ab080c8c957fc12b;2026-09-07;mega-absol-box;trainer;SSP;170;Cyrano;3;3;4;0.75;0.75
6a9db100ab080c8c957fc12b;2026-09-07;mega-absol-box;trainer;SSP;179;Lisia's Appeal;3;3;4;0.75;0.75
6a9db100ab080c8c957fc12b;2026-09-07;mega-absol-box;trainer;SVI;186;Pokégear 3.0;14;4;4;3.5;1.0
6a9db100ab080c8c957fc12b;2026-09-07;mega-absol-box;trainer;DRI;178;Team Rocket's Transceiver;12;3;4;3.0;0.75
6a9db100ab080c8c957fc12b;2026-09-07;mega-absol-box;trainer;MEG;115;Energy Switch;16;4;4;4.0;1.0
6a9db100ab080c8c957fc12b;2026-09-07;mega-absol-box;trainer;CRI;82;Special Red Card;10;4;4;2.5;1.0
6a9db100ab080c8c957fc12b;2026-09-07;mega-absol-box;trainer;ASC;196;Night Stretcher;8;4;4;2.0;1.0
6a9db100ab080c8c957fc12b;2026-09-07;mega-absol-box;trainer;PFL;91;Jumbo Ice Cream;6;3;4;1.5;0.75
6a9db100ab080c8c957fc12b;2026-09-07;mega-absol-box;trainer;MEG;131;Ultra Ball;7;4;4;1.75;1.0
6a9db100ab080c8c957fc12b;2026-09-07;mega-absol-box;trainer;SSP;185;Precious Trolley;3;3;4;0.75;0.75
6a9db100ab080c8c957fc12b;2026-09-07;mega-absol-box;trainer;POR;72;Energy Search;3;3;4;0.75;0.75
6a9db100ab080c8c957fc12b;2026-09-07;mega-absol-box;trainer;DRI;180;Team Rocket's Watchtower;6;3;4;1.5;0.75
6a9db100ab080c8c957fc12b;2026-09-07;mega-absol-box;energy;MEE;7;Darkness Energy;33;4;4;8.25;1.0
6a9db100ab080c8c957fc12b;2026-09-07;mega-absol-box;energy;MEE;5;Psychic Energy;6;3;4;1.5;0.75
6a9db100ab080c8c957fc12b;2026-09-07;rocket-mewtwo-ex;trainer;DRI;170;Team Rocket's Archer;6;4;6;1.0;0.6667
6a9db100ab080c8c957fc12b;2026-09-07;rocket-mewtwo-ex;trainer;PFL;94;Wondrous Patch;1;1;6;0.1667;0.1667
6a9db100ab080c8c957fc12b;2026-09-07;rocket-mewtwo-ex;trainer;TEF;144;Buddy-Buddy Poffin;1;1;6;0.1667;0.1667
6a9db100ab080c8c957fc12b;2026-09-07;rocket-mewtwo-ex;trainer;WHT;80;Brave Bangle;5;4;6;0.8333;0.6667
6a9db100ab080c8c957fc12b;2026-09-07;starmie-froslass;pokemon;ASC;46;Snorunt;9;3;3;3.0;1.0
6a9db100ab080c8c957fc12b;2026-09-07;starmie-froslass;pokemon;ASC;47;Mega Froslass ex;4;3;3;1.3333;1.0
6a9db100ab080c8c957fc12b;2026-09-07;starmie-froslass;pokemon;TWM;53;Froslass;6;3;3;2.0;1.0
6a9db100ab080c8c957fc12b;2026-09-07;starmie-froslass;pokemon;POR;20;Staryu;8;3;3;2.6667;1.0
6a9db100ab080c8c957fc12b;2026-09-07;starmie-froslass;pokemon;POR;21;Mega Starmie ex;6;3;3;2.0;1.0
6a9db100ab080c8c957fc12b;2026-09-07;starmie-froslass;pokemon;TWM;95;Munkidori;7;3;3;2.3333;1.0
6a9db100ab080c8c957fc12b;2026-09-07;starmie-froslass;pokemon;POR;62;Meowth ex;3;3;3;1.0;1.0
6a9db100ab080c8c957fc12b;2026-09-07;starmie-froslass;trainer;MEG;119;Lillie's Determination;11;3;3;3.6667;1.0
6a9db100ab080c8c957fc12b;2026-09-07;starmie-froslass;trainer;WHT;84;Hilda;9;3;3;3.0;1.0
6a9db100ab080c8c957fc12b;2026-09-07;starmie-froslass;trainer;MEG;114;Boss's Orders;9;3;3;3.0;1.0
6a9db100ab080c8c957fc12b;2026-09-07;starmie-froslass;trainer;DRI;176;Team Rocket's Petrel;2;1;3;0.6667;0.3333
6a9db100ab080c8c957fc12b;2026-09-07;starmie-froslass;trainer;SCR;133;Crispin;5;3;3;1.6667;1.0
6a9db100ab080c8c957fc12b;2026-09-07;starmie-froslass;trainer;POR;81;Poké Pad;12;3;3;4.0;1.0
6a9db100ab080c8c957fc12b;2026-09-07;starmie-froslass;trainer;TEF;144;Buddy-Buddy Poffin;11;3;3;3.6667;1.0
6a9db100ab080c8c957fc12b;2026-09-07;starmie-froslass;trainer;CRI;82;Special Red Card;4;3;3;1.3333;1.0
6a9db100ab080c8c957fc12b;2026-09-07;starmie-froslass;trainer;ASC;196;Night Stretcher;5;3;3;1.6667;1.0
6a9db100ab080c8c957fc12b;2026-09-07;starmie-froslass;trainer;MEG;131;Ultra Ball;8;3;3;2.6667;1.0
6a9db100ab080c8c957fc12b;2026-09-07;starmie-froslass;trainer;MEG;121;Mega Signal;1;1;3;0.3333;0.3333
6a9db100ab080c8c957fc12b;2026-09-07;starmie-froslass;trainer;POR;72;Energy Search;1;1;3;0.3333;0.3333
6a9db100ab080c8c957fc12b;2026-09-07;starmie-froslass;trainer;MEG;130;Switch;1;1;3;0.3333;0.3333
6a9db100ab080c8c957fc12b;2026-09-07;starmie-froslass;trainer;ASC;181;Air Balloon;3;3;3;1.0;1.0
6a9db100ab080c8c957fc12b;2026-09-07;starmie-froslass;trainer;DRI;180;Team Rocket's Watchtower;3;1;3;1.0;0.3333
6a9db100ab080c8c957fc12b;2026-09-07;starmie-froslass;energy;MEE;3;Water Energy;12;3;3;4.0;1.0
6a9db100ab080c8c957fc12b;2026-09-07;starmie-froslass;energy;MEE;7;Darkness Energy;7;3;3;2.3333;1.0
6a9db100ab080c8c957fc12b;2026-09-07;starmie-froslass;energy;WHT;86;Ignition Energy;5;3;3;1.6667;1.0
6a9db100ab080c8c957fc12b;2026-09-07;starmie-froslass;energy;TWM;167;Legacy Energy;3;3;3;1.0;1.0
6a9db100ab080c8c957fc12b;2026-09-07;marnie-grimmsnarl-ex;pokemon;DRI;134;Marnie's Impidimp;4;1;1;4.0;1.0
6a9db100ab080c8c957fc12b;2026-09-07;marnie-grimmsnarl-ex;pokemon;DRI;135;Marnie's Morgrem;2;1;1;2.0;1.0
6a9db100ab080c8c957fc12b;2026-09-07;marnie-grimmsnarl-ex;pokemon;DRI;136;Marnie's Grimmsnarl ex;3;1;1;3.0;1.0
6a9db100ab080c8c957fc12b;2026-09-07;marnie-grimmsnarl-ex;pokemon;DRI;137;Marnie's Morpeko;3;1;1;3.0;1.0
6a9db100ab080c8c957fc12b;2026-09-07;marnie-grimmsnarl-ex;pokemon;SFA;39;Pecharunt ex;2;1;1;2.0;1.0
6a9db100ab080c8c957fc12b;2026-09-07;marnie-grimmsnarl-ex;pokemon;TWM;95;Munkidori;2;1;1;2.0;1.0
6a9db100ab080c8c957fc12b;2026-09-07;marnie-grimmsnarl-ex;trainer;MEG;119;Lillie's Determination;4;1;1;4.0;1.0
6a9db100ab080c8c957fc12b;2026-09-07;marnie-grimmsnarl-ex;trainer;PRE;112;Janine's Secret Art;2;1;1;2.0;1.0
6a9db100ab080c8c957fc12b;2026-09-07;marnie-grimmsnarl-ex;trainer;MEG;114;Boss's Orders;2;1;1;2.0;1.0
6a9db100ab080c8c957fc12b;2026-09-07;marnie-grimmsnarl-ex;trainer;DRI;176;Team Rocket's Petrel;1;1;1;1.0;1.0
6a9db100ab080c8c957fc12b;2026-09-07;marnie-grimmsnarl-ex;trainer;POR;84;Rosa's Encouragement;1;1;1;1.0;1.0
6a9db100ab080c8c957fc12b;2026-09-07;marnie-grimmsnarl-ex;trainer;SSP;179;Lisia's Appeal;1;1;1;1.0;1.0
6a9db100ab080c8c957fc12b;2026-09-07;marnie-grimmsnarl-ex;trainer;JTG;146;Brock's Scouting;1;1;1;1.0;1.0
6a9db100ab080c8c957fc12b;2026-09-07;marnie-grimmsnarl-ex;trainer;MEG;113;Acerola's Mischief;1;1;1;1.0;1.0
6a9db100ab080c8c957fc12b;2026-09-07;marnie-grimmsnarl-ex;trainer;MEG;125;Rare Candy;4;1;1;4.0;1.0
6a9db100ab080c8c957fc12b;2026-09-07;marnie-grimmsnarl-ex;trainer;POR;81;Poké Pad;3;1;1;3.0;1.0
6a9db100ab080c8c957fc12b;2026-09-07;marnie-grimmsnarl-ex;trainer;MEG;115;Energy Switch;1;1;1;1.0;1.0
6a9db100ab080c8c957fc12b;2026-09-07;marnie-grimmsnarl-ex;trainer;ASC;196;Night Stretcher;1;1;1;1.0;1.0
6a9db100ab080c8c957fc12b;2026-09-07;marnie-grimmsnarl-ex;trainer;CRI;82;Special Red Card;1;1;1;1.0;1.0
6a9db100ab080c8c957fc12b;2026-09-07;marnie-grimmsnarl-ex;trainer;TWM;165;Unfair Stamp;1;1;1;1.0;1.0
6a9db100ab080c8c957fc12b;2026-09-07;marnie-grimmsnarl-ex;trainer;DRI;164;Energy Recycler;1;1;1;1.0;1.0
6a9db100ab080c8c957fc12b;2026-09-07;marnie-grimmsnarl-ex;trainer;SVI;186;Pokégear 3.0;1;1;1;1.0;1.0
6a9db100ab080c8c957fc12b;2026-09-07;marnie-grimmsnarl-ex;trainer;POR;82;Pokémon Catcher;1;1;1;1.0;1.0
6a9db100ab080c8c957fc12b;2026-09-07;marnie-grimmsnarl-ex;trainer;PRE;95;Binding Mochi;3;1;1;3.0;1.0
6a9db100ab080c8c957fc12b;2026-09-07;marnie-grimmsnarl-ex;trainer;DRI;169;Spikemuth Gym;3;1;1;3.0;1.0
6a9db100ab080c8c957fc12b;2026-09-07;marnie-grimmsnarl-ex;energy;MEE;7;Darkness Energy;10;1;1;10.0;1.0
6a9db100ab080c8c957fc12b;2026-09-07;marnie-grimmsnarl-ex;energy;PBL;83;Shadowy Darkness Energy;1;1;1;1.0;1.0
6a9db100ab080c8c957fc12b;2026-09-07;ogerpon-meganium-hydrapple;pokemon;ASC;8;Chikorita;6;3;7;0.8571;0.4286
6a9db100ab080c8c957fc12b;2026-09-07;ogerpon-meganium-hydrapple;pokemon;ASC;9;Bayleef;5;3;7;0.7143;0.4286
6a9db100ab080c8c957fc12b;2026-09-07;ogerpon-meganium-hydrapple;pokemon;TWM;18;Dipplin;11;6;7;1.5714;0.8571
6a9db100ab080c8c957fc12b;2026-09-07;ogerpon-meganium-hydrapple;pokemon;MEG;12;Celebi;7;5;7;1.0;0.7143
6a9db100ab080c8c957fc12b;2026-09-07;ogerpon-meganium-hydrapple;pokemon;POR;62;Meowth ex;8;6;7;1.1429;0.8571
6a9db100ab080c8c957fc12b;2026-09-07;ogerpon-meganium-hydrapple;trainer;PFL;87;Dawn;13;6;7;1.8571;0.8571
6a9db100ab080c8c957fc12b;2026-09-07;ogerpon-meganium-hydrapple;trainer;TWM;155;Lana's Aid;6;6;7;0.8571;0.8571
6a9db100ab080c8c957fc12b;2026-09-07;ogerpon-meganium-hydrapple;trainer;SCR;132;Briar;4;4;7;0.5714;0.5714
6a9db100ab080c8c957fc12b;2026-09-07;ogerpon-meganium-hydrapple;trainer;POR;81;Poké Pad;11;5;7;1.5714;0.7143
6a9db100ab080c8c957fc12b;2026-09-07;ogerpon-meganium-hydrapple;trainer;TWM;162;Scoop Up Cyclone;2;2;7;0.2857;0.2857
6a9db100ab080c8c957fc12b;2026-09-07;ogerpon-meganium-hydrapple;trainer;CRI;82;Special Red Card;6;6;7;0.8571;0.8571
6a9db100ab080c8c957fc12b;2026-09-07;toxtricity-box;trainer;TEF;155;Morty's Conviction;3;3;5;0.6;0.6
6a9db100ab080c8c957fc12b;2026-09-07;crustle-dri;trainer;CRI;80;Prism Tower;3;3;10;0.3;0.3
6a9db100ab080c8c957fc12b;2026-09-07;alakazam-dusknoir;trainer;TEF;145;Ciphermaniac's Codebreaking;1;1;7;0.1429;0.1429
6a9db100ab080c8c957fc12b;2026-09-07;alakazam-dusknoir;trainer;TWM;155;Lana's Aid;1;1;7;0.1429;0.1429
6a9db100ab080c8c957fc12b;2026-09-07;alakazam-dusknoir;trainer;TWM;148;Enhanced Hammer;1;1;7;0.1429;0.1429
6a9db100ab080c8c957fc12b;2026-09-07;dragapult-dusknoir;pokemon;CRI;70;Patrat;3;3;20;0.15;0.15
6a9db100ab080c8c957fc12b;2026-09-07;seaking-pre;pokemon;TWM;14;Grookey;7;2;2;3.5;1.0
6a9db100ab080c8c957fc12b;2026-09-07;seaking-pre;pokemon;TWM;15;Thwackey;6;2;2;3.0;1.0
6a9db100ab080c8c957fc12b;2026-09-07;seaking-pre;pokemon;TWM;44;Goldeen;7;2;2;3.5;1.0
6a9db100ab080c8c957fc12b;2026-09-07;seaking-pre;pokemon;PBL;13;Goldeen;1;1;2;0.5;0.5
6a9db100ab080c8c957fc12b;2026-09-07;seaking-pre;pokemon;PRE;21;Seaking;6;2;2;3.0;1.0
6a9db100ab080c8c957fc12b;2026-09-07;seaking-pre;pokemon;TEF;23;Rellor;3;2;2;1.5;1.0
6a9db100ab080c8c957fc12b;2026-09-07;seaking-pre;pokemon;TEF;24;Rabsca;3;2;2;1.5;1.0
6a9db100ab080c8c957fc12b;2026-09-07;seaking-pre;pokemon;PFL;14;Moltres;1;1;2;0.5;0.5
6a9db100ab080c8c957fc12b;2026-09-07;seaking-pre;trainer;MEG;119;Lillie's Determination;8;2;2;4.0;1.0
6a9db100ab080c8c957fc12b;2026-09-07;seaking-pre;trainer;PBL;77;Gladion's Final Battle;6;2;2;3.0;1.0
6a9db100ab080c8c957fc12b;2026-09-07;seaking-pre;trainer;MEG;114;Boss's Orders;5;2;2;2.5;1.0
6a9db100ab080c8c957fc12b;2026-09-07;seaking-pre;trainer;JTG;146;Brock's Scouting;1;1;2;0.5;0.5
6a9db100ab080c8c957fc12b;2026-09-07;seaking-pre;trainer;MEG;131;Ultra Ball;8;2;2;4.0;1.0
6a9db100ab080c8c957fc12b;2026-09-07;seaking-pre;trainer;TEF;144;Buddy-Buddy Poffin;8;2;2;4.0;1.0
6a9db100ab080c8c957fc12b;2026-09-07;seaking-pre;trainer;POR;81;Poké Pad;8;2;2;4.0;1.0
6a9db100ab080c8c957fc12b;2026-09-07;seaking-pre;trainer;ASC;196;Night Stretcher;1;1;2;0.5;0.5
6a9db100ab080c8c957fc12b;2026-09-07;seaking-pre;trainer;CRI;82;Special Red Card;2;2;2;1.0;1.0
6a9db100ab080c8c957fc12b;2026-09-07;seaking-pre;trainer;TWM;163;Secret Box;2;2;2;1.0;1.0
6a9db100ab080c8c957fc12b;2026-09-07;seaking-pre;trainer;DRI;168;Sacred Ash;2;2;2;1.0;1.0
6a9db100ab080c8c957fc12b;2026-09-07;seaking-pre;trainer;ASC;181;Air Balloon;7;2;2;3.5;1.0
6a9db100ab080c8c957fc12b;2026-09-07;seaking-pre;trainer;WHT;80;Brave Bangle;4;2;2;2.0;1.0
6a9db100ab080c8c957fc12b;2026-09-07;seaking-pre;trainer;TWM;149;Festival Grounds;8;2;2;4.0;1.0
6a9db100ab080c8c957fc12b;2026-09-07;seaking-pre;trainer;MEG;117;Forest of Vitality;1;1;2;0.5;0.5
6a9db100ab080c8c957fc12b;2026-09-07;seaking-pre;energy;TEF;161;Mist Energy;8;2;2;4.0;1.0
6a9db100ab080c8c957fc12b;2026-09-07;seaking-pre;energy;MEE;2;Fire Energy;2;1;2;1.0;0.5
6a9db100ab080c8c957fc12b;2026-09-07;cynthia-garchomp-ex;pokemon;DRI;10;Shaymin;1;1;5;0.2;0.2
6a9db100ab080c8c957fc12b;2026-09-07;metagross-cri;pokemon;TEF;113;Beldum;4;1;1;4.0;1.0
6a9db100ab080c8c957fc12b;2026-09-07;metagross-cri;pokemon;TEF;114;Metang;4;1;1;4.0;1.0
6a9db100ab080c8c957fc12b;2026-09-07;metagross-cri;pokemon;CRI;61;Metagross;2;1;1;2.0;1.0
6a9db100ab080c8c957fc12b;2026-09-07;metagross-cri;pokemon;ASC;142;Fezandipiti ex;1;1;1;1.0;1.0
6a9db100ab080c8c957fc12b;2026-09-07;metagross-cri;pokemon;POR;62;Meowth ex;1;1;1;1.0;1.0
6a9db100ab080c8c957fc12b;2026-09-07;metagross-cri;pokemon;ASC;16;Budew;1;1;1;1.0;1.0
6a9db100ab080c8c957fc12b;2026-09-07;metagross-cri;pokemon;TWM;112;Cornerstone Mask Ogerpon ex;1;1;1;1.0;1.0
6a9db100ab080c8c957fc12b;2026-09-07;metagross-cri;pokemon;TWM;64;Wellspring Mask Ogerpon ex;1;1;1;1.0;1.0
6a9db100ab080c8c957fc12b;2026-09-07;metagross-cri;pokemon;BLK;67;Genesect ex;1;1;1;1.0;1.0
6a9db100ab080c8c957fc12b;2026-09-07;metagross-cri;pokemon;JTG;56;Lillie's Clefairy ex;1;1;1;1.0;1.0
6a9db100ab080c8c957fc12b;2026-09-07;metagross-cri;pokemon;POR;55;Mega Skarmory ex;1;1;1;1.0;1.0
6a9db100ab080c8c957fc12b;2026-09-07;metagross-cri;trainer;JTG;146;Brock's Scouting;4;1;1;4.0;1.0
6a9db100ab080c8c957fc12b;2026-09-07;metagross-cri;trainer;MEG;119;Lillie's Determination;4;1;1;4.0;1.0
6a9db100ab080c8c957fc12b;2026-09-07;metagross-cri;trainer;DRI;176;Team Rocket's Petrel;2;1;1;2.0;1.0
6a9db100ab080c8c957fc12b;2026-09-07;metagross-cri;trainer;TEF;144;Buddy-Buddy Poffin;4;1;1;4.0;1.0
6a9db100ab080c8c957fc12b;2026-09-07;metagross-cri;trainer;MEG;131;Ultra Ball;4;1;1;4.0;1.0
6a9db100ab080c8c957fc12b;2026-09-07;metagross-cri;trainer;ASC;196;Night Stretcher;1;1;1;1.0;1.0
6a9db100ab080c8c957fc12b;2026-09-07;metagross-cri;trainer;DRI;164;Energy Recycler;1;1;1;1.0;1.0
6a9db100ab080c8c957fc12b;2026-09-07;metagross-cri;trainer;TWM;165;Unfair Stamp;1;1;1;1.0;1.0
6a9db100ab080c8c957fc12b;2026-09-07;metagross-cri;trainer;ASC;181;Air Balloon;2;1;1;2.0;1.0
6a9db100ab080c8c957fc12b;2026-09-07;metagross-cri;trainer;SSP;177;Gravity Mountain;2;1;1;2.0;1.0
6a9db100ab080c8c957fc12b;2026-09-07;metagross-cri;energy;MEE;8;Metal Energy;14;1;1;14.0;1.0
6a9db100ab080c8c957fc12b;2026-09-07;metagross-cri;energy;ASC;216;Prism Energy;3;1;1;3.0;1.0
6a9db100ab080c8c957fc12b;2026-09-07;dhelmise-pbl;pokemon;JTG;120;Dunsparce;8;4;12;0.6667;0.3333
6a9db100ab080c8c957fc12b;2026-09-07;dhelmise-pbl;pokemon;JTG;121;Dudunsparce ex;1;1;12;0.0833;0.0833
6a9db100ab080c8c957fc12b;2026-09-07;dhelmise-pbl;pokemon;TEF;129;Dudunsparce;8;4;12;0.6667;0.3333
6a9db100ab080c8c957fc12b;2026-09-07;dhelmise-pbl;pokemon;CRI;70;Patrat;7;7;12;0.5833;0.5833
6a9db100ab080c8c957fc12b;2026-09-07;dhelmise-pbl;pokemon;SSP;76;Latias ex;4;4;12;0.3333;0.3333
6a9db100ab080c8c957fc12b;2026-09-07;dhelmise-pbl;pokemon;TEF;78;Flutter Mane;2;2;12;0.1667;0.1667
6a9db100ab080c8c957fc12b;2026-09-07;dhelmise-pbl;pokemon;JTG;56;Lillie's Clefairy ex;12;11;12;1.0;0.9167
6a9db100ab080c8c957fc12b;2026-09-07;dhelmise-pbl;trainer;TEF;147;Explorer's Guidance;13;4;12;1.0833;0.3333
6a9db100ab080c8c957fc12b;2026-09-07;dhelmise-pbl;trainer;SSP;187;Surfer;1;1;12;0.0833;0.0833
6a9db100ab080c8c957fc12b;2026-09-07;dhelmise-pbl;energy;POR;88;Telepathic Psychic Energy;43;11;12;3.5833;0.9167
6a9db100ab080c8c957fc12b;2026-09-07;dhelmise-pbl;energy;TWM;167;Legacy Energy;7;7;12;0.5833;0.5833
6a9db100ab080c8c957fc12b;2026-09-07;cynthia-garchomp-ex;pokemon;TEF;84;Relicanth;1;1;5;0.2;0.2
6a9db100ab080c8c957fc12b;2026-09-07;cynthia-garchomp-ex;trainer;POR;76;Judge;2;1;5;0.4;0.2
6a9db100ab080c8c957fc12b;2026-09-07;cynthia-garchomp-ex;trainer;POR;71;Crushing Hammer;4;1;5;0.8;0.2
6a9db100ab080c8c957fc12b;2026-09-07;cynthia-garchomp-ex;trainer;MEG;131;Ultra Ball;4;1;5;0.8;0.2
6a9db100ab080c8c957fc12b;2026-09-07;cynthia-garchomp-ex;trainer;CRI;82;Special Red Card;1;1;5;0.2;0.2
6a9db100ab080c8c957fc12b;2026-09-07;cynthia-garchomp-ex;trainer;TWM;163;Secret Box;1;1;5;0.2;0.2
6a9db100ab080c8c957fc12b;2026-09-07;cynthia-garchomp-ex;trainer;CRI;80;Prism Tower;2;1;5;0.4;0.2
6a9db100ab080c8c957fc12b;2026-09-07;mega-excadrill-ex;pokemon;TEF;113;Beldum;35;10;13;2.6923;0.7692
6a9db100ab080c8c957fc12b;2026-09-07;mega-excadrill-ex;trainer;MEG;119;Lillie's Determination;26;10;13;2.0;0.7692
6a9db100ab080c8c957fc12b;2026-09-07;mega-excadrill-ex;trainer;SFA;64;Xerosic's Machinations;3;3;13;0.2308;0.2308
6a9db100ab080c8c957fc12b;2026-09-07;mega-excadrill-ex;trainer;SVI;186;Pokégear 3.0;16;8;13;1.2308;0.6154
6a9db100ab080c8c957fc12b;2026-09-07;mega-excadrill-ex;trainer;ASC;196;Night Stretcher;7;6;13;0.5385;0.4615
6a9db100ab080c8c957fc12b;2026-09-07;mega-excadrill-ex;trainer;TEF;152;Hero's Cape;6;6;13;0.4615;0.4615
6a9db100ab080c8c957fc12b;2026-09-07;mega-excadrill-ex;trainer;ASC;181;Air Balloon;5;4;13;0.3846;0.3077
6a9db100ab080c8c957fc12b;2026-09-07;mega-excadrill-ex;trainer;DRI;180;Team Rocket's Watchtower;2;2;13;0.1538;0.1538
6a9db100ab080c8c957fc12b;2026-09-07;mega-excadrill-ex;trainer;PFL;85;Battle Cage;2;2;13;0.1538;0.1538
6a9db100ab080c8c957fc12b;2026-09-07;basic-box-m;trainer;SSP;175;Dusk Ball;2;1;14;0.1429;0.0714
6a9db100ab080c8c957fc12b;2026-09-07;basic-box-m;energy;POR;88;Telepathic Psychic Energy;2;1;14;0.1429;0.0714
6a9db100ab080c8c957fc12b;2026-09-07;mega-lucario-ex;pokemon;SSP;70;Togepi;4;2;6;0.6667;0.3333
6a9db100ab080c8c957fc12b;2026-09-07;mega-lucario-ex;pokemon;SSP;71;Togetic;2;2;6;0.3333;0.3333
6a9db100ab080c8c957fc12b;2026-09-07;mega-lucario-ex;pokemon;SSP;72;Togekiss;4;2;6;0.6667;0.3333
6a9db100ab080c8c957fc12b;2026-09-07;mega-lucario-ex;pokemon;ASC;142;Fezandipiti ex;3;3;6;0.5;0.5
6a9db100ab080c8c957fc12b;2026-09-07;mega-lucario-ex;pokemon;POR;62;Meowth ex;3;3;6;0.5;0.5
6a9db100ab080c8c957fc12b;2026-09-07;mega-lucario-ex;trainer;TWM;154;Kieran;1;1;6;0.1667;0.1667
6a9db100ab080c8c957fc12b;2026-09-07;mega-lucario-ex;trainer;DRI;176;Team Rocket's Petrel;5;2;6;0.8333;0.3333
6a9db100ab080c8c957fc12b;2026-09-07;mega-lucario-ex;trainer;MEG;131;Ultra Ball;14;4;6;2.3333;0.6667
6a9db100ab080c8c957fc12b;2026-09-07;mega-lucario-ex;trainer;MEG;125;Rare Candy;4;2;6;0.6667;0.3333
6a9db100ab080c8c957fc12b;2026-09-07;mega-lucario-ex;trainer;TWM;165;Unfair Stamp;2;2;6;0.3333;0.3333
6a9db100ab080c8c957fc12b;2026-09-07;mega-lucario-ex;trainer;ASC;181;Air Balloon;5;3;6;0.8333;0.5
6a9db100ab080c8c957fc12b;2026-09-07;mega-lucario-ex;trainer;SSP;177;Gravity Mountain;4;3;6;0.6667;0.5
6a9db100ab080c8c957fc12b;2026-09-07;dragapult-ex;pokemon;MEG;88;Yveltal;4;4;45;0.0889;0.0889
6a9db100ab080c8c957fc12b;2026-09-07;beedrill-ex-cri;pokemon;TEF;128;Dunsparce;6;2;5;1.2;0.4
6a9db100ab080c8c957fc12b;2026-09-07;beedrill-ex-cri;pokemon;TWM;39;Chi-Yu;1;1;5;0.2;0.2
6a9db100ab080c8c957fc12b;2026-09-07;beedrill-ex-cri;trainer;SFA;57;Colress's Tenacity;1;1;5;0.2;0.2
6a9db100ab080c8c957fc12b;2026-09-07;beedrill-ex-cri;trainer;JTG;156;Redeemable Ticket;3;3;5;0.6;0.6
6a9db100ab080c8c957fc12b;2026-09-07;beedrill-ex-cri;energy;POR;86;Growing Grass Energy;2;1;5;0.4;0.2
6a9db100ab080c8c957fc12b;2026-09-07;beedrill-ex-cri;energy;MEE;2;Fire Energy;1;1;5;0.2;0.2
6a9db100ab080c8c957fc12b;2026-09-07;hops-trevenant;pokemon;ASC;95;Hop's Phantump;8;2;2;4.0;1.0
6a9db100ab080c8c957fc12b;2026-09-07;hops-trevenant;pokemon;ASC;96;Hop's Trevenant;6;2;2;3.0;1.0
6a9db100ab080c8c957fc12b;2026-09-07;hops-trevenant;pokemon;JTG;117;Hop's Snorlax;4;2;2;2.0;1.0
6a9db100ab080c8c957fc12b;2026-09-07;hops-trevenant;pokemon;JTG;135;Hop's Wooloo;4;2;2;2.0;1.0
6a9db100ab080c8c957fc12b;2026-09-07;hops-trevenant;pokemon;JTG;136;Hop's Dubwool;4;2;2;2.0;1.0
6a9db100ab080c8c957fc12b;2026-09-07;hops-trevenant;pokemon;JTG;138;Hop's Cramorant;2;2;2;1.0;1.0
6a9db100ab080c8c957fc12b;2026-09-07;hops-trevenant;pokemon;DRI;10;Shaymin;2;2;2;1.0;1.0
6a9db100ab080c8c957fc12b;2026-09-07;hops-trevenant;pokemon;JTG;56;Lillie's Clefairy ex;3;2;2;1.5;1.0
6a9db100ab080c8c957fc12b;2026-09-07;hops-trevenant;trainer;MEG;119;Lillie's Determination;8;2;2;4.0;1.0
6a9db100ab080c8c957fc12b;2026-09-07;hops-trevenant;trainer;DRI;176;Team Rocket's Petrel;7;2;2;3.5;1.0
6a9db100ab080c8c957fc12b;2026-09-07;hops-trevenant;trainer;MEG;114;Boss's Orders;4;2;2;2.0;1.0
6a9db100ab080c8c957fc12b;2026-09-07;hops-trevenant;trainer;TWM;151;Hassel;4;2;2;2.0;1.0
6a9db100ab080c8c957fc12b;2026-09-07;hops-trevenant;trainer;POR;81;Poké Pad;8;2;2;4.0;1.0
6a9db100ab080c8c957fc12b;2026-09-07;hops-trevenant;trainer;SVI;186;Pokégear 3.0;4;1;2;2.0;0.5
6a9db100ab080c8c957fc12b;2026-09-07;hops-trevenant;trainer;ASC;196;Night Stretcher;6;2;2;3.0;1.0
6a9db100ab080c8c957fc12b;2026-09-07;hops-trevenant;trainer;JTG;147;Hop's Bag;6;2;2;3.0;1.0
6a9db100ab080c8c957fc12b;2026-09-07;hops-trevenant;trainer;MEG;131;Ultra Ball;1;1;2;0.5;0.5
6a9db100ab080c8c957fc12b;2026-09-07;hops-trevenant;trainer;TWM;163;Secret Box;2;2;2;1.0;1.0
6a9db100ab080c8c957fc12b;2026-09-07;hops-trevenant;trainer;MEG;130;Switch;2;2;2;1.0;1.0
6a9db100ab080c8c957fc12b;2026-09-07;hops-trevenant;trainer;JTG;148;Hop's Choice Band;8;2;2;4.0;1.0
6a9db100ab080c8c957fc12b;2026-09-07;hops-trevenant;trainer;ASC;181;Air Balloon;1;1;2;0.5;0.5
6a9db100ab080c8c957fc12b;2026-09-07;hops-trevenant;trainer;JTG;154;Postwick;8;2;2;4.0;1.0
6a9db100ab080c8c957fc12b;2026-09-07;hops-trevenant;energy;TEF;161;Mist Energy;7;2;2;3.5;1.0
6a9db100ab080c8c957fc12b;2026-09-07;hops-trevenant;energy;POR;88;Telepathic Psychic Energy;8;2;2;4.0;1.0
6a9db100ab080c8c957fc12b;2026-09-07;lopunny-dusknoir;pokemon;TEF;78;Flutter Mane;6;6;8;0.75;0.75
6a9db100ab080c8c957fc12b;2026-09-07;alakazam-dudunsparce;trainer;SFA;64;Xerosic's Machinations;3;3;25;0.12;0.12
6a9db100ab080c8c957fc12b;2026-09-07;dragapult-froslass;pokemon;TWM;128;Dreepy;4;1;1;4.0;1.0
6a9db100ab080c8c957fc12b;2026-09-07;dragapult-froslass;pokemon;TWM;129;Drakloak;4;1;1;4.0;1.0
6a9db100ab080c8c957fc12b;2026-09-07;dragapult-froslass;pokemon;TWM;130;Dragapult ex;2;1;1;2.0;1.0
6a9db100ab080c8c957fc12b;2026-09-07;dragapult-froslass;pokemon;TWM;95;Munkidori;3;1;1;3.0;1.0
6a9db100ab080c8c957fc12b;2026-09-07;dragapult-froslass;pokemon;ASC;46;Snorunt;2;1;1;2.0;1.0
6a9db100ab080c8c957fc12b;2026-09-07;dragapult-froslass;pokemon;TWM;53;Froslass;2;1;1;2.0;1.0
6a9db100ab080c8c957fc12b;2026-09-07;dragapult-froslass;pokemon;ASC;16;Budew;1;1;1;1.0;1.0
6a9db100ab080c8c957fc12b;2026-09-07;dragapult-froslass;pokemon;JTG;8;Maractus;1;1;1;1.0;1.0
6a9db100ab080c8c957fc12b;2026-09-07;dragapult-froslass;pokemon;ASC;142;Fezandipiti ex;1;1;1;1.0;1.0
6a9db100ab080c8c957fc12b;2026-09-07;dragapult-froslass;pokemon;POR;62;Meowth ex;1;1;1;1.0;1.0
6a9db100ab080c8c957fc12b;2026-09-07;dragapult-froslass;pokemon;SSP;76;Latias ex;1;1;1;1.0;1.0
6a9db100ab080c8c957fc12b;2026-09-07;dragapult-froslass;trainer;MEG;119;Lillie's Determination;4;1;1;4.0;1.0
6a9db100ab080c8c957fc12b;2026-09-07;dragapult-froslass;trainer;SCR;133;Crispin;3;1;1;3.0;1.0
6a9db100ab080c8c957fc12b;2026-09-07;dragapult-froslass;trainer;MEG;114;Boss's Orders;3;1;1;3.0;1.0
6a9db100ab080c8c957fc12b;2026-09-07;dragapult-froslass;trainer;JTG;146;Brock's Scouting;2;1;1;2.0;1.0
6a9db100ab080c8c957fc12b;2026-09-07;dragapult-froslass;trainer;POR;81;Poké Pad;4;1;1;4.0;1.0
6a9db100ab080c8c957fc12b;2026-09-07;dragapult-froslass;trainer;TEF;144;Buddy-Buddy Poffin;4;1;1;4.0;1.0
6a9db100ab080c8c957fc12b;2026-09-07;dragapult-froslass;trainer;ASC;196;Night Stretcher;3;1;1;3.0;1.0
6a9db100ab080c8c957fc12b;2026-09-07;dragapult-froslass;trainer;MEG;131;Ultra Ball;3;1;1;3.0;1.0
6a9db100ab080c8c957fc12b;2026-09-07;dragapult-froslass;trainer;TWM;165;Unfair Stamp;1;1;1;1.0;1.0
6a9db100ab080c8c957fc12b;2026-09-07;dragapult-froslass;trainer;SCR;131;Area Zero Underdepths;2;1;1;2.0;1.0
6a9db100ab080c8c957fc12b;2026-09-07;dragapult-froslass;energy;MEE;7;Darkness Energy;3;1;1;3.0;1.0
6a9db100ab080c8c957fc12b;2026-09-07;dragapult-froslass;energy;MEE;5;Psychic Energy;3;1;1;3.0;1.0
6a9db100ab080c8c957fc12b;2026-09-07;dragapult-froslass;energy;MEE;2;Fire Energy;3;1;1;3.0;1.0
6a9db100ab080c8c957fc12b;2026-09-07;lucario-hariyama;trainer;DRI;176;Team Rocket's Petrel;4;3;9;0.4444;0.3333
6a9db100ab080c8c957fc12b;2026-09-07;lucario-hariyama;trainer;POR;71;Crushing Hammer;8;2;9;0.8889;0.2222
6a9db100ab080c8c957fc12b;2026-09-07;beedrill-ex-cri;pokemon;DRI;21;Smoliv;2;1;5;0.4;0.2
6a9db100ab080c8c957fc12b;2026-09-07;beedrill-ex-cri;pokemon;DRI;22;Dolliv;2;1;5;0.4;0.2
6a9db100ab080c8c957fc12b;2026-09-07;beedrill-ex-cri;pokemon;DRI;23;Arboliva ex;2;1;5;0.4;0.2
6a9db100ab080c8c957fc12b;2026-09-07;beedrill-ex-cri;pokemon;ASC;16;Budew;1;1;5;0.2;0.2
6a9db100ab080c8c957fc12b;2026-09-07;beedrill-ex-cri;trainer;TEF;157;Prime Catcher;1;1;5;0.2;0.2
6a9db100ab080c8c957fc12b;2026-09-07;toucannon-pbl;pokemon;PBL;66;Pikipek;11;3;3;3.6667;1.0
6a9db100ab080c8c957fc12b;2026-09-07;toucannon-pbl;pokemon;PBL;67;Trumbeak;7;3;3;2.3333;1.0
6a9db100ab080c8c957fc12b;2026-09-07;toucannon-pbl;pokemon;PBL;68;Toucannon;11;3;3;3.6667;1.0
6a9db100ab080c8c957fc12b;2026-09-07;toucannon-pbl;pokemon;SCR;114;Hoothoot;7;3;3;2.3333;1.0
6a9db100ab080c8c957fc12b;2026-09-07;toucannon-pbl;pokemon;SCR;115;Noctowl;6;3;3;2.0;1.0
6a9db100ab080c8c957fc12b;2026-09-07;toucannon-pbl;pokemon;PRE;35;Duskull;2;1;3;0.6667;0.3333
6a9db100ab080c8c957fc12b;2026-09-07;toucannon-pbl;pokemon;PRE;36;Dusclops;1;1;3;0.3333;0.3333
6a9db100ab080c8c957fc12b;2026-09-07;toucannon-pbl;pokemon;PRE;37;Dusknoir;2;1;3;0.6667;0.3333
6a9db100ab080c8c957fc12b;2026-09-07;toucannon-pbl;pokemon;SCR;118;Fan Rotom;6;3;3;2.0;1.0
6a9db100ab080c8c957fc12b;2026-09-07;toucannon-pbl;pokemon;TWM;112;Cornerstone Mask Ogerpon ex;7;3;3;2.3333;1.0
6a9db100ab080c8c957fc12b;2026-09-07;toucannon-pbl;pokemon;DRI;10;Shaymin;1;1;3;0.3333;0.3333
6a9db100ab080c8c957fc12b;2026-09-07;toucannon-pbl;trainer;PFL;87;Dawn;9;3;3;3.0;1.0
6a9db100ab080c8c957fc12b;2026-09-07;toucannon-pbl;trainer;MEG;119;Lillie's Determination;6;2;3;2.0;0.6667
6a9db100ab080c8c957fc12b;2026-09-07;toucannon-pbl;trainer;MEG;114;Boss's Orders;7;3;3;2.3333;1.0
6a9db100ab080c8c957fc12b;2026-09-07;toucannon-pbl;trainer;TWM;155;Lana's Aid;1;1;3;0.3333;0.3333
6a9db100ab080c8c957fc12b;2026-09-07;toucannon-pbl;trainer;TEF;144;Buddy-Buddy Poffin;11;3;3;3.6667;1.0
6a9db100ab080c8c957fc12b;2026-09-07;toucannon-pbl;trainer;POR;81;Poké Pad;12;3;3;4.0;1.0
6a9db100ab080c8c957fc12b;2026-09-07;toucannon-pbl;trainer;MEG;116;Fighting Gong;8;2;3;2.6667;0.6667
6a9db100ab080c8c957fc12b;2026-09-07;toucannon-pbl;trainer;MEG;125;Rare Candy;8;3;3;2.6667;1.0
6a9db100ab080c8c957fc12b;2026-09-07;toucannon-pbl;trainer;ASC;196;Night Stretcher;4;2;3;1.3333;0.6667
6a9db100ab080c8c957fc12b;2026-09-07;toucannon-pbl;trainer;CRI;82;Special Red Card;3;3;3;1.0;1.0
6a9db100ab080c8c957fc12b;2026-09-07;toucannon-pbl;trainer;TEF;157;Prime Catcher;1;1;3;0.3333;0.3333
6a9db100ab080c8c957fc12b;2026-09-07;toucannon-pbl;trainer;SCR;131;Area Zero Underdepths;9;3;3;3.0;1.0
6a9db100ab080c8c957fc12b;2026-09-07;toucannon-pbl;energy;MEE;6;Fighting Energy;14;2;3;4.6667;0.6667
6a9db100ab080c8c957fc12b;2026-09-07;mega-excadrill-ex;pokemon;PFL;27;Piplup;2;2;13;0.1538;0.1538
6a9db100ab080c8c957fc12b;2026-09-07;mega-excadrill-ex;pokemon;PFL;70;Empoleon ex;2;2;13;0.1538;0.1538
6a9db100ab080c8c957fc12b;2026-09-07;mega-excadrill-ex;trainer;MEG;131;Ultra Ball;10;9;13;0.7692;0.6923
6a9db100ab080c8c957fc12b;2026-09-07;mega-excadrill-ex;trainer;MEG;125;Rare Candy;2;2;13;0.1538;0.1538
6a9db100ab080c8c957fc12b;2026-09-07;beedrill-ex-cri;pokemon;JTG;121;Dudunsparce ex;1;1;5;0.2;0.2
6a9db100ab080c8c957fc12b;2026-09-07;beedrill-ex-cri;trainer;SVI;186;Pokégear 3.0;3;1;5;0.6;0.2
6a9db100ab080c8c957fc12b;2026-09-07;beedrill-ex-cri;trainer;TWM;163;Secret Box;1;1;5;0.2;0.2
6a9db100ab080c8c957fc12b;2026-09-07;ogerpon-meganium-hydrapple;pokemon;SCR;114;Hoothoot;1;1;7;0.1429;0.1429
6a9db100ab080c8c957fc12b;2026-09-07;ogerpon-meganium-hydrapple;pokemon;SCR;115;Noctowl;1;1;7;0.1429;0.1429
6a9db100ab080c8c957fc12b;2026-09-07;ogerpon-meganium-hydrapple;trainer;TWM;165;Unfair Stamp;3;3;7;0.4286;0.4286
6a9db100ab080c8c957fc12b;2026-09-07;basic-box-m;pokemon;SSP;18;Paldean Tauros;2;2;14;0.1429;0.1429
6a9db100ab080c8c957fc12b;2026-09-07;basic-box-m;trainer;ASC;212;Tool Scrapper;1;1;14;0.0714;0.0714
6a9db100ab080c8c957fc12b;2026-09-07;basic-box-m;trainer;TWM;165;Unfair Stamp;5;5;14;0.3571;0.3571
6a9db100ab080c8c957fc12b;2026-09-07;basic-box-m;trainer;JTG;151;Lillie's Pearl;2;1;14;0.1429;0.0714
6a9db100ab080c8c957fc12b;2026-09-07;sharpedo-toxtricity;pokemon;PFL;60;Carvanha;11;3;3;3.6667;1.0
6a9db100ab080c8c957fc12b;2026-09-07;sharpedo-toxtricity;pokemon;PFL;61;Mega Sharpedo ex;10;3;3;3.3333;1.0
6a9db100ab080c8c957fc12b;2026-09-07;sharpedo-toxtricity;pokemon;PFL;67;Toxel;6;3;3;2.0;1.0
6a9db100ab080c8c957fc12b;2026-09-07;sharpedo-toxtricity;pokemon;PFL;68;Toxtricity;6;3;3;2.0;1.0
6a9db100ab080c8c957fc12b;2026-09-07;sharpedo-toxtricity;pokemon;TWM;95;Munkidori;6;3;3;2.0;1.0
6a9db100ab080c8c957fc12b;2026-09-07;sharpedo-toxtricity;pokemon;SFA;39;Pecharunt ex;7;3;3;2.3333;1.0
6a9db100ab080c8c957fc12b;2026-09-07;sharpedo-toxtricity;pokemon;ASC;142;Fezandipiti ex;3;3;3;1.0;1.0
6a9db100ab080c8c957fc12b;2026-09-07;sharpedo-toxtricity;pokemon;SVP;149;Pecharunt;1;1;3;0.3333;0.3333
6a9db100ab080c8c957fc12b;2026-09-07;sharpedo-toxtricity;pokemon;PBL;59;Chi-Yu;1;1;3;0.3333;0.3333
6a9db100ab080c8c957fc12b;2026-09-07;sharpedo-toxtricity;pokemon;TWM;131;Tatsugiri;5;3;3;1.6667;1.0
6a9db100ab080c8c957fc12b;2026-09-07;sharpedo-toxtricity;trainer;MEG;119;Lillie's Determination;12;3;3;4.0;1.0
6a9db100ab080c8c957fc12b;2026-09-07;sharpedo-toxtricity;trainer;MEG;114;Boss's Orders;11;3;3;3.6667;1.0
6a9db100ab080c8c957fc12b;2026-09-07;sharpedo-toxtricity;trainer;POR;76;Judge;9;3;3;3.0;1.0
6a9db100ab080c8c957fc12b;2026-09-07;sharpedo-toxtricity;trainer;DRI;176;Team Rocket's Petrel;6;3;3;2.0;1.0
6a9db100ab080c8c957fc12b;2026-09-07;sharpedo-toxtricity;trainer;TEF;144;Buddy-Buddy Poffin;12;3;3;4.0;1.0
6a9db100ab080c8c957fc12b;2026-09-07;sharpedo-toxtricity;trainer;MEG;131;Ultra Ball;12;3;3;4.0;1.0
6a9db100ab080c8c957fc12b;2026-09-07;sharpedo-toxtricity;trainer;POR;81;Poké Pad;12;3;3;4.0;1.0
6a9db100ab080c8c957fc12b;2026-09-07;sharpedo-toxtricity;trainer;ASC;196;Night Stretcher;4;3;3;1.3333;1.0
6a9db100ab080c8c957fc12b;2026-09-07;sharpedo-toxtricity;trainer;TWM;165;Unfair Stamp;3;3;3;1.0;1.0
6a9db100ab080c8c957fc12b;2026-09-07;sharpedo-toxtricity;trainer;PRE;95;Binding Mochi;10;3;3;3.3333;1.0
6a9db100ab080c8c957fc12b;2026-09-07;sharpedo-toxtricity;trainer;DRI;180;Team Rocket's Watchtower;5;3;3;1.6667;1.0
6a9db100ab080c8c957fc12b;2026-09-07;sharpedo-toxtricity;energy;MEE;7;Darkness Energy;27;3;3;9.0;1.0
6a9db100ab080c8c957fc12b;2026-09-07;mega-starmie-ex;pokemon;JTG;120;Dunsparce;4;1;1;4.0;1.0
6a9db100ab080c8c957fc12b;2026-09-07;mega-starmie-ex;pokemon;TEF;129;Dudunsparce;4;1;1;4.0;1.0
6a9db100ab080c8c957fc12b;2026-09-07;mega-starmie-ex;pokemon;POR;20;Staryu;3;1;1;3.0;1.0
6a9db100ab080c8c957fc12b;2026-09-07;mega-starmie-ex;pokemon;POR;21;Mega Starmie ex;2;1;1;2.0;1.0
6a9db100ab080c8c957fc12b;2026-09-07;mega-starmie-ex;pokemon;ASC;46;Snorunt;3;1;1;3.0;1.0
6a9db100ab080c8c957fc12b;2026-09-07;mega-starmie-ex;pokemon;ASC;47;Mega Froslass ex;3;1;1;3.0;1.0
6a9db100ab080c8c957fc12b;2026-09-07;mega-starmie-ex;trainer;TEF;160;Salvatore;3;1;1;3.0;1.0
6a9db100ab080c8c957fc12b;2026-09-07;mega-starmie-ex;trainer;MEG;119;Lillie's Determination;3;1;1;3.0;1.0
6a9db100ab080c8c957fc12b;2026-09-07;mega-starmie-ex;trainer;WHT;84;Hilda;3;1;1;3.0;1.0
6a9db100ab080c8c957fc12b;2026-09-07;mega-starmie-ex;trainer;MEG;114;Boss's Orders;3;1;1;3.0;1.0
6a9db100ab080c8c957fc12b;2026-09-07;mega-starmie-ex;trainer;MEG;132;Wally's Compassion;2;1;1;2.0;1.0
6a9db100ab080c8c957fc12b;2026-09-07;mega-starmie-ex;trainer;POR;81;Poké Pad;4;1;1;4.0;1.0
6a9db100ab080c8c957fc12b;2026-09-07;mega-starmie-ex;trainer;TEF;144;Buddy-Buddy Poffin;4;1;1;4.0;1.0
6a9db100ab080c8c957fc12b;2026-09-07;mega-starmie-ex;trainer;SVI;186;Pokégear 3.0;4;1;1;4.0;1.0
6a9db100ab080c8c957fc12b;2026-09-07;mega-starmie-ex;trainer;MEG;131;Ultra Ball;3;1;1;3.0;1.0
6a9db100ab080c8c957fc12b;2026-09-07;mega-starmie-ex;trainer;ASC;196;Night Stretcher;2;1;1;2.0;1.0
6a9db100ab080c8c957fc12b;2026-09-07;mega-starmie-ex;trainer;MEG;130;Switch;1;1;1;1.0;1.0
6a9db100ab080c8c957fc12b;2026-09-07;mega-starmie-ex;trainer;TEF;152;Hero's Cape;1;1;1;1.0;1.0
6a9db100ab080c8c957fc12b;2026-09-07;mega-starmie-ex;energy;CRI;84;Bubbly Water Energy;4;1;1;4.0;1.0
6a9db100ab080c8c957fc12b;2026-09-07;mega-starmie-ex;energy;MEE;3;Water Energy;2;1;1;2.0;1.0
6a9db100ab080c8c957fc12b;2026-09-07;mega-starmie-ex;energy;WHT;86;Ignition Energy;2;1;1;2.0;1.0
6a9db100ab080c8c957fc12b;2026-09-07;lucario-hariyama;trainer;TWM;165;Unfair Stamp;1;1;9;0.1111;0.1111
6a9db100ab080c8c957fc12b;2026-09-07;mega-greninja-ex;pokemon;CRI;20;Froakie;4;1;1;4.0;1.0
6a9db100ab080c8c957fc12b;2026-09-07;mega-greninja-ex;pokemon;CRI;21;Frogadier;2;1;1;2.0;1.0
6a9db100ab080c8c957fc12b;2026-09-07;mega-greninja-ex;pokemon;CRI;22;Mega Greninja ex;3;1;1;3.0;1.0
6a9db100ab080c8c957fc12b;2026-09-07;mega-greninja-ex;pokemon;TWM;106;Greninja ex;1;1;1;1.0;1.0
6a9db100ab080c8c957fc12b;2026-09-07;mega-greninja-ex;pokemon;JTG;120;Dunsparce;2;1;1;2.0;1.0
6a9db100ab080c8c957fc12b;2026-09-07;mega-greninja-ex;pokemon;TEF;129;Dudunsparce;2;1;1;2.0;1.0
6a9db100ab080c8c957fc12b;2026-09-07;mega-greninja-ex;pokemon;ASC;39;Psyduck;1;1;1;1.0;1.0
6a9db100ab080c8c957fc12b;2026-09-07;mega-greninja-ex;pokemon;ASC;40;Golduck;1;1;1;1.0;1.0
6a9db100ab080c8c957fc12b;2026-09-07;mega-greninja-ex;pokemon;POR;62;Meowth ex;1;1;1;1.0;1.0
6a9db100ab080c8c957fc12b;2026-09-07;mega-greninja-ex;pokemon;ASC;142;Fezandipiti ex;1;1;1;1.0;1.0
6a9db100ab080c8c957fc12b;2026-09-07;mega-greninja-ex;trainer;MEG;119;Lillie's Determination;4;1;1;4.0;1.0
6a9db100ab080c8c957fc12b;2026-09-07;mega-greninja-ex;trainer;MEG;114;Boss's Orders;2;1;1;2.0;1.0
6a9db100ab080c8c957fc12b;2026-09-07;mega-greninja-ex;trainer;WHT;84;Hilda;2;1;1;2.0;1.0
6a9db100ab080c8c957fc12b;2026-09-07;mega-greninja-ex;trainer;PFL;87;Dawn;1;1;1;1.0;1.0
6a9db100ab080c8c957fc12b;2026-09-07;mega-greninja-ex;trainer;DRI;176;Team Rocket's Petrel;1;1;1;1.0;1.0
6a9db100ab080c8c957fc12b;2026-09-07;mega-greninja-ex;trainer;MEG;132;Wally's Compassion;1;1;1;1.0;1.0
6a9db100ab080c8c957fc12b;2026-09-07;mega-greninja-ex;trainer;TEF;144;Buddy-Buddy Poffin;4;1;1;4.0;1.0
6a9db100ab080c8c957fc12b;2026-09-07;mega-greninja-ex;trainer;POR;81;Poké Pad;4;1;1;4.0;1.0
6a9db100ab080c8c957fc12b;2026-09-07;mega-greninja-ex;trainer;MEG;131;Ultra Ball;2;1;1;2.0;1.0
6a9db100ab080c8c957fc12b;2026-09-07;mega-greninja-ex;trainer;ASC;196;Night Stretcher;2;1;1;2.0;1.0
6a9db100ab080c8c957fc12b;2026-09-07;mega-greninja-ex;trainer;MEG;125;Rare Candy;2;1;1;2.0;1.0
6a9db100ab080c8c957fc12b;2026-09-07;mega-greninja-ex;trainer;MEG;130;Switch;1;1;1;1.0;1.0
6a9db100ab080c8c957fc12b;2026-09-07;mega-greninja-ex;trainer;ASC;212;Tool Scrapper;1;1;1;1.0;1.0
6a9db100ab080c8c957fc12b;2026-09-07;mega-greninja-ex;trainer;CRI;82;Special Red Card;1;1;1;1.0;1.0
6a9db100ab080c8c957fc12b;2026-09-07;mega-greninja-ex;trainer;CRI;78;Great Haul Net;1;1;1;1.0;1.0
6a9db100ab080c8c957fc12b;2026-09-07;mega-greninja-ex;trainer;SVI;171;Energy Retrieval;1;1;1;1.0;1.0
6a9db100ab080c8c957fc12b;2026-09-07;mega-greninja-ex;trainer;MEG;129;Surfing Beach;2;1;1;2.0;1.0
6a9db100ab080c8c957fc12b;2026-09-07;mega-greninja-ex;energy;MEE;3;Water Energy;6;1;1;6.0;1.0
6a9db100ab080c8c957fc12b;2026-09-07;mega-greninja-ex;energy;WHT;86;Ignition Energy;3;1;1;3.0;1.0
6a9db100ab080c8c957fc12b;2026-09-07;mega-greninja-ex;energy;TEF;162;Neo Upper Energy;1;1;1;1.0;1.0
6a9db100ab080c8c957fc12b;2026-09-07;crustle-dri;pokemon;DRI;51;Team Rocket's Articuno;1;1;10;0.1;0.1
6a9db100ab080c8c957fc12b;2026-09-07;crustle-dri;pokemon;ASC;162;Team Rocket's Kangaskhan ex;1;1;10;0.1;0.1
6a9db100ab080c8c957fc12b;2026-09-07;crustle-dri;energy;MEE;3;Water Energy;1;1;10;0.1;0.1
6a9db100ab080c8c957fc12b;2026-09-07;slowking-scr;pokemon;WHT;62;Zoroark;1;1;19;0.0526;0.0526
6a9db100ab080c8c957fc12b;2026-09-07;slowking-scr;pokemon;TWM;95;Munkidori;4;4;19;0.2105;0.2105
6a9db100ab080c8c957fc12b;2026-09-07;slowking-scr;pokemon;PFL;34;Pawmot;1;1;19;0.0526;0.0526
6a9db100ab080c8c957fc12b;2026-09-07;slowking-scr;pokemon;ASC;16;Budew;1;1;19;0.0526;0.0526
6a9db100ab080c8c957fc12b;2026-09-07;slowking-scr;pokemon;SSP;83;Cofagrigus;2;2;19;0.1053;0.1053
6a9db100ab080c8c957fc12b;2026-09-07;slowking-scr;trainer;SSP;187;Surfer;5;5;19;0.2632;0.2632
6a9db100ab080c8c957fc12b;2026-09-07;slowking-scr;energy;MEE;7;Darkness Energy;8;4;19;0.4211;0.2105
6a9db100ab080c8c957fc12b;2026-09-07;dragapult-blaziken;pokemon;DRI;10;Shaymin;3;3;11;0.2727;0.2727
6a9db100ab080c8c957fc12b;2026-09-07;dragapult-blaziken;pokemon;JTG;56;Lillie's Clefairy ex;7;7;11;0.6364;0.6364
6a9db100ab080c8c957fc12b;2026-09-07;slowking-scr;pokemon;SFA;40;Genesect;1;1;19;0.0526;0.0526
6a9db100ab080c8c957fc12b;2026-09-07;n-zoroark;trainer;DRI;176;Team Rocket's Petrel;1;1;14;0.0714;0.0714
6a9db100ab080c8c957fc12b;2026-09-07;n-zoroark;trainer;TWM;148;Enhanced Hammer;1;1;14;0.0714;0.0714
6a9db100ab080c8c957fc12b;2026-09-07;n-zoroark;trainer;MEG;115;Energy Switch;8;5;14;0.5714;0.3571
6a9db100ab080c8c957fc12b;2026-09-07;cinccino-ex;pokemon;CRI;59;Beldum;4;1;1;4.0;1.0
6a9db100ab080c8c957fc12b;2026-09-07;cinccino-ex;pokemon;TEF;114;Metang;4;1;1;4.0;1.0
6a9db100ab080c8c957fc12b;2026-09-07;cinccino-ex;pokemon;CRI;61;Metagross;1;1;1;1.0;1.0
6a9db100ab080c8c957fc12b;2026-09-07;cinccino-ex;pokemon;CRI;72;Minccino;3;1;1;3.0;1.0
6a9db100ab080c8c957fc12b;2026-09-07;cinccino-ex;pokemon;CRI;73;Cinccino ex;3;1;1;3.0;1.0
6a9db100ab080c8c957fc12b;2026-09-07;cinccino-ex;pokemon;BLK;67;Genesect ex;2;1;1;2.0;1.0
6a9db100ab080c8c957fc12b;2026-09-07;cinccino-ex;trainer;DRI;176;Team Rocket's Petrel;4;1;1;4.0;1.0
6a9db100ab080c8c957fc12b;2026-09-07;cinccino-ex;trainer;MEG;119;Lillie's Determination;4;1;1;4.0;1.0
6a9db100ab080c8c957fc12b;2026-09-07;cinccino-ex;trainer;MEG;114;Boss's Orders;2;1;1;2.0;1.0
6a9db100ab080c8c957fc12b;2026-09-07;cinccino-ex;trainer;DRI;178;Team Rocket's Transceiver;3;1;1;3.0;1.0
6a9db100ab080c8c957fc12b;2026-09-07;cinccino-ex;trainer;DRI;164;Energy Recycler;2;1;1;2.0;1.0
6a9db100ab080c8c957fc12b;2026-09-07;cinccino-ex;trainer;MEG;131;Ultra Ball;2;1;1;2.0;1.0
6a9db100ab080c8c957fc12b;2026-09-07;cinccino-ex;trainer;ASC;196;Night Stretcher;2;1;1;2.0;1.0
6a9db100ab080c8c957fc12b;2026-09-07;cinccino-ex;trainer;CRI;82;Special Red Card;1;1;1;1.0;1.0
6a9db100ab080c8c957fc12b;2026-09-07;cinccino-ex;trainer;SSP;185;Precious Trolley;1;1;1;1.0;1.0
6a9db100ab080c8c957fc12b;2026-09-07;cinccino-ex;trainer;PFL;85;Battle Cage;2;1;1;2.0;1.0
6a9db100ab080c8c957fc12b;2026-09-07;cinccino-ex;energy;MEE;8;Metal Energy;20;1;1;20.0;1.0
6a9db100ab080c8c957fc12b;2026-09-07;ogerpon-meganium-arboliva;pokemon;TWM;25;Teal Mask Ogerpon ex;12;3;3;4.0;1.0
6a9db100ab080c8c957fc12b;2026-09-07;ogerpon-meganium-arboliva;pokemon;DRI;21;Smoliv;6;3;3;2.0;1.0
6a9db100ab080c8c957fc12b;2026-09-07;ogerpon-meganium-arboliva;pokemon;DRI;22;Dolliv;6;3;3;2.0;1.0
6a9db100ab080c8c957fc12b;2026-09-07;ogerpon-meganium-arboliva;pokemon;DRI;23;Arboliva ex;6;3;3;2.0;1.0
6a9db100ab080c8c957fc12b;2026-09-07;ogerpon-meganium-arboliva;pokemon;ASC;8;Chikorita;2;2;3;0.6667;0.6667
6a9db100ab080c8c957fc12b;2026-09-07;ogerpon-meganium-arboliva;pokemon;MEG;8;Chikorita;4;3;3;1.3333;1.0
6a9db100ab080c8c957fc12b;2026-09-07;ogerpon-meganium-arboliva;pokemon;MEG;9;Bayleef;6;3;3;2.0;1.0
6a9db100ab080c8c957fc12b;2026-09-07;ogerpon-meganium-arboliva;pokemon;MEG;10;Meganium;6;3;3;2.0;1.0
6a9db100ab080c8c957fc12b;2026-09-07;ogerpon-meganium-arboliva;pokemon;POR;62;Meowth ex;4;3;3;1.3333;1.0
6a9db100ab080c8c957fc12b;2026-09-07;ogerpon-meganium-arboliva;pokemon;ASC;142;Fezandipiti ex;3;3;3;1.0;1.0
6a9db100ab080c8c957fc12b;2026-09-07;ogerpon-meganium-arboliva;pokemon;ASC;16;Budew;3;3;3;1.0;1.0
6a9db100ab080c8c957fc12b;2026-09-07;ogerpon-meganium-arboliva;pokemon;DRI;10;Shaymin;2;2;3;0.6667;0.6667
6a9db100ab080c8c957fc12b;2026-09-07;ogerpon-meganium-arboliva;trainer;MEG;119;Lillie's Determination;12;3;3;4.0;1.0
6a9db100ab080c8c957fc12b;2026-09-07;ogerpon-meganium-arboliva;trainer;MEG;114;Boss's Orders;6;3;3;2.0;1.0
6a9db100ab080c8c957fc12b;2026-09-07;ogerpon-meganium-arboliva;trainer;PFL;87;Dawn;6;3;3;2.0;1.0
6a9db100ab080c8c957fc12b;2026-09-07;ogerpon-meganium-arboliva;trainer;SCR;132;Briar;3;3;3;1.0;1.0
6a9db100ab080c8c957fc12b;2026-09-07;ogerpon-meganium-arboliva;trainer;TEF;145;Ciphermaniac's Codebreaking;3;3;3;1.0;1.0
6a9db100ab080c8c957fc12b;2026-09-07;ogerpon-meganium-arboliva;trainer;TWM;155;Lana's Aid;3;3;3;1.0;1.0
6a9db100ab080c8c957fc12b;2026-09-07;ogerpon-meganium-arboliva;trainer;MEG;131;Ultra Ball;12;3;3;4.0;1.0
6a9db100ab080c8c957fc12b;2026-09-07;ogerpon-meganium-arboliva;trainer;TWM;143;Bug Catching Set;12;3;3;4.0;1.0
6a9db100ab080c8c957fc12b;2026-09-07;ogerpon-meganium-arboliva;trainer;ASC;196;Night Stretcher;3;3;3;1.0;1.0
6a9db100ab080c8c957fc12b;2026-09-07;ogerpon-meganium-arboliva;trainer;POR;81;Poké Pad;3;3;3;1.0;1.0
6a9db100ab080c8c957fc12b;2026-09-07;ogerpon-meganium-arboliva;trainer;MEG;115;Energy Switch;3;3;3;1.0;1.0
6a9db100ab080c8c957fc12b;2026-09-07;ogerpon-meganium-arboliva;trainer;TWM;165;Unfair Stamp;3;3;3;1.0;1.0
6a9db100ab080c8c957fc12b;2026-09-07;ogerpon-meganium-arboliva;trainer;ASC;212;Tool Scrapper;2;2;3;0.6667;0.6667
6a9db100ab080c8c957fc12b;2026-09-07;ogerpon-meganium-arboliva;trainer;MEG;117;Forest of Vitality;12;3;3;4.0;1.0
6a9db100ab080c8c957fc12b;2026-09-07;ogerpon-meganium-arboliva;energy;MEE;1;Grass Energy;36;3;3;12.0;1.0
6a9db100ab080c8c957fc12b;2026-09-07;dragapult-ex;trainer;POR;76;Judge;11;11;45;0.2444;0.2444
6a9db100ab080c8c957fc12b;2026-09-07;lucario-hariyama;pokemon;ASC;142;Fezandipiti ex;1;1;9;0.1111;0.1111
6a9db100ab080c8c957fc12b;2026-09-07;lucario-hariyama;trainer;WHT;81;Cheren;2;2;9;0.2222;0.2222
6a9db100ab080c8c957fc12b;2026-09-07;lucario-hariyama;trainer;DRI;168;Sacred Ash;1;1;9;0.1111;0.1111
6a9db100ab080c8c957fc12b;2026-09-07;slowking-scr;pokemon;DRI;10;Shaymin;2;2;19;0.1053;0.1053
6a9db100ab080c8c957fc12b;2026-09-07;ogerpon-meganium-hydrapple;pokemon;DRI;17;Dipplin;1;1;7;0.1429;0.1429
6a9db100ab080c8c957fc12b;2026-09-07;ogerpon-meganium-hydrapple;trainer;TEF;145;Ciphermaniac's Codebreaking;1;1;7;0.1429;0.1429
6a9db100ab080c8c957fc12b;2026-09-07;dragapult-dusknoir;trainer;DRI;179;Team Rocket's Venture Bomb;1;1;20;0.05;0.05
6a9db100ab080c8c957fc12b;2026-09-07;ceruledge-ex;pokemon;SSP;33;Charcadet;2;1;1;2.0;1.0
6a9db100ab080c8c957fc12b;2026-09-07;ceruledge-ex;pokemon;SSP;32;Charcadet;2;1;1;2.0;1.0
6a9db100ab080c8c957fc12b;2026-09-07;ceruledge-ex;pokemon;SSP;36;Ceruledge ex;3;1;1;3.0;1.0
6a9db100ab080c8c957fc12b;2026-09-07;ceruledge-ex;pokemon;MEG;75;Solrock;2;1;1;2.0;1.0
6a9db100ab080c8c957fc12b;2026-09-07;ceruledge-ex;pokemon;MEG;74;Lunatone;2;1;1;2.0;1.0
6a9db100ab080c8c957fc12b;2026-09-07;ceruledge-ex;pokemon;ASC;142;Fezandipiti ex;1;1;1;1.0;1.0
6a9db100ab080c8c957fc12b;2026-09-07;ceruledge-ex;pokemon;TEF;85;Drilbur;1;1;1;1.0;1.0
6a9db100ab080c8c957fc12b;2026-09-07;ceruledge-ex;trainer;TWM;145;Carmine;4;1;1;4.0;1.0
6a9db100ab080c8c957fc12b;2026-09-07;ceruledge-ex;trainer;MEG;114;Boss's Orders;3;1;1;3.0;1.0
6a9db100ab080c8c957fc12b;2026-09-07;ceruledge-ex;trainer;POR;79;Naveen;3;1;1;3.0;1.0
6a9db100ab080c8c957fc12b;2026-09-07;ceruledge-ex;trainer;SFA;64;Xerosic's Machinations;1;1;1;1.0;1.0
6a9db100ab080c8c957fc12b;2026-09-07;ceruledge-ex;trainer;MEG;116;Fighting Gong;4;1;1;4.0;1.0
6a9db100ab080c8c957fc12b;2026-09-07;ceruledge-ex;trainer;MEG;131;Ultra Ball;3;1;1;3.0;1.0
6a9db100ab080c8c957fc12b;2026-09-07;ceruledge-ex;trainer;POR;81;Poké Pad;3;1;1;3.0;1.0
6a9db100ab080c8c957fc12b;2026-09-07;ceruledge-ex;trainer;ASC;196;Night Stretcher;2;1;1;2.0;1.0
6a9db100ab080c8c957fc12b;2026-09-07;ceruledge-ex;trainer;TEF;144;Buddy-Buddy Poffin;2;1;1;2.0;1.0
6a9db100ab080c8c957fc12b;2026-09-07;ceruledge-ex;trainer;SSP;164;Brilliant Blender;1;1;1;1.0;1.0
6a9db100ab080c8c957fc12b;2026-09-07;ceruledge-ex;energy;MEE;6;Fighting Energy;11;1;1;11.0;1.0
6a9db100ab080c8c957fc12b;2026-09-07;ceruledge-ex;energy;MEE;2;Fire Energy;10;1;1;10.0;1.0
6a9db100ab080c8c957fc12b;2026-09-07;basic-box-m;trainer;MEG;130;Switch;1;1;14;0.0714;0.0714
6a9db100ab080c8c957fc12b;2026-09-07;basic-box-m;pokemon;TEF;78;Flutter Mane;1;1;14;0.0714;0.0714
6a9db100ab080c8c957fc12b;2026-09-07;basic-box-m;pokemon;TWM;141;Bloodmoon Ursaluna ex;2;2;14;0.1429;0.1429
6a9db100ab080c8c957fc12b;2026-09-07;lopunny-dudunsparce;pokemon;MEG;54;Abra;2;1;4;0.5;0.25
6a9db100ab080c8c957fc12b;2026-09-07;lopunny-dudunsparce;pokemon;TWM;80;Abra;1;1;4;0.25;0.25
6a9db100ab080c8c957fc12b;2026-09-07;lopunny-dudunsparce;pokemon;MEG;55;Kadabra;3;1;4;0.75;0.25
6a9db100ab080c8c957fc12b;2026-09-07;lopunny-dudunsparce;pokemon;MEG;56;Alakazam;2;1;4;0.5;0.25
6a9db100ab080c8c957fc12b;2026-09-07;lopunny-dudunsparce;pokemon;JTG;120;Dunsparce;8;3;4;2.0;0.75
6a9db100ab080c8c957fc12b;2026-09-07;lopunny-dudunsparce;pokemon;TEF;128;Dunsparce;4;3;4;1.0;0.75
6a9db100ab080c8c957fc12b;2026-09-07;lopunny-dudunsparce;pokemon;TEF;129;Dudunsparce;10;4;4;2.5;1.0
6a9db100ab080c8c957fc12b;2026-09-07;lopunny-dudunsparce;pokemon;PFL;83;Buneary;9;4;4;2.25;1.0
6a9db100ab080c8c957fc12b;2026-09-07;lopunny-dudunsparce;pokemon;PFL;84;Mega Lopunny ex;9;4;4;2.25;1.0
6a9db100ab080c8c957fc12b;2026-09-07;lopunny-dudunsparce;pokemon;SCR;118;Fan Rotom;5;4;4;1.25;1.0
6a9db100ab080c8c957fc12b;2026-09-07;lopunny-dudunsparce;pokemon;DRI;10;Shaymin;4;4;4;1.0;1.0
6a9db100ab080c8c957fc12b;2026-09-07;lopunny-dudunsparce;trainer;WHT;84;Hilda;14;4;4;3.5;1.0
6a9db100ab080c8c957fc12b;2026-09-07;lopunny-dudunsparce;trainer;PFL;87;Dawn;3;1;4;0.75;0.25
6a9db100ab080c8c957fc12b;2026-09-07;lopunny-dudunsparce;trainer;PBL;78;Gwynn;3;1;4;0.75;0.25
6a9db100ab080c8c957fc12b;2026-09-07;lopunny-dudunsparce;trainer;MEG;132;Wally's Compassion;14;4;4;3.5;1.0
6a9db100ab080c8c957fc12b;2026-09-07;lopunny-dudunsparce;trainer;MEG;114;Boss's Orders;12;4;4;3.0;1.0
6a9db100ab080c8c957fc12b;2026-09-07;lopunny-dudunsparce;trainer;TEF;146;Eri;1;1;4;0.25;0.25
6a9db100ab080c8c957fc12b;2026-09-07;lopunny-dudunsparce;trainer;TEF;144;Buddy-Buddy Poffin;16;4;4;4.0;1.0
6a9db100ab080c8c957fc12b;2026-09-07;lopunny-dudunsparce;trainer;POR;81;Poké Pad;15;4;4;3.75;1.0
6a9db100ab080c8c957fc12b;2026-09-07;lopunny-dudunsparce;trainer;SVI;186;Pokégear 3.0;7;3;4;1.75;0.75
6a9db100ab080c8c957fc12b;2026-09-07;lopunny-dudunsparce;trainer;MEG;125;Rare Candy;1;1;4;0.25;0.25
6a9db100ab080c8c957fc12b;2026-09-07;lopunny-dudunsparce;trainer;ASC;196;Night Stretcher;4;3;4;1.0;0.75
6a9db100ab080c8c957fc12b;2026-09-07;lopunny-dudunsparce;trainer;CRI;82;Special Red Card;3;3;4;0.75;0.75
6a9db100ab080c8c957fc12b;2026-09-07;lopunny-dudunsparce;trainer;DRI;168;Sacred Ash;1;1;4;0.25;0.25
6a9db100ab080c8c957fc12b;2026-09-07;lopunny-dudunsparce;trainer;ASC;181;Air Balloon;10;4;4;2.5;1.0
6a9db100ab080c8c957fc12b;2026-09-07;lopunny-dudunsparce;trainer;PFL;85;Battle Cage;12;4;4;3.0;1.0
6a9db100ab080c8c957fc12b;2026-09-07;lopunny-dudunsparce;energy;TEF;161;Mist Energy;15;4;4;3.75;1.0
6a9db100ab080c8c957fc12b;2026-09-07;lopunny-dudunsparce;energy;POR;88;Telepathic Psychic Energy;2;1;4;0.5;0.25
6a9db100ab080c8c957fc12b;2026-09-07;lopunny-dudunsparce;energy;SSP;191;Enriching Energy;3;3;4;0.75;0.75
6a9db100ab080c8c957fc12b;2026-09-07;lopunny-dudunsparce;energy;MEE;5;Psychic Energy;1;1;4;0.25;0.25
6a9db100ab080c8c957fc12b;2026-09-07;dragapult-dudunsparce;pokemon;TWM;128;Dreepy;4;1;1;4.0;1.0
6a9db100ab080c8c957fc12b;2026-09-07;dragapult-dudunsparce;pokemon;TWM;129;Drakloak;4;1;1;4.0;1.0
6a9db100ab080c8c957fc12b;2026-09-07;dragapult-dudunsparce;pokemon;TWM;130;Dragapult ex;3;1;1;3.0;1.0
6a9db100ab080c8c957fc12b;2026-09-07;dragapult-dudunsparce;pokemon;TEF;128;Dunsparce;2;1;1;2.0;1.0
6a9db100ab080c8c957fc12b;2026-09-07;dragapult-dudunsparce;pokemon;TEF;129;Dudunsparce;1;1;1;1.0;1.0
6a9db100ab080c8c957fc12b;2026-09-07;dragapult-dudunsparce;pokemon;JTG;121;Dudunsparce ex;1;1;1;1.0;1.0
6a9db100ab080c8c957fc12b;2026-09-07;dragapult-dudunsparce;pokemon;ASC;16;Budew;2;1;1;2.0;1.0
6a9db100ab080c8c957fc12b;2026-09-07;dragapult-dudunsparce;pokemon;ASC;142;Fezandipiti ex;1;1;1;1.0;1.0
6a9db100ab080c8c957fc12b;2026-09-07;dragapult-dudunsparce;pokemon;PFL;14;Moltres;1;1;1;1.0;1.0
6a9db100ab080c8c957fc12b;2026-09-07;dragapult-dudunsparce;pokemon;POR;62;Meowth ex;1;1;1;1.0;1.0
6a9db100ab080c8c957fc12b;2026-09-07;dragapult-dudunsparce;pokemon;CRI;70;Patrat;1;1;1;1.0;1.0
6a9db100ab080c8c957fc12b;2026-09-07;dragapult-dudunsparce;pokemon;DRI;10;Shaymin;1;1;1;1.0;1.0
6a9db100ab080c8c957fc12b;2026-09-07;dragapult-dudunsparce;trainer;MEG;119;Lillie's Determination;4;1;1;4.0;1.0
6a9db100ab080c8c957fc12b;2026-09-07;dragapult-dudunsparce;trainer;MEG;114;Boss's Orders;3;1;1;3.0;1.0
6a9db100ab080c8c957fc12b;2026-09-07;dragapult-dudunsparce;trainer;SCR;133;Crispin;2;1;1;2.0;1.0
6a9db100ab080c8c957fc12b;2026-09-07;dragapult-dudunsparce;trainer;POR;84;Rosa's Encouragement;1;1;1;1.0;1.0
6a9db100ab080c8c957fc12b;2026-09-07;dragapult-dudunsparce;trainer;PFL;87;Dawn;1;1;1;1.0;1.0
6a9db100ab080c8c957fc12b;2026-09-07;dragapult-dudunsparce;trainer;POR;76;Judge;1;1;1;1.0;1.0
6a9db100ab080c8c957fc12b;2026-09-07;dragapult-dudunsparce;trainer;TEF;144;Buddy-Buddy Poffin;4;1;1;4.0;1.0
6a9db100ab080c8c957fc12b;2026-09-07;dragapult-dudunsparce;trainer;POR;81;Poké Pad;4;1;1;4.0;1.0
6a9db100ab080c8c957fc12b;2026-09-07;dragapult-dudunsparce;trainer;ASC;196;Night Stretcher;3;1;1;3.0;1.0
6a9db100ab080c8c957fc12b;2026-09-07;dragapult-dudunsparce;trainer;MEG;131;Ultra Ball;3;1;1;3.0;1.0
6a9db100ab080c8c957fc12b;2026-09-07;dragapult-dudunsparce;trainer;TWM;165;Unfair Stamp;1;1;1;1.0;1.0
6a9db100ab080c8c957fc12b;2026-09-07;dragapult-dudunsparce;trainer;PBL;75;Dark Bell;1;1;1;1.0;1.0
6a9db100ab080c8c957fc12b;2026-09-07;dragapult-dudunsparce;trainer;CRI;82;Special Red Card;1;1;1;1.0;1.0
6a9db100ab080c8c957fc12b;2026-09-07;dragapult-dudunsparce;trainer;TWM;153;Jamming Tower;1;1;1;1.0;1.0
6a9db100ab080c8c957fc12b;2026-09-07;dragapult-dudunsparce;energy;MEE;5;Psychic Energy;4;1;1;4.0;1.0
6a9db100ab080c8c957fc12b;2026-09-07;dragapult-dudunsparce;energy;MEE;2;Fire Energy;4;1;1;4.0;1.0
6a9db100ab080c8c957fc12b;2026-09-07;crustle-dri;pokemon;TWM;95;Munkidori;4;1;10;0.4;0.1
6a9db100ab080c8c957fc12b;2026-09-07;crustle-dri;trainer;SCR;133;Crispin;3;1;10;0.3;0.1
6a9db100ab080c8c957fc12b;2026-09-07;crustle-dri;trainer;SFA;57;Colress's Tenacity;2;1;10;0.2;0.1
6a9db100ab080c8c957fc12b;2026-09-07;crustle-dri;trainer;POR;81;Poké Pad;1;1;10;0.1;0.1
6a9db100ab080c8c957fc12b;2026-09-07;crustle-dri;trainer;JTG;158;Super Potion;1;1;10;0.1;0.1
6a9db100ab080c8c957fc12b;2026-09-07;crustle-dri;trainer;SSP;169;Counter Gain;1;1;10;0.1;0.1
6a9db100ab080c8c957fc12b;2026-09-07;crustle-dri;energy;MEE;7;Darkness Energy;4;1;10;0.4;0.1
6a9db100ab080c8c957fc12b;2026-09-07;n-zoroark;trainer;POR;71;Crushing Hammer;4;1;14;0.2857;0.0714
6a9db100ab080c8c957fc12b;2026-09-07;n-zoroark;trainer;ASC;181;Air Balloon;3;2;14;0.2143;0.1429
6a9db100ab080c8c957fc12b;2026-09-07;clefairy-ogerpon;pokemon;MEG;104;Mega Kangaskhan ex;6;2;2;3.0;1.0
6a9db100ab080c8c957fc12b;2026-09-07;clefairy-ogerpon;pokemon;JTG;56;Lillie's Clefairy ex;6;2;2;3.0;1.0
6a9db100ab080c8c957fc12b;2026-09-07;clefairy-ogerpon;pokemon;POR;62;Meowth ex;4;2;2;2.0;1.0
6a9db100ab080c8c957fc12b;2026-09-07;clefairy-ogerpon;pokemon;SSP;76;Latias ex;4;2;2;2.0;1.0
6a9db100ab080c8c957fc12b;2026-09-07;clefairy-ogerpon;pokemon;TWM;25;Teal Mask Ogerpon ex;5;2;2;2.5;1.0
6a9db100ab080c8c957fc12b;2026-09-07;clefairy-ogerpon;pokemon;ASC;142;Fezandipiti ex;2;2;2;1.0;1.0
6a9db100ab080c8c957fc12b;2026-09-07;clefairy-ogerpon;pokemon;TEF;81;Iron Crown ex;1;1;2;0.5;0.5
6a9db100ab080c8c957fc12b;2026-09-07;clefairy-ogerpon;pokemon;TWM;64;Wellspring Mask Ogerpon ex;2;2;2;1.0;1.0
6a9db100ab080c8c957fc12b;2026-09-07;clefairy-ogerpon;pokemon;TEF;25;Iron Leaves ex;2;2;2;1.0;1.0
6a9db100ab080c8c957fc12b;2026-09-07;clefairy-ogerpon;pokemon;SSP;111;Passimian;2;2;2;1.0;1.0
6a9db100ab080c8c957fc12b;2026-09-07;clefairy-ogerpon;pokemon;SSP;56;Chien-Pao;2;2;2;1.0;1.0
6a9db100ab080c8c957fc12b;2026-09-07;clefairy-ogerpon;trainer;SCR;133;Crispin;5;2;2;2.5;1.0
6a9db100ab080c8c957fc12b;2026-09-07;clefairy-ogerpon;trainer;MEG;114;Boss's Orders;5;2;2;2.5;1.0
6a9db100ab080c8c957fc12b;2026-09-07;clefairy-ogerpon;trainer;SSP;170;Cyrano;3;2;2;1.5;1.0
6a9db100ab080c8c957fc12b;2026-09-07;clefairy-ogerpon;trainer;POR;76;Judge;1;1;2;0.5;0.5
6a9db100ab080c8c957fc12b;2026-09-07;clefairy-ogerpon;trainer;TEF;145;Ciphermaniac's Codebreaking;1;1;2;0.5;0.5
6a9db100ab080c8c957fc12b;2026-09-07;clefairy-ogerpon;trainer;MEG;131;Ultra Ball;8;2;2;4.0;1.0
6a9db100ab080c8c957fc12b;2026-09-07;clefairy-ogerpon;trainer;MEG;115;Energy Switch;7;2;2;3.5;1.0
6a9db100ab080c8c957fc12b;2026-09-07;clefairy-ogerpon;trainer;SSP;175;Dusk Ball;2;1;2;1.0;0.5
6a9db100ab080c8c957fc12b;2026-09-07;clefairy-ogerpon;trainer;ASC;196;Night Stretcher;3;2;2;1.5;1.0
6a9db100ab080c8c957fc12b;2026-09-07;clefairy-ogerpon;trainer;TEF;157;Prime Catcher;1;1;2;0.5;0.5
6a9db100ab080c8c957fc12b;2026-09-07;clefairy-ogerpon;trainer;CRI;82;Special Red Card;1;1;2;0.5;0.5
6a9db100ab080c8c957fc12b;2026-09-07;clefairy-ogerpon;trainer;JTG;151;Lillie's Pearl;5;2;2;2.5;1.0
6a9db100ab080c8c957fc12b;2026-09-07;clefairy-ogerpon;trainer;SCR;131;Area Zero Underdepths;7;2;2;3.5;1.0
6a9db100ab080c8c957fc12b;2026-09-07;clefairy-ogerpon;energy;MEE;1;Grass Energy;10;2;2;5.0;1.0
6a9db100ab080c8c957fc12b;2026-09-07;clefairy-ogerpon;energy;MEE;5;Psychic Energy;4;2;2;2.0;1.0
6a9db100ab080c8c957fc12b;2026-09-07;clefairy-ogerpon;energy;POR;88;Telepathic Psychic Energy;6;2;2;3.0;1.0
6a9db100ab080c8c957fc12b;2026-09-07;clefairy-ogerpon;energy;MEE;6;Fighting Energy;1;1;2;0.5;0.5
6a9db100ab080c8c957fc12b;2026-09-07;clefairy-ogerpon;energy;MEE;3;Water Energy;2;2;2;1.0;1.0
6a9db100ab080c8c957fc12b;2026-09-07;starmie-froslass;pokemon;TWM;52;Glalie;1;1;3;0.3333;0.3333
6a9db100ab080c8c957fc12b;2026-09-07;starmie-froslass;pokemon;JTG;120;Dunsparce;1;1;3;0.3333;0.3333
6a9db100ab080c8c957fc12b;2026-09-07;starmie-froslass;pokemon;TEF;129;Dudunsparce;1;1;3;0.3333;0.3333
6a9db100ab080c8c957fc12b;2026-09-07;starmie-froslass;pokemon;MEG;88;Yveltal;1;1;3;0.3333;0.3333
6a9db100ab080c8c957fc12b;2026-09-07;starmie-froslass;pokemon;ASC;16;Budew;2;2;3;0.6667;0.6667
6a9db100ab080c8c957fc12b;2026-09-07;starmie-froslass;trainer;MEG;132;Wally's Compassion;3;2;3;1.0;0.6667
6a9db100ab080c8c957fc12b;2026-09-07;starmie-froslass;trainer;TEF;160;Salvatore;4;2;3;1.3333;0.6667
6a9db100ab080c8c957fc12b;2026-09-07;starmie-froslass;trainer;MEG;127;Risky Ruins;5;2;3;1.6667;0.6667
6a9db100ab080c8c957fc12b;2026-09-07;starmie-froslass;energy;CRI;84;Bubbly Water Energy;1;1;3;0.3333;0.3333
6a9db100ab080c8c957fc12b;2026-09-07;n-zoroark;pokemon;JTG;120;Dunsparce;1;1;14;0.0714;0.0714
6a9db100ab080c8c957fc12b;2026-09-07;n-zoroark;pokemon;TEF;129;Dudunsparce;1;1;14;0.0714;0.0714
6a9db100ab080c8c957fc12b;2026-09-07;n-zoroark;pokemon;JTG;121;Dudunsparce ex;1;1;14;0.0714;0.0714
6a9db100ab080c8c957fc12b;2026-09-07;n-zoroark;pokemon;TEF;78;Flutter Mane;1;1;14;0.0714;0.0714
6a9db100ab080c8c957fc12b;2026-09-07;n-zoroark;trainer;TEF;145;Ciphermaniac's Codebreaking;1;1;14;0.0714;0.0714
6a9db100ab080c8c957fc12b;2026-09-07;n-zoroark;trainer;TWM;154;Kieran;1;1;14;0.0714;0.0714
6a9db100ab080c8c957fc12b;2026-09-07;n-zoroark;trainer;TEF;152;Hero's Cape;1;1;14;0.0714;0.0714
6a9db100ab080c8c957fc12b;2026-09-07;dragapult-dusknoir;trainer;TWM;150;Handheld Fan;2;2;20;0.1;0.1
6a9db100ab080c8c957fc12b;2026-09-07;mega-lucario-ex;pokemon;JTG;120;Dunsparce;3;1;6;0.5;0.1667
6a9db100ab080c8c957fc12b;2026-09-07;mega-lucario-ex;pokemon;TEF;129;Dudunsparce;2;1;6;0.3333;0.1667
6a9db100ab080c8c957fc12b;2026-09-07;mega-lucario-ex;pokemon;JTG;121;Dudunsparce ex;1;1;6;0.1667;0.1667
6a9db100ab080c8c957fc12b;2026-09-07;mega-lucario-ex;pokemon;PRE;50;Riolu;3;1;6;0.5;0.1667
6a9db100ab080c8c957fc12b;2026-09-07;mega-lucario-ex;pokemon;DRI;10;Shaymin;2;2;6;0.3333;0.3333
6a9db100ab080c8c957fc12b;2026-09-07;mega-lucario-ex;trainer;WHT;84;Hilda;2;1;6;0.3333;0.1667
6a9db100ab080c8c957fc12b;2026-09-07;mega-lucario-ex;trainer;SFA;64;Xerosic's Machinations;1;1;6;0.1667;0.1667
6a9db100ab080c8c957fc12b;2026-09-07;mega-lucario-ex;trainer;POR;71;Crushing Hammer;4;1;6;0.6667;0.1667
6a9db100ab080c8c957fc12b;2026-09-07;mega-lucario-ex;trainer;TEF;144;Buddy-Buddy Poffin;2;1;6;0.3333;0.1667
6a9db100ab080c8c957fc12b;2026-09-07;mega-lucario-ex;trainer;CRI;82;Special Red Card;4;4;6;0.6667;0.6667
6a9db100ab080c8c957fc12b;2026-09-07;mega-lucario-ex;energy;POR;87;Rocky Fighting Energy;8;3;6;1.3333;0.5
6a9db100ab080c8c957fc12b;2026-09-07;mega-lucario-ex;pokemon;TWM;112;Cornerstone Mask Ogerpon ex;2;2;6;0.3333;0.3333
6a9db100ab080c8c957fc12b;2026-09-07;mega-lucario-ex;pokemon;ASC;39;Psyduck;1;1;6;0.1667;0.1667
6a9db100ab080c8c957fc12b;2026-09-07;mega-lucario-ex;trainer;TEF;155;Morty's Conviction;2;1;6;0.3333;0.1667
6a9db100ab080c8c957fc12b;2026-09-07;mega-lucario-ex;trainer;DRI;180;Team Rocket's Watchtower;5;2;6;0.8333;0.3333
6a9db100ab080c8c957fc12b;2026-09-07;dhelmise-pbl;pokemon;TWM;128;Dreepy;8;2;12;0.6667;0.1667
6a9db100ab080c8c957fc12b;2026-09-07;dhelmise-pbl;pokemon;TWM;129;Drakloak;7;2;12;0.5833;0.1667
6a9db100ab080c8c957fc12b;2026-09-07;dhelmise-pbl;pokemon;TWM;130;Dragapult ex;3;2;12;0.25;0.1667
6a9db100ab080c8c957fc12b;2026-09-07;dhelmise-pbl;pokemon;ASC;16;Budew;3;3;12;0.25;0.25
6a9db100ab080c8c957fc12b;2026-09-07;dhelmise-pbl;pokemon;PFL;14;Moltres;2;2;12;0.1667;0.1667
6a9db100ab080c8c957fc12b;2026-09-07;dhelmise-pbl;trainer;SCR;132;Briar;1;1;12;0.0833;0.0833
6a9db100ab080c8c957fc12b;2026-09-07;dhelmise-pbl;trainer;POR;84;Rosa's Encouragement;2;2;12;0.1667;0.1667
6a9db100ab080c8c957fc12b;2026-09-07;dhelmise-pbl;trainer;TEF;144;Buddy-Buddy Poffin;12;5;12;1.0;0.4167
6a9db100ab080c8c957fc12b;2026-09-07;dhelmise-pbl;trainer;TWM;165;Unfair Stamp;2;2;12;0.1667;0.1667
6a9db100ab080c8c957fc12b;2026-09-07;dhelmise-pbl;trainer;DRI;180;Team Rocket's Watchtower;1;1;12;0.0833;0.0833
6a9db100ab080c8c957fc12b;2026-09-07;dhelmise-pbl;energy;MEE;2;Fire Energy;4;2;12;0.3333;0.1667
6a9db100ab080c8c957fc12b;2026-09-07;grimmsnarl-froslass;trainer;DRI;164;Energy Recycler;1;1;6;0.1667;0.1667
6a9db100ab080c8c957fc12b;2026-09-07;dhelmise-pbl;pokemon;TWM;141;Bloodmoon Ursaluna ex;2;2;12;0.1667;0.1667
6a9db100ab080c8c957fc12b;2026-09-07;lucario-hariyama;trainer;TWM;163;Secret Box;1;1;9;0.1111;0.1111
6a9db100ab080c8c957fc12b;2026-09-07;mega-excadrill-ex;pokemon;ASC;39;Psyduck;2;2;13;0.1538;0.1538
6a9db100ab080c8c957fc12b;2026-09-07;mega-excadrill-ex;trainer;CRI;79;Philippe;3;3;13;0.2308;0.2308
6a9db100ab080c8c957fc12b;2026-09-07;rocket-mewtwo-ex;trainer;POR;72;Energy Search;2;1;6;0.3333;0.1667
6a9db100ab080c8c957fc12b;2026-09-07;rocket-mewtwo-ex;trainer;TWM;163;Secret Box;1;1;6;0.1667;0.1667
6a9db100ab080c8c957fc12b;2026-09-07;starmie-dusknoir;pokemon;ASC;46;Snorunt;2;1;2;1.0;0.5
6a9db100ab080c8c957fc12b;2026-09-07;starmie-dusknoir;pokemon;ASC;47;Mega Froslass ex;1;1;2;0.5;0.5
6a9db100ab080c8c957fc12b;2026-09-07;starmie-dusknoir;pokemon;TWM;95;Munkidori;2;1;2;1.0;0.5
6a9db100ab080c8c957fc12b;2026-09-07;starmie-dusknoir;pokemon;ASC;16;Budew;1;1;2;0.5;0.5
6a9db100ab080c8c957fc12b;2026-09-07;starmie-dusknoir;trainer;SCR;133;Crispin;1;1;2;0.5;0.5
6a9db100ab080c8c957fc12b;2026-09-07;starmie-dusknoir;trainer;TWM;163;Secret Box;1;1;2;0.5;0.5
6a9db100ab080c8c957fc12b;2026-09-07;starmie-dusknoir;trainer;TWM;150;Handheld Fan;1;1;2;0.5;0.5
6a9db100ab080c8c957fc12b;2026-09-07;starmie-dusknoir;trainer;ASC;181;Air Balloon;1;1;2;0.5;0.5
6a9db100ab080c8c957fc12b;2026-09-07;starmie-dusknoir;trainer;MEG;129;Surfing Beach;1;1;2;0.5;0.5
6a9db100ab080c8c957fc12b;2026-09-07;starmie-dusknoir;energy;MEE;7;Darkness Energy;2;1;2;1.0;0.5
6a9db100ab080c8c957fc12b;2026-09-07;starmie-dusknoir;energy;CRI;84;Bubbly Water Energy;1;1;2;0.5;0.5
6a9db100ab080c8c957fc12b;2026-09-07;dragapult-ex;trainer;TEF;146;Eri;1;1;45;0.0222;0.0222
6a9db100ab080c8c957fc12b;2026-09-07;mega-excadrill-ex;pokemon;TWM;112;Cornerstone Mask Ogerpon ex;1;1;13;0.0769;0.0769
6a9db100ab080c8c957fc12b;2026-09-07;mega-excadrill-ex;trainer;TEF;148;Full Metal Lab;3;2;13;0.2308;0.1538
6a9db100ab080c8c957fc12b;2026-09-07;mega-excadrill-ex;energy;POR;87;Rocky Fighting Energy;1;1;13;0.0769;0.0769
6a9db100ab080c8c957fc12b;2026-09-07;beedrill-ex-cri;pokemon;ASC;39;Psyduck;1;1;5;0.2;0.2
6a9db100ab080c8c957fc12b;2026-09-07;beedrill-ex-cri;trainer;TEF;145;Ciphermaniac's Codebreaking;1;1;5;0.2;0.2
6a9db100ab080c8c957fc12b;2026-09-07;dhelmise-pbl;trainer;SVI;186;Pokégear 3.0;8;3;12;0.6667;0.25
6a9db100ab080c8c957fc12b;2026-09-07;cynthia-garchomp-ex;energy;TEF;162;Neo Upper Energy;1;1;5;0.2;0.2
6a9db100ab080c8c957fc12b;2026-09-07;alakazam-dudunsparce;pokemon;TWM;82;Alakazam;2;2;25;0.08;0.08
6a9db100ab080c8c957fc12b;2026-09-07;dhelmise-pbl;trainer;ASC;181;Air Balloon;3;2;12;0.25;0.1667
6a9db100ab080c8c957fc12b;2026-09-07;rockets-honchkrow;pokemon;DRI;127;Team Rocket's Murkrow;24;6;6;4.0;1.0
6a9db100ab080c8c957fc12b;2026-09-07;rockets-honchkrow;pokemon;ASC;127;Team Rocket's Honchkrow;18;6;6;3.0;1.0
6a9db100ab080c8c957fc12b;2026-09-07;rockets-honchkrow;pokemon;DRI;153;Team Rocket's Porygon;12;6;6;2.0;1.0
6a9db100ab080c8c957fc12b;2026-09-07;rockets-honchkrow;pokemon;DRI;154;Team Rocket's Porygon2;6;6;6;1.0;1.0
6a9db100ab080c8c957fc12b;2026-09-07;rockets-honchkrow;pokemon;DRI;51;Team Rocket's Articuno;12;6;6;2.0;1.0
6a9db100ab080c8c957fc12b;2026-09-07;rockets-honchkrow;trainer;DRI;176;Team Rocket's Petrel;23;6;6;3.8333;1.0
6a9db100ab080c8c957fc12b;2026-09-07;rockets-honchkrow;trainer;DRI;170;Team Rocket's Archer;24;6;6;4.0;1.0
6a9db100ab080c8c957fc12b;2026-09-07;rockets-honchkrow;trainer;DRI;177;Team Rocket's Proton;24;6;6;4.0;1.0
6a9db100ab080c8c957fc12b;2026-09-07;rockets-honchkrow;trainer;DRI;171;Team Rocket's Ariana;24;6;6;4.0;1.0
6a9db100ab080c8c957fc12b;2026-09-07;rockets-honchkrow;trainer;DRI;174;Team Rocket's Giovanni;24;6;6;4.0;1.0
6a9db100ab080c8c957fc12b;2026-09-07;rockets-honchkrow;trainer;POR;81;Poké Pad;24;6;6;4.0;1.0
6a9db100ab080c8c957fc12b;2026-09-07;rockets-honchkrow;trainer;ASC;196;Night Stretcher;19;6;6;3.1667;1.0
6a9db100ab080c8c957fc12b;2026-09-07;rockets-honchkrow;trainer;DRI;178;Team Rocket's Transceiver;24;6;6;4.0;1.0
6a9db100ab080c8c957fc12b;2026-09-07;rockets-honchkrow;trainer;PRE;127;Roto-Stick;24;6;6;4.0;1.0
6a9db100ab080c8c957fc12b;2026-09-07;rockets-honchkrow;trainer;SSP;183;Miracle Headset;6;6;6;1.0;1.0
6a9db100ab080c8c957fc12b;2026-09-07;rockets-honchkrow;trainer;DRI;173;Team Rocket's Factory;18;6;6;3.0;1.0
6a9db100ab080c8c957fc12b;2026-09-07;rockets-honchkrow;energy;DRI;182;Team Rocket's Energy;24;6;6;4.0;1.0
6a9db100ab080c8c957fc12b;2026-09-07;rockets-honchkrow;energy;WHT;86;Ignition Energy;24;6;6;4.0;1.0
6a9db100ab080c8c957fc12b;2026-09-07;slowking-scr;trainer;SCR;133;Crispin;3;3;19;0.1579;0.1579
6a9db100ab080c8c957fc12b;2026-09-07;slowking-scr;trainer;DRI;176;Team Rocket's Petrel;1;1;19;0.0526;0.0526
6a9db100ab080c8c957fc12b;2026-09-07;dhelmise-pbl;trainer;SFA;64;Xerosic's Machinations;1;1;12;0.0833;0.0833
6a9db100ab080c8c957fc12b;2026-09-07;starmie-froslass;pokemon;DRI;10;Shaymin;1;1;3;0.3333;0.3333
6a9db100ab080c8c957fc12b;2026-09-07;starmie-froslass;pokemon;ASC;142;Fezandipiti ex;1;1;3;0.3333;0.3333
6a9db100ab080c8c957fc12b;2026-09-07;starmie-froslass;trainer;POR;76;Judge;1;1;3;0.3333;0.3333
6a9db100ab080c8c957fc12b;2026-09-07;starmie-froslass;trainer;SVI;186;Pokégear 3.0;3;1;3;1.0;0.3333
6a9db100ab080c8c957fc12b;2026-09-07;archaludon-dudunsparce;pokemon;SCR;106;Duraludon;12;3;3;4.0;1.0
6a9db100ab080c8c957fc12b;2026-09-07;archaludon-dudunsparce;pokemon;SSP;130;Archaludon ex;10;3;3;3.3333;1.0
6a9db100ab080c8c957fc12b;2026-09-07;archaludon-dudunsparce;pokemon;PFL;75;Archaludon;2;2;3;0.6667;0.6667
6a9db100ab080c8c957fc12b;2026-09-07;archaludon-dudunsparce;pokemon;JTG;120;Dunsparce;6;2;3;2.0;0.6667
6a9db100ab080c8c957fc12b;2026-09-07;archaludon-dudunsparce;pokemon;TEF;129;Dudunsparce;7;3;3;2.3333;1.0
6a9db100ab080c8c957fc12b;2026-09-07;archaludon-dudunsparce;pokemon;MEG;94;Mega Mawile ex;2;2;3;0.6667;0.6667
6a9db100ab080c8c957fc12b;2026-09-07;archaludon-dudunsparce;pokemon;TEF;84;Relicanth;3;3;3;1.0;1.0
6a9db100ab080c8c957fc12b;2026-09-07;archaludon-dudunsparce;pokemon;SCR;118;Fan Rotom;1;1;3;0.3333;0.3333
6a9db100ab080c8c957fc12b;2026-09-07;archaludon-dudunsparce;trainer;MEG;119;Lillie's Determination;7;2;3;2.3333;0.6667
6a9db100ab080c8c957fc12b;2026-09-07;archaludon-dudunsparce;trainer;MEG;114;Boss's Orders;10;3;3;3.3333;1.0
6a9db100ab080c8c957fc12b;2026-09-07;archaludon-dudunsparce;trainer;POR;76;Judge;4;2;3;1.3333;0.6667
6a9db100ab080c8c957fc12b;2026-09-07;archaludon-dudunsparce;trainer;JTG;143;Black Belt's Training;3;2;3;1.0;0.6667
6a9db100ab080c8c957fc12b;2026-09-07;archaludon-dudunsparce;trainer;POR;81;Poké Pad;12;3;3;4.0;1.0
6a9db100ab080c8c957fc12b;2026-09-07;archaludon-dudunsparce;trainer;MEG;131;Ultra Ball;10;3;3;3.3333;1.0
6a9db100ab080c8c957fc12b;2026-09-07;archaludon-dudunsparce;trainer;SVI;186;Pokégear 3.0;3;1;3;1.0;0.3333
6a9db100ab080c8c957fc12b;2026-09-07;archaludon-dudunsparce;trainer;ASC;196;Night Stretcher;9;3;3;3.0;1.0
6a9db100ab080c8c957fc12b;2026-09-07;archaludon-dudunsparce;trainer;MEG;130;Switch;3;3;3;1.0;1.0
6a9db100ab080c8c957fc12b;2026-09-07;archaludon-dudunsparce;trainer;CRI;82;Special Red Card;3;3;3;1.0;1.0
6a9db100ab080c8c957fc12b;2026-09-07;archaludon-dudunsparce;trainer;TWM;162;Scoop Up Cyclone;2;2;3;0.6667;0.6667
6a9db100ab080c8c957fc12b;2026-09-07;archaludon-dudunsparce;trainer;TWM;150;Handheld Fan;3;2;3;1.0;0.6667
6a9db100ab080c8c957fc12b;2026-09-07;archaludon-dudunsparce;trainer;PBL;82;Tremendous Bomb;1;1;3;0.3333;0.3333
6a9db100ab080c8c957fc12b;2026-09-07;archaludon-dudunsparce;trainer;CRI;80;Prism Tower;3;2;3;1.0;0.6667
6a9db100ab080c8c957fc12b;2026-09-07;archaludon-dudunsparce;trainer;PFL;85;Battle Cage;3;3;3;1.0;1.0
6a9db100ab080c8c957fc12b;2026-09-07;archaludon-dudunsparce;energy;MEE;8;Metal Energy;28;3;3;9.3333;1.0
6a9db100ab080c8c957fc12b;2026-09-07;seaking-pre;trainer;TWM;154;Kieran;2;1;2;1.0;0.5
6a9db100ab080c8c957fc12b;2026-09-07;seaking-pre;trainer;POR;82;Pokémon Catcher;1;1;2;0.5;0.5
6a9db100ab080c8c957fc12b;2026-09-07;seaking-pre;energy;WHT;86;Ignition Energy;2;1;2;1.0;0.5
6a9db100ab080c8c957fc12b;2026-09-07;kangaskhan-bouffalant;pokemon;MEG;104;Mega Kangaskhan ex;4;1;1;4.0;1.0
6a9db100ab080c8c957fc12b;2026-09-07;kangaskhan-bouffalant;pokemon;TWM;95;Munkidori;3;1;1;3.0;1.0
6a9db100ab080c8c957fc12b;2026-09-07;kangaskhan-bouffalant;pokemon;SCR;119;Bouffalant;3;1;1;3.0;1.0
6a9db100ab080c8c957fc12b;2026-09-07;kangaskhan-bouffalant;pokemon;SSP;76;Latias ex;1;1;1;1.0;1.0
6a9db100ab080c8c957fc12b;2026-09-07;kangaskhan-bouffalant;pokemon;ASC;16;Budew;1;1;1;1.0;1.0
6a9db100ab080c8c957fc12b;2026-09-07;kangaskhan-bouffalant;pokemon;ASC;142;Fezandipiti ex;1;1;1;1.0;1.0
6a9db100ab080c8c957fc12b;2026-09-07;kangaskhan-bouffalant;trainer;SCR;133;Crispin;4;1;1;4.0;1.0
6a9db100ab080c8c957fc12b;2026-09-07;kangaskhan-bouffalant;trainer;MEG;119;Lillie's Determination;3;1;1;3.0;1.0
6a9db100ab080c8c957fc12b;2026-09-07;kangaskhan-bouffalant;trainer;MEG;114;Boss's Orders;2;1;1;2.0;1.0
6a9db100ab080c8c957fc12b;2026-09-07;kangaskhan-bouffalant;trainer;TEF;145;Ciphermaniac's Codebreaking;2;1;1;2.0;1.0
6a9db100ab080c8c957fc12b;2026-09-07;kangaskhan-bouffalant;trainer;DRI;176;Team Rocket's Petrel;2;1;1;2.0;1.0
6a9db100ab080c8c957fc12b;2026-09-07;kangaskhan-bouffalant;trainer;SSP;170;Cyrano;1;1;1;1.0;1.0
6a9db100ab080c8c957fc12b;2026-09-07;kangaskhan-bouffalant;trainer;MEG;132;Wally's Compassion;1;1;1;1.0;1.0
6a9db100ab080c8c957fc12b;2026-09-07;kangaskhan-bouffalant;trainer;PFL;91;Jumbo Ice Cream;4;1;1;4.0;1.0
6a9db100ab080c8c957fc12b;2026-09-07;kangaskhan-bouffalant;trainer;MEG;131;Ultra Ball;4;1;1;4.0;1.0
6a9db100ab080c8c957fc12b;2026-09-07;kangaskhan-bouffalant;trainer;POR;81;Poké Pad;2;1;1;2.0;1.0
6a9db100ab080c8c957fc12b;2026-09-07;kangaskhan-bouffalant;trainer;MEG;115;Energy Switch;2;1;1;2.0;1.0
6a9db100ab080c8c957fc12b;2026-09-07;kangaskhan-bouffalant;trainer;ASC;196;Night Stretcher;2;1;1;2.0;1.0
6a9db100ab080c8c957fc12b;2026-09-07;kangaskhan-bouffalant;trainer;SFA;62;Poké Vital A;1;1;1;1.0;1.0
6a9db100ab080c8c957fc12b;2026-09-07;kangaskhan-bouffalant;trainer;CRI;82;Special Red Card;1;1;1;1.0;1.0
6a9db100ab080c8c957fc12b;2026-09-07;kangaskhan-bouffalant;trainer;PRE;111;Haban Berry;1;1;1;1.0;1.0
6a9db100ab080c8c957fc12b;2026-09-07;kangaskhan-bouffalant;trainer;SSP;168;Colbur Berry;1;1;1;1.0;1.0
6a9db100ab080c8c957fc12b;2026-09-07;kangaskhan-bouffalant;trainer;SCR;141;Payapa Berry;1;1;1;1.0;1.0
6a9db100ab080c8c957fc12b;2026-09-07;kangaskhan-bouffalant;trainer;SSP;180;Lively Stadium;2;1;1;2.0;1.0
6a9db100ab080c8c957fc12b;2026-09-07;kangaskhan-bouffalant;energy;MEE;7;Darkness Energy;6;1;1;6.0;1.0
6a9db100ab080c8c957fc12b;2026-09-07;kangaskhan-bouffalant;energy;MEE;5;Psychic Energy;5;1;1;5.0;1.0
6a9db100ab080c8c957fc12b;2026-09-07;stevens-metagross;pokemon;PFL;27;Piplup;3;2;2;1.5;1.0
6a9db100ab080c8c957fc12b;2026-09-07;stevens-metagross;pokemon;PFL;28;Prinplup;1;1;2;0.5;0.5
6a9db100ab080c8c957fc12b;2026-09-07;stevens-metagross;pokemon;PFL;70;Empoleon ex;3;2;2;1.5;1.0
6a9db100ab080c8c957fc12b;2026-09-07;stevens-metagross;pokemon;DRI;143;Steven's Beldum;4;2;2;2.0;1.0
6a9db100ab080c8c957fc12b;2026-09-07;stevens-metagross;pokemon;DRI;144;Steven's Metang;4;2;2;2.0;1.0
6a9db100ab080c8c957fc12b;2026-09-07;stevens-metagross;pokemon;DRI;145;Steven's Metagross ex;4;2;2;2.0;1.0
6a9db100ab080c8c957fc12b;2026-09-07;stevens-metagross;pokemon;BLK;67;Genesect ex;4;2;2;2.0;1.0
6a9db100ab080c8c957fc12b;2026-09-07;stevens-metagross;pokemon;POR;55;Mega Skarmory ex;2;2;2;1.0;1.0
6a9db100ab080c8c957fc12b;2026-09-07;stevens-metagross;pokemon;CRI;32;Deoxys;1;1;2;0.5;0.5
6a9db100ab080c8c957fc12b;2026-09-07;stevens-metagross;pokemon;POR;62;Meowth ex;1;1;2;0.5;0.5
6a9db100ab080c8c957fc12b;2026-09-07;stevens-metagross;pokemon;MEG;94;Mega Mawile ex;2;2;2;1.0;1.0
6a9db100ab080c8c957fc12b;2026-09-07;stevens-metagross;pokemon;ASC;142;Fezandipiti ex;2;2;2;1.0;1.0
6a9db100ab080c8c957fc12b;2026-09-07;stevens-metagross;pokemon;MEG;95;Dialga;2;2;2;1.0;1.0
6a9db100ab080c8c957fc12b;2026-09-07;stevens-metagross;pokemon;JTG;56;Lillie's Clefairy ex;2;2;2;1.0;1.0
6a9db100ab080c8c957fc12b;2026-09-07;stevens-metagross;trainer;MEG;119;Lillie's Determination;6;2;2;3.0;1.0
6a9db100ab080c8c957fc12b;2026-09-07;stevens-metagross;trainer;TEF;155;Morty's Conviction;2;1;2;1.0;0.5
6a9db100ab080c8c957fc12b;2026-09-07;stevens-metagross;trainer;MEG;114;Boss's Orders;4;2;2;2.0;1.0
6a9db100ab080c8c957fc12b;2026-09-07;stevens-metagross;trainer;MEG;131;Ultra Ball;7;2;2;3.5;1.0
6a9db100ab080c8c957fc12b;2026-09-07;stevens-metagross;trainer;ASC;196;Night Stretcher;3;1;2;1.5;0.5
6a9db100ab080c8c957fc12b;2026-09-07;stevens-metagross;trainer;TEF;144;Buddy-Buddy Poffin;5;2;2;2.5;1.0
6a9db100ab080c8c957fc12b;2026-09-07;stevens-metagross;trainer;MEG;125;Rare Candy;6;2;2;3.0;1.0
6a9db100ab080c8c957fc12b;2026-09-07;stevens-metagross;trainer;DRI;164;Energy Recycler;3;2;2;1.5;1.0
6a9db100ab080c8c957fc12b;2026-09-07;stevens-metagross;trainer;CRI;82;Special Red Card;1;1;2;0.5;0.5
6a9db100ab080c8c957fc12b;2026-09-07;stevens-metagross;trainer;MEG;130;Switch;2;2;2;1.0;1.0
6a9db100ab080c8c957fc12b;2026-09-07;stevens-metagross;trainer;ASC;181;Air Balloon;1;1;2;0.5;0.5
6a9db100ab080c8c957fc12b;2026-09-07;stevens-metagross;trainer;TEF;152;Hero's Cape;1;1;2;0.5;0.5
6a9db100ab080c8c957fc12b;2026-09-07;stevens-metagross;trainer;TEF;148;Full Metal Lab;1;1;2;0.5;0.5
6a9db100ab080c8c957fc12b;2026-09-07;stevens-metagross;energy;MEE;8;Metal Energy;11;2;2;5.5;1.0
6a9db100ab080c8c957fc12b;2026-09-07;stevens-metagross;energy;MEE;5;Psychic Energy;10;2;2;5.0;1.0
6a9db100ab080c8c957fc12b;2026-09-07;archaludon-dudunsparce;pokemon;TEF;128;Dunsparce;2;1;3;0.6667;0.3333
6a9db100ab080c8c957fc12b;2026-09-07;archaludon-dudunsparce;pokemon;PBL;61;Shieldon;1;1;3;0.3333;0.3333
6a9db100ab080c8c957fc12b;2026-09-07;archaludon-dudunsparce;pokemon;PBL;62;Bastiodon;2;1;3;0.6667;0.3333
6a9db100ab080c8c957fc12b;2026-09-07;archaludon-dudunsparce;pokemon;BLK;67;Genesect ex;1;1;3;0.3333;0.3333
6a9db100ab080c8c957fc12b;2026-09-07;archaludon-dudunsparce;pokemon;ASC;142;Fezandipiti ex;2;2;3;0.6667;0.6667
6a9db100ab080c8c957fc12b;2026-09-07;archaludon-dudunsparce;pokemon;DRI;10;Shaymin;1;1;3;0.3333;0.3333
6a9db100ab080c8c957fc12b;2026-09-07;archaludon-dudunsparce;trainer;TEF;147;Explorer's Guidance;3;1;3;1.0;0.3333
6a9db100ab080c8c957fc12b;2026-09-07;archaludon-dudunsparce;trainer;DRI;176;Team Rocket's Petrel;2;1;3;0.6667;0.3333
6a9db100ab080c8c957fc12b;2026-09-07;archaludon-dudunsparce;trainer;POR;79;Naveen;2;1;3;0.6667;0.3333
6a9db100ab080c8c957fc12b;2026-09-07;archaludon-dudunsparce;trainer;PBL;72;Antique Armor Fossil;2;1;3;0.6667;0.3333
6a9db100ab080c8c957fc12b;2026-09-07;archaludon-dudunsparce;trainer;MEG;125;Rare Candy;2;1;3;0.6667;0.3333
6a9db100ab080c8c957fc12b;2026-09-07;archaludon-dudunsparce;trainer;SCR;134;Deluxe Bomb;1;1;3;0.3333;0.3333
6a9db100ab080c8c957fc12b;2026-09-07;archaludon-dudunsparce;trainer;TEF;148;Full Metal Lab;2;1;3;0.6667;0.3333
6a9db100ab080c8c957fc12b;2026-09-07;archaludon-dudunsparce;energy;CRI;85;Magnetic Metal Energy;3;1;3;1.0;0.3333
6a9db100ab080c8c957fc12b;2026-09-07;lopunny-dusknoir;pokemon;CRI;70;Patrat;1;1;8;0.125;0.125
6a9db100ab080c8c957fc12b;2026-09-07;dhelmise-pbl;trainer;TWM;154;Kieran;1;1;12;0.0833;0.0833
6a9db100ab080c8c957fc12b;2026-09-07;dhelmise-pbl;trainer;PFL;87;Dawn;1;1;12;0.0833;0.0833
6a9db100ab080c8c957fc12b;2026-09-07;dragapult-blaziken;trainer;TWM;153;Jamming Tower;2;2;11;0.1818;0.1818
6a9db100ab080c8c957fc12b;2026-09-07;lucario-hariyama;pokemon;ASC;16;Budew;1;1;9;0.1111;0.1111
6a9db100ab080c8c957fc12b;2026-09-07;lucario-hariyama;pokemon;TWM;112;Cornerstone Mask Ogerpon ex;1;1;9;0.1111;0.1111
6a9db100ab080c8c957fc12b;2026-09-07;lucario-hariyama;trainer;SVI;186;Pokégear 3.0;1;1;9;0.1111;0.1111
6a9db100ab080c8c957fc12b;2026-09-07;lucario-hariyama;trainer;MEG;121;Mega Signal;2;2;9;0.2222;0.2222
6a9db100ab080c8c957fc12b;2026-09-07;dragapult-dusknoir;pokemon;ASC;39;Psyduck;1;1;20;0.05;0.05
6a9db100ab080c8c957fc12b;2026-09-07;dragapult-dusknoir;trainer;CRI;83;Transformation Tome;4;1;20;0.2;0.05
6a9db100ab080c8c957fc12b;2026-09-07;clefairy-ogerpon;pokemon;TWM;93;Enamorus;1;1;2;0.5;0.5
6a9db100ab080c8c957fc12b;2026-09-07;clefairy-ogerpon;pokemon;SSP;18;Paldean Tauros;1;1;2;0.5;0.5
6a9db100ab080c8c957fc12b;2026-09-07;clefairy-ogerpon;trainer;MEG;119;Lillie's Determination;3;1;2;1.5;0.5
6a9db100ab080c8c957fc12b;2026-09-07;clefairy-ogerpon;trainer;BLK;83;N's Plan;1;1;2;0.5;0.5
6a9db100ab080c8c957fc12b;2026-09-07;clefairy-ogerpon;trainer;TWM;143;Bug Catching Set;2;1;2;1.0;0.5
6a9db100ab080c8c957fc12b;2026-09-07;clefairy-ogerpon;trainer;TWM;165;Unfair Stamp;1;1;2;0.5;0.5
6a9db100ab080c8c957fc12b;2026-09-07;clefairy-ogerpon;energy;ASC;216;Prism Energy;2;1;2;1.0;0.5
6a9db100ab080c8c957fc12b;2026-09-07;clefairy-ogerpon;energy;TEF;161;Mist Energy;1;1;2;0.5;0.5
6a9db100ab080c8c957fc12b;2026-09-07;dragapult-ex;trainer;MEG;130;Switch;1;1;45;0.0222;0.0222
6a9db100ab080c8c957fc12b;2026-09-07;toxtricity-box;pokemon;MEG;88;Yveltal;1;1;5;0.2;0.2
6a9db100ab080c8c957fc12b;2026-09-07;archaludon-dudunsparce;pokemon;POR;62;Meowth ex;1;1;3;0.3333;0.3333
6a9db100ab080c8c957fc12b;2026-09-07;archaludon-dudunsparce;trainer;PFL;91;Jumbo Ice Cream;3;1;3;1.0;0.3333
6a9db100ab080c8c957fc12b;2026-09-07;archaludon-dudunsparce;trainer;TEF;144;Buddy-Buddy Poffin;1;1;3;0.3333;0.3333
6a9db100ab080c8c957fc12b;2026-09-07;archaludon-dudunsparce;trainer;ASC;181;Air Balloon;2;1;3;0.6667;0.3333
6a9db100ab080c8c957fc12b;2026-09-07;lopunny-dudunsparce;pokemon;ASC;62;Stunfisk;2;1;4;0.5;0.25
6a9db100ab080c8c957fc12b;2026-09-07;lopunny-dudunsparce;trainer;MEG;119;Lillie's Determination;9;3;4;2.25;0.75
6a9db100ab080c8c957fc12b;2026-09-07;lopunny-dudunsparce;trainer;MEG;131;Ultra Ball;10;3;4;2.5;0.75
6a9db100ab080c8c957fc12b;2026-09-07;lopunny-dudunsparce;energy;ASC;216;Prism Energy;3;1;4;0.75;0.25
6a9db100ab080c8c957fc12b;2026-09-07;lucario-hariyama;pokemon;DRI;10;Shaymin;1;1;9;0.1111;0.1111
6a9db100ab080c8c957fc12b;2026-09-07;lucario-hariyama;trainer;WHT;84;Hilda;2;1;9;0.2222;0.1111
6a9db100ab080c8c957fc12b;2026-09-07;lucario-hariyama;trainer;ASC;212;Tool Scrapper;1;1;9;0.1111;0.1111
6a9db100ab080c8c957fc12b;2026-09-07;lucario-hariyama;trainer;TEF;152;Hero's Cape;1;1;9;0.1111;0.1111
6a9db100ab080c8c957fc12b;2026-09-07;lucario-hariyama;trainer;DRI;180;Team Rocket's Watchtower;2;1;9;0.2222;0.1111
6a9db100ab080c8c957fc12b;2026-09-07;n-zoroark;pokemon;SVP;149;Pecharunt;3;3;14;0.2143;0.2143
6a9db100ab080c8c957fc12b;2026-09-07;n-zoroark;trainer;PFL;92;Punk Helmet;6;3;14;0.4286;0.2143
6a9db100ab080c8c957fc12b;2026-09-07;dragapult-ex;pokemon;TEF;128;Dunsparce;4;4;45;0.0889;0.0889
6a9db100ab080c8c957fc12b;2026-09-07;dragapult-ex;pokemon;JTG;121;Dudunsparce ex;4;4;45;0.0889;0.0889
6a9db100ab080c8c957fc12b;2026-09-07;rockets-honchkrow;trainer;ASC;212;Tool Scrapper;1;1;6;0.1667;0.1667
6a9db100ab080c8c957fc12b;2026-09-07;n-zoroark;trainer;SVI;186;Pokégear 3.0;1;1;14;0.0714;0.0714
6a9db100ab080c8c957fc12b;2026-09-07;n-zoroark;trainer;SFA;63;Powerglass;1;1;14;0.0714;0.0714
6a9db100ab080c8c957fc12b;2026-09-07;n-zoroark;trainer;POR;77;Lumiose City;1;1;14;0.0714;0.0714
6a9db100ab080c8c957fc12b;2026-09-07;mega-venusaur-ex;pokemon;TWM;25;Teal Mask Ogerpon ex;4;1;1;4.0;1.0
6a9db100ab080c8c957fc12b;2026-09-07;mega-venusaur-ex;pokemon;ASC;8;Chikorita;3;1;1;3.0;1.0
6a9db100ab080c8c957fc12b;2026-09-07;mega-venusaur-ex;pokemon;MEG;9;Bayleef;3;1;1;3.0;1.0
6a9db100ab080c8c957fc12b;2026-09-07;mega-venusaur-ex;pokemon;MEG;10;Meganium;2;1;1;2.0;1.0
6a9db100ab080c8c957fc12b;2026-09-07;mega-venusaur-ex;pokemon;MEG;1;Bulbasaur;2;1;1;2.0;1.0
6a9db100ab080c8c957fc12b;2026-09-07;mega-venusaur-ex;pokemon;MEG;2;Ivysaur;2;1;1;2.0;1.0
6a9db100ab080c8c957fc12b;2026-09-07;mega-venusaur-ex;pokemon;MEG;3;Mega Venusaur ex;2;1;1;2.0;1.0
6a9db100ab080c8c957fc12b;2026-09-07;mega-venusaur-ex;pokemon;MEG;12;Celebi;1;1;1;1.0;1.0
6a9db100ab080c8c957fc12b;2026-09-07;mega-venusaur-ex;pokemon;ASC;142;Fezandipiti ex;1;1;1;1.0;1.0
6a9db100ab080c8c957fc12b;2026-09-07;mega-venusaur-ex;pokemon;POR;62;Meowth ex;1;1;1;1.0;1.0
6a9db100ab080c8c957fc12b;2026-09-07;mega-venusaur-ex;pokemon;PFL;8;Genesect;1;1;1;1.0;1.0
6a9db100ab080c8c957fc12b;2026-09-07;mega-venusaur-ex;trainer;MEG;119;Lillie's Determination;4;1;1;4.0;1.0
6a9db100ab080c8c957fc12b;2026-09-07;mega-venusaur-ex;trainer;TWM;155;Lana's Aid;2;1;1;2.0;1.0
6a9db100ab080c8c957fc12b;2026-09-07;mega-venusaur-ex;trainer;MEG;114;Boss's Orders;2;1;1;2.0;1.0
6a9db100ab080c8c957fc12b;2026-09-07;mega-venusaur-ex;trainer;POR;76;Judge;1;1;1;1.0;1.0
6a9db100ab080c8c957fc12b;2026-09-07;mega-venusaur-ex;trainer;PFL;87;Dawn;1;1;1;1.0;1.0
6a9db100ab080c8c957fc12b;2026-09-07;mega-venusaur-ex;trainer;SFA;64;Xerosic's Machinations;1;1;1;1.0;1.0
6a9db100ab080c8c957fc12b;2026-09-07;mega-venusaur-ex;trainer;MEG;132;Wally's Compassion;1;1;1;1.0;1.0
6a9db100ab080c8c957fc12b;2026-09-07;mega-venusaur-ex;trainer;TWM;143;Bug Catching Set;4;1;1;4.0;1.0
6a9db100ab080c8c957fc12b;2026-09-07;mega-venusaur-ex;trainer;MEG;131;Ultra Ball;3;1;1;3.0;1.0
6a9db100ab080c8c957fc12b;2026-09-07;mega-venusaur-ex;trainer;POR;81;Poké Pad;2;1;1;2.0;1.0
6a9db100ab080c8c957fc12b;2026-09-07;mega-venusaur-ex;trainer;TWM;165;Unfair Stamp;1;1;1;1.0;1.0
6a9db100ab080c8c957fc12b;2026-09-07;mega-venusaur-ex;trainer;ASC;196;Night Stretcher;1;1;1;1.0;1.0
6a9db100ab080c8c957fc12b;2026-09-07;mega-venusaur-ex;trainer;CRI;82;Special Red Card;1;1;1;1.0;1.0
6a9db100ab080c8c957fc12b;2026-09-07;mega-venusaur-ex;trainer;MEG;117;Forest of Vitality;4;1;1;4.0;1.0
6a9db100ab080c8c957fc12b;2026-09-07;mega-venusaur-ex;energy;MEE;1;Grass Energy;10;1;1;10.0;1.0
6a9db100ab080c8c957fc12b;2026-09-07;dragapult-ex;trainer;SFA;64;Xerosic's Machinations;4;3;45;0.0889;0.0667
6a9db100ab080c8c957fc12b;2026-09-07;stevens-metagross;pokemon;SSP;76;Latias ex;1;1;2;0.5;0.5
6a9db100ab080c8c957fc12b;2026-09-07;stevens-metagross;pokemon;ASC;16;Budew;1;1;2;0.5;0.5
6a9db100ab080c8c957fc12b;2026-09-07;stevens-metagross;pokemon;CRI;33;Deoxys;1;1;2;0.5;0.5
6a9db100ab080c8c957fc12b;2026-09-07;stevens-metagross;trainer;DRI;176;Team Rocket's Petrel;4;1;2;2.0;0.5
6a9db100ab080c8c957fc12b;2026-09-07;stevens-metagross;trainer;POR;76;Judge;3;1;2;1.5;0.5
6a9db100ab080c8c957fc12b;2026-09-07;stevens-metagross;trainer;DRI;178;Team Rocket's Transceiver;3;1;2;1.5;0.5
6a9db100ab080c8c957fc12b;2026-09-07;stevens-metagross;trainer;SSP;185;Precious Trolley;1;1;2;0.5;0.5
6a9db100ab080c8c957fc12b;2026-09-07;stevens-metagross;trainer;JTG;156;Redeemable Ticket;1;1;2;0.5;0.5
6a9db100ab080c8c957fc12b;2026-09-07;stevens-metagross;trainer;DRI;168;Sacred Ash;1;1;2;0.5;0.5
6a9db100ab080c8c957fc12b;2026-09-07;stevens-metagross;trainer;DRI;180;Team Rocket's Watchtower;2;1;2;1.0;0.5
6a9db100ab080c8c957fc12b;2026-09-07;stevens-metagross;trainer;PFL;85;Battle Cage;2;1;2;1.0;0.5
6a9db100ab080c8c957fc12b;2026-09-07;stevens-metagross;energy;TEF;161;Mist Energy;2;1;2;1.0;0.5
6a9db100ab080c8c957fc12b;2026-09-07;rockets-honchkrow;trainer;MEG;131;Ultra Ball;2;2;6;0.3333;0.3333
6a9db100ab080c8c957fc12b;2026-09-07;rockets-honchkrow;trainer;SVI;186;Pokégear 3.0;1;1;6;0.1667;0.1667
6a9db100ab080c8c957fc12b;2026-09-07;dragapult-dusknoir;trainer;WHT;83;Harlequin;1;1;20;0.05;0.05
6a9db100ab080c8c957fc12b;2026-09-07;dragapult-dusknoir;trainer;WHT;84;Hilda;1;1;20;0.05;0.05
6a9db100ab080c8c957fc12b;2026-09-07;dragapult-dusknoir;trainer;DRI;176;Team Rocket's Petrel;1;1;20;0.05;0.05
6a9db100ab080c8c957fc12b;2026-09-07;dragapult-dusknoir;trainer;MEG;130;Switch;1;1;20;0.05;0.05
6a9db100ab080c8c957fc12b;2026-09-07;dragapult-dusknoir;energy;TEF;162;Neo Upper Energy;1;1;20;0.05;0.05
6a9db100ab080c8c957fc12b;2026-09-07;lopunny-dudunsparce;pokemon;ASC;46;Snorunt;4;2;4;1.0;0.5
6a9db100ab080c8c957fc12b;2026-09-07;lopunny-dudunsparce;pokemon;ASC;47;Mega Froslass ex;4;2;4;1.0;0.5
6a9db100ab080c8c957fc12b;2026-09-07;lopunny-dudunsparce;pokemon;POR;62;Meowth ex;2;2;4;0.5;0.5
6a9db100ab080c8c957fc12b;2026-09-07;lopunny-dudunsparce;pokemon;ASC;39;Psyduck;2;2;4;0.5;0.5
6a9db100ab080c8c957fc12b;2026-09-07;lopunny-dudunsparce;pokemon;ASC;16;Budew;1;1;4;0.25;0.25
6a9db100ab080c8c957fc12b;2026-09-07;lopunny-dudunsparce;trainer;SFA;64;Xerosic's Machinations;1;1;4;0.25;0.25
6a9db100ab080c8c957fc12b;2026-09-07;lopunny-dudunsparce;energy;MEE;3;Water Energy;3;1;4;0.75;0.25
6a9db100ab080c8c957fc12b;2026-09-07;basic-box-m;pokemon;SSP;57;Pikachu ex;1;1;14;0.0714;0.0714
6a9db100ab080c8c957fc12b;2026-09-07;basic-box-m;energy;MEE;8;Metal Energy;2;1;14;0.1429;0.0714
6a9db100ab080c8c957fc12b;2026-09-07;mega-excadrill-ex;pokemon;SCR;106;Duraludon;3;1;13;0.2308;0.0769
6a9db100ab080c8c957fc12b;2026-09-07;mega-excadrill-ex;pokemon;SCR;107;Archaludon;2;1;13;0.1538;0.0769
6a9db100ab080c8c957fc12b;2026-09-07;mega-excadrill-ex;pokemon;SSP;130;Archaludon ex;1;1;13;0.0769;0.0769
6a9db100ab080c8c957fc12b;2026-09-07;mega-excadrill-ex;pokemon;TEF;78;Flutter Mane;1;1;13;0.0769;0.0769
6a9db100ab080c8c957fc12b;2026-09-07;mega-excadrill-ex;trainer;POR;81;Poké Pad;1;1;13;0.0769;0.0769
6a9db100ab080c8c957fc12b;2026-09-07;ogerpon-meganium-arboliva;trainer;CRI;82;Special Red Card;1;1;3;0.3333;0.3333
6a9db100ab080c8c957fc12b;2026-09-07;dragapult-blaziken;pokemon;TWM;39;Chi-Yu;2;2;11;0.1818;0.1818
6a9db100ab080c8c957fc12b;2026-09-07;dragapult-blaziken;trainer;SCR;131;Area Zero Underdepths;1;1;11;0.0909;0.0909
6a9db100ab080c8c957fc12b;2026-09-07;rockets-honchkrow;trainer;TWM;158;Lucky Helmet;2;2;6;0.3333;0.3333
6a9db100ab080c8c957fc12b;2026-09-07;lopunny-dudunsparce;pokemon;SSP;56;Chien-Pao;1;1;4;0.25;0.25
6a9db100ab080c8c957fc12b;2026-09-07;lopunny-dudunsparce;trainer;TEF;152;Hero's Cape;1;1;4;0.25;0.25
6a9db100ab080c8c957fc12b;2026-09-07;lopunny-dudunsparce;energy;CRI;84;Bubbly Water Energy;3;1;4;0.75;0.25
6a9db100ab080c8c957fc12b;2026-09-07;mega-excadrill-ex;trainer;POR;82;Pokémon Catcher;1;1;13;0.0769;0.0769
6a9db100ab080c8c957fc12b;2026-09-07;alakazam-dudunsparce;pokemon;TEF;128;Dunsparce;1;1;25;0.04;0.04
6a9db100ab080c8c957fc12b;2026-09-07;mega-absol-box;pokemon;ASC;142;Fezandipiti ex;1;1;4;0.25;0.25
6a9db100ab080c8c957fc12b;2026-09-07;mega-absol-box;pokemon;ASC;39;Psyduck;1;1;4;0.25;0.25
6a9db100ab080c8c957fc12b;2026-09-07;mega-absol-box;trainer;PRE;112;Janine's Secret Art;3;1;4;0.75;0.25
6a9db100ab080c8c957fc12b;2026-09-07;mega-absol-box;trainer;MEG;121;Mega Signal;4;1;4;1.0;0.25
6a9db100ab080c8c957fc12b;2026-09-07;mega-absol-box;trainer;TEF;152;Hero's Cape;1;1;4;0.25;0.25
6a9db100ab080c8c957fc12b;2026-09-07;mega-absol-box;trainer;POR;77;Lumiose City;2;1;4;0.5;0.25
6a9db100ab080c8c957fc12b;2026-09-07;mega-absol-box;energy;TEF;161;Mist Energy;3;1;4;0.75;0.25
6a9db100ab080c8c957fc12b;2026-09-07;dhelmise-pbl;pokemon;TWM;131;Tatsugiri;1;1;12;0.0833;0.0833
6a9db100ab080c8c957fc12b;2026-09-07;dhelmise-pbl;trainer;TEF;155;Morty's Conviction;2;1;12;0.1667;0.0833
6a9db100ab080c8c957fc12b;2026-09-07;dhelmise-pbl;trainer;JTG;143;Black Belt's Training;1;1;12;0.0833;0.0833
6a9db100ab080c8c957fc12b;2026-09-07;dhelmise-pbl;trainer;WHT;80;Brave Bangle;1;1;12;0.0833;0.0833
6a9db100ab080c8c957fc12b;2026-09-07;dhelmise-pbl;energy;ASC;216;Prism Energy;3;1;12;0.25;0.0833
6a9db100ab080c8c957fc12b;2026-09-07;greninja-ex;pokemon;CRI;20;Froakie;3;1;2;1.5;0.5
6a9db100ab080c8c957fc12b;2026-09-07;greninja-ex;pokemon;CRI;21;Frogadier;4;2;2;2.0;1.0
6a9db100ab080c8c957fc12b;2026-09-07;greninja-ex;pokemon;TWM;106;Greninja ex;4;2;2;2.0;1.0
6a9db100ab080c8c957fc12b;2026-09-07;greninja-ex;pokemon;CRI;22;Mega Greninja ex;2;2;2;1.0;1.0
6a9db100ab080c8c957fc12b;2026-09-07;greninja-ex;pokemon;PRE;35;Duskull;4;2;2;2.0;1.0
6a9db100ab080c8c957fc12b;2026-09-07;greninja-ex;pokemon;PRE;36;Dusclops;3;2;2;1.5;1.0
6a9db100ab080c8c957fc12b;2026-09-07;greninja-ex;pokemon;PRE;37;Dusknoir;4;2;2;2.0;1.0
6a9db100ab080c8c957fc12b;2026-09-07;greninja-ex;pokemon;ASC;46;Snorunt;2;1;2;1.0;0.5
6a9db100ab080c8c957fc12b;2026-09-07;greninja-ex;pokemon;ASC;47;Mega Froslass ex;1;1;2;0.5;0.5
6a9db100ab080c8c957fc12b;2026-09-07;greninja-ex;pokemon;POR;62;Meowth ex;3;2;2;1.5;1.0
6a9db100ab080c8c957fc12b;2026-09-07;greninja-ex;pokemon;ASC;142;Fezandipiti ex;2;2;2;1.0;1.0
6a9db100ab080c8c957fc12b;2026-09-07;greninja-ex;pokemon;ASC;16;Budew;2;2;2;1.0;1.0
6a9db100ab080c8c957fc12b;2026-09-07;greninja-ex;trainer;MEG;119;Lillie's Determination;8;2;2;4.0;1.0
6a9db100ab080c8c957fc12b;2026-09-07;greninja-ex;trainer;MEG;114;Boss's Orders;4;2;2;2.0;1.0
6a9db100ab080c8c957fc12b;2026-09-07;greninja-ex;trainer;WHT;84;Hilda;5;2;2;2.5;1.0
6a9db100ab080c8c957fc12b;2026-09-07;greninja-ex;trainer;SFA;57;Colress's Tenacity;4;2;2;2.0;1.0
6a9db100ab080c8c957fc12b;2026-09-07;greninja-ex;trainer;SSP;187;Surfer;1;1;2;0.5;0.5
6a9db100ab080c8c957fc12b;2026-09-07;greninja-ex;trainer;TEF;144;Buddy-Buddy Poffin;8;2;2;4.0;1.0
6a9db100ab080c8c957fc12b;2026-09-07;greninja-ex;trainer;MEG;131;Ultra Ball;7;2;2;3.5;1.0
6a9db100ab080c8c957fc12b;2026-09-07;greninja-ex;trainer;MEG;125;Rare Candy;7;2;2;3.5;1.0
6a9db100ab080c8c957fc12b;2026-09-07;greninja-ex;trainer;POR;81;Poké Pad;6;2;2;3.0;1.0
6a9db100ab080c8c957fc12b;2026-09-07;greninja-ex;trainer;ASC;196;Night Stretcher;3;2;2;1.5;1.0
6a9db100ab080c8c957fc12b;2026-09-07;greninja-ex;trainer;ASC;181;Air Balloon;2;2;2;1.0;1.0
6a9db100ab080c8c957fc12b;2026-09-07;greninja-ex;trainer;SSP;177;Gravity Mountain;1;1;2;0.5;0.5
6a9db100ab080c8c957fc12b;2026-09-07;greninja-ex;trainer;SCR;136;Grand Tree;2;2;2;1.0;1.0
6a9db100ab080c8c957fc12b;2026-09-07;greninja-ex;energy;MEE;3;Water Energy;12;2;2;6.0;1.0
6a9db100ab080c8c957fc12b;2026-09-07;greninja-ex;energy;WHT;86;Ignition Energy;6;2;2;3.0;1.0
6a9db100ab080c8c957fc12b;2026-09-07;greninja-ex;energy;CRI;84;Bubbly Water Energy;1;1;2;0.5;0.5
6a9db100ab080c8c957fc12b;2026-09-07;sharpedo-toxtricity;trainer;PBL;75;Dark Bell;1;1;3;0.3333;0.3333
6a9db100ab080c8c957fc12b;2026-09-07;ethan-typhlosion;pokemon;PBL;66;Pikipek;2;1;2;1.0;0.5
6a9db100ab080c8c957fc12b;2026-09-07;ethan-typhlosion;pokemon;PBL;67;Trumbeak;2;1;2;1.0;0.5
6a9db100ab080c8c957fc12b;2026-09-07;ethan-typhlosion;pokemon;PBL;68;Toucannon;2;1;2;1.0;0.5
6a9db100ab080c8c957fc12b;2026-09-07;ethan-typhlosion;pokemon;ASC;142;Fezandipiti ex;1;1;2;0.5;0.5
6a9db100ab080c8c957fc12b;2026-09-07;ethan-typhlosion;pokemon;DRI;10;Shaymin;1;1;2;0.5;0.5
6a9db100ab080c8c957fc12b;2026-09-07;ethan-typhlosion;pokemon;ASC;39;Psyduck;1;1;2;0.5;0.5
6a9db100ab080c8c957fc12b;2026-09-07;dragapult-blaziken;pokemon;PRE;66;Bronzor;1;1;11;0.0909;0.0909
6a9db100ab080c8c957fc12b;2026-09-07;dragapult-blaziken;pokemon;TEF;69;Bronzong;1;1;11;0.0909;0.0909
6a9db100ab080c8c957fc12b;2026-09-07;dragapult-blaziken;pokemon;SSP;76;Latias ex;1;1;11;0.0909;0.0909
6a9db100ab080c8c957fc12b;2026-09-07;dragapult-blaziken;trainer;TEF;160;Salvatore;1;1;11;0.0909;0.0909
6a9db100ab080c8c957fc12b;2026-09-07;dragapult-blaziken;trainer;SFA;64;Xerosic's Machinations;1;1;11;0.0909;0.0909
6a9db100ab080c8c957fc12b;2026-09-07;dragapult-blaziken;trainer;TWM;162;Scoop Up Cyclone;1;1;11;0.0909;0.0909
6a9db100ab080c8c957fc12b;2026-09-07;lopunny-dusknoir;pokemon;MEG;107;Buneary;2;1;8;0.25;0.125
6a9db100ab080c8c957fc12b;2026-09-07;lopunny-dusknoir;trainer;TWM;149;Festival Grounds;3;3;8;0.375;0.375
6a9db100ab080c8c957fc12b;2026-09-07;mega-charizard-x-ex;pokemon;DRI;40;Torchic;3;1;2;1.5;0.5
6a9db100ab080c8c957fc12b;2026-09-07;mega-charizard-x-ex;pokemon;DRI;41;Combusken;2;1;2;1.0;0.5
6a9db100ab080c8c957fc12b;2026-09-07;mega-charizard-x-ex;pokemon;JTG;24;Blaziken ex;2;1;2;1.0;0.5
6a9db100ab080c8c957fc12b;2026-09-07;mega-charizard-x-ex;pokemon;DRI;42;Blaziken;1;1;2;0.5;0.5
6a9db100ab080c8c957fc12b;2026-09-07;mega-charizard-x-ex;pokemon;WHT;19;Heatmor;2;1;2;1.0;0.5
6a9db100ab080c8c957fc12b;2026-09-07;mega-charizard-x-ex;pokemon;ASC;142;Fezandipiti ex;1;1;2;0.5;0.5
6a9db100ab080c8c957fc12b;2026-09-07;mega-charizard-x-ex;pokemon;TWM;131;Tatsugiri;1;1;2;0.5;0.5
6a9db100ab080c8c957fc12b;2026-09-07;mega-charizard-x-ex;trainer;PBL;78;Gwynn;1;1;2;0.5;0.5
6a9db100ab080c8c957fc12b;2026-09-07;mega-charizard-x-ex;trainer;SVI;186;Pokégear 3.0;2;1;2;1.0;0.5
6a9db100ab080c8c957fc12b;2026-09-07;mega-charizard-x-ex;trainer;TEF;144;Buddy-Buddy Poffin;2;1;2;1.0;0.5
6a9db100ab080c8c957fc12b;2026-09-07;mega-charizard-x-ex;trainer;MEG;131;Ultra Ball;2;1;2;1.0;0.5
6a9db100ab080c8c957fc12b;2026-09-07;mega-charizard-x-ex;trainer;TWM;165;Unfair Stamp;1;1;2;0.5;0.5
6a9db100ab080c8c957fc12b;2026-09-07;alakazam-dudunsparce;trainer;MEG;130;Switch;1;1;25;0.04;0.04
6a9db100ab080c8c957fc12b;2026-09-07;lopunny-dusknoir;trainer;MEG;132;Wally's Compassion;1;1;8;0.125;0.125
6a9db100ab080c8c957fc12b;2026-09-07;lucario-hariyama;trainer;TWM;145;Carmine;2;1;9;0.2222;0.1111
6a9db100ab080c8c957fc12b;2026-09-07;lucario-hariyama;trainer;TWM;154;Kieran;1;1;9;0.1111;0.1111
6a9db100ab080c8c957fc12b;2026-09-07;lucario-hariyama;trainer;TEF;157;Prime Catcher;1;1;9;0.1111;0.1111
6a9db100ab080c8c957fc12b;2026-09-07;festival-lead;trainer;MEG;117;Forest of Vitality;1;1;10;0.1;0.1
6a9db100ab080c8c957fc12b;2026-09-07;basic-box-m;trainer;SSP;189;Tera Orb;1;1;14;0.0714;0.0714
6a9db100ab080c8c957fc12b;2026-09-07;dragapult-ex;pokemon;SCR;114;Hoothoot;3;1;45;0.0667;0.0222
6a9db100ab080c8c957fc12b;2026-09-07;dragapult-ex;pokemon;SCR;115;Noctowl;2;1;45;0.0444;0.0222
6a9db100ab080c8c957fc12b;2026-09-07;dragapult-ex;pokemon;TWM;64;Wellspring Mask Ogerpon ex;2;1;45;0.0444;0.0222
6a9db100ab080c8c957fc12b;2026-09-07;dragapult-ex;pokemon;SCR;118;Fan Rotom;1;1;45;0.0222;0.0222
6a9db100ab080c8c957fc12b;2026-09-07;dragapult-ex;pokemon;JTG;56;Lillie's Clefairy ex;1;1;45;0.0222;0.0222
6a9db100ab080c8c957fc12b;2026-09-07;dragapult-ex;trainer;SSP;189;Tera Orb;2;1;45;0.0444;0.0222
6a9db100ab080c8c957fc12b;2026-09-07;dragapult-ex;trainer;SCR;142;Sparkling Crystal;1;1;45;0.0222;0.0222
6a9db100ab080c8c957fc12b;2026-09-07;dragapult-ex;trainer;SCR;131;Area Zero Underdepths;3;1;45;0.0667;0.0222
6a9db100ab080c8c957fc12b;2026-09-07;dragapult-ex;energy;MEE;3;Water Energy;1;1;45;0.0222;0.0222
6a9db100ab080c8c957fc12b;2026-09-07;raging-bolt-ogerpon;trainer;POR;76;Judge;1;1;6;0.1667;0.1667
6a9db100ab080c8c957fc12b;2026-09-07;raging-bolt-ogerpon;trainer;SVI;171;Energy Retrieval;1;1;6;0.1667;0.1667
6a9db100ab080c8c957fc12b;2026-09-07;slowking-scr;trainer;PFL;87;Dawn;2;2;19;0.1053;0.1053
6a9db100ab080c8c957fc12b;2026-09-07;toxtricity-pfl;pokemon;PFL;83;Buneary;1;1;2;0.5;0.5
6a9db100ab080c8c957fc12b;2026-09-07;toxtricity-pfl;pokemon;PFL;84;Mega Lopunny ex;1;1;2;0.5;0.5
6a9db100ab080c8c957fc12b;2026-09-07;toxtricity-pfl;trainer;DRI;176;Team Rocket's Petrel;2;1;2;1.0;0.5
6a9db100ab080c8c957fc12b;2026-09-07;toxtricity-pfl;trainer;SSP;170;Cyrano;1;1;2;0.5;0.5
6a9db100ab080c8c957fc12b;2026-09-07;toxtricity-pfl;trainer;WHT;84;Hilda;1;1;2;0.5;0.5
6a9db100ab080c8c957fc12b;2026-09-07;toxtricity-pfl;trainer;CRI;82;Special Red Card;1;1;2;0.5;0.5
6a9db100ab080c8c957fc12b;2026-09-07;toxtricity-pfl;trainer;TEF;157;Prime Catcher;1;1;2;0.5;0.5
6a9db100ab080c8c957fc12b;2026-09-07;toxtricity-pfl;trainer;DRI;180;Team Rocket's Watchtower;1;1;2;0.5;0.5
6a9db100ab080c8c957fc12b;2026-09-07;dragapult-ex;trainer;PBL;75;Dark Bell;3;2;45;0.0667;0.0444
6a9db100ab080c8c957fc12b;2026-09-07;slowking-scr;pokemon;PBL;29;Slowpoke;4;1;19;0.2105;0.0526
6a9db100ab080c8c957fc12b;2026-09-07;slowking-scr;pokemon;TWM;14;Grookey;3;1;19;0.1579;0.0526
6a9db100ab080c8c957fc12b;2026-09-07;slowking-scr;pokemon;TWM;15;Thwackey;2;1;19;0.1053;0.0526
6a9db100ab080c8c957fc12b;2026-09-07;slowking-scr;pokemon;TWM;89;Swirlix;2;1;19;0.1053;0.0526
6a9db100ab080c8c957fc12b;2026-09-07;slowking-scr;trainer;WHT;84;Hilda;2;1;19;0.1053;0.0526
6a9db100ab080c8c957fc12b;2026-09-07;slowking-scr;trainer;TWM;151;Hassel;1;1;19;0.0526;0.0526
6a9db100ab080c8c957fc12b;2026-09-07;slowking-scr;trainer;TEF;144;Buddy-Buddy Poffin;3;1;19;0.1579;0.0526
6a9db100ab080c8c957fc12b;2026-09-07;slowking-scr;trainer;ASC;181;Air Balloon;2;1;19;0.1053;0.0526
6a9db100ab080c8c957fc12b;2026-09-07;crustle-dri;trainer;WHT;80;Brave Bangle;1;1;10;0.1;0.1
6a9db100ab080c8c957fc12b;2026-09-07;ogerpon-meganium-hydrapple;pokemon;PRE;86;Regigigas;1;1;7;0.1429;0.1429
6a9db100ab080c8c957fc12b;2026-09-07;ogerpon-meganium-hydrapple;trainer;SSP;187;Surfer;1;1;7;0.1429;0.1429
6a9db100ab080c8c957fc12b;2026-09-07;ogerpon-meganium-hydrapple;trainer;TEF;152;Hero's Cape;1;1;7;0.1429;0.1429
6a9db100ab080c8c957fc12b;2026-09-07;dragapult-ex;trainer;DRI;176;Team Rocket's Petrel;1;1;45;0.0222;0.0222
6a9db100ab080c8c957fc12b;2026-09-07;dragapult-ex;trainer;WHT;84;Hilda;1;1;45;0.0222;0.0222
6a9db100ab080c8c957fc12b;2026-09-07;mega-manectric-ex-meg;pokemon;PBL;23;Electrike;4;1;1;4.0;1.0
6a9db100ab080c8c957fc12b;2026-09-07;mega-manectric-ex-meg;pokemon;PBL;24;Manectric;2;1;1;2.0;1.0
6a9db100ab080c8c957fc12b;2026-09-07;mega-manectric-ex-meg;pokemon;MEG;50;Mega Manectric ex;2;1;1;2.0;1.0
6a9db100ab080c8c957fc12b;2026-09-07;mega-manectric-ex-meg;pokemon;DRI;11;Dwebble;2;1;1;2.0;1.0
6a9db100ab080c8c957fc12b;2026-09-07;mega-manectric-ex-meg;pokemon;DRI;12;Crustle;2;1;1;2.0;1.0
6a9db100ab080c8c957fc12b;2026-09-07;mega-manectric-ex-meg;trainer;MEG;119;Lillie's Determination;4;1;1;4.0;1.0
6a9db100ab080c8c957fc12b;2026-09-07;mega-manectric-ex-meg;trainer;DRI;176;Team Rocket's Petrel;4;1;1;4.0;1.0
6a9db100ab080c8c957fc12b;2026-09-07;mega-manectric-ex-meg;trainer;MEG;114;Boss's Orders;4;1;1;4.0;1.0
6a9db100ab080c8c957fc12b;2026-09-07;mega-manectric-ex-meg;trainer;WHT;84;Hilda;3;1;1;3.0;1.0
6a9db100ab080c8c957fc12b;2026-09-07;mega-manectric-ex-meg;trainer;SFA;64;Xerosic's Machinations;1;1;1;1.0;1.0
6a9db100ab080c8c957fc12b;2026-09-07;mega-manectric-ex-meg;trainer;TEF;146;Eri;1;1;1;1.0;1.0
6a9db100ab080c8c957fc12b;2026-09-07;mega-manectric-ex-meg;trainer;SSP;179;Lisia's Appeal;1;1;1;1.0;1.0
6a9db100ab080c8c957fc12b;2026-09-07;mega-manectric-ex-meg;trainer;SSP;187;Surfer;1;1;1;1.0;1.0
6a9db100ab080c8c957fc12b;2026-09-07;mega-manectric-ex-meg;trainer;PFL;91;Jumbo Ice Cream;4;1;1;4.0;1.0
6a9db100ab080c8c957fc12b;2026-09-07;mega-manectric-ex-meg;trainer;TEF;144;Buddy-Buddy Poffin;3;1;1;3.0;1.0
6a9db100ab080c8c957fc12b;2026-09-07;mega-manectric-ex-meg;trainer;SVI;186;Pokégear 3.0;3;1;1;3.0;1.0
6a9db100ab080c8c957fc12b;2026-09-07;mega-manectric-ex-meg;trainer;MEG;130;Switch;2;1;1;2.0;1.0
6a9db100ab080c8c957fc12b;2026-09-07;mega-manectric-ex-meg;trainer;TEF;152;Hero's Cape;1;1;1;1.0;1.0
6a9db100ab080c8c957fc12b;2026-09-07;mega-manectric-ex-meg;trainer;POR;77;Lumiose City;1;1;1;1.0;1.0
6a9db100ab080c8c957fc12b;2026-09-07;mega-manectric-ex-meg;trainer;DRI;173;Team Rocket's Factory;1;1;1;1.0;1.0
6a9db100ab080c8c957fc12b;2026-09-07;mega-manectric-ex-meg;energy;TEF;161;Mist Energy;4;1;1;4.0;1.0
6a9db100ab080c8c957fc12b;2026-09-07;mega-manectric-ex-meg;energy;PBL;84;Voltaic Lightning Energy;4;1;1;4.0;1.0
6a9db100ab080c8c957fc12b;2026-09-07;mega-manectric-ex-meg;energy;POR;86;Growing Grass Energy;3;1;1;3.0;1.0
6a9db100ab080c8c957fc12b;2026-09-07;mega-manectric-ex-meg;energy;JTG;159;Spiky Energy;2;1;1;2.0;1.0
6a9db100ab080c8c957fc12b;2026-09-07;mega-manectric-ex-meg;energy;MEE;4;Lightning Energy;1;1;1;1.0;1.0
6a9db100ab080c8c957fc12b;2026-09-07;toucannon-pbl;pokemon;MEG;75;Solrock;2;1;3;0.6667;0.3333
6a9db100ab080c8c957fc12b;2026-09-07;toucannon-pbl;pokemon;MEG;74;Lunatone;2;1;3;0.6667;0.3333
6a9db100ab080c8c957fc12b;2026-09-07;toucannon-pbl;pokemon;ASC;142;Fezandipiti ex;1;1;3;0.3333;0.3333
6a9db100ab080c8c957fc12b;2026-09-07;toucannon-pbl;trainer;TWM;154;Kieran;2;1;3;0.6667;0.3333
6a9db100ab080c8c957fc12b;2026-09-07;toucannon-pbl;trainer;DRI;168;Sacred Ash;3;2;3;1.0;0.6667
6a9db100ab080c8c957fc12b;2026-09-07;toucannon-pbl;trainer;SCR;135;Glass Trumpet;1;1;3;0.3333;0.3333
6a9db100ab080c8c957fc12b;2026-09-07;toucannon-pbl;trainer;TEF;154;Maximum Belt;1;1;3;0.3333;0.3333
6a9db100ab080c8c957fc12b;2026-09-07;toucannon-pbl;trainer;WHT;80;Brave Bangle;2;2;3;0.6667;0.6667
6a9db100ab080c8c957fc12b;2026-09-07;iono-bellibolt;pokemon;JTG;54;Iono's Wattrel;3;1;1;3.0;1.0
6a9db100ab080c8c957fc12b;2026-09-07;iono-bellibolt;pokemon;JTG;55;Iono's Kilowattrel;3;1;1;3.0;1.0
6a9db100ab080c8c957fc12b;2026-09-07;iono-bellibolt;pokemon;JTG;47;Iono's Voltorb;3;1;1;3.0;1.0
6a9db100ab080c8c957fc12b;2026-09-07;iono-bellibolt;pokemon;JTG;52;Iono's Tadbulb;2;1;1;2.0;1.0
6a9db100ab080c8c957fc12b;2026-09-07;iono-bellibolt;pokemon;JTG;53;Iono's Bellibolt ex;2;1;1;2.0;1.0
6a9db100ab080c8c957fc12b;2026-09-07;iono-bellibolt;pokemon;DRI;10;Shaymin;1;1;1;1.0;1.0
6a9db100ab080c8c957fc12b;2026-09-07;iono-bellibolt;trainer;ASC;185;Canari;3;1;1;3.0;1.0
6a9db100ab080c8c957fc12b;2026-09-07;iono-bellibolt;trainer;MEG;119;Lillie's Determination;3;1;1;3.0;1.0
6a9db100ab080c8c957fc12b;2026-09-07;iono-bellibolt;trainer;MEG;114;Boss's Orders;2;1;1;2.0;1.0
6a9db100ab080c8c957fc12b;2026-09-07;iono-bellibolt;trainer;TEF;144;Buddy-Buddy Poffin;3;1;1;3.0;1.0
6a9db100ab080c8c957fc12b;2026-09-07;iono-bellibolt;trainer;POR;81;Poké Pad;3;1;1;3.0;1.0
6a9db100ab080c8c957fc12b;2026-09-07;iono-bellibolt;trainer;MEG;131;Ultra Ball;2;1;1;2.0;1.0
6a9db100ab080c8c957fc12b;2026-09-07;iono-bellibolt;trainer;MEG;130;Switch;1;1;1;1.0;1.0
6a9db100ab080c8c957fc12b;2026-09-07;iono-bellibolt;trainer;ASC;196;Night Stretcher;1;1;1;1.0;1.0
6a9db100ab080c8c957fc12b;2026-09-07;iono-bellibolt;trainer;DRI;168;Sacred Ash;1;1;1;1.0;1.0
6a9db100ab080c8c957fc12b;2026-09-07;iono-bellibolt;trainer;TWM;165;Unfair Stamp;1;1;1;1.0;1.0
6a9db100ab080c8c957fc12b;2026-09-07;iono-bellibolt;trainer;SVI;171;Energy Retrieval;1;1;1;1.0;1.0
6a9db100ab080c8c957fc12b;2026-09-07;iono-bellibolt;trainer;ASC;181;Air Balloon;2;1;1;2.0;1.0
6a9db100ab080c8c957fc12b;2026-09-07;iono-bellibolt;trainer;JTG;150;Levincia;2;1;1;2.0;1.0
6a9db100ab080c8c957fc12b;2026-09-07;iono-bellibolt;trainer;PFL;85;Battle Cage;1;1;1;1.0;1.0
6a9db100ab080c8c957fc12b;2026-09-07;iono-bellibolt;energy;MEE;4;Lightning Energy;20;1;1;20.0;1.0
6a9db100ab080c8c957fc12b;2026-09-07;mega-excadrill-ex;trainer;CRI;76;AZ's Tranquility;1;1;13;0.0769;0.0769
6a9db100ab080c8c957fc12b;2026-09-07;okidogi-barbaracle;pokemon;TWM;111;Okidogi;3;1;1;3.0;1.0
6a9db100ab080c8c957fc12b;2026-09-07;okidogi-barbaracle;pokemon;POR;42;Binacle;2;1;1;2.0;1.0
6a9db100ab080c8c957fc12b;2026-09-07;okidogi-barbaracle;pokemon;POR;43;Barbaracle;2;1;1;2.0;1.0
6a9db100ab080c8c957fc12b;2026-09-07;okidogi-barbaracle;pokemon;MEG;75;Solrock;2;1;1;2.0;1.0
6a9db100ab080c8c957fc12b;2026-09-07;okidogi-barbaracle;pokemon;MEG;74;Lunatone;2;1;1;2.0;1.0
6a9db100ab080c8c957fc12b;2026-09-07;okidogi-barbaracle;pokemon;CRI;70;Patrat;1;1;1;1.0;1.0
6a9db100ab080c8c957fc12b;2026-09-07;okidogi-barbaracle;pokemon;TWM;95;Munkidori;1;1;1;1.0;1.0
6a9db100ab080c8c957fc12b;2026-09-07;okidogi-barbaracle;pokemon;DRI;10;Shaymin;1;1;1;1.0;1.0
6a9db100ab080c8c957fc12b;2026-09-07;okidogi-barbaracle;pokemon;PRE;54;Bloodmoon Ursaluna;1;1;1;1.0;1.0
6a9db100ab080c8c957fc12b;2026-09-07;okidogi-barbaracle;pokemon;TWM;112;Cornerstone Mask Ogerpon ex;1;1;1;1.0;1.0
6a9db100ab080c8c957fc12b;2026-09-07;okidogi-barbaracle;pokemon;SFA;40;Genesect;1;1;1;1.0;1.0
6a9db100ab080c8c957fc12b;2026-09-07;okidogi-barbaracle;pokemon;PFL;14;Moltres;1;1;1;1.0;1.0
6a9db100ab080c8c957fc12b;2026-09-07;okidogi-barbaracle;trainer;MEG;119;Lillie's Determination;4;1;1;4.0;1.0
6a9db100ab080c8c957fc12b;2026-09-07;okidogi-barbaracle;trainer;MEG;114;Boss's Orders;3;1;1;3.0;1.0
6a9db100ab080c8c957fc12b;2026-09-07;okidogi-barbaracle;trainer;POR;85;Tarragon;2;1;1;2.0;1.0
6a9db100ab080c8c957fc12b;2026-09-07;okidogi-barbaracle;trainer;PBL;78;Gwynn;2;1;1;2.0;1.0
6a9db100ab080c8c957fc12b;2026-09-07;okidogi-barbaracle;trainer;PBL;81;Rust Syndicate Grunt;1;1;1;1.0;1.0
6a9db100ab080c8c957fc12b;2026-09-07;okidogi-barbaracle;trainer;POR;76;Judge;1;1;1;1.0;1.0
6a9db100ab080c8c957fc12b;2026-09-07;okidogi-barbaracle;trainer;MEG;116;Fighting Gong;4;1;1;4.0;1.0
6a9db100ab080c8c957fc12b;2026-09-07;okidogi-barbaracle;trainer;POR;81;Poké Pad;3;1;1;3.0;1.0
6a9db100ab080c8c957fc12b;2026-09-07;okidogi-barbaracle;trainer;SVI;186;Pokégear 3.0;2;1;1;2.0;1.0
6a9db100ab080c8c957fc12b;2026-09-07;okidogi-barbaracle;trainer;SVI;171;Energy Retrieval;1;1;1;1.0;1.0
6a9db100ab080c8c957fc12b;2026-09-07;okidogi-barbaracle;trainer;ASC;196;Night Stretcher;1;1;1;1.0;1.0
6a9db100ab080c8c957fc12b;2026-09-07;okidogi-barbaracle;trainer;CRI;82;Special Red Card;1;1;1;1.0;1.0
6a9db100ab080c8c957fc12b;2026-09-07;okidogi-barbaracle;trainer;MEG;130;Switch;1;1;1;1.0;1.0
6a9db100ab080c8c957fc12b;2026-09-07;okidogi-barbaracle;trainer;ASC;181;Air Balloon;2;1;1;2.0;1.0
6a9db100ab080c8c957fc12b;2026-09-07;okidogi-barbaracle;trainer;SSP;177;Gravity Mountain;1;1;1;1.0;1.0
6a9db100ab080c8c957fc12b;2026-09-07;okidogi-barbaracle;energy;MEE;6;Fighting Energy;8;1;1;8.0;1.0
6a9db100ab080c8c957fc12b;2026-09-07;okidogi-barbaracle;energy;ASC;216;Prism Energy;4;1;1;4.0;1.0
6a9db100ab080c8c957fc12b;2026-09-07;okidogi-barbaracle;energy;TWM;167;Legacy Energy;1;1;1;1.0;1.0
6a9db100ab080c8c957fc12b;2026-09-07;ogerpon-meganium-hydrapple;trainer;DRI;176;Team Rocket's Petrel;1;1;7;0.1429;0.1429
6a9db100ab080c8c957fc12b;2026-09-07;greninja-ex;pokemon;TWM;56;Froakie;3;1;2;1.5;0.5
6a9db100ab080c8c957fc12b;2026-09-07;greninja-ex;pokemon;TEF;128;Dunsparce;2;1;2;1.0;0.5
6a9db100ab080c8c957fc12b;2026-09-07;greninja-ex;pokemon;TEF;129;Dudunsparce;2;1;2;1.0;0.5
6a9db100ab080c8c957fc12b;2026-09-07;greninja-ex;trainer;DRI;168;Sacred Ash;1;1;2;0.5;0.5
6a9db100ab080c8c957fc12b;2026-09-07;greninja-ex;trainer;MEG;130;Switch;1;1;2;0.5;0.5
6a9db100ab080c8c957fc12b;2026-09-07;dragapult-blaziken;pokemon;MEG;31;Chi-Yu;1;1;11;0.0909;0.0909
6a9db100ab080c8c957fc12b;2026-09-07;dragapult-blaziken;trainer;DRI;176;Team Rocket's Petrel;1;1;11;0.0909;0.0909
6a9db100ab080c8c957fc12b;2026-09-07;ethan-magcargo;pokemon;DRI;35;Ethan's Slugma;4;1;1;4.0;1.0
6a9db100ab080c8c957fc12b;2026-09-07;ethan-magcargo;pokemon;DRI;36;Ethan's Magcargo;3;1;1;3.0;1.0
6a9db100ab080c8c957fc12b;2026-09-07;ethan-magcargo;pokemon;DRI;39;Ethan's Ho-Oh ex;3;1;1;3.0;1.0
6a9db100ab080c8c957fc12b;2026-09-07;ethan-magcargo;pokemon;DRI;71;Ethan's Pichu;3;1;1;3.0;1.0
6a9db100ab080c8c957fc12b;2026-09-07;ethan-magcargo;pokemon;DRI;32;Ethan's Cyndaquil;2;1;1;2.0;1.0
6a9db100ab080c8c957fc12b;2026-09-07;ethan-magcargo;pokemon;DRI;33;Ethan's Quilava;2;1;1;2.0;1.0
6a9db100ab080c8c957fc12b;2026-09-07;ethan-magcargo;pokemon;DRI;34;Ethan's Typhlosion;1;1;1;1.0;1.0
6a9db100ab080c8c957fc12b;2026-09-07;ethan-magcargo;pokemon;DRI;10;Shaymin;1;1;1;1.0;1.0
6a9db100ab080c8c957fc12b;2026-09-07;ethan-magcargo;pokemon;ASC;142;Fezandipiti ex;1;1;1;1.0;1.0
6a9db100ab080c8c957fc12b;2026-09-07;ethan-magcargo;pokemon;MEG;31;Chi-Yu;1;1;1;1.0;1.0
6a9db100ab080c8c957fc12b;2026-09-07;ethan-magcargo;pokemon;ASC;39;Psyduck;1;1;1;1.0;1.0
6a9db100ab080c8c957fc12b;2026-09-07;ethan-magcargo;trainer;DRI;165;Ethan's Adventure;4;1;1;4.0;1.0
6a9db100ab080c8c957fc12b;2026-09-07;ethan-magcargo;trainer;MEG;119;Lillie's Determination;3;1;1;3.0;1.0
6a9db100ab080c8c957fc12b;2026-09-07;ethan-magcargo;trainer;PFL;89;Firebreather;2;1;1;2.0;1.0
6a9db100ab080c8c957fc12b;2026-09-07;ethan-magcargo;trainer;MEG;114;Boss's Orders;2;1;1;2.0;1.0
6a9db100ab080c8c957fc12b;2026-09-07;ethan-magcargo;trainer;DRI;176;Team Rocket's Petrel;1;1;1;1.0;1.0
6a9db100ab080c8c957fc12b;2026-09-07;ethan-magcargo;trainer;POR;81;Poké Pad;3;1;1;3.0;1.0
6a9db100ab080c8c957fc12b;2026-09-07;ethan-magcargo;trainer;DRI;164;Energy Recycler;2;1;1;2.0;1.0
6a9db100ab080c8c957fc12b;2026-09-07;ethan-magcargo;trainer;MEG;131;Ultra Ball;2;1;1;2.0;1.0
6a9db100ab080c8c957fc12b;2026-09-07;ethan-magcargo;trainer;ASC;196;Night Stretcher;2;1;1;2.0;1.0
6a9db100ab080c8c957fc12b;2026-09-07;ethan-magcargo;trainer;CRI;82;Special Red Card;1;1;1;1.0;1.0
6a9db100ab080c8c957fc12b;2026-09-07;ethan-magcargo;trainer;SSP;185;Precious Trolley;1;1;1;1.0;1.0
6a9db100ab080c8c957fc12b;2026-09-07;ethan-magcargo;trainer;WHT;80;Brave Bangle;2;1;1;2.0;1.0
6a9db100ab080c8c957fc12b;2026-09-07;ethan-magcargo;trainer;PFL;85;Battle Cage;3;1;1;3.0;1.0
6a9db100ab080c8c957fc12b;2026-09-07;ethan-magcargo;energy;MEE;2;Fire Energy;10;1;1;10.0;1.0
6a9db100ab080c8c957fc12b;2026-09-07;slowking-scr;pokemon;POR;52;Drapion;1;1;19;0.0526;0.0526
6a9db100ab080c8c957fc12b;2026-09-07;dragapult-ex;pokemon;SFA;40;Genesect;1;1;45;0.0222;0.0222
6a9db100ab080c8c957fc12b;2026-09-07;dragapult-ex;trainer;ASC;181;Air Balloon;1;1;45;0.0222;0.0222
6a9db100ab080c8c957fc12b;2026-09-07;dragapult-ex;trainer;TWM;150;Handheld Fan;1;1;45;0.0222;0.0222
6a9db100ab080c8c957fc12b;2026-09-07;festival-lead;pokemon;ASC;46;Snorunt;2;1;10;0.2;0.1
6a9db100ab080c8c957fc12b;2026-09-07;festival-lead;pokemon;TWM;53;Froslass;2;1;10;0.2;0.1
6a9db100ab080c8c957fc12b;2026-09-07;festival-lead;pokemon;TWM;95;Munkidori;2;1;10;0.2;0.1
6a9db100ab080c8c957fc12b;2026-09-07;festival-lead;trainer;WHT;84;Hilda;2;1;10;0.2;0.1
6a9db100ab080c8c957fc12b;2026-09-07;festival-lead;trainer;TWM;165;Unfair Stamp;1;1;10;0.1;0.1
6a9db100ab080c8c957fc12b;2026-09-07;festival-lead;energy;MEE;7;Darkness Energy;2;1;10;0.2;0.1
6a9db100ab080c8c957fc12b;2026-09-07;alakazam-dudunsparce;pokemon;PBL;67;Trumbeak;2;2;25;0.08;0.08
6a9db100ab080c8c957fc12b;2026-09-07;hops-trevenant;trainer;TWM;154;Kieran;1;1;2;0.5;0.5
6a9db100ab080c8c957fc12b;2026-09-07;hops-trevenant;trainer;CRI;82;Special Red Card;1;1;2;0.5;0.5
6a9db100ab080c8c957fc12b;2026-09-07;hops-trevenant;trainer;JTG;151;Lillie's Pearl;1;1;2;0.5;0.5
6a9db100ab080c8c957fc12b;2026-09-07;mega-lucario-ex;pokemon;ASC;172;Mega Audino ex;4;1;6;0.6667;0.1667
6a9db100ab080c8c957fc12b;2026-09-07;mega-lucario-ex;trainer;ASC;212;Tool Scrapper;1;1;6;0.1667;0.1667
6a9db100ab080c8c957fc12b;2026-09-07;mega-lucario-ex;trainer;POR;70;Core Memory;1;1;6;0.1667;0.1667
6a9db100ab080c8c957fc12b;2026-09-07;mega-lucario-ex;trainer;ASC;197;Nighttime Mine;2;1;6;0.3333;0.1667
6a9db100ab080c8c957fc12b;2026-09-07;slowking-scr;pokemon;PRE;35;Duskull;1;1;19;0.0526;0.0526
6a9db100ab080c8c957fc12b;2026-09-07;slowking-scr;pokemon;PRE;37;Dusknoir;1;1;19;0.0526;0.0526
6a9db100ab080c8c957fc12b;2026-09-07;slowking-scr;trainer;MEG;125;Rare Candy;1;1;19;0.0526;0.0526
6a9db100ab080c8c957fc12b;2026-09-07;alakazam-dudunsparce;pokemon;ASC;16;Budew;1;1;25;0.04;0.04
6a9db100ab080c8c957fc12b;2026-09-07;alakazam-dudunsparce;trainer;POR;71;Crushing Hammer;2;1;25;0.08;0.04
6a9db100ab080c8c957fc12b;2026-09-07;festival-lead;pokemon;DRI;24;Rellor;1;1;10;0.1;0.1
6a9db100ab080c8c957fc12b;2026-09-07;grimmsnarl-froslass;pokemon;TWM;131;Tatsugiri;1;1;6;0.1667;0.1667
6a9db100ab080c8c957fc12b;2026-09-07;grimmsnarl-froslass;trainer;PBL;75;Dark Bell;1;1;6;0.1667;0.1667
6a9db100ab080c8c957fc12b;2026-09-07;dragapult-ex;pokemon;CRI;70;Patrat;1;1;45;0.0222;0.0222
6a9db100ab080c8c957fc12b;2026-09-07;dragapult-ex;trainer;TWM;148;Enhanced Hammer;1;1;45;0.0222;0.0222
6a9db100ab080c8c957fc12b;2026-09-07;lopunny-dusknoir;trainer;ASC;197;Nighttime Mine;1;1;8;0.125;0.125
6a9db100ab080c8c957fc12b;2026-09-07;raging-bolt-ogerpon;trainer;CRI;82;Special Red Card;2;2;6;0.3333;0.3333
6a9db100ab080c8c957fc12b;2026-09-07;rocket-mewtwo-ex;pokemon;DRI;82;Team Rocket's Wobbuffet;1;1;6;0.1667;0.1667
6a9db100ab080c8c957fc12b;2026-09-07;rocket-mewtwo-ex;trainer;DRI;168;Sacred Ash;1;1;6;0.1667;0.1667
6a9db100ab080c8c957fc12b;2026-09-07;rocket-mewtwo-ex;trainer;TEF;152;Hero's Cape;1;1;6;0.1667;0.1667
6a9db100ab080c8c957fc12b;2026-09-07;rocket-mewtwo-ex;trainer;DRI;180;Team Rocket's Watchtower;1;1;6;0.1667;0.1667
6a9db100ab080c8c957fc12b;2026-09-07;dragapult-dusknoir;trainer;CRI;76;AZ's Tranquility;2;1;20;0.1;0.05
6a9db100ab080c8c957fc12b;2026-09-07;dragapult-dusknoir;trainer;ASC;181;Air Balloon;1;1;20;0.05;0.05
6a9db100ab080c8c957fc12b;2026-09-07;rocket-mewtwo-ex;energy;TWM;167;Legacy Energy;1;1;6;0.1667;0.1667
6a9db100ab080c8c957fc12b;2026-09-07;toucannon-pbl;pokemon;TEF;23;Rellor;1;1;3;0.3333;0.3333
6a9db100ab080c8c957fc12b;2026-09-07;toucannon-pbl;pokemon;TEF;24;Rabsca;1;1;3;0.3333;0.3333
6a9db100ab080c8c957fc12b;2026-09-07;toucannon-pbl;trainer;SSP;189;Tera Orb;1;1;3;0.3333;0.3333
6a9db100ab080c8c957fc12b;2026-09-07;toucannon-pbl;trainer;TWM;163;Secret Box;1;1;3;0.3333;0.3333
6a9db100ab080c8c957fc12b;2026-09-07;toucannon-pbl;trainer;ASC;181;Air Balloon;1;1;3;0.3333;0.3333
6a9db100ab080c8c957fc12b;2026-09-07;toucannon-pbl;energy;TEF;161;Mist Energy;4;1;3;1.3333;0.3333
6a9db100ab080c8c957fc12b;2026-09-07;toucannon-pbl;energy;JTG;159;Spiky Energy;3;1;3;1.0;0.3333
6a9db100ab080c8c957fc12b;2026-09-07;lucario-hariyama;pokemon;POR;47;Mega Zygarde ex;1;1;9;0.1111;0.1111
6a9db100ab080c8c957fc12b;2026-09-07;lucario-hariyama;pokemon;ASC;39;Psyduck;1;1;9;0.1111;0.1111
6a9db100ab080c8c957fc12b;2026-09-07;lucario-hariyama;trainer;PBL;81;Rust Syndicate Grunt;1;1;9;0.1111;0.1111
6a9db100ab080c8c957fc12b;2026-09-07;alakazam-dudunsparce;trainer;TEF;145;Ciphermaniac's Codebreaking;1;1;25;0.04;0.04
6a9db100ab080c8c957fc12b;2026-09-07;mega-lucario-ex;trainer;TEF;145;Ciphermaniac's Codebreaking;1;1;6;0.1667;0.1667
6a9db100ab080c8c957fc12b;2026-09-07;mega-lucario-ex;trainer;TWM;163;Secret Box;1;1;6;0.1667;0.1667
6a9db100ab080c8c957fc12b;2026-09-07;raging-bolt-ogerpon;pokemon;SSP;111;Passimian;1;1;6;0.1667;0.1667
6a9db100ab080c8c957fc12b;2026-09-07;hydreigon-ex;pokemon;SSP;117;Deino;3;1;1;3.0;1.0
6a9db100ab080c8c957fc12b;2026-09-07;hydreigon-ex;pokemon;SSP;118;Zweilous;1;1;1;1.0;1.0
6a9db100ab080c8c957fc12b;2026-09-07;hydreigon-ex;pokemon;SSP;119;Hydreigon ex;2;1;1;2.0;1.0
6a9db100ab080c8c957fc12b;2026-09-07;hydreigon-ex;pokemon;SCR;114;Hoothoot;3;1;1;3.0;1.0
6a9db100ab080c8c957fc12b;2026-09-07;hydreigon-ex;pokemon;SCR;115;Noctowl;3;1;1;3.0;1.0
6a9db100ab080c8c957fc12b;2026-09-07;hydreigon-ex;pokemon;PRE;35;Duskull;2;1;1;2.0;1.0
6a9db100ab080c8c957fc12b;2026-09-07;hydreigon-ex;pokemon;PRE;36;Dusclops;1;1;1;1.0;1.0
6a9db100ab080c8c957fc12b;2026-09-07;hydreigon-ex;pokemon;PRE;37;Dusknoir;1;1;1;1.0;1.0
6a9db100ab080c8c957fc12b;2026-09-07;hydreigon-ex;pokemon;SCR;118;Fan Rotom;2;1;1;2.0;1.0
6a9db100ab080c8c957fc12b;2026-09-07;hydreigon-ex;pokemon;TWM;25;Teal Mask Ogerpon ex;2;1;1;2.0;1.0
6a9db100ab080c8c957fc12b;2026-09-07;hydreigon-ex;pokemon;SFA;39;Pecharunt ex;1;1;1;1.0;1.0
6a9db100ab080c8c957fc12b;2026-09-07;hydreigon-ex;pokemon;ASC;142;Fezandipiti ex;1;1;1;1.0;1.0
6a9db100ab080c8c957fc12b;2026-09-07;hydreigon-ex;trainer;MEG;119;Lillie's Determination;3;1;1;3.0;1.0
6a9db100ab080c8c957fc12b;2026-09-07;hydreigon-ex;trainer;MEG;114;Boss's Orders;2;1;1;2.0;1.0
6a9db100ab080c8c957fc12b;2026-09-07;hydreigon-ex;trainer;POR;84;Rosa's Encouragement;1;1;1;1.0;1.0
6a9db100ab080c8c957fc12b;2026-09-07;hydreigon-ex;trainer;SCR;133;Crispin;1;1;1;1.0;1.0
6a9db100ab080c8c957fc12b;2026-09-07;hydreigon-ex;trainer;WHT;84;Hilda;1;1;1;1.0;1.0
6a9db100ab080c8c957fc12b;2026-09-07;hydreigon-ex;trainer;TEF;144;Buddy-Buddy Poffin;4;1;1;4.0;1.0
6a9db100ab080c8c957fc12b;2026-09-07;hydreigon-ex;trainer;POR;81;Poké Pad;3;1;1;3.0;1.0
6a9db100ab080c8c957fc12b;2026-09-07;hydreigon-ex;trainer;MEG;125;Rare Candy;3;1;1;3.0;1.0
6a9db100ab080c8c957fc12b;2026-09-07;hydreigon-ex;trainer;SSP;189;Tera Orb;2;1;1;2.0;1.0
6a9db100ab080c8c957fc12b;2026-09-07;hydreigon-ex;trainer;POR;72;Energy Search;2;1;1;2.0;1.0
6a9db100ab080c8c957fc12b;2026-09-07;hydreigon-ex;trainer;MEG;115;Energy Switch;2;1;1;2.0;1.0
6a9db100ab080c8c957fc12b;2026-09-07;hydreigon-ex;trainer;MEG;130;Switch;1;1;1;1.0;1.0
6a9db100ab080c8c957fc12b;2026-09-07;hydreigon-ex;trainer;ASC;196;Night Stretcher;1;1;1;1.0;1.0
6a9db100ab080c8c957fc12b;2026-09-07;hydreigon-ex;trainer;CRI;82;Special Red Card;1;1;1;1.0;1.0
6a9db100ab080c8c957fc12b;2026-09-07;hydreigon-ex;trainer;SCR;131;Area Zero Underdepths;2;1;1;2.0;1.0
6a9db100ab080c8c957fc12b;2026-09-07;hydreigon-ex;energy;MEE;1;Grass Energy;3;1;1;3.0;1.0
6a9db100ab080c8c957fc12b;2026-09-07;hydreigon-ex;energy;MEE;7;Darkness Energy;3;1;1;3.0;1.0
6a9db100ab080c8c957fc12b;2026-09-07;hydreigon-ex;energy;MEE;5;Psychic Energy;1;1;1;1.0;1.0
6a9db100ab080c8c957fc12b;2026-09-07;hydreigon-ex;energy;MEE;8;Metal Energy;1;1;1;1.0;1.0
6a9db100ab080c8c957fc12b;2026-09-07;hydreigon-ex;energy;TEF;162;Neo Upper Energy;1;1;1;1.0;1.0
6a9cdf15ab080c8c957fb8af;2026-09-07;dragapult-ex;pokemon;TWM;128;Dreepy;66;17;17;3.8824;1.0
6a9cdf15ab080c8c957fb8af;2026-09-07;dragapult-ex;pokemon;TWM;129;Drakloak;67;17;17;3.9412;1.0
6a9cdf15ab080c8c957fb8af;2026-09-07;dragapult-ex;pokemon;TWM;130;Dragapult ex;49;17;17;2.8824;1.0
6a9cdf15ab080c8c957fb8af;2026-09-07;dragapult-ex;pokemon;TWM;95;Munkidori;32;16;17;1.8824;0.9412
6a9cdf15ab080c8c957fb8af;2026-09-07;dragapult-ex;pokemon;JTG;120;Dunsparce;10;10;17;0.5882;0.5882
6a9cdf15ab080c8c957fb8af;2026-09-07;dragapult-ex;pokemon;TEF;129;Dudunsparce;11;11;17;0.6471;0.6471
6a9cdf15ab080c8c957fb8af;2026-09-07;dragapult-ex;pokemon;POR;62;Meowth ex;18;17;17;1.0588;1.0
6a9cdf15ab080c8c957fb8af;2026-09-07;dragapult-ex;pokemon;ASC;142;Fezandipiti ex;17;17;17;1.0;1.0
6a9cdf15ab080c8c957fb8af;2026-09-07;dragapult-ex;pokemon;PFL;14;Moltres;7;7;17;0.4118;0.4118
6a9cdf15ab080c8c957fb8af;2026-09-07;dragapult-ex;pokemon;ASC;16;Budew;26;16;17;1.5294;0.9412
6a9cdf15ab080c8c957fb8af;2026-09-07;dragapult-ex;trainer;MEG;119;Lillie's Determination;65;17;17;3.8235;1.0
6a9cdf15ab080c8c957fb8af;2026-09-07;dragapult-ex;trainer;MEG;114;Boss's Orders;51;17;17;3.0;1.0
6a9cdf15ab080c8c957fb8af;2026-09-07;dragapult-ex;trainer;SCR;133;Crispin;37;17;17;2.1765;1.0
6a9cdf15ab080c8c957fb8af;2026-09-07;dragapult-ex;trainer;POR;84;Rosa's Encouragement;12;12;17;0.7059;0.7059
6a9cdf15ab080c8c957fb8af;2026-09-07;dragapult-ex;trainer;TEF;144;Buddy-Buddy Poffin;65;17;17;3.8235;1.0
6a9cdf15ab080c8c957fb8af;2026-09-07;dragapult-ex;trainer;POR;71;Crushing Hammer;55;14;17;3.2353;0.8235
6a9cdf15ab080c8c957fb8af;2026-09-07;dragapult-ex;trainer;POR;81;Poké Pad;68;17;17;4.0;1.0
6a9cdf15ab080c8c957fb8af;2026-09-07;dragapult-ex;trainer;MEG;131;Ultra Ball;50;17;17;2.9412;1.0
6a9cdf15ab080c8c957fb8af;2026-09-07;dragapult-ex;trainer;ASC;196;Night Stretcher;43;17;17;2.5294;1.0
6a9cdf15ab080c8c957fb8af;2026-09-07;dragapult-ex;trainer;CRI;82;Special Red Card;16;16;17;0.9412;0.9412
6a9cdf15ab080c8c957fb8af;2026-09-07;dragapult-ex;trainer;TWM;165;Unfair Stamp;16;16;17;0.9412;0.9412
6a9cdf15ab080c8c957fb8af;2026-09-07;dragapult-ex;trainer;MEG;127;Risky Ruins;29;16;17;1.7059;0.9412
6a9cdf15ab080c8c957fb8af;2026-09-07;dragapult-ex;energy;MEE;2;Fire Energy;54;17;17;3.1765;1.0
6a9cdf15ab080c8c957fb8af;2026-09-07;dragapult-ex;energy;MEE;5;Psychic Energy;54;17;17;3.1765;1.0
6a9cdf15ab080c8c957fb8af;2026-09-07;dragapult-ex;energy;MEE;7;Darkness Energy;41;16;17;2.4118;0.9412
6a9cdf15ab080c8c957fb8af;2026-09-07;toxtricity-box;pokemon;PFL;67;Toxel;16;4;4;4.0;1.0
6a9cdf15ab080c8c957fb8af;2026-09-07;toxtricity-box;pokemon;PFL;68;Toxtricity;16;4;4;4.0;1.0
6a9cdf15ab080c8c957fb8af;2026-09-07;toxtricity-box;pokemon;TWM;95;Munkidori;12;4;4;3.0;1.0
6a9cdf15ab080c8c957fb8af;2026-09-07;toxtricity-box;pokemon;DRI;10;Shaymin;4;4;4;1.0;1.0
6a9cdf15ab080c8c957fb8af;2026-09-07;toxtricity-box;pokemon;PBL;59;Chi-Yu;4;4;4;1.0;1.0
6a9cdf15ab080c8c957fb8af;2026-09-07;toxtricity-box;pokemon;MEG;86;Mega Absol ex;4;4;4;1.0;1.0
6a9cdf15ab080c8c957fb8af;2026-09-07;toxtricity-box;pokemon;SFA;39;Pecharunt ex;4;4;4;1.0;1.0
6a9cdf15ab080c8c957fb8af;2026-09-07;toxtricity-box;pokemon;ASC;142;Fezandipiti ex;4;4;4;1.0;1.0
6a9cdf15ab080c8c957fb8af;2026-09-07;toxtricity-box;pokemon;TWM;118;Brute Bonnet;4;4;4;1.0;1.0
6a9cdf15ab080c8c957fb8af;2026-09-07;toxtricity-box;pokemon;SVP;149;Pecharunt;4;4;4;1.0;1.0
6a9cdf15ab080c8c957fb8af;2026-09-07;toxtricity-box;trainer;MEG;119;Lillie's Determination;16;4;4;4.0;1.0
6a9cdf15ab080c8c957fb8af;2026-09-07;toxtricity-box;trainer;MEG;114;Boss's Orders;12;4;4;3.0;1.0
6a9cdf15ab080c8c957fb8af;2026-09-07;toxtricity-box;trainer;DRI;176;Team Rocket's Petrel;9;4;4;2.25;1.0
6a9cdf15ab080c8c957fb8af;2026-09-07;toxtricity-box;trainer;POR;76;Judge;4;4;4;1.0;1.0
6a9cdf15ab080c8c957fb8af;2026-09-07;toxtricity-box;trainer;TWM;151;Hassel;2;2;4;0.5;0.5
6a9cdf15ab080c8c957fb8af;2026-09-07;toxtricity-box;trainer;POR;81;Poké Pad;16;4;4;4.0;1.0
6a9cdf15ab080c8c957fb8af;2026-09-07;toxtricity-box;trainer;ASC;196;Night Stretcher;9;4;4;2.25;1.0
6a9cdf15ab080c8c957fb8af;2026-09-07;toxtricity-box;trainer;DRI;164;Energy Recycler;8;4;4;2.0;1.0
6a9cdf15ab080c8c957fb8af;2026-09-07;toxtricity-box;trainer;MEG;131;Ultra Ball;5;4;4;1.25;1.0
6a9cdf15ab080c8c957fb8af;2026-09-07;toxtricity-box;trainer;TEF;144;Buddy-Buddy Poffin;4;4;4;1.0;1.0
6a9cdf15ab080c8c957fb8af;2026-09-07;toxtricity-box;trainer;MEG;115;Energy Switch;7;4;4;1.75;1.0
6a9cdf15ab080c8c957fb8af;2026-09-07;toxtricity-box;trainer;DRI;178;Team Rocket's Transceiver;1;1;4;0.25;0.25
6a9cdf15ab080c8c957fb8af;2026-09-07;toxtricity-box;trainer;CRI;82;Special Red Card;4;4;4;1.0;1.0
6a9cdf15ab080c8c957fb8af;2026-09-07;toxtricity-box;trainer;TWM;163;Secret Box;4;4;4;1.0;1.0
6a9cdf15ab080c8c957fb8af;2026-09-07;toxtricity-box;trainer;ASC;181;Air Balloon;8;4;4;2.0;1.0
6a9cdf15ab080c8c957fb8af;2026-09-07;toxtricity-box;trainer;DRI;173;Team Rocket's Factory;1;1;4;0.25;0.25
6a9cdf15ab080c8c957fb8af;2026-09-07;toxtricity-box;trainer;DRI;180;Team Rocket's Watchtower;7;4;4;1.75;1.0
6a9cdf15ab080c8c957fb8af;2026-09-07;toxtricity-box;energy;MEE;7;Darkness Energy;40;4;4;10.0;1.0
6a9cdf15ab080c8c957fb8af;2026-09-07;toucannon-pbl;pokemon;PBL;66;Pikipek;7;2;2;3.5;1.0
6a9cdf15ab080c8c957fb8af;2026-09-07;toucannon-pbl;pokemon;PBL;67;Trumbeak;4;2;2;2.0;1.0
6a9cdf15ab080c8c957fb8af;2026-09-07;toucannon-pbl;pokemon;PBL;68;Toucannon;6;2;2;3.0;1.0
6a9cdf15ab080c8c957fb8af;2026-09-07;toucannon-pbl;pokemon;SCR;114;Hoothoot;6;2;2;3.0;1.0
6a9cdf15ab080c8c957fb8af;2026-09-07;toucannon-pbl;pokemon;SCR;115;Noctowl;6;2;2;3.0;1.0
6a9cdf15ab080c8c957fb8af;2026-09-07;toucannon-pbl;pokemon;PRE;35;Duskull;4;2;2;2.0;1.0
6a9cdf15ab080c8c957fb8af;2026-09-07;toucannon-pbl;pokemon;PRE;36;Dusclops;2;2;2;1.0;1.0
6a9cdf15ab080c8c957fb8af;2026-09-07;toucannon-pbl;pokemon;PRE;37;Dusknoir;3;2;2;1.5;1.0
6a9cdf15ab080c8c957fb8af;2026-09-07;toucannon-pbl;pokemon;TWM;112;Cornerstone Mask Ogerpon ex;4;2;2;2.0;1.0
6a9cdf15ab080c8c957fb8af;2026-09-07;toucannon-pbl;pokemon;SCR;118;Fan Rotom;4;2;2;2.0;1.0
6a9cdf15ab080c8c957fb8af;2026-09-07;toucannon-pbl;pokemon;ASC;142;Fezandipiti ex;1;1;2;0.5;0.5
6a9cdf15ab080c8c957fb8af;2026-09-07;toucannon-pbl;trainer;PFL;87;Dawn;8;2;2;4.0;1.0
6a9cdf15ab080c8c957fb8af;2026-09-07;toucannon-pbl;trainer;MEG;119;Lillie's Determination;4;2;2;2.0;1.0
6a9cdf15ab080c8c957fb8af;2026-09-07;toucannon-pbl;trainer;MEG;114;Boss's Orders;4;2;2;2.0;1.0
6a9cdf15ab080c8c957fb8af;2026-09-07;toucannon-pbl;trainer;POR;81;Poké Pad;8;2;2;4.0;1.0
6a9cdf15ab080c8c957fb8af;2026-09-07;toucannon-pbl;trainer;TEF;144;Buddy-Buddy Poffin;7;2;2;3.5;1.0
6a9cdf15ab080c8c957fb8af;2026-09-07;toucannon-pbl;trainer;MEG;125;Rare Candy;6;2;2;3.0;1.0
6a9cdf15ab080c8c957fb8af;2026-09-07;toucannon-pbl;trainer;MEG;116;Fighting Gong;7;2;2;3.5;1.0
6a9cdf15ab080c8c957fb8af;2026-09-07;toucannon-pbl;trainer;ASC;196;Night Stretcher;4;2;2;2.0;1.0
6a9cdf15ab080c8c957fb8af;2026-09-07;toucannon-pbl;trainer;CRI;82;Special Red Card;2;2;2;1.0;1.0
6a9cdf15ab080c8c957fb8af;2026-09-07;toucannon-pbl;trainer;TEF;157;Prime Catcher;2;2;2;1.0;1.0
6a9cdf15ab080c8c957fb8af;2026-09-07;toucannon-pbl;trainer;ASC;212;Tool Scrapper;1;1;2;0.5;0.5
6a9cdf15ab080c8c957fb8af;2026-09-07;toucannon-pbl;trainer;WHT;80;Brave Bangle;1;1;2;0.5;0.5
6a9cdf15ab080c8c957fb8af;2026-09-07;toucannon-pbl;trainer;PBL;74;Backtrack Badge;1;1;2;0.5;0.5
6a9cdf15ab080c8c957fb8af;2026-09-07;toucannon-pbl;trainer;SCR;131;Area Zero Underdepths;6;2;2;3.0;1.0
6a9cdf15ab080c8c957fb8af;2026-09-07;toucannon-pbl;energy;MEE;6;Fighting Energy;11;2;2;5.5;1.0
6a9cdf15ab080c8c957fb8af;2026-09-07;basic-box-m;pokemon;MEG;104;Mega Kangaskhan ex;30;8;8;3.75;1.0
6a9cdf15ab080c8c957fb8af;2026-09-07;basic-box-m;pokemon;POR;62;Meowth ex;23;8;8;2.875;1.0
6a9cdf15ab080c8c957fb8af;2026-09-07;basic-box-m;pokemon;SSP;76;Latias ex;16;8;8;2.0;1.0
6a9cdf15ab080c8c957fb8af;2026-09-07;basic-box-m;pokemon;TWM;25;Teal Mask Ogerpon ex;18;8;8;2.25;1.0
6a9cdf15ab080c8c957fb8af;2026-09-07;basic-box-m;pokemon;JTG;56;Lillie's Clefairy ex;18;8;8;2.25;1.0
6a9cdf15ab080c8c957fb8af;2026-09-07;basic-box-m;pokemon;SSP;56;Chien-Pao;8;8;8;1.0;1.0
6a9cdf15ab080c8c957fb8af;2026-09-07;basic-box-m;pokemon;TEF;123;Raging Bolt ex;7;7;8;0.875;0.875
6a9cdf15ab080c8c957fb8af;2026-09-07;basic-box-m;pokemon;TEF;25;Iron Leaves ex;7;7;8;0.875;0.875
6a9cdf15ab080c8c957fb8af;2026-09-07;basic-box-m;pokemon;TWM;93;Enamorus;4;4;8;0.5;0.5
6a9cdf15ab080c8c957fb8af;2026-09-07;basic-box-m;pokemon;TEF;81;Iron Crown ex;5;5;8;0.625;0.625
6a9cdf15ab080c8c957fb8af;2026-09-07;basic-box-m;pokemon;TWM;64;Wellspring Mask Ogerpon ex;8;8;8;1.0;1.0
6a9cdf15ab080c8c957fb8af;2026-09-07;basic-box-m;pokemon;ASC;142;Fezandipiti ex;8;8;8;1.0;1.0
6a9cdf15ab080c8c957fb8af;2026-09-07;basic-box-m;trainer;SCR;133;Crispin;30;8;8;3.75;1.0
6a9cdf15ab080c8c957fb8af;2026-09-07;basic-box-m;trainer;SSP;170;Cyrano;14;7;8;1.75;0.875
6a9cdf15ab080c8c957fb8af;2026-09-07;basic-box-m;trainer;TEF;145;Ciphermaniac's Codebreaking;10;8;8;1.25;1.0
6a9cdf15ab080c8c957fb8af;2026-09-07;basic-box-m;trainer;MEG;114;Boss's Orders;16;8;8;2.0;1.0
6a9cdf15ab080c8c957fb8af;2026-09-07;basic-box-m;trainer;MEG;131;Ultra Ball;31;8;8;3.875;1.0
6a9cdf15ab080c8c957fb8af;2026-09-07;basic-box-m;trainer;MEG;115;Energy Switch;32;8;8;4.0;1.0
6a9cdf15ab080c8c957fb8af;2026-09-07;basic-box-m;trainer;ASC;196;Night Stretcher;15;8;8;1.875;1.0
6a9cdf15ab080c8c957fb8af;2026-09-07;basic-box-m;trainer;CRI;82;Special Red Card;6;6;8;0.75;0.75
6a9cdf15ab080c8c957fb8af;2026-09-07;basic-box-m;trainer;SCR;135;Glass Trumpet;11;7;8;1.375;0.875
6a9cdf15ab080c8c957fb8af;2026-09-07;basic-box-m;trainer;TEF;152;Hero's Cape;1;1;8;0.125;0.125
6a9cdf15ab080c8c957fb8af;2026-09-07;basic-box-m;trainer;SCR;131;Area Zero Underdepths;24;8;8;3.0;1.0
6a9cdf15ab080c8c957fb8af;2026-09-07;basic-box-m;trainer;TWM;153;Jamming Tower;4;4;8;0.5;0.5
6a9cdf15ab080c8c957fb8af;2026-09-07;basic-box-m;energy;MEE;1;Grass Energy;49;8;8;6.125;1.0
6a9cdf15ab080c8c957fb8af;2026-09-07;basic-box-m;energy;MEE;5;Psychic Energy;18;8;8;2.25;1.0
6a9cdf15ab080c8c957fb8af;2026-09-07;basic-box-m;energy;MEE;4;Lightning Energy;14;7;8;1.75;0.875
6a9cdf15ab080c8c957fb8af;2026-09-07;basic-box-m;energy;MEE;6;Fighting Energy;14;7;8;1.75;0.875
6a9cdf15ab080c8c957fb8af;2026-09-07;basic-box-m;energy;MEE;3;Water Energy;8;8;8;1.0;1.0
6a9cdf15ab080c8c957fb8af;2026-09-07;crustle-dri;pokemon;MEG;104;Mega Kangaskhan ex;20;5;5;4.0;1.0
6a9cdf15ab080c8c957fb8af;2026-09-07;crustle-dri;pokemon;DRI;11;Dwebble;14;5;5;2.8;1.0
6a9cdf15ab080c8c957fb8af;2026-09-07;crustle-dri;pokemon;DRI;12;Crustle;14;5;5;2.8;1.0
6a9cdf15ab080c8c957fb8af;2026-09-07;crustle-dri;trainer;DRI;176;Team Rocket's Petrel;20;5;5;4.0;1.0
6a9cdf15ab080c8c957fb8af;2026-09-07;crustle-dri;trainer;MEG;119;Lillie's Determination;20;5;5;4.0;1.0
6a9cdf15ab080c8c957fb8af;2026-09-07;crustle-dri;trainer;MEG;114;Boss's Orders;20;5;5;4.0;1.0
6a9cdf15ab080c8c957fb8af;2026-09-07;crustle-dri;trainer;TEF;146;Eri;14;5;5;2.8;1.0
6a9cdf15ab080c8c957fb8af;2026-09-07;crustle-dri;trainer;WHT;84;Hilda;9;4;5;1.8;0.8
6a9cdf15ab080c8c957fb8af;2026-09-07;crustle-dri;trainer;SFA;64;Xerosic's Machinations;5;5;5;1.0;1.0
6a9cdf15ab080c8c957fb8af;2026-09-07;crustle-dri;trainer;MEG;123;Pokémon Center Lady;5;5;5;1.0;1.0
6a9cdf15ab080c8c957fb8af;2026-09-07;crustle-dri;trainer;PFL;91;Jumbo Ice Cream;20;5;5;4.0;1.0
6a9cdf15ab080c8c957fb8af;2026-09-07;crustle-dri;trainer;SVI;186;Pokégear 3.0;16;5;5;3.2;1.0
6a9cdf15ab080c8c957fb8af;2026-09-07;crustle-dri;trainer;TEF;144;Buddy-Buddy Poffin;8;4;5;1.6;0.8
6a9cdf15ab080c8c957fb8af;2026-09-07;crustle-dri;trainer;CRI;82;Special Red Card;4;4;5;0.8;0.8
6a9cdf15ab080c8c957fb8af;2026-09-07;crustle-dri;trainer;MEG;130;Switch;5;5;5;1.0;1.0
6a9cdf15ab080c8c957fb8af;2026-09-07;crustle-dri;trainer;MEG;131;Ultra Ball;5;5;5;1.0;1.0
6a9cdf15ab080c8c957fb8af;2026-09-07;crustle-dri;trainer;TWM;148;Enhanced Hammer;3;3;5;0.6;0.6
6a9cdf15ab080c8c957fb8af;2026-09-07;crustle-dri;trainer;TWM;150;Handheld Fan;5;5;5;1.0;1.0
6a9cdf15ab080c8c957fb8af;2026-09-07;crustle-dri;trainer;TEF;152;Hero's Cape;5;5;5;1.0;1.0
6a9cdf15ab080c8c957fb8af;2026-09-07;crustle-dri;trainer;POR;77;Lumiose City;5;5;5;1.0;1.0
6a9cdf15ab080c8c957fb8af;2026-09-07;crustle-dri;trainer;TWM;149;Festival Grounds;3;3;5;0.6;0.6
6a9cdf15ab080c8c957fb8af;2026-09-07;crustle-dri;trainer;DRI;173;Team Rocket's Factory;4;4;5;0.8;0.8
6a9cdf15ab080c8c957fb8af;2026-09-07;crustle-dri;energy;POR;86;Growing Grass Energy;19;5;5;3.8;1.0
6a9cdf15ab080c8c957fb8af;2026-09-07;crustle-dri;energy;TEF;161;Mist Energy;19;5;5;3.8;1.0
6a9cdf15ab080c8c957fb8af;2026-09-07;crustle-dri;energy;JTG;159;Spiky Energy;16;4;5;3.2;0.8
6a9cdf15ab080c8c957fb8af;2026-09-07;crustle-dri;energy;MEE;1;Grass Energy;7;5;5;1.4;1.0
6a9cdf15ab080c8c957fb8af;2026-09-07;ogerpon-meganium-hydrapple;pokemon;TWM;25;Teal Mask Ogerpon ex;8;2;2;4.0;1.0
6a9cdf15ab080c8c957fb8af;2026-09-07;ogerpon-meganium-hydrapple;pokemon;TWM;17;Applin;4;2;2;2.0;1.0
6a9cdf15ab080c8c957fb8af;2026-09-07;ogerpon-meganium-hydrapple;pokemon;TWM;18;Dipplin;4;2;2;2.0;1.0
6a9cdf15ab080c8c957fb8af;2026-09-07;ogerpon-meganium-hydrapple;pokemon;SCR;14;Hydrapple ex;4;2;2;2.0;1.0
6a9cdf15ab080c8c957fb8af;2026-09-07;ogerpon-meganium-hydrapple;pokemon;MEG;8;Chikorita;2;2;2;1.0;1.0
6a9cdf15ab080c8c957fb8af;2026-09-07;ogerpon-meganium-hydrapple;pokemon;ASC;8;Chikorita;2;2;2;1.0;1.0
6a9cdf15ab080c8c957fb8af;2026-09-07;ogerpon-meganium-hydrapple;pokemon;MEG;9;Bayleef;2;2;2;1.0;1.0
6a9cdf15ab080c8c957fb8af;2026-09-07;ogerpon-meganium-hydrapple;pokemon;ASC;9;Bayleef;2;2;2;1.0;1.0
6a9cdf15ab080c8c957fb8af;2026-09-07;ogerpon-meganium-hydrapple;pokemon;MEG;10;Meganium;4;2;2;2.0;1.0
6a9cdf15ab080c8c957fb8af;2026-09-07;ogerpon-meganium-hydrapple;pokemon;SFA;6;Tapu Bulu;2;2;2;1.0;1.0
6a9cdf15ab080c8c957fb8af;2026-09-07;ogerpon-meganium-hydrapple;pokemon;POR;62;Meowth ex;2;2;2;1.0;1.0
6a9cdf15ab080c8c957fb8af;2026-09-07;ogerpon-meganium-hydrapple;pokemon;ASC;142;Fezandipiti ex;2;2;2;1.0;1.0
6a9cdf15ab080c8c957fb8af;2026-09-07;ogerpon-meganium-hydrapple;pokemon;MEG;12;Celebi;2;2;2;1.0;1.0
6a9cdf15ab080c8c957fb8af;2026-09-07;ogerpon-meganium-hydrapple;trainer;MEG;119;Lillie's Determination;8;2;2;4.0;1.0
6a9cdf15ab080c8c957fb8af;2026-09-07;ogerpon-meganium-hydrapple;trainer;MEG;114;Boss's Orders;4;2;2;2.0;1.0
6a9cdf15ab080c8c957fb8af;2026-09-07;ogerpon-meganium-hydrapple;trainer;PFL;87;Dawn;4;2;2;2.0;1.0
6a9cdf15ab080c8c957fb8af;2026-09-07;ogerpon-meganium-hydrapple;trainer;SFA;64;Xerosic's Machinations;1;1;2;0.5;0.5
6a9cdf15ab080c8c957fb8af;2026-09-07;ogerpon-meganium-hydrapple;trainer;SCR;132;Briar;2;2;2;1.0;1.0
6a9cdf15ab080c8c957fb8af;2026-09-07;ogerpon-meganium-hydrapple;trainer;TWM;155;Lana's Aid;2;2;2;1.0;1.0
6a9cdf15ab080c8c957fb8af;2026-09-07;ogerpon-meganium-hydrapple;trainer;TWM;143;Bug Catching Set;8;2;2;4.0;1.0
6a9cdf15ab080c8c957fb8af;2026-09-07;ogerpon-meganium-hydrapple;trainer;MEG;131;Ultra Ball;4;2;2;2.0;1.0
6a9cdf15ab080c8c957fb8af;2026-09-07;ogerpon-meganium-hydrapple;trainer;POR;81;Poké Pad;4;2;2;2.0;1.0
6a9cdf15ab080c8c957fb8af;2026-09-07;ogerpon-meganium-hydrapple;trainer;ASC;196;Night Stretcher;2;2;2;1.0;1.0
6a9cdf15ab080c8c957fb8af;2026-09-07;ogerpon-meganium-hydrapple;trainer;CRI;82;Special Red Card;2;2;2;1.0;1.0
6a9cdf15ab080c8c957fb8af;2026-09-07;ogerpon-meganium-hydrapple;trainer;POR;71;Crushing Hammer;1;1;2;0.5;0.5
6a9cdf15ab080c8c957fb8af;2026-09-07;ogerpon-meganium-hydrapple;trainer;TWM;165;Unfair Stamp;2;2;2;1.0;1.0
6a9cdf15ab080c8c957fb8af;2026-09-07;ogerpon-meganium-hydrapple;trainer;MEG;117;Forest of Vitality;6;2;2;3.0;1.0
6a9cdf15ab080c8c957fb8af;2026-09-07;ogerpon-meganium-hydrapple;energy;MEE;1;Grass Energy;28;2;2;14.0;1.0
6a9cdf15ab080c8c957fb8af;2026-09-07;dragapult-dusknoir;pokemon;TWM;128;Dreepy;44;11;11;4.0;1.0
6a9cdf15ab080c8c957fb8af;2026-09-07;dragapult-dusknoir;pokemon;TWM;129;Drakloak;44;11;11;4.0;1.0
6a9cdf15ab080c8c957fb8af;2026-09-07;dragapult-dusknoir;pokemon;TWM;130;Dragapult ex;32;11;11;2.9091;1.0
6a9cdf15ab080c8c957fb8af;2026-09-07;dragapult-dusknoir;pokemon;PRE;35;Duskull;23;11;11;2.0909;1.0
6a9cdf15ab080c8c957fb8af;2026-09-07;dragapult-dusknoir;pokemon;PRE;36;Dusclops;20;11;11;1.8182;1.0
6a9cdf15ab080c8c957fb8af;2026-09-07;dragapult-dusknoir;pokemon;PRE;37;Dusknoir;13;11;11;1.1818;1.0
6a9cdf15ab080c8c957fb8af;2026-09-07;dragapult-dusknoir;pokemon;TWM;39;Chi-Yu;1;1;11;0.0909;0.0909
6a9cdf15ab080c8c957fb8af;2026-09-07;dragapult-dusknoir;pokemon;JTG;56;Lillie's Clefairy ex;1;1;11;0.0909;0.0909
6a9cdf15ab080c8c957fb8af;2026-09-07;dragapult-dusknoir;pokemon;ASC;142;Fezandipiti ex;11;11;11;1.0;1.0
6a9cdf15ab080c8c957fb8af;2026-09-07;dragapult-dusknoir;pokemon;POR;62;Meowth ex;13;11;11;1.1818;1.0
6a9cdf15ab080c8c957fb8af;2026-09-07;dragapult-dusknoir;pokemon;ASC;16;Budew;16;11;11;1.4545;1.0
6a9cdf15ab080c8c957fb8af;2026-09-07;dragapult-dusknoir;pokemon;DRI;10;Shaymin;2;2;11;0.1818;0.1818
6a9cdf15ab080c8c957fb8af;2026-09-07;dragapult-dusknoir;trainer;MEG;119;Lillie's Determination;44;11;11;4.0;1.0
6a9cdf15ab080c8c957fb8af;2026-09-07;dragapult-dusknoir;trainer;MEG;114;Boss's Orders;30;11;11;2.7273;1.0
6a9cdf15ab080c8c957fb8af;2026-09-07;dragapult-dusknoir;trainer;SCR;133;Crispin;19;10;11;1.7273;0.9091
6a9cdf15ab080c8c957fb8af;2026-09-07;dragapult-dusknoir;trainer;POR;71;Crushing Hammer;16;5;11;1.4545;0.4545
6a9cdf15ab080c8c957fb8af;2026-09-07;dragapult-dusknoir;trainer;TEF;144;Buddy-Buddy Poffin;43;11;11;3.9091;1.0
6a9cdf15ab080c8c957fb8af;2026-09-07;dragapult-dusknoir;trainer;ASC;196;Night Stretcher;26;11;11;2.3636;1.0
6a9cdf15ab080c8c957fb8af;2026-09-07;dragapult-dusknoir;trainer;POR;81;Poké Pad;43;11;11;3.9091;1.0
6a9cdf15ab080c8c957fb8af;2026-09-07;dragapult-dusknoir;trainer;MEG;131;Ultra Ball;41;11;11;3.7273;1.0
6a9cdf15ab080c8c957fb8af;2026-09-07;dragapult-dusknoir;trainer;MEG;125;Rare Candy;14;6;11;1.2727;0.5455
6a9cdf15ab080c8c957fb8af;2026-09-07;dragapult-dusknoir;trainer;TWM;165;Unfair Stamp;10;10;11;0.9091;0.9091
6a9cdf15ab080c8c957fb8af;2026-09-07;dragapult-dusknoir;trainer;CRI;82;Special Red Card;10;9;11;0.9091;0.8182
6a9cdf15ab080c8c957fb8af;2026-09-07;dragapult-dusknoir;trainer;DRI;180;Team Rocket's Watchtower;9;7;11;0.8182;0.6364
6a9cdf15ab080c8c957fb8af;2026-09-07;dragapult-dusknoir;trainer;SCR;131;Area Zero Underdepths;1;1;11;0.0909;0.0909
6a9cdf15ab080c8c957fb8af;2026-09-07;dragapult-dusknoir;energy;MEE;5;Psychic Energy;35;11;11;3.1818;1.0
6a9cdf15ab080c8c957fb8af;2026-09-07;dragapult-dusknoir;energy;MEE;2;Fire Energy;36;11;11;3.2727;1.0
6a9cdf15ab080c8c957fb8af;2026-09-07;crustle-dri;pokemon;TWM;112;Cornerstone Mask Ogerpon ex;1;1;5;0.2;0.2
6a9cdf15ab080c8c957fb8af;2026-09-07;crustle-dri;trainer;SCR;133;Crispin;4;1;5;0.8;0.2
6a9cdf15ab080c8c957fb8af;2026-09-07;crustle-dri;trainer;POR;81;Poké Pad;2;1;5;0.4;0.2
6a9cdf15ab080c8c957fb8af;2026-09-07;crustle-dri;trainer;ASC;196;Night Stretcher;1;1;5;0.2;0.2
6a9cdf15ab080c8c957fb8af;2026-09-07;crustle-dri;trainer;PFL;85;Battle Cage;1;1;5;0.2;0.2
6a9cdf15ab080c8c957fb8af;2026-09-07;crustle-dri;energy;MEE;6;Fighting Energy;3;1;5;0.6;0.2
6a9cdf15ab080c8c957fb8af;2026-09-07;crustle-dri;energy;MEE;5;Psychic Energy;1;1;5;0.2;0.2
6a9cdf15ab080c8c957fb8af;2026-09-07;crustle-dri;energy;MEE;7;Darkness Energy;1;1;5;0.2;0.2
6a9cdf15ab080c8c957fb8af;2026-09-07;rockets-honchkrow;pokemon;DRI;127;Team Rocket's Murkrow;16;4;4;4.0;1.0
6a9cdf15ab080c8c957fb8af;2026-09-07;rockets-honchkrow;pokemon;ASC;127;Team Rocket's Honchkrow;13;4;4;3.25;1.0
6a9cdf15ab080c8c957fb8af;2026-09-07;rockets-honchkrow;pokemon;DRI;153;Team Rocket's Porygon;8;4;4;2.0;1.0
6a9cdf15ab080c8c957fb8af;2026-09-07;rockets-honchkrow;pokemon;DRI;154;Team Rocket's Porygon2;6;4;4;1.5;1.0
6a9cdf15ab080c8c957fb8af;2026-09-07;rockets-honchkrow;pokemon;DRI;51;Team Rocket's Articuno;6;4;4;1.5;1.0
6a9cdf15ab080c8c957fb8af;2026-09-07;rockets-honchkrow;pokemon;DRI;128;Team Rocket's Sneasel;1;1;4;0.25;0.25
6a9cdf15ab080c8c957fb8af;2026-09-07;rockets-honchkrow;trainer;DRI;170;Team Rocket's Archer;16;4;4;4.0;1.0
6a9cdf15ab080c8c957fb8af;2026-09-07;rockets-honchkrow;trainer;DRI;171;Team Rocket's Ariana;16;4;4;4.0;1.0
6a9cdf15ab080c8c957fb8af;2026-09-07;rockets-honchkrow;trainer;DRI;174;Team Rocket's Giovanni;16;4;4;4.0;1.0
6a9cdf15ab080c8c957fb8af;2026-09-07;rockets-honchkrow;trainer;DRI;177;Team Rocket's Proton;16;4;4;4.0;1.0
6a9cdf15ab080c8c957fb8af;2026-09-07;rockets-honchkrow;trainer;DRI;176;Team Rocket's Petrel;16;4;4;4.0;1.0
6a9cdf15ab080c8c957fb8af;2026-09-07;rockets-honchkrow;trainer;DRI;178;Team Rocket's Transceiver;16;4;4;4.0;1.0
6a9cdf15ab080c8c957fb8af;2026-09-07;rockets-honchkrow;trainer;PRE;127;Roto-Stick;16;4;4;4.0;1.0
6a9cdf15ab080c8c957fb8af;2026-09-07;rockets-honchkrow;trainer;ASC;196;Night Stretcher;12;4;4;3.0;1.0
6a9cdf15ab080c8c957fb8af;2026-09-07;rockets-honchkrow;trainer;POR;81;Poké Pad;13;4;4;3.25;1.0
6a9cdf15ab080c8c957fb8af;2026-09-07;rockets-honchkrow;trainer;SSP;183;Miracle Headset;4;4;4;1.0;1.0
6a9cdf15ab080c8c957fb8af;2026-09-07;rockets-honchkrow;trainer;DRI;173;Team Rocket's Factory;13;4;4;3.25;1.0
6a9cdf15ab080c8c957fb8af;2026-09-07;rockets-honchkrow;energy;DRI;182;Team Rocket's Energy;16;4;4;4.0;1.0
6a9cdf15ab080c8c957fb8af;2026-09-07;rockets-honchkrow;energy;WHT;86;Ignition Energy;16;4;4;4.0;1.0
6a9cdf15ab080c8c957fb8af;2026-09-07;starmie-froslass;pokemon;ASC;46;Snorunt;3;1;1;3.0;1.0
6a9cdf15ab080c8c957fb8af;2026-09-07;starmie-froslass;pokemon;TWM;53;Froslass;2;1;1;2.0;1.0
6a9cdf15ab080c8c957fb8af;2026-09-07;starmie-froslass;pokemon;ASC;47;Mega Froslass ex;1;1;1;1.0;1.0
6a9cdf15ab080c8c957fb8af;2026-09-07;starmie-froslass;pokemon;POR;20;Staryu;2;1;1;2.0;1.0
6a9cdf15ab080c8c957fb8af;2026-09-07;starmie-froslass;pokemon;POR;21;Mega Starmie ex;2;1;1;2.0;1.0
6a9cdf15ab080c8c957fb8af;2026-09-07;starmie-froslass;pokemon;TWM;95;Munkidori;2;1;1;2.0;1.0
6a9cdf15ab080c8c957fb8af;2026-09-07;starmie-froslass;pokemon;POR;62;Meowth ex;1;1;1;1.0;1.0
6a9cdf15ab080c8c957fb8af;2026-09-07;starmie-froslass;pokemon;DRI;10;Shaymin;1;1;1;1.0;1.0
6a9cdf15ab080c8c957fb8af;2026-09-07;starmie-froslass;pokemon;ASC;142;Fezandipiti ex;1;1;1;1.0;1.0
6a9cdf15ab080c8c957fb8af;2026-09-07;starmie-froslass;pokemon;ASC;16;Budew;1;1;1;1.0;1.0
6a9cdf15ab080c8c957fb8af;2026-09-07;starmie-froslass;trainer;MEG;119;Lillie's Determination;4;1;1;4.0;1.0
6a9cdf15ab080c8c957fb8af;2026-09-07;starmie-froslass;trainer;TEF;160;Salvatore;3;1;1;3.0;1.0
6a9cdf15ab080c8c957fb8af;2026-09-07;starmie-froslass;trainer;MEG;114;Boss's Orders;3;1;1;3.0;1.0
6a9cdf15ab080c8c957fb8af;2026-09-07;starmie-froslass;trainer;SCR;133;Crispin;2;1;1;2.0;1.0
6a9cdf15ab080c8c957fb8af;2026-09-07;starmie-froslass;trainer;WHT;84;Hilda;2;1;1;2.0;1.0
6a9cdf15ab080c8c957fb8af;2026-09-07;starmie-froslass;trainer;POR;76;Judge;1;1;1;1.0;1.0
6a9cdf15ab080c8c957fb8af;2026-09-07;starmie-froslass;trainer;MEG;132;Wally's Compassion;1;1;1;1.0;1.0
6a9cdf15ab080c8c957fb8af;2026-09-07;starmie-froslass;trainer;POR;81;Poké Pad;4;1;1;4.0;1.0
6a9cdf15ab080c8c957fb8af;2026-09-07;starmie-froslass;trainer;MEG;131;Ultra Ball;3;1;1;3.0;1.0
6a9cdf15ab080c8c957fb8af;2026-09-07;starmie-froslass;trainer;TEF;144;Buddy-Buddy Poffin;3;1;1;3.0;1.0
6a9cdf15ab080c8c957fb8af;2026-09-07;starmie-froslass;trainer;SVI;186;Pokégear 3.0;3;1;1;3.0;1.0
6a9cdf15ab080c8c957fb8af;2026-09-07;starmie-froslass;trainer;ASC;196;Night Stretcher;2;1;1;2.0;1.0
6a9cdf15ab080c8c957fb8af;2026-09-07;starmie-froslass;trainer;CRI;82;Special Red Card;1;1;1;1.0;1.0
6a9cdf15ab080c8c957fb8af;2026-09-07;starmie-froslass;trainer;ASC;181;Air Balloon;1;1;1;1.0;1.0
6a9cdf15ab080c8c957fb8af;2026-09-07;starmie-froslass;trainer;MEG;127;Risky Ruins;2;1;1;2.0;1.0
6a9cdf15ab080c8c957fb8af;2026-09-07;starmie-froslass;energy;MEE;3;Water Energy;4;1;1;4.0;1.0
6a9cdf15ab080c8c957fb8af;2026-09-07;starmie-froslass;energy;WHT;86;Ignition Energy;2;1;1;2.0;1.0
6a9cdf15ab080c8c957fb8af;2026-09-07;starmie-froslass;energy;MEE;7;Darkness Energy;2;1;1;2.0;1.0
6a9cdf15ab080c8c957fb8af;2026-09-07;starmie-froslass;energy;TWM;167;Legacy Energy;1;1;1;1.0;1.0
6a9cdf15ab080c8c957fb8af;2026-09-07;mega-lucario-ex;pokemon;PRE;50;Riolu;9;3;4;2.25;0.75
6a9cdf15ab080c8c957fb8af;2026-09-07;mega-lucario-ex;pokemon;MEG;77;Mega Lucario ex;13;4;4;3.25;1.0
6a9cdf15ab080c8c957fb8af;2026-09-07;mega-lucario-ex;pokemon;JTG;120;Dunsparce;7;3;4;1.75;0.75
6a9cdf15ab080c8c957fb8af;2026-09-07;mega-lucario-ex;pokemon;TEF;129;Dudunsparce;6;3;4;1.5;0.75
6a9cdf15ab080c8c957fb8af;2026-09-07;mega-lucario-ex;pokemon;MEG;74;Lunatone;8;4;4;2.0;1.0
6a9cdf15ab080c8c957fb8af;2026-09-07;mega-lucario-ex;pokemon;MEG;75;Solrock;8;4;4;2.0;1.0
6a9cdf15ab080c8c957fb8af;2026-09-07;mega-lucario-ex;pokemon;POR;47;Mega Zygarde ex;3;2;4;0.75;0.5
6a9cdf15ab080c8c957fb8af;2026-09-07;mega-lucario-ex;pokemon;SFA;40;Genesect;1;1;4;0.25;0.25
6a9cdf15ab080c8c957fb8af;2026-09-07;mega-lucario-ex;trainer;WHT;84;Hilda;5;2;4;1.25;0.5
6a9cdf15ab080c8c957fb8af;2026-09-07;mega-lucario-ex;trainer;MEG;119;Lillie's Determination;14;4;4;3.5;1.0
6a9cdf15ab080c8c957fb8af;2026-09-07;mega-lucario-ex;trainer;MEG;114;Boss's Orders;10;4;4;2.5;1.0
6a9cdf15ab080c8c957fb8af;2026-09-07;mega-lucario-ex;trainer;MEG;132;Wally's Compassion;9;4;4;2.25;1.0
6a9cdf15ab080c8c957fb8af;2026-09-07;mega-lucario-ex;trainer;POR;71;Crushing Hammer;8;2;4;2.0;0.5
6a9cdf15ab080c8c957fb8af;2026-09-07;mega-lucario-ex;trainer;MEG;124;Premium Power Pro;16;4;4;4.0;1.0
6a9cdf15ab080c8c957fb8af;2026-09-07;mega-lucario-ex;trainer;MEG;116;Fighting Gong;13;4;4;3.25;1.0
6a9cdf15ab080c8c957fb8af;2026-09-07;mega-lucario-ex;trainer;POR;81;Poké Pad;13;4;4;3.25;1.0
6a9cdf15ab080c8c957fb8af;2026-09-07;mega-lucario-ex;trainer;TEF;144;Buddy-Buddy Poffin;8;3;4;2.0;0.75
6a9cdf15ab080c8c957fb8af;2026-09-07;mega-lucario-ex;trainer;TWM;165;Unfair Stamp;1;1;4;0.25;0.25
6a9cdf15ab080c8c957fb8af;2026-09-07;mega-lucario-ex;trainer;MEG;130;Switch;3;2;4;0.75;0.5
6a9cdf15ab080c8c957fb8af;2026-09-07;mega-lucario-ex;trainer;CRI;82;Special Red Card;3;3;4;0.75;0.75
6a9cdf15ab080c8c957fb8af;2026-09-07;mega-lucario-ex;trainer;ASC;181;Air Balloon;4;2;4;1.0;0.5
6a9cdf15ab080c8c957fb8af;2026-09-07;mega-lucario-ex;trainer;SSP;177;Gravity Mountain;7;3;4;1.75;0.75
6a9cdf15ab080c8c957fb8af;2026-09-07;mega-lucario-ex;trainer;TWM;153;Jamming Tower;1;1;4;0.25;0.25
6a9cdf15ab080c8c957fb8af;2026-09-07;mega-lucario-ex;energy;MEE;6;Fighting Energy;35;4;4;8.75;1.0
6a9cdf15ab080c8c957fb8af;2026-09-07;mega-lucario-ex;energy;POR;87;Rocky Fighting Energy;5;2;4;1.25;0.5
6a9cdf15ab080c8c957fb8af;2026-09-07;yanmega-ex;pokemon;DRI;2;Yanma;3;1;1;3.0;1.0
6a9cdf15ab080c8c957fb8af;2026-09-07;yanmega-ex;pokemon;DRI;3;Yanmega ex;3;1;1;3.0;1.0
6a9cdf15ab080c8c957fb8af;2026-09-07;yanmega-ex;pokemon;JTG;120;Dunsparce;2;1;1;2.0;1.0
6a9cdf15ab080c8c957fb8af;2026-09-07;yanmega-ex;pokemon;TEF;129;Dudunsparce;2;1;1;2.0;1.0
6a9cdf15ab080c8c957fb8af;2026-09-07;yanmega-ex;pokemon;DRI;11;Dwebble;1;1;1;1.0;1.0
6a9cdf15ab080c8c957fb8af;2026-09-07;yanmega-ex;pokemon;DRI;12;Crustle;1;1;1;1.0;1.0
6a9cdf15ab080c8c957fb8af;2026-09-07;yanmega-ex;pokemon;TWM;64;Wellspring Mask Ogerpon ex;1;1;1;1.0;1.0
6a9cdf15ab080c8c957fb8af;2026-09-07;yanmega-ex;pokemon;ASC;142;Fezandipiti ex;1;1;1;1.0;1.0
6a9cdf15ab080c8c957fb8af;2026-09-07;yanmega-ex;pokemon;POR;62;Meowth ex;1;1;1;1.0;1.0
6a9cdf15ab080c8c957fb8af;2026-09-07;yanmega-ex;pokemon;SSP;18;Paldean Tauros;1;1;1;1.0;1.0
6a9cdf15ab080c8c957fb8af;2026-09-07;yanmega-ex;pokemon;ASC;39;Psyduck;1;1;1;1.0;1.0
6a9cdf15ab080c8c957fb8af;2026-09-07;yanmega-ex;pokemon;TWM;131;Tatsugiri;1;1;1;1.0;1.0
6a9cdf15ab080c8c957fb8af;2026-09-07;yanmega-ex;trainer;MEG;119;Lillie's Determination;4;1;1;4.0;1.0
6a9cdf15ab080c8c957fb8af;2026-09-07;yanmega-ex;trainer;MEG;114;Boss's Orders;4;1;1;4.0;1.0
6a9cdf15ab080c8c957fb8af;2026-09-07;yanmega-ex;trainer;SCR;138;Kofu;2;1;1;2.0;1.0
6a9cdf15ab080c8c957fb8af;2026-09-07;yanmega-ex;trainer;SSP;187;Surfer;1;1;1;1.0;1.0
6a9cdf15ab080c8c957fb8af;2026-09-07;yanmega-ex;trainer;TEF;144;Buddy-Buddy Poffin;4;1;1;4.0;1.0
6a9cdf15ab080c8c957fb8af;2026-09-07;yanmega-ex;trainer;POR;81;Poké Pad;3;1;1;3.0;1.0
6a9cdf15ab080c8c957fb8af;2026-09-07;yanmega-ex;trainer;MEG;115;Energy Switch;3;1;1;3.0;1.0
6a9cdf15ab080c8c957fb8af;2026-09-07;yanmega-ex;trainer;MEG;131;Ultra Ball;3;1;1;3.0;1.0
6a9cdf15ab080c8c957fb8af;2026-09-07;yanmega-ex;trainer;TEF;157;Prime Catcher;1;1;1;1.0;1.0
6a9cdf15ab080c8c957fb8af;2026-09-07;yanmega-ex;trainer;DRI;164;Energy Recycler;1;1;1;1.0;1.0
6a9cdf15ab080c8c957fb8af;2026-09-07;yanmega-ex;trainer;CRI;82;Special Red Card;1;1;1;1.0;1.0
6a9cdf15ab080c8c957fb8af;2026-09-07;yanmega-ex;trainer;ASC;196;Night Stretcher;1;1;1;1.0;1.0
6a9cdf15ab080c8c957fb8af;2026-09-07;yanmega-ex;trainer;MEG;130;Switch;1;1;1;1.0;1.0
6a9cdf15ab080c8c957fb8af;2026-09-07;yanmega-ex;trainer;ASC;181;Air Balloon;2;1;1;2.0;1.0
6a9cdf15ab080c8c957fb8af;2026-09-07;yanmega-ex;trainer;MEG;117;Forest of Vitality;1;1;1;1.0;1.0
6a9cdf15ab080c8c957fb8af;2026-09-07;yanmega-ex;energy;MEE;1;Grass Energy;8;1;1;8.0;1.0
6a9cdf15ab080c8c957fb8af;2026-09-07;yanmega-ex;energy;ASC;216;Prism Energy;2;1;1;2.0;1.0
6a9cdf15ab080c8c957fb8af;2026-09-07;grimmsnarl-froslass;pokemon;TWM;95;Munkidori;20;5;5;4.0;1.0
6a9cdf15ab080c8c957fb8af;2026-09-07;grimmsnarl-froslass;pokemon;DRI;134;Marnie's Impidimp;17;5;5;3.4;1.0
6a9cdf15ab080c8c957fb8af;2026-09-07;grimmsnarl-froslass;pokemon;DRI;135;Marnie's Morgrem;11;5;5;2.2;1.0
6a9cdf15ab080c8c957fb8af;2026-09-07;grimmsnarl-froslass;pokemon;DRI;136;Marnie's Grimmsnarl ex;13;5;5;2.6;1.0
6a9cdf15ab080c8c957fb8af;2026-09-07;grimmsnarl-froslass;pokemon;ASC;46;Snorunt;14;5;5;2.8;1.0
6a9cdf15ab080c8c957fb8af;2026-09-07;grimmsnarl-froslass;pokemon;TWM;53;Froslass;12;5;5;2.4;1.0
6a9cdf15ab080c8c957fb8af;2026-09-07;grimmsnarl-froslass;pokemon;TWM;131;Tatsugiri;4;4;5;0.8;0.8
6a9cdf15ab080c8c957fb8af;2026-09-07;grimmsnarl-froslass;pokemon;DRI;10;Shaymin;4;4;5;0.8;0.8
6a9cdf15ab080c8c957fb8af;2026-09-07;grimmsnarl-froslass;pokemon;ASC;16;Budew;7;5;5;1.4;1.0
6a9cdf15ab080c8c957fb8af;2026-09-07;grimmsnarl-froslass;pokemon;MEG;88;Yveltal;5;5;5;1.0;1.0
6a9cdf15ab080c8c957fb8af;2026-09-07;grimmsnarl-froslass;trainer;MEG;119;Lillie's Determination;20;5;5;4.0;1.0
6a9cdf15ab080c8c957fb8af;2026-09-07;grimmsnarl-froslass;trainer;MEG;114;Boss's Orders;16;5;5;3.2;1.0
6a9cdf15ab080c8c957fb8af;2026-09-07;grimmsnarl-froslass;trainer;PBL;78;Gwynn;11;5;5;2.2;1.0
6a9cdf15ab080c8c957fb8af;2026-09-07;grimmsnarl-froslass;trainer;DRI;176;Team Rocket's Petrel;12;5;5;2.4;1.0
6a9cdf15ab080c8c957fb8af;2026-09-07;grimmsnarl-froslass;trainer;POR;81;Poké Pad;20;5;5;4.0;1.0
6a9cdf15ab080c8c957fb8af;2026-09-07;grimmsnarl-froslass;trainer;ASC;196;Night Stretcher;12;5;5;2.4;1.0
6a9cdf15ab080c8c957fb8af;2026-09-07;grimmsnarl-froslass;trainer;MEG;125;Rare Candy;9;5;5;1.8;1.0
6a9cdf15ab080c8c957fb8af;2026-09-07;grimmsnarl-froslass;trainer;TEF;144;Buddy-Buddy Poffin;12;5;5;2.4;1.0
6a9cdf15ab080c8c957fb8af;2026-09-07;grimmsnarl-froslass;trainer;MEG;115;Energy Switch;2;2;5;0.4;0.4
6a9cdf15ab080c8c957fb8af;2026-09-07;grimmsnarl-froslass;trainer;CRI;82;Special Red Card;5;5;5;1.0;1.0
6a9cdf15ab080c8c957fb8af;2026-09-07;grimmsnarl-froslass;trainer;TWM;165;Unfair Stamp;3;3;5;0.6;0.6
6a9cdf15ab080c8c957fb8af;2026-09-07;grimmsnarl-froslass;trainer;ASC;181;Air Balloon;5;5;5;1.0;1.0
6a9cdf15ab080c8c957fb8af;2026-09-07;grimmsnarl-froslass;trainer;DRI;169;Spikemuth Gym;19;5;5;3.8;1.0
6a9cdf15ab080c8c957fb8af;2026-09-07;grimmsnarl-froslass;energy;MEE;7;Darkness Energy;44;5;5;8.8;1.0
6a9cdf15ab080c8c957fb8af;2026-09-07;alakazam-dudunsparce;pokemon;MEG;54;Abra;28;7;7;4.0;1.0
6a9cdf15ab080c8c957fb8af;2026-09-07;alakazam-dudunsparce;pokemon;MEG;55;Kadabra;28;7;7;4.0;1.0
6a9cdf15ab080c8c957fb8af;2026-09-07;alakazam-dudunsparce;pokemon;MEG;56;Alakazam;21;7;7;3.0;1.0
6a9cdf15ab080c8c957fb8af;2026-09-07;alakazam-dudunsparce;pokemon;JTG;120;Dunsparce;20;7;7;2.8571;1.0
6a9cdf15ab080c8c957fb8af;2026-09-07;alakazam-dudunsparce;pokemon;TEF;129;Dudunsparce;16;7;7;2.2857;1.0
6a9cdf15ab080c8c957fb8af;2026-09-07;alakazam-dudunsparce;pokemon;ASC;142;Fezandipiti ex;7;7;7;1.0;1.0
6a9cdf15ab080c8c957fb8af;2026-09-07;alakazam-dudunsparce;pokemon;SSP;87;Dedenne;3;3;7;0.4286;0.4286
6a9cdf15ab080c8c957fb8af;2026-09-07;alakazam-dudunsparce;pokemon;DRI;10;Shaymin;5;5;7;0.7143;0.7143
6a9cdf15ab080c8c957fb8af;2026-09-07;alakazam-dudunsparce;pokemon;SFA;40;Genesect;9;7;7;1.2857;1.0
6a9cdf15ab080c8c957fb8af;2026-09-07;alakazam-dudunsparce;trainer;PFL;87;Dawn;27;7;7;3.8571;1.0
6a9cdf15ab080c8c957fb8af;2026-09-07;alakazam-dudunsparce;trainer;WHT;84;Hilda;21;7;7;3.0;1.0
6a9cdf15ab080c8c957fb8af;2026-09-07;alakazam-dudunsparce;trainer;MEG;114;Boss's Orders;16;7;7;2.2857;1.0
6a9cdf15ab080c8c957fb8af;2026-09-07;alakazam-dudunsparce;trainer;TWM;155;Lana's Aid;5;5;7;0.7143;0.7143
6a9cdf15ab080c8c957fb8af;2026-09-07;alakazam-dudunsparce;trainer;SFA;64;Xerosic's Machinations;1;1;7;0.1429;0.1429
6a9cdf15ab080c8c957fb8af;2026-09-07;alakazam-dudunsparce;trainer;TEF;146;Eri;9;7;7;1.2857;1.0
6a9cdf15ab080c8c957fb8af;2026-09-07;alakazam-dudunsparce;trainer;POR;81;Poké Pad;27;7;7;3.8571;1.0
6a9cdf15ab080c8c957fb8af;2026-09-07;alakazam-dudunsparce;trainer;TEF;144;Buddy-Buddy Poffin;27;7;7;3.8571;1.0
6a9cdf15ab080c8c957fb8af;2026-09-07;alakazam-dudunsparce;trainer;MEG;125;Rare Candy;21;7;7;3.0;1.0
6a9cdf15ab080c8c957fb8af;2026-09-07;alakazam-dudunsparce;trainer;TWM;148;Enhanced Hammer;8;4;7;1.1429;0.5714
6a9cdf15ab080c8c957fb8af;2026-09-07;alakazam-dudunsparce;trainer;ASC;196;Night Stretcher;4;4;7;0.5714;0.5714
6a9cdf15ab080c8c957fb8af;2026-09-07;alakazam-dudunsparce;trainer;DRI;168;Sacred Ash;7;7;7;1.0;1.0
6a9cdf15ab080c8c957fb8af;2026-09-07;alakazam-dudunsparce;trainer;TWM;150;Handheld Fan;8;4;7;1.1429;0.5714
6a9cdf15ab080c8c957fb8af;2026-09-07;alakazam-dudunsparce;trainer;ASC;197;Nighttime Mine;10;3;7;1.4286;0.4286
6a9cdf15ab080c8c957fb8af;2026-09-07;alakazam-dudunsparce;energy;POR;88;Telepathic Psychic Energy;27;7;7;3.8571;1.0
6a9cdf15ab080c8c957fb8af;2026-09-07;alakazam-dudunsparce;energy;MEE;5;Psychic Energy;11;7;7;1.5714;1.0
6a9cdf15ab080c8c957fb8af;2026-09-07;alakazam-dudunsparce;energy;SSP;191;Enriching Energy;7;7;7;1.0;1.0
6a9cdf15ab080c8c957fb8af;2026-09-07;rockets-honchkrow;trainer;MEG;131;Ultra Ball;2;2;4;0.5;0.5
6a9cdf15ab080c8c957fb8af;2026-09-07;rockets-honchkrow;trainer;WHT;80;Brave Bangle;1;1;4;0.25;0.25
6a9cdf15ab080c8c957fb8af;2026-09-07;ogerpon-meganium-hydrapple;pokemon;SCR;114;Hoothoot;1;1;2;0.5;0.5
6a9cdf15ab080c8c957fb8af;2026-09-07;ogerpon-meganium-hydrapple;pokemon;SCR;115;Noctowl;1;1;2;0.5;0.5
6a9cdf15ab080c8c957fb8af;2026-09-07;toxtricity-box;trainer;SVI;186;Pokégear 3.0;6;3;4;1.5;0.75
6a9cdf15ab080c8c957fb8af;2026-09-07;toxtricity-box;trainer;POR;77;Lumiose City;3;3;4;0.75;0.75
6a9cdf15ab080c8c957fb8af;2026-09-07;dragapult-blaziken;pokemon;TWM;128;Dreepy;32;8;8;4.0;1.0
6a9cdf15ab080c8c957fb8af;2026-09-07;dragapult-blaziken;pokemon;TWM;129;Drakloak;32;8;8;4.0;1.0
6a9cdf15ab080c8c957fb8af;2026-09-07;dragapult-blaziken;pokemon;TWM;130;Dragapult ex;16;8;8;2.0;1.0
6a9cdf15ab080c8c957fb8af;2026-09-07;dragapult-blaziken;pokemon;DRI;40;Torchic;16;8;8;2.0;1.0
6a9cdf15ab080c8c957fb8af;2026-09-07;dragapult-blaziken;pokemon;DRI;41;Combusken;8;8;8;1.0;1.0
6a9cdf15ab080c8c957fb8af;2026-09-07;dragapult-blaziken;pokemon;JTG;24;Blaziken ex;16;8;8;2.0;1.0
6a9cdf15ab080c8c957fb8af;2026-09-07;dragapult-blaziken;pokemon;DRI;42;Blaziken;1;1;8;0.125;0.125
6a9cdf15ab080c8c957fb8af;2026-09-07;dragapult-blaziken;pokemon;SSP;56;Chien-Pao;1;1;8;0.125;0.125
6a9cdf15ab080c8c957fb8af;2026-09-07;dragapult-blaziken;pokemon;ASC;16;Budew;7;7;8;0.875;0.875
6a9cdf15ab080c8c957fb8af;2026-09-07;dragapult-blaziken;pokemon;ASC;142;Fezandipiti ex;8;8;8;1.0;1.0
6a9cdf15ab080c8c957fb8af;2026-09-07;dragapult-blaziken;pokemon;JTG;56;Lillie's Clefairy ex;7;7;8;0.875;0.875
6a9cdf15ab080c8c957fb8af;2026-09-07;dragapult-blaziken;pokemon;TWM;95;Munkidori;14;8;8;1.75;1.0
6a9cdf15ab080c8c957fb8af;2026-09-07;dragapult-blaziken;pokemon;POR;62;Meowth ex;8;8;8;1.0;1.0
6a9cdf15ab080c8c957fb8af;2026-09-07;dragapult-blaziken;pokemon;DRI;10;Shaymin;4;4;8;0.5;0.5
6a9cdf15ab080c8c957fb8af;2026-09-07;dragapult-blaziken;trainer;MEG;119;Lillie's Determination;32;8;8;4.0;1.0
6a9cdf15ab080c8c957fb8af;2026-09-07;dragapult-blaziken;trainer;MEG;114;Boss's Orders;23;8;8;2.875;1.0
6a9cdf15ab080c8c957fb8af;2026-09-07;dragapult-blaziken;trainer;SCR;133;Crispin;15;8;8;1.875;1.0
6a9cdf15ab080c8c957fb8af;2026-09-07;dragapult-blaziken;trainer;TEF;144;Buddy-Buddy Poffin;32;8;8;4.0;1.0
6a9cdf15ab080c8c957fb8af;2026-09-07;dragapult-blaziken;trainer;MEG;131;Ultra Ball;31;8;8;3.875;1.0
6a9cdf15ab080c8c957fb8af;2026-09-07;dragapult-blaziken;trainer;POR;81;Poké Pad;29;8;8;3.625;1.0
6a9cdf15ab080c8c957fb8af;2026-09-07;dragapult-blaziken;trainer;MEG;125;Rare Candy;21;8;8;2.625;1.0
6a9cdf15ab080c8c957fb8af;2026-09-07;dragapult-blaziken;trainer;ASC;196;Night Stretcher;16;8;8;2.0;1.0
6a9cdf15ab080c8c957fb8af;2026-09-07;dragapult-blaziken;trainer;TWM;165;Unfair Stamp;8;8;8;1.0;1.0
6a9cdf15ab080c8c957fb8af;2026-09-07;dragapult-blaziken;trainer;CRI;82;Special Red Card;7;7;8;0.875;0.875
6a9cdf15ab080c8c957fb8af;2026-09-07;dragapult-blaziken;trainer;DRI;180;Team Rocket's Watchtower;8;6;8;1.0;0.75
6a9cdf15ab080c8c957fb8af;2026-09-07;dragapult-blaziken;trainer;SCR;131;Area Zero Underdepths;3;3;8;0.375;0.375
6a9cdf15ab080c8c957fb8af;2026-09-07;dragapult-blaziken;energy;MEE;5;Psychic Energy;24;8;8;3.0;1.0
6a9cdf15ab080c8c957fb8af;2026-09-07;dragapult-blaziken;energy;MEE;2;Fire Energy;24;8;8;3.0;1.0
6a9cdf15ab080c8c957fb8af;2026-09-07;dragapult-blaziken;energy;MEE;7;Darkness Energy;15;8;8;1.875;1.0
6a9cdf15ab080c8c957fb8af;2026-09-07;dragapult-ex;pokemon;SCR;114;Hoothoot;3;1;17;0.1765;0.0588
6a9cdf15ab080c8c957fb8af;2026-09-07;dragapult-ex;pokemon;SCR;115;Noctowl;3;1;17;0.1765;0.0588
6a9cdf15ab080c8c957fb8af;2026-09-07;dragapult-ex;pokemon;TWM;64;Wellspring Mask Ogerpon ex;2;1;17;0.1176;0.0588
6a9cdf15ab080c8c957fb8af;2026-09-07;dragapult-ex;pokemon;SCR;118;Fan Rotom;2;1;17;0.1176;0.0588
6a9cdf15ab080c8c957fb8af;2026-09-07;dragapult-ex;pokemon;TWM;141;Bloodmoon Ursaluna ex;1;1;17;0.0588;0.0588
6a9cdf15ab080c8c957fb8af;2026-09-07;dragapult-ex;pokemon;SSP;76;Latias ex;3;3;17;0.1765;0.1765
6a9cdf15ab080c8c957fb8af;2026-09-07;dragapult-ex;pokemon;JTG;56;Lillie's Clefairy ex;2;2;17;0.1176;0.1176
6a9cdf15ab080c8c957fb8af;2026-09-07;dragapult-ex;trainer;SSP;189;Tera Orb;2;1;17;0.1176;0.0588
6a9cdf15ab080c8c957fb8af;2026-09-07;dragapult-ex;trainer;MEG;125;Rare Candy;6;3;17;0.3529;0.1765
6a9cdf15ab080c8c957fb8af;2026-09-07;dragapult-ex;trainer;MEG;130;Switch;3;2;17;0.1765;0.1176
6a9cdf15ab080c8c957fb8af;2026-09-07;dragapult-ex;trainer;ASC;181;Air Balloon;1;1;17;0.0588;0.0588
6a9cdf15ab080c8c957fb8af;2026-09-07;dragapult-ex;trainer;SCR;142;Sparkling Crystal;1;1;17;0.0588;0.0588
6a9cdf15ab080c8c957fb8af;2026-09-07;dragapult-ex;trainer;SCR;131;Area Zero Underdepths;3;1;17;0.1765;0.0588
6a9cdf15ab080c8c957fb8af;2026-09-07;dragapult-ex;energy;MEE;3;Water Energy;1;1;17;0.0588;0.0588
6a9cdf15ab080c8c957fb8af;2026-09-07;dragapult-dudunsparce;pokemon;TWM;128;Dreepy;8;2;2;4.0;1.0
6a9cdf15ab080c8c957fb8af;2026-09-07;dragapult-dudunsparce;pokemon;TWM;129;Drakloak;8;2;2;4.0;1.0
6a9cdf15ab080c8c957fb8af;2026-09-07;dragapult-dudunsparce;pokemon;TWM;130;Dragapult ex;6;2;2;3.0;1.0
6a9cdf15ab080c8c957fb8af;2026-09-07;dragapult-dudunsparce;pokemon;JTG;120;Dunsparce;4;2;2;2.0;1.0
6a9cdf15ab080c8c957fb8af;2026-09-07;dragapult-dudunsparce;pokemon;TEF;129;Dudunsparce;2;2;2;1.0;1.0
6a9cdf15ab080c8c957fb8af;2026-09-07;dragapult-dudunsparce;pokemon;JTG;121;Dudunsparce ex;2;2;2;1.0;1.0
6a9cdf15ab080c8c957fb8af;2026-09-07;dragapult-dudunsparce;pokemon;TWM;95;Munkidori;4;2;2;2.0;1.0
6a9cdf15ab080c8c957fb8af;2026-09-07;dragapult-dudunsparce;pokemon;ASC;142;Fezandipiti ex;2;2;2;1.0;1.0
6a9cdf15ab080c8c957fb8af;2026-09-07;dragapult-dudunsparce;pokemon;PFL;14;Moltres;1;1;2;0.5;0.5
6a9cdf15ab080c8c957fb8af;2026-09-07;dragapult-dudunsparce;pokemon;POR;62;Meowth ex;2;2;2;1.0;1.0
6a9cdf15ab080c8c957fb8af;2026-09-07;dragapult-dudunsparce;pokemon;ASC;16;Budew;3;2;2;1.5;1.0
6a9cdf15ab080c8c957fb8af;2026-09-07;dragapult-dudunsparce;pokemon;DRI;10;Shaymin;1;1;2;0.5;0.5
6a9cdf15ab080c8c957fb8af;2026-09-07;dragapult-dudunsparce;trainer;MEG;119;Lillie's Determination;8;2;2;4.0;1.0
6a9cdf15ab080c8c957fb8af;2026-09-07;dragapult-dudunsparce;trainer;MEG;114;Boss's Orders;6;2;2;3.0;1.0
6a9cdf15ab080c8c957fb8af;2026-09-07;dragapult-dudunsparce;trainer;SCR;133;Crispin;5;2;2;2.5;1.0
6a9cdf15ab080c8c957fb8af;2026-09-07;dragapult-dudunsparce;trainer;POR;76;Judge;2;2;2;1.0;1.0
6a9cdf15ab080c8c957fb8af;2026-09-07;dragapult-dudunsparce;trainer;POR;84;Rosa's Encouragement;1;1;2;0.5;0.5
6a9cdf15ab080c8c957fb8af;2026-09-07;dragapult-dudunsparce;trainer;TEF;144;Buddy-Buddy Poffin;8;2;2;4.0;1.0
6a9cdf15ab080c8c957fb8af;2026-09-07;dragapult-dudunsparce;trainer;MEG;131;Ultra Ball;8;2;2;4.0;1.0
6a9cdf15ab080c8c957fb8af;2026-09-07;dragapult-dudunsparce;trainer;POR;81;Poké Pad;8;2;2;4.0;1.0
6a9cdf15ab080c8c957fb8af;2026-09-07;dragapult-dudunsparce;trainer;ASC;196;Night Stretcher;5;2;2;2.5;1.0
6a9cdf15ab080c8c957fb8af;2026-09-07;dragapult-dudunsparce;trainer;TWM;165;Unfair Stamp;2;2;2;1.0;1.0
6a9cdf15ab080c8c957fb8af;2026-09-07;dragapult-dudunsparce;trainer;CRI;82;Special Red Card;1;1;2;0.5;0.5
6a9cdf15ab080c8c957fb8af;2026-09-07;dragapult-dudunsparce;trainer;MEG;127;Risky Ruins;3;2;2;1.5;1.0
6a9cdf15ab080c8c957fb8af;2026-09-07;dragapult-dudunsparce;trainer;TWM;153;Jamming Tower;1;1;2;0.5;0.5
6a9cdf15ab080c8c957fb8af;2026-09-07;dragapult-dudunsparce;energy;MEE;5;Psychic Energy;6;2;2;3.0;1.0
6a9cdf15ab080c8c957fb8af;2026-09-07;dragapult-dudunsparce;energy;MEE;2;Fire Energy;6;2;2;3.0;1.0
6a9cdf15ab080c8c957fb8af;2026-09-07;dragapult-dudunsparce;energy;MEE;7;Darkness Energy;4;2;2;2.0;1.0
6a9cdf15ab080c8c957fb8af;2026-09-07;alakazam-dudunsparce;pokemon;JTG;56;Lillie's Clefairy ex;2;2;7;0.2857;0.2857
6a9cdf15ab080c8c957fb8af;2026-09-07;alakazam-dudunsparce;trainer;PFL;94;Wondrous Patch;4;2;7;0.5714;0.2857
6a9cdf15ab080c8c957fb8af;2026-09-07;alakazam-dudunsparce;trainer;CRI;82;Special Red Card;3;3;7;0.4286;0.4286
6a9cdf15ab080c8c957fb8af;2026-09-07;alakazam-dudunsparce;trainer;JTG;151;Lillie's Pearl;1;1;7;0.1429;0.1429
6a9cdf15ab080c8c957fb8af;2026-09-07;alakazam-dudunsparce;trainer;PFL;85;Battle Cage;14;5;7;2.0;0.7143
6a9cdf15ab080c8c957fb8af;2026-09-07;dragapult-dusknoir;trainer;POR;84;Rosa's Encouragement;9;9;11;0.8182;0.8182
6a9cdf15ab080c8c957fb8af;2026-09-07;dragapult-dusknoir;trainer;SFA;64;Xerosic's Machinations;1;1;11;0.0909;0.0909
6a9cdf15ab080c8c957fb8af;2026-09-07;dragapult-dusknoir;trainer;TWM;153;Jamming Tower;8;7;11;0.7273;0.6364
6a9cdf15ab080c8c957fb8af;2026-09-07;slowking-scr;pokemon;SCR;57;Slowpoke;32;8;8;4.0;1.0
6a9cdf15ab080c8c957fb8af;2026-09-07;slowking-scr;pokemon;SCR;58;Slowking;24;8;8;3.0;1.0
6a9cdf15ab080c8c957fb8af;2026-09-07;slowking-scr;pokemon;MEG;104;Mega Kangaskhan ex;24;8;8;3.0;1.0
6a9cdf15ab080c8c957fb8af;2026-09-07;slowking-scr;pokemon;SSP;76;Latias ex;16;8;8;2.0;1.0
6a9cdf15ab080c8c957fb8af;2026-09-07;slowking-scr;pokemon;SFA;47;Kyurem;16;8;8;2.0;1.0
6a9cdf15ab080c8c957fb8af;2026-09-07;slowking-scr;pokemon;CRI;61;Metagross;14;8;8;1.75;1.0
6a9cdf15ab080c8c957fb8af;2026-09-07;slowking-scr;pokemon;POR;62;Meowth ex;8;8;8;1.0;1.0
6a9cdf15ab080c8c957fb8af;2026-09-07;slowking-scr;pokemon;ASC;142;Fezandipiti ex;8;8;8;1.0;1.0
6a9cdf15ab080c8c957fb8af;2026-09-07;slowking-scr;pokemon;JTG;56;Lillie's Clefairy ex;8;8;8;1.0;1.0
6a9cdf15ab080c8c957fb8af;2026-09-07;slowking-scr;pokemon;SSP;100;Annihilape;3;3;8;0.375;0.375
6a9cdf15ab080c8c957fb8af;2026-09-07;slowking-scr;pokemon;DRI;78;Zeraora;4;4;8;0.5;0.5
6a9cdf15ab080c8c957fb8af;2026-09-07;slowking-scr;trainer;TEF;145;Ciphermaniac's Codebreaking;31;8;8;3.875;1.0
6a9cdf15ab080c8c957fb8af;2026-09-07;slowking-scr;trainer;MEG;119;Lillie's Determination;31;8;8;3.875;1.0
6a9cdf15ab080c8c957fb8af;2026-09-07;slowking-scr;trainer;MEG;131;Ultra Ball;31;8;8;3.875;1.0
6a9cdf15ab080c8c957fb8af;2026-09-07;slowking-scr;trainer;POR;81;Poké Pad;31;8;8;3.875;1.0
6a9cdf15ab080c8c957fb8af;2026-09-07;slowking-scr;trainer;PFL;94;Wondrous Patch;22;8;8;2.75;1.0
6a9cdf15ab080c8c957fb8af;2026-09-07;slowking-scr;trainer;ASC;196;Night Stretcher;16;8;8;2.0;1.0
6a9cdf15ab080c8c957fb8af;2026-09-07;slowking-scr;trainer;MEG;130;Switch;6;6;8;0.75;0.75
6a9cdf15ab080c8c957fb8af;2026-09-07;slowking-scr;trainer;TWM;163;Secret Box;6;6;8;0.75;0.75
6a9cdf15ab080c8c957fb8af;2026-09-07;slowking-scr;trainer;WHT;80;Brave Bangle;5;5;8;0.625;0.625
6a9cdf15ab080c8c957fb8af;2026-09-07;slowking-scr;trainer;TWM;158;Lucky Helmet;2;2;8;0.25;0.25
6a9cdf15ab080c8c957fb8af;2026-09-07;slowking-scr;trainer;SFA;54;Academy at Night;32;8;8;4.0;1.0
6a9cdf15ab080c8c957fb8af;2026-09-07;slowking-scr;energy;POR;88;Telepathic Psychic Energy;31;8;8;3.875;1.0
6a9cdf15ab080c8c957fb8af;2026-09-07;slowking-scr;energy;MEE;5;Psychic Energy;31;8;8;3.875;1.0
6a9cdf15ab080c8c957fb8af;2026-09-07;slowking-scr;energy;TWM;166;Boomerang Energy;18;7;8;2.25;0.875
6a9cdf15ab080c8c957fb8af;2026-09-07;toxtricity-box;trainer;TEF;155;Morty's Conviction;2;2;4;0.5;0.5
6a9cdf15ab080c8c957fb8af;2026-09-07;n-zoroark;pokemon;JTG;97;N's Zorua;44;11;11;4.0;1.0
6a9cdf15ab080c8c957fb8af;2026-09-07;n-zoroark;pokemon;JTG;98;N's Zoroark ex;44;11;11;4.0;1.0
6a9cdf15ab080c8c957fb8af;2026-09-07;n-zoroark;pokemon;ASC;155;N's Zekrom;18;11;11;1.6364;1.0
6a9cdf15ab080c8c957fb8af;2026-09-07;n-zoroark;pokemon;JTG;26;N's Darumaka;7;7;11;0.6364;0.6364
6a9cdf15ab080c8c957fb8af;2026-09-07;n-zoroark;pokemon;JTG;27;N's Darmanitan;7;7;11;0.6364;0.6364
6a9cdf15ab080c8c957fb8af;2026-09-07;n-zoroark;pokemon;ASC;16;Budew;6;6;11;0.5455;0.5455
6a9cdf15ab080c8c957fb8af;2026-09-07;n-zoroark;pokemon;TWM;95;Munkidori;13;10;11;1.1818;0.9091
6a9cdf15ab080c8c957fb8af;2026-09-07;n-zoroark;pokemon;ASC;142;Fezandipiti ex;10;10;11;0.9091;0.9091
6a9cdf15ab080c8c957fb8af;2026-09-07;n-zoroark;pokemon;POR;62;Meowth ex;5;5;11;0.4545;0.4545
6a9cdf15ab080c8c957fb8af;2026-09-07;n-zoroark;pokemon;SFA;39;Pecharunt ex;11;10;11;1.0;0.9091
6a9cdf15ab080c8c957fb8af;2026-09-07;n-zoroark;pokemon;MEG;88;Yveltal;8;8;11;0.7273;0.7273
6a9cdf15ab080c8c957fb8af;2026-09-07;n-zoroark;pokemon;TWM;131;Tatsugiri;10;10;11;0.9091;0.9091
6a9cdf15ab080c8c957fb8af;2026-09-07;n-zoroark;trainer;MEG;119;Lillie's Determination;44;11;11;4.0;1.0
6a9cdf15ab080c8c957fb8af;2026-09-07;n-zoroark;trainer;MEG;114;Boss's Orders;36;11;11;3.2727;1.0
6a9cdf15ab080c8c957fb8af;2026-09-07;n-zoroark;trainer;SSP;170;Cyrano;25;11;11;2.2727;1.0
6a9cdf15ab080c8c957fb8af;2026-09-07;n-zoroark;trainer;JTG;143;Black Belt's Training;10;10;11;0.9091;0.9091
6a9cdf15ab080c8c957fb8af;2026-09-07;n-zoroark;trainer;CRI;83;Transformation Tome;28;7;11;2.5455;0.6364
6a9cdf15ab080c8c957fb8af;2026-09-07;n-zoroark;trainer;TEF;144;Buddy-Buddy Poffin;44;11;11;4.0;1.0
6a9cdf15ab080c8c957fb8af;2026-09-07;n-zoroark;trainer;JTG;153;N's PP Up;34;11;11;3.0909;1.0
6a9cdf15ab080c8c957fb8af;2026-09-07;n-zoroark;trainer;MEG;131;Ultra Ball;26;11;11;2.3636;1.0
6a9cdf15ab080c8c957fb8af;2026-09-07;n-zoroark;trainer;POR;81;Poké Pad;26;11;11;2.3636;1.0
6a9cdf15ab080c8c957fb8af;2026-09-07;n-zoroark;trainer;TWM;163;Secret Box;8;8;11;0.7273;0.7273
6a9cdf15ab080c8c957fb8af;2026-09-07;n-zoroark;trainer;CRI;82;Special Red Card;10;10;11;0.9091;0.9091
6a9cdf15ab080c8c957fb8af;2026-09-07;n-zoroark;trainer;ASC;196;Night Stretcher;18;11;11;1.6364;1.0
6a9cdf15ab080c8c957fb8af;2026-09-07;n-zoroark;trainer;PRE;95;Binding Mochi;17;9;11;1.5455;0.8182
6a9cdf15ab080c8c957fb8af;2026-09-07;n-zoroark;trainer;JTG;152;N's Castle;17;9;11;1.5455;0.8182
6a9cdf15ab080c8c957fb8af;2026-09-07;n-zoroark;energy;MEE;7;Darkness Energy;86;11;11;7.8182;1.0
6a9cdf15ab080c8c957fb8af;2026-09-07;mega-excadrill-ex;pokemon;TEF;113;Beldum;23;6;6;3.8333;1.0
6a9cdf15ab080c8c957fb8af;2026-09-07;mega-excadrill-ex;pokemon;TEF;114;Metang;23;6;6;3.8333;1.0
6a9cdf15ab080c8c957fb8af;2026-09-07;mega-excadrill-ex;pokemon;CRI;61;Metagross;9;6;6;1.5;1.0
6a9cdf15ab080c8c957fb8af;2026-09-07;mega-excadrill-ex;pokemon;PBL;46;Drilbur;20;6;6;3.3333;1.0
6a9cdf15ab080c8c957fb8af;2026-09-07;mega-excadrill-ex;pokemon;PBL;65;Mega Excadrill ex;12;6;6;2.0;1.0
6a9cdf15ab080c8c957fb8af;2026-09-07;mega-excadrill-ex;pokemon;MEG;104;Mega Kangaskhan ex;3;1;6;0.5;0.1667
6a9cdf15ab080c8c957fb8af;2026-09-07;mega-excadrill-ex;pokemon;BLK;67;Genesect ex;12;6;6;2.0;1.0
6a9cdf15ab080c8c957fb8af;2026-09-07;mega-excadrill-ex;pokemon;POR;55;Mega Skarmory ex;4;4;6;0.6667;0.6667
6a9cdf15ab080c8c957fb8af;2026-09-07;mega-excadrill-ex;trainer;DRI;176;Team Rocket's Petrel;21;6;6;3.5;1.0
6a9cdf15ab080c8c957fb8af;2026-09-07;mega-excadrill-ex;trainer;MEG;119;Lillie's Determination;17;6;6;2.8333;1.0
6a9cdf15ab080c8c957fb8af;2026-09-07;mega-excadrill-ex;trainer;TWM;154;Kieran;7;5;6;1.1667;0.8333
6a9cdf15ab080c8c957fb8af;2026-09-07;mega-excadrill-ex;trainer;POR;76;Judge;1;1;6;0.1667;0.1667
6a9cdf15ab080c8c957fb8af;2026-09-07;mega-excadrill-ex;trainer;TEF;144;Buddy-Buddy Poffin;17;6;6;2.8333;1.0
6a9cdf15ab080c8c957fb8af;2026-09-07;mega-excadrill-ex;trainer;PFL;91;Jumbo Ice Cream;15;6;6;2.5;1.0
6a9cdf15ab080c8c957fb8af;2026-09-07;mega-excadrill-ex;trainer;DRI;178;Team Rocket's Transceiver;10;4;6;1.6667;0.6667
6a9cdf15ab080c8c957fb8af;2026-09-07;mega-excadrill-ex;trainer;MEG;130;Switch;2;2;6;0.3333;0.3333
6a9cdf15ab080c8c957fb8af;2026-09-07;mega-excadrill-ex;trainer;CRI;82;Special Red Card;4;4;6;0.6667;0.6667
6a9cdf15ab080c8c957fb8af;2026-09-07;mega-excadrill-ex;trainer;ASC;196;Night Stretcher;4;4;6;0.6667;0.6667
6a9cdf15ab080c8c957fb8af;2026-09-07;mega-excadrill-ex;trainer;DRI;164;Energy Recycler;6;5;6;1.0;0.8333
6a9cdf15ab080c8c957fb8af;2026-09-07;mega-excadrill-ex;trainer;MEG;131;Ultra Ball;5;5;6;0.8333;0.8333
6a9cdf15ab080c8c957fb8af;2026-09-07;mega-excadrill-ex;trainer;TEF;152;Hero's Cape;4;4;6;0.6667;0.6667
6a9cdf15ab080c8c957fb8af;2026-09-07;mega-excadrill-ex;energy;MEE;8;Metal Energy;97;6;6;16.1667;1.0
6a9cdf15ab080c8c957fb8af;2026-09-07;basic-box-m;pokemon;TEF;78;Flutter Mane;1;1;8;0.125;0.125
6a9cdf15ab080c8c957fb8af;2026-09-07;basic-box-m;trainer;TWM;165;Unfair Stamp;3;3;8;0.375;0.375
6a9cdf15ab080c8c957fb8af;2026-09-07;basic-box-m;trainer;JTG;151;Lillie's Pearl;3;2;8;0.375;0.25
6a9cdf15ab080c8c957fb8af;2026-09-07;alakazam-dusknoir;pokemon;PRE;35;Duskull;12;3;3;4.0;1.0
6a9cdf15ab080c8c957fb8af;2026-09-07;alakazam-dusknoir;pokemon;PRE;36;Dusclops;6;3;3;2.0;1.0
6a9cdf15ab080c8c957fb8af;2026-09-07;alakazam-dusknoir;pokemon;PRE;37;Dusknoir;6;3;3;2.0;1.0
6a9cdf15ab080c8c957fb8af;2026-09-07;alakazam-dusknoir;pokemon;MEG;54;Abra;6;3;3;2.0;1.0
6a9cdf15ab080c8c957fb8af;2026-09-07;alakazam-dusknoir;pokemon;TWM;80;Abra;6;3;3;2.0;1.0
6a9cdf15ab080c8c957fb8af;2026-09-07;alakazam-dusknoir;pokemon;MEG;55;Kadabra;12;3;3;4.0;1.0
6a9cdf15ab080c8c957fb8af;2026-09-07;alakazam-dusknoir;pokemon;MEG;56;Alakazam;9;3;3;3.0;1.0
6a9cdf15ab080c8c957fb8af;2026-09-07;alakazam-dusknoir;pokemon;ASC;16;Budew;6;3;3;2.0;1.0
6a9cdf15ab080c8c957fb8af;2026-09-07;alakazam-dusknoir;pokemon;CRI;70;Patrat;3;3;3;1.0;1.0
6a9cdf15ab080c8c957fb8af;2026-09-07;alakazam-dusknoir;pokemon;ASC;142;Fezandipiti ex;3;3;3;1.0;1.0
6a9cdf15ab080c8c957fb8af;2026-09-07;alakazam-dusknoir;pokemon;DRI;10;Shaymin;3;3;3;1.0;1.0
6a9cdf15ab080c8c957fb8af;2026-09-07;alakazam-dusknoir;trainer;WHT;84;Hilda;12;3;3;4.0;1.0
6a9cdf15ab080c8c957fb8af;2026-09-07;alakazam-dusknoir;trainer;PBL;78;Gwynn;12;3;3;4.0;1.0
6a9cdf15ab080c8c957fb8af;2026-09-07;alakazam-dusknoir;trainer;PFL;87;Dawn;6;3;3;2.0;1.0
6a9cdf15ab080c8c957fb8af;2026-09-07;alakazam-dusknoir;trainer;MEG;114;Boss's Orders;3;3;3;1.0;1.0
6a9cdf15ab080c8c957fb8af;2026-09-07;alakazam-dusknoir;trainer;POR;81;Poké Pad;12;3;3;4.0;1.0
6a9cdf15ab080c8c957fb8af;2026-09-07;alakazam-dusknoir;trainer;MEG;125;Rare Candy;12;3;3;4.0;1.0
6a9cdf15ab080c8c957fb8af;2026-09-07;alakazam-dusknoir;trainer;MEG;128;Strange Timepiece;9;3;3;3.0;1.0
6a9cdf15ab080c8c957fb8af;2026-09-07;alakazam-dusknoir;trainer;TEF;144;Buddy-Buddy Poffin;9;3;3;3.0;1.0
6a9cdf15ab080c8c957fb8af;2026-09-07;alakazam-dusknoir;trainer;CRI;82;Special Red Card;6;3;3;2.0;1.0
6a9cdf15ab080c8c957fb8af;2026-09-07;alakazam-dusknoir;trainer;ASC;196;Night Stretcher;6;3;3;2.0;1.0
6a9cdf15ab080c8c957fb8af;2026-09-07;alakazam-dusknoir;trainer;TEF;157;Prime Catcher;3;3;3;1.0;1.0
6a9cdf15ab080c8c957fb8af;2026-09-07;alakazam-dusknoir;trainer;DRI;168;Sacred Ash;3;3;3;1.0;1.0
6a9cdf15ab080c8c957fb8af;2026-09-07;alakazam-dusknoir;energy;POR;88;Telepathic Psychic Energy;12;3;3;4.0;1.0
6a9cdf15ab080c8c957fb8af;2026-09-07;alakazam-dusknoir;energy;MEE;5;Psychic Energy;3;3;3;1.0;1.0
6a9cdf15ab080c8c957fb8af;2026-09-07;ogerpon-meganium-arboliva;pokemon;TWM;25;Teal Mask Ogerpon ex;4;1;1;4.0;1.0
6a9cdf15ab080c8c957fb8af;2026-09-07;ogerpon-meganium-arboliva;pokemon;DRI;21;Smoliv;2;1;1;2.0;1.0
6a9cdf15ab080c8c957fb8af;2026-09-07;ogerpon-meganium-arboliva;pokemon;DRI;22;Dolliv;2;1;1;2.0;1.0
6a9cdf15ab080c8c957fb8af;2026-09-07;ogerpon-meganium-arboliva;pokemon;DRI;23;Arboliva ex;2;1;1;2.0;1.0
6a9cdf15ab080c8c957fb8af;2026-09-07;ogerpon-meganium-arboliva;pokemon;MEG;8;Chikorita;2;1;1;2.0;1.0
6a9cdf15ab080c8c957fb8af;2026-09-07;ogerpon-meganium-arboliva;pokemon;MEG;9;Bayleef;2;1;1;2.0;1.0
6a9cdf15ab080c8c957fb8af;2026-09-07;ogerpon-meganium-arboliva;pokemon;MEG;10;Meganium;2;1;1;2.0;1.0
6a9cdf15ab080c8c957fb8af;2026-09-07;ogerpon-meganium-arboliva;pokemon;POR;62;Meowth ex;2;1;1;2.0;1.0
6a9cdf15ab080c8c957fb8af;2026-09-07;ogerpon-meganium-arboliva;pokemon;ASC;142;Fezandipiti ex;1;1;1;1.0;1.0
6a9cdf15ab080c8c957fb8af;2026-09-07;ogerpon-meganium-arboliva;pokemon;ASC;16;Budew;1;1;1;1.0;1.0
6a9cdf15ab080c8c957fb8af;2026-09-07;ogerpon-meganium-arboliva;trainer;MEG;119;Lillie's Determination;4;1;1;4.0;1.0
6a9cdf15ab080c8c957fb8af;2026-09-07;ogerpon-meganium-arboliva;trainer;MEG;114;Boss's Orders;2;1;1;2.0;1.0
6a9cdf15ab080c8c957fb8af;2026-09-07;ogerpon-meganium-arboliva;trainer;PFL;87;Dawn;2;1;1;2.0;1.0
6a9cdf15ab080c8c957fb8af;2026-09-07;ogerpon-meganium-arboliva;trainer;SCR;132;Briar;1;1;1;1.0;1.0
6a9cdf15ab080c8c957fb8af;2026-09-07;ogerpon-meganium-arboliva;trainer;TEF;145;Ciphermaniac's Codebreaking;1;1;1;1.0;1.0
6a9cdf15ab080c8c957fb8af;2026-09-07;ogerpon-meganium-arboliva;trainer;TWM;155;Lana's Aid;1;1;1;1.0;1.0
6a9cdf15ab080c8c957fb8af;2026-09-07;ogerpon-meganium-arboliva;trainer;MEG;131;Ultra Ball;4;1;1;4.0;1.0
6a9cdf15ab080c8c957fb8af;2026-09-07;ogerpon-meganium-arboliva;trainer;TWM;143;Bug Catching Set;4;1;1;4.0;1.0
6a9cdf15ab080c8c957fb8af;2026-09-07;ogerpon-meganium-arboliva;trainer;ASC;196;Night Stretcher;1;1;1;1.0;1.0
6a9cdf15ab080c8c957fb8af;2026-09-07;ogerpon-meganium-arboliva;trainer;POR;81;Poké Pad;1;1;1;1.0;1.0
6a9cdf15ab080c8c957fb8af;2026-09-07;ogerpon-meganium-arboliva;trainer;MEG;115;Energy Switch;1;1;1;1.0;1.0
6a9cdf15ab080c8c957fb8af;2026-09-07;ogerpon-meganium-arboliva;trainer;TWM;165;Unfair Stamp;1;1;1;1.0;1.0
6a9cdf15ab080c8c957fb8af;2026-09-07;ogerpon-meganium-arboliva;trainer;ASC;212;Tool Scrapper;1;1;1;1.0;1.0
6a9cdf15ab080c8c957fb8af;2026-09-07;ogerpon-meganium-arboliva;trainer;MEG;117;Forest of Vitality;4;1;1;4.0;1.0
6a9cdf15ab080c8c957fb8af;2026-09-07;ogerpon-meganium-arboliva;energy;MEE;1;Grass Energy;12;1;1;12.0;1.0
6a9cdf15ab080c8c957fb8af;2026-09-07;n-zoroark;pokemon;JTG;116;N's Reshiram;8;8;11;0.7273;0.7273
6a9cdf15ab080c8c957fb8af;2026-09-07;n-zoroark;trainer;POR;76;Judge;2;1;11;0.1818;0.0909
6a9cdf15ab080c8c957fb8af;2026-09-07;n-zoroark;trainer;ASC;181;Air Balloon;1;1;11;0.0909;0.0909
6a9cdf15ab080c8c957fb8af;2026-09-07;n-zoroark;trainer;DRI;180;Team Rocket's Watchtower;7;4;11;0.6364;0.3636
6a9cdf15ab080c8c957fb8af;2026-09-07;basic-box-m;pokemon;PFL;14;Moltres;1;1;8;0.125;0.125
6a9cdf15ab080c8c957fb8af;2026-09-07;basic-box-m;trainer;MEG;119;Lillie's Determination;5;2;8;0.625;0.25
6a9cdf15ab080c8c957fb8af;2026-09-07;basic-box-m;trainer;BLK;83;N's Plan;1;1;8;0.125;0.125
6a9cdf15ab080c8c957fb8af;2026-09-07;basic-box-m;trainer;SFA;64;Xerosic's Machinations;1;1;8;0.125;0.125
6a9cdf15ab080c8c957fb8af;2026-09-07;basic-box-m;trainer;TWM;143;Bug Catching Set;4;1;8;0.5;0.125
6a9cdf15ab080c8c957fb8af;2026-09-07;basic-box-m;energy;ASC;216;Prism Energy;4;1;8;0.5;0.125
6a9cdf15ab080c8c957fb8af;2026-09-07;lucario-hariyama;pokemon;MEG;76;Riolu;12;4;4;3.0;1.0
6a9cdf15ab080c8c957fb8af;2026-09-07;lucario-hariyama;pokemon;MEG;77;Mega Lucario ex;12;4;4;3.0;1.0
6a9cdf15ab080c8c957fb8af;2026-09-07;lucario-hariyama;pokemon;MEG;75;Solrock;11;4;4;2.75;1.0
6a9cdf15ab080c8c957fb8af;2026-09-07;lucario-hariyama;pokemon;MEG;72;Makuhita;8;4;4;2.0;1.0
6a9cdf15ab080c8c957fb8af;2026-09-07;lucario-hariyama;pokemon;MEG;73;Hariyama;8;4;4;2.0;1.0
6a9cdf15ab080c8c957fb8af;2026-09-07;lucario-hariyama;pokemon;MEG;74;Lunatone;8;4;4;2.0;1.0
6a9cdf15ab080c8c957fb8af;2026-09-07;lucario-hariyama;pokemon;POR;62;Meowth ex;4;4;4;1.0;1.0
6a9cdf15ab080c8c957fb8af;2026-09-07;lucario-hariyama;trainer;MEG;119;Lillie's Determination;16;4;4;4.0;1.0
6a9cdf15ab080c8c957fb8af;2026-09-07;lucario-hariyama;trainer;MEG;114;Boss's Orders;8;4;4;2.0;1.0
6a9cdf15ab080c8c957fb8af;2026-09-07;lucario-hariyama;trainer;POR;76;Judge;8;4;4;2.0;1.0
6a9cdf15ab080c8c957fb8af;2026-09-07;lucario-hariyama;trainer;DRI;176;Team Rocket's Petrel;4;4;4;1.0;1.0
6a9cdf15ab080c8c957fb8af;2026-09-07;lucario-hariyama;trainer;MEG;132;Wally's Compassion;3;3;4;0.75;0.75
6a9cdf15ab080c8c957fb8af;2026-09-07;lucario-hariyama;trainer;MEG;116;Fighting Gong;16;4;4;4.0;1.0
6a9cdf15ab080c8c957fb8af;2026-09-07;lucario-hariyama;trainer;MEG;124;Premium Power Pro;16;4;4;4.0;1.0
6a9cdf15ab080c8c957fb8af;2026-09-07;lucario-hariyama;trainer;POR;81;Poké Pad;15;4;4;3.75;1.0
6a9cdf15ab080c8c957fb8af;2026-09-07;lucario-hariyama;trainer;MEG;131;Ultra Ball;14;4;4;3.5;1.0
6a9cdf15ab080c8c957fb8af;2026-09-07;lucario-hariyama;trainer;ASC;196;Night Stretcher;3;2;4;0.75;0.5
6a9cdf15ab080c8c957fb8af;2026-09-07;lucario-hariyama;trainer;TWM;165;Unfair Stamp;3;3;4;0.75;0.75
6a9cdf15ab080c8c957fb8af;2026-09-07;lucario-hariyama;trainer;MEG;130;Switch;4;4;4;1.0;1.0
6a9cdf15ab080c8c957fb8af;2026-09-07;lucario-hariyama;trainer;ASC;181;Air Balloon;8;4;4;2.0;1.0
6a9cdf15ab080c8c957fb8af;2026-09-07;lucario-hariyama;trainer;SSP;177;Gravity Mountain;10;4;4;2.5;1.0
6a9cdf15ab080c8c957fb8af;2026-09-07;lucario-hariyama;energy;MEE;6;Fighting Energy;40;4;4;10.0;1.0
6a9cdf15ab080c8c957fb8af;2026-09-07;lucario-hariyama;energy;POR;87;Rocky Fighting Energy;4;2;4;1.0;0.5
6a9cdf15ab080c8c957fb8af;2026-09-07;n-zoroark;trainer;TWM;165;Unfair Stamp;1;1;11;0.0909;0.0909
6a9cdf15ab080c8c957fb8af;2026-09-07;lucario-hariyama;pokemon;DRI;10;Shaymin;1;1;4;0.25;0.25
6a9cdf15ab080c8c957fb8af;2026-09-07;lucario-hariyama;trainer;JTG;143;Black Belt's Training;2;2;4;0.5;0.5
6a9cdf15ab080c8c957fb8af;2026-09-07;lucario-hariyama;trainer;CRI;82;Special Red Card;1;1;4;0.25;0.25
6a9cdf15ab080c8c957fb8af;2026-09-07;lucario-hariyama;trainer;TEF;152;Hero's Cape;1;1;4;0.25;0.25
6a9cdf15ab080c8c957fb8af;2026-09-07;kangaskhan-bouffalant;pokemon;MEG;104;Mega Kangaskhan ex;8;2;2;4.0;1.0
6a9cdf15ab080c8c957fb8af;2026-09-07;kangaskhan-bouffalant;pokemon;TWM;95;Munkidori;6;2;2;3.0;1.0
6a9cdf15ab080c8c957fb8af;2026-09-07;kangaskhan-bouffalant;pokemon;SCR;119;Bouffalant;5;2;2;2.5;1.0
6a9cdf15ab080c8c957fb8af;2026-09-07;kangaskhan-bouffalant;pokemon;ASC;39;Psyduck;2;2;2;1.0;1.0
6a9cdf15ab080c8c957fb8af;2026-09-07;kangaskhan-bouffalant;trainer;SCR;133;Crispin;8;2;2;4.0;1.0
6a9cdf15ab080c8c957fb8af;2026-09-07;kangaskhan-bouffalant;trainer;MEG;119;Lillie's Determination;8;2;2;4.0;1.0
6a9cdf15ab080c8c957fb8af;2026-09-07;kangaskhan-bouffalant;trainer;DRI;176;Team Rocket's Petrel;6;2;2;3.0;1.0
6a9cdf15ab080c8c957fb8af;2026-09-07;kangaskhan-bouffalant;trainer;MEG;114;Boss's Orders;5;2;2;2.5;1.0
6a9cdf15ab080c8c957fb8af;2026-09-07;kangaskhan-bouffalant;trainer;TEF;145;Ciphermaniac's Codebreaking;4;2;2;2.0;1.0
6a9cdf15ab080c8c957fb8af;2026-09-07;kangaskhan-bouffalant;trainer;SFA;64;Xerosic's Machinations;1;1;2;0.5;0.5
6a9cdf15ab080c8c957fb8af;2026-09-07;kangaskhan-bouffalant;trainer;TWM;155;Lana's Aid;2;2;2;1.0;1.0
6a9cdf15ab080c8c957fb8af;2026-09-07;kangaskhan-bouffalant;trainer;PFL;91;Jumbo Ice Cream;8;2;2;4.0;1.0
6a9cdf15ab080c8c957fb8af;2026-09-07;kangaskhan-bouffalant;trainer;MEG;131;Ultra Ball;6;2;2;3.0;1.0
6a9cdf15ab080c8c957fb8af;2026-09-07;kangaskhan-bouffalant;trainer;ASC;196;Night Stretcher;4;2;2;2.0;1.0
6a9cdf15ab080c8c957fb8af;2026-09-07;kangaskhan-bouffalant;trainer;SVI;186;Pokégear 3.0;4;2;2;2.0;1.0
6a9cdf15ab080c8c957fb8af;2026-09-07;kangaskhan-bouffalant;trainer;MEG;115;Energy Switch;2;2;2;1.0;1.0
6a9cdf15ab080c8c957fb8af;2026-09-07;kangaskhan-bouffalant;trainer;POR;81;Poké Pad;2;2;2;1.0;1.0
6a9cdf15ab080c8c957fb8af;2026-09-07;kangaskhan-bouffalant;trainer;MEG;130;Switch;2;2;2;1.0;1.0
6a9cdf15ab080c8c957fb8af;2026-09-07;kangaskhan-bouffalant;trainer;ASC;181;Air Balloon;2;2;2;1.0;1.0
6a9cdf15ab080c8c957fb8af;2026-09-07;kangaskhan-bouffalant;trainer;TEF;152;Hero's Cape;2;2;2;1.0;1.0
6a9cdf15ab080c8c957fb8af;2026-09-07;kangaskhan-bouffalant;trainer;POR;77;Lumiose City;6;2;2;3.0;1.0
6a9cdf15ab080c8c957fb8af;2026-09-07;kangaskhan-bouffalant;trainer;CRI;80;Prism Tower;1;1;2;0.5;0.5
6a9cdf15ab080c8c957fb8af;2026-09-07;kangaskhan-bouffalant;energy;TEF;161;Mist Energy;8;2;2;4.0;1.0
6a9cdf15ab080c8c957fb8af;2026-09-07;kangaskhan-bouffalant;energy;MEE;7;Darkness Energy;8;2;2;4.0;1.0
6a9cdf15ab080c8c957fb8af;2026-09-07;kangaskhan-bouffalant;energy;MEE;5;Psychic Energy;8;2;2;4.0;1.0
6a9cdf15ab080c8c957fb8af;2026-09-07;n-zoroark;trainer;PRE;112;Janine's Secret Art;2;2;11;0.1818;0.1818
6a9cdf15ab080c8c957fb8af;2026-09-07;n-zoroark;trainer;PFL;92;Punk Helmet;1;1;11;0.0909;0.0909
6a9cdf15ab080c8c957fb8af;2026-09-07;dragapult-dusknoir;pokemon;TWM;95;Munkidori;9;7;11;0.8182;0.6364
6a9cdf15ab080c8c957fb8af;2026-09-07;dragapult-dusknoir;pokemon;PFL;14;Moltres;4;4;11;0.3636;0.3636
6a9cdf15ab080c8c957fb8af;2026-09-07;dragapult-dusknoir;energy;MEE;7;Darkness Energy;13;7;11;1.1818;0.6364
6a9cdf15ab080c8c957fb8af;2026-09-07;slowking-scr;pokemon;TWM;95;Munkidori;2;2;8;0.25;0.25
6a9cdf15ab080c8c957fb8af;2026-09-07;slowking-scr;pokemon;SSP;83;Cofagrigus;1;1;8;0.125;0.125
6a9cdf15ab080c8c957fb8af;2026-09-07;slowking-scr;pokemon;POR;52;Drapion;2;2;8;0.25;0.25
6a9cdf15ab080c8c957fb8af;2026-09-07;slowking-scr;trainer;SCR;133;Crispin;2;2;8;0.25;0.25
6a9cdf15ab080c8c957fb8af;2026-09-07;slowking-scr;trainer;CRI;82;Special Red Card;1;1;8;0.125;0.125
6a9cdf15ab080c8c957fb8af;2026-09-07;slowking-scr;trainer;TEF;157;Prime Catcher;2;2;8;0.25;0.25
6a9cdf15ab080c8c957fb8af;2026-09-07;slowking-scr;energy;MEE;7;Darkness Energy;4;2;8;0.5;0.25
6a9cdf15ab080c8c957fb8af;2026-09-07;crustle-dri;trainer;CRI;80;Prism Tower;1;1;5;0.2;0.2
6a9cdf15ab080c8c957fb8af;2026-09-07;manectric-eelektrik;pokemon;MEG;49;Electrike;3;1;1;3.0;1.0
6a9cdf15ab080c8c957fb8af;2026-09-07;manectric-eelektrik;pokemon;MEG;50;Mega Manectric ex;3;1;1;3.0;1.0
6a9cdf15ab080c8c957fb8af;2026-09-07;manectric-eelektrik;pokemon;PBL;24;Manectric;1;1;1;1.0;1.0
6a9cdf15ab080c8c957fb8af;2026-09-07;manectric-eelektrik;pokemon;ASC;59;Tynamo;3;1;1;3.0;1.0
6a9cdf15ab080c8c957fb8af;2026-09-07;manectric-eelektrik;pokemon;ASC;60;Eelektrik;3;1;1;3.0;1.0
6a9cdf15ab080c8c957fb8af;2026-09-07;manectric-eelektrik;pokemon;ASC;61;Mega Eelektross ex;1;1;1;1.0;1.0
6a9cdf15ab080c8c957fb8af;2026-09-07;manectric-eelektrik;pokemon;JTG;54;Iono's Wattrel;2;1;1;2.0;1.0
6a9cdf15ab080c8c957fb8af;2026-09-07;manectric-eelektrik;pokemon;JTG;55;Iono's Kilowattrel;2;1;1;2.0;1.0
6a9cdf15ab080c8c957fb8af;2026-09-07;manectric-eelektrik;pokemon;DRI;10;Shaymin;1;1;1;1.0;1.0
6a9cdf15ab080c8c957fb8af;2026-09-07;manectric-eelektrik;trainer;MEG;119;Lillie's Determination;4;1;1;4.0;1.0
6a9cdf15ab080c8c957fb8af;2026-09-07;manectric-eelektrik;trainer;ASC;185;Canari;2;1;1;2.0;1.0
6a9cdf15ab080c8c957fb8af;2026-09-07;manectric-eelektrik;trainer;MEG;114;Boss's Orders;2;1;1;2.0;1.0
6a9cdf15ab080c8c957fb8af;2026-09-07;manectric-eelektrik;trainer;POR;76;Judge;2;1;1;2.0;1.0
6a9cdf15ab080c8c957fb8af;2026-09-07;manectric-eelektrik;trainer;SFA;64;Xerosic's Machinations;1;1;1;1.0;1.0
6a9cdf15ab080c8c957fb8af;2026-09-07;manectric-eelektrik;trainer;MEG;132;Wally's Compassion;1;1;1;1.0;1.0
6a9cdf15ab080c8c957fb8af;2026-09-07;manectric-eelektrik;trainer;MEG;131;Ultra Ball;4;1;1;4.0;1.0
6a9cdf15ab080c8c957fb8af;2026-09-07;manectric-eelektrik;trainer;TEF;144;Buddy-Buddy Poffin;3;1;1;3.0;1.0
6a9cdf15ab080c8c957fb8af;2026-09-07;manectric-eelektrik;trainer;POR;81;Poké Pad;3;1;1;3.0;1.0
6a9cdf15ab080c8c957fb8af;2026-09-07;manectric-eelektrik;trainer;ASC;196;Night Stretcher;2;1;1;2.0;1.0
6a9cdf15ab080c8c957fb8af;2026-09-07;manectric-eelektrik;trainer;CRI;82;Special Red Card;1;1;1;1.0;1.0
6a9cdf15ab080c8c957fb8af;2026-09-07;manectric-eelektrik;trainer;TEF;157;Prime Catcher;1;1;1;1.0;1.0
6a9cdf15ab080c8c957fb8af;2026-09-07;manectric-eelektrik;trainer;ASC;181;Air Balloon;2;1;1;2.0;1.0
6a9cdf15ab080c8c957fb8af;2026-09-07;manectric-eelektrik;trainer;PFL;85;Battle Cage;3;1;1;3.0;1.0
6a9cdf15ab080c8c957fb8af;2026-09-07;manectric-eelektrik;energy;MEE;4;Lightning Energy;10;1;1;10.0;1.0
6a9cdf15ab080c8c957fb8af;2026-09-07;grimmsnarl-froslass;trainer;TWM;163;Secret Box;2;2;5;0.4;0.4
6a9cdf15ab080c8c957fb8af;2026-09-07;mega-excadrill-ex;pokemon;PFL;27;Piplup;1;1;6;0.1667;0.1667
6a9cdf15ab080c8c957fb8af;2026-09-07;mega-excadrill-ex;pokemon;PFL;70;Empoleon ex;1;1;6;0.1667;0.1667
6a9cdf15ab080c8c957fb8af;2026-09-07;mega-excadrill-ex;pokemon;ASC;142;Fezandipiti ex;3;3;6;0.5;0.5
6a9cdf15ab080c8c957fb8af;2026-09-07;mega-excadrill-ex;trainer;JTG;146;Brock's Scouting;4;2;6;0.6667;0.3333
6a9cdf15ab080c8c957fb8af;2026-09-07;mega-excadrill-ex;trainer;SVI;186;Pokégear 3.0;6;3;6;1.0;0.5
6a9cdf15ab080c8c957fb8af;2026-09-07;mega-excadrill-ex;trainer;POR;82;Pokémon Catcher;1;1;6;0.1667;0.1667
6a9cdf15ab080c8c957fb8af;2026-09-07;mega-excadrill-ex;trainer;MEG;125;Rare Candy;1;1;6;0.1667;0.1667
6a9cdf15ab080c8c957fb8af;2026-09-07;alakazam-dudunsparce;trainer;ASC;181;Air Balloon;8;4;7;1.1429;0.5714
6a9cdf15ab080c8c957fb8af;2026-09-07;alakazam-dudunsparce;trainer;TWM;158;Lucky Helmet;3;3;7;0.4286;0.4286
6a9cdf15ab080c8c957fb8af;2026-09-07;kangaskhan-bouffalant;pokemon;SSP;151;Bouffalant;1;1;2;0.5;0.5
6a9cdf15ab080c8c957fb8af;2026-09-07;kangaskhan-bouffalant;trainer;CRI;76;AZ's Tranquility;1;1;2;0.5;0.5
6a9cdf15ab080c8c957fb8af;2026-09-07;toucannon-pbl;trainer;TWM;155;Lana's Aid;1;1;2;0.5;0.5
6a9cdf15ab080c8c957fb8af;2026-09-07;dragapult-dusknoir;pokemon;CRI;70;Patrat;1;1;11;0.0909;0.0909
6a9cdf15ab080c8c957fb8af;2026-09-07;dragapult-dusknoir;trainer;POR;76;Judge;4;4;11;0.3636;0.3636
6a9cdf15ab080c8c957fb8af;2026-09-07;dragapult-dusknoir;trainer;PFL;87;Dawn;3;3;11;0.2727;0.2727
6a9cdf15ab080c8c957fb8af;2026-09-07;n-zoroark;pokemon;JTG;120;Dunsparce;1;1;11;0.0909;0.0909
6a9cdf15ab080c8c957fb8af;2026-09-07;n-zoroark;pokemon;TEF;129;Dudunsparce;1;1;11;0.0909;0.0909
6a9cdf15ab080c8c957fb8af;2026-09-07;n-zoroark;pokemon;JTG;121;Dudunsparce ex;1;1;11;0.0909;0.0909
6a9cdf15ab080c8c957fb8af;2026-09-07;n-zoroark;pokemon;TEF;78;Flutter Mane;1;1;11;0.0909;0.0909
6a9cdf15ab080c8c957fb8af;2026-09-07;n-zoroark;trainer;TEF;145;Ciphermaniac's Codebreaking;2;2;11;0.1818;0.1818
6a9cdf15ab080c8c957fb8af;2026-09-07;n-zoroark;trainer;TWM;154;Kieran;1;1;11;0.0909;0.0909
6a9cdf15ab080c8c957fb8af;2026-09-07;n-zoroark;trainer;SFA;64;Xerosic's Machinations;3;2;11;0.2727;0.1818
6a9cdf15ab080c8c957fb8af;2026-09-07;n-zoroark;trainer;MEG;115;Energy Switch;1;1;11;0.0909;0.0909
6a9cdf15ab080c8c957fb8af;2026-09-07;n-zoroark;trainer;TEF;152;Hero's Cape;2;2;11;0.1818;0.1818
6a9cdf15ab080c8c957fb8af;2026-09-07;dragapult-blaziken;pokemon;SVP;149;Pecharunt;1;1;8;0.125;0.125
6a9cdf15ab080c8c957fb8af;2026-09-07;dragapult-blaziken;pokemon;TWM;39;Chi-Yu;2;2;8;0.25;0.25
6a9cdf15ab080c8c957fb8af;2026-09-07;dragapult-blaziken;trainer;PFL;87;Dawn;7;7;8;0.875;0.875
6a9cdf15ab080c8c957fb8af;2026-09-07;dragapult-blaziken;trainer;TWM;150;Handheld Fan;1;1;8;0.125;0.125
6a9cdf15ab080c8c957fb8af;2026-09-07;rockets-honchkrow;trainer;TWM;158;Lucky Helmet;1;1;4;0.25;0.25
6a9cdf15ab080c8c957fb8af;2026-09-07;dragapult-dudunsparce;pokemon;JTG;8;Maractus;1;1;2;0.5;0.5
6a9cdf15ab080c8c957fb8af;2026-09-07;dragapult-dudunsparce;pokemon;SSP;76;Latias ex;1;1;2;0.5;0.5
6a9cdf15ab080c8c957fb8af;2026-09-07;dragapult-dudunsparce;pokemon;JTG;56;Lillie's Clefairy ex;1;1;2;0.5;0.5
6a9cdf15ab080c8c957fb8af;2026-09-07;dragapult-blaziken;trainer;POR;76;Judge;2;2;8;0.25;0.25
6a9cdf15ab080c8c957fb8af;2026-09-07;dragapult-blaziken;trainer;TWM;153;Jamming Tower;3;3;8;0.375;0.375
6a9cdf15ab080c8c957fb8af;2026-09-07;joltik-box;pokemon;SSP;41;Feebas;2;1;1;2.0;1.0
6a9cdf15ab080c8c957fb8af;2026-09-07;joltik-box;pokemon;SSP;42;Milotic ex;1;1;1;1.0;1.0
6a9cdf15ab080c8c957fb8af;2026-09-07;joltik-box;pokemon;SSP;76;Latias ex;2;1;1;2.0;1.0
6a9cdf15ab080c8c957fb8af;2026-09-07;joltik-box;pokemon;SCR;50;Joltik;2;1;1;2.0;1.0
6a9cdf15ab080c8c957fb8af;2026-09-07;joltik-box;pokemon;SSP;57;Pikachu ex;2;1;1;2.0;1.0
6a9cdf15ab080c8c957fb8af;2026-09-07;joltik-box;pokemon;TWM;64;Wellspring Mask Ogerpon ex;2;1;1;2.0;1.0
6a9cdf15ab080c8c957fb8af;2026-09-07;joltik-box;pokemon;POR;62;Meowth ex;2;1;1;2.0;1.0
6a9cdf15ab080c8c957fb8af;2026-09-07;joltik-box;pokemon;TWM;141;Bloodmoon Ursaluna ex;1;1;1;1.0;1.0
6a9cdf15ab080c8c957fb8af;2026-09-07;joltik-box;pokemon;DRI;51;Team Rocket's Articuno;1;1;1;1.0;1.0
6a9cdf15ab080c8c957fb8af;2026-09-07;joltik-box;pokemon;TEF;25;Iron Leaves ex;1;1;1;1.0;1.0
6a9cdf15ab080c8c957fb8af;2026-09-07;joltik-box;pokemon;ASC;162;Team Rocket's Kangaskhan ex;1;1;1;1.0;1.0
6a9cdf15ab080c8c957fb8af;2026-09-07;joltik-box;pokemon;ASC;142;Fezandipiti ex;1;1;1;1.0;1.0
6a9cdf15ab080c8c957fb8af;2026-09-07;joltik-box;pokemon;JTG;56;Lillie's Clefairy ex;1;1;1;1.0;1.0
6a9cdf15ab080c8c957fb8af;2026-09-07;joltik-box;trainer;DRI;176;Team Rocket's Petrel;4;1;1;4.0;1.0
6a9cdf15ab080c8c957fb8af;2026-09-07;joltik-box;trainer;SCR;133;Crispin;4;1;1;4.0;1.0
6a9cdf15ab080c8c957fb8af;2026-09-07;joltik-box;trainer;MEG;114;Boss's Orders;4;1;1;4.0;1.0
6a9cdf15ab080c8c957fb8af;2026-09-07;joltik-box;trainer;JTG;146;Brock's Scouting;1;1;1;1.0;1.0
6a9cdf15ab080c8c957fb8af;2026-09-07;joltik-box;trainer;MEG;131;Ultra Ball;4;1;1;4.0;1.0
6a9cdf15ab080c8c957fb8af;2026-09-07;joltik-box;trainer;ASC;196;Night Stretcher;2;1;1;2.0;1.0
6a9cdf15ab080c8c957fb8af;2026-09-07;joltik-box;trainer;SSP;185;Precious Trolley;1;1;1;1.0;1.0
6a9cdf15ab080c8c957fb8af;2026-09-07;joltik-box;trainer;CRI;82;Special Red Card;1;1;1;1.0;1.0
6a9cdf15ab080c8c957fb8af;2026-09-07;joltik-box;trainer;DRI;178;Team Rocket's Transceiver;1;1;1;1.0;1.0
6a9cdf15ab080c8c957fb8af;2026-09-07;joltik-box;trainer;POR;72;Energy Search;1;1;1;1.0;1.0
6a9cdf15ab080c8c957fb8af;2026-09-07;joltik-box;trainer;ASC;191;Light Ball;1;1;1;1.0;1.0
6a9cdf15ab080c8c957fb8af;2026-09-07;joltik-box;trainer;SCR;131;Area Zero Underdepths;2;1;1;2.0;1.0
6a9cdf15ab080c8c957fb8af;2026-09-07;joltik-box;trainer;SSP;177;Gravity Mountain;1;1;1;1.0;1.0
6a9cdf15ab080c8c957fb8af;2026-09-07;joltik-box;energy;MEE;4;Lightning Energy;4;1;1;4.0;1.0
6a9cdf15ab080c8c957fb8af;2026-09-07;joltik-box;energy;MEE;1;Grass Energy;4;1;1;4.0;1.0
6a9cdf15ab080c8c957fb8af;2026-09-07;joltik-box;energy;MEE;8;Metal Energy;2;1;1;2.0;1.0
6a9cdf15ab080c8c957fb8af;2026-09-07;joltik-box;energy;MEE;5;Psychic Energy;2;1;1;2.0;1.0
6a9cdf15ab080c8c957fb8af;2026-09-07;joltik-box;energy;MEE;3;Water Energy;2;1;1;2.0;1.0
6a9cdf15ab080c8c957fb8af;2026-09-07;mega-starmie-ex;pokemon;ASC;46;Snorunt;3;1;1;3.0;1.0
6a9cdf15ab080c8c957fb8af;2026-09-07;mega-starmie-ex;pokemon;ASC;47;Mega Froslass ex;2;1;1;2.0;1.0
6a9cdf15ab080c8c957fb8af;2026-09-07;mega-starmie-ex;pokemon;POR;20;Staryu;3;1;1;3.0;1.0
6a9cdf15ab080c8c957fb8af;2026-09-07;mega-starmie-ex;pokemon;POR;21;Mega Starmie ex;2;1;1;2.0;1.0
6a9cdf15ab080c8c957fb8af;2026-09-07;mega-starmie-ex;pokemon;TWM;95;Munkidori;2;1;1;2.0;1.0
6a9cdf15ab080c8c957fb8af;2026-09-07;mega-starmie-ex;pokemon;POR;62;Meowth ex;1;1;1;1.0;1.0
6a9cdf15ab080c8c957fb8af;2026-09-07;mega-starmie-ex;pokemon;DRI;10;Shaymin;1;1;1;1.0;1.0
6a9cdf15ab080c8c957fb8af;2026-09-07;mega-starmie-ex;trainer;WHT;84;Hilda;3;1;1;3.0;1.0
6a9cdf15ab080c8c957fb8af;2026-09-07;mega-starmie-ex;trainer;MEG;119;Lillie's Determination;3;1;1;3.0;1.0
6a9cdf15ab080c8c957fb8af;2026-09-07;mega-starmie-ex;trainer;SCR;133;Crispin;2;1;1;2.0;1.0
6a9cdf15ab080c8c957fb8af;2026-09-07;mega-starmie-ex;trainer;MEG;132;Wally's Compassion;2;1;1;2.0;1.0
6a9cdf15ab080c8c957fb8af;2026-09-07;mega-starmie-ex;trainer;MEG;114;Boss's Orders;2;1;1;2.0;1.0
6a9cdf15ab080c8c957fb8af;2026-09-07;mega-starmie-ex;trainer;JTG;143;Black Belt's Training;1;1;1;1.0;1.0
6a9cdf15ab080c8c957fb8af;2026-09-07;mega-starmie-ex;trainer;POR;81;Poké Pad;4;1;1;4.0;1.0
6a9cdf15ab080c8c957fb8af;2026-09-07;mega-starmie-ex;trainer;TEF;144;Buddy-Buddy Poffin;3;1;1;3.0;1.0
6a9cdf15ab080c8c957fb8af;2026-09-07;mega-starmie-ex;trainer;MEG;131;Ultra Ball;3;1;1;3.0;1.0
6a9cdf15ab080c8c957fb8af;2026-09-07;mega-starmie-ex;trainer;ASC;196;Night Stretcher;2;1;1;2.0;1.0
6a9cdf15ab080c8c957fb8af;2026-09-07;mega-starmie-ex;trainer;SVI;186;Pokégear 3.0;1;1;1;1.0;1.0
6a9cdf15ab080c8c957fb8af;2026-09-07;mega-starmie-ex;trainer;POR;72;Energy Search;1;1;1;1.0;1.0
6a9cdf15ab080c8c957fb8af;2026-09-07;mega-starmie-ex;trainer;CRI;82;Special Red Card;1;1;1;1.0;1.0
6a9cdf15ab080c8c957fb8af;2026-09-07;mega-starmie-ex;trainer;ASC;181;Air Balloon;1;1;1;1.0;1.0
6a9cdf15ab080c8c957fb8af;2026-09-07;mega-starmie-ex;trainer;MEG;127;Risky Ruins;2;1;1;2.0;1.0
6a9cdf15ab080c8c957fb8af;2026-09-07;mega-starmie-ex;trainer;PFL;85;Battle Cage;2;1;1;2.0;1.0
6a9cdf15ab080c8c957fb8af;2026-09-07;mega-starmie-ex;trainer;MEG;129;Surfing Beach;1;1;1;1.0;1.0
6a9cdf15ab080c8c957fb8af;2026-09-07;mega-starmie-ex;energy;MEE;3;Water Energy;5;1;1;5.0;1.0
6a9cdf15ab080c8c957fb8af;2026-09-07;mega-starmie-ex;energy;MEE;7;Darkness Energy;3;1;1;3.0;1.0
6a9cdf15ab080c8c957fb8af;2026-09-07;mega-starmie-ex;energy;WHT;86;Ignition Energy;3;1;1;3.0;1.0
6a9cdf15ab080c8c957fb8af;2026-09-07;mega-starmie-ex;energy;TWM;167;Legacy Energy;1;1;1;1.0;1.0
6a9cdf15ab080c8c957fb8af;2026-09-07;basic-box-m;trainer;TEF;157;Prime Catcher;4;4;8;0.5;0.5
6a9cdf15ab080c8c957fb8af;2026-09-07;n-zoroark;trainer;JTG;157;Ruffian;1;1;11;0.0909;0.0909
6a9cdf15ab080c8c957fb8af;2026-09-07;dragapult-blaziken;trainer;SFA;64;Xerosic's Machinations;1;1;8;0.125;0.125
6a9cdf15ab080c8c957fb8af;2026-09-07;dragapult-blaziken;trainer;MEG;127;Risky Ruins;2;2;8;0.25;0.25
6a9cdf15ab080c8c957fb8af;2026-09-07;dragapult-ex;trainer;SFA;64;Xerosic's Machinations;2;2;17;0.1176;0.1176
6a9cdf15ab080c8c957fb8af;2026-09-07;dragapult-ex;trainer;DRI;180;Team Rocket's Watchtower;3;2;17;0.1765;0.1176
6a9cdf15ab080c8c957fb8af;2026-09-07;dragapult-blaziken;pokemon;MEG;31;Chi-Yu;1;1;8;0.125;0.125
6a9cdf15ab080c8c957fb8af;2026-09-07;dragapult-blaziken;energy;TEF;161;Mist Energy;1;1;8;0.125;0.125
6a9cdf15ab080c8c957fb8af;2026-09-07;blaziken-zoroark;pokemon;DRI;40;Torchic;3;1;1;3.0;1.0
6a9cdf15ab080c8c957fb8af;2026-09-07;blaziken-zoroark;pokemon;DRI;41;Combusken;2;1;1;2.0;1.0
6a9cdf15ab080c8c957fb8af;2026-09-07;blaziken-zoroark;pokemon;JTG;24;Blaziken ex;3;1;1;3.0;1.0
6a9cdf15ab080c8c957fb8af;2026-09-07;blaziken-zoroark;pokemon;DRI;42;Blaziken;1;1;1;1.0;1.0
6a9cdf15ab080c8c957fb8af;2026-09-07;blaziken-zoroark;pokemon;JTG;97;N's Zorua;3;1;1;3.0;1.0
6a9cdf15ab080c8c957fb8af;2026-09-07;blaziken-zoroark;pokemon;JTG;98;N's Zoroark ex;2;1;1;2.0;1.0
6a9cdf15ab080c8c957fb8af;2026-09-07;blaziken-zoroark;pokemon;TWM;131;Tatsugiri;2;1;1;2.0;1.0
6a9cdf15ab080c8c957fb8af;2026-09-07;blaziken-zoroark;pokemon;ASC;142;Fezandipiti ex;1;1;1;1.0;1.0
6a9cdf15ab080c8c957fb8af;2026-09-07;blaziken-zoroark;pokemon;JTG;56;Lillie's Clefairy ex;1;1;1;1.0;1.0
6a9cdf15ab080c8c957fb8af;2026-09-07;blaziken-zoroark;pokemon;TWM;95;Munkidori;1;1;1;1.0;1.0
6a9cdf15ab080c8c957fb8af;2026-09-07;blaziken-zoroark;pokemon;SVP;149;Pecharunt;1;1;1;1.0;1.0
6a9cdf15ab080c8c957fb8af;2026-09-07;blaziken-zoroark;pokemon;PFL;14;Moltres;1;1;1;1.0;1.0
6a9cdf15ab080c8c957fb8af;2026-09-07;blaziken-zoroark;pokemon;JTG;116;N's Reshiram;1;1;1;1.0;1.0
6a9cdf15ab080c8c957fb8af;2026-09-07;blaziken-zoroark;trainer;MEG;119;Lillie's Determination;4;1;1;4.0;1.0
6a9cdf15ab080c8c957fb8af;2026-09-07;blaziken-zoroark;trainer;MEG;114;Boss's Orders;3;1;1;3.0;1.0
6a9cdf15ab080c8c957fb8af;2026-09-07;blaziken-zoroark;trainer;WHT;84;Hilda;2;1;1;2.0;1.0
6a9cdf15ab080c8c957fb8af;2026-09-07;blaziken-zoroark;trainer;TEF;144;Buddy-Buddy Poffin;4;1;1;4.0;1.0
6a9cdf15ab080c8c957fb8af;2026-09-07;blaziken-zoroark;trainer;POR;81;Poké Pad;3;1;1;3.0;1.0
6a9cdf15ab080c8c957fb8af;2026-09-07;blaziken-zoroark;trainer;MEG;125;Rare Candy;3;1;1;3.0;1.0
6a9cdf15ab080c8c957fb8af;2026-09-07;blaziken-zoroark;trainer;MEG;131;Ultra Ball;3;1;1;3.0;1.0
6a9cdf15ab080c8c957fb8af;2026-09-07;blaziken-zoroark;trainer;ASC;196;Night Stretcher;2;1;1;2.0;1.0
6a9cdf15ab080c8c957fb8af;2026-09-07;blaziken-zoroark;trainer;MEG;130;Switch;1;1;1;1.0;1.0
6a9cdf15ab080c8c957fb8af;2026-09-07;blaziken-zoroark;trainer;CRI;82;Special Red Card;1;1;1;1.0;1.0
6a9cdf15ab080c8c957fb8af;2026-09-07;blaziken-zoroark;trainer;TWM;165;Unfair Stamp;1;1;1;1.0;1.0
6a9cdf15ab080c8c957fb8af;2026-09-07;blaziken-zoroark;trainer;ASC;181;Air Balloon;1;1;1;1.0;1.0
6a9cdf15ab080c8c957fb8af;2026-09-07;blaziken-zoroark;trainer;DRI;180;Team Rocket's Watchtower;2;1;1;2.0;1.0
6a9cdf15ab080c8c957fb8af;2026-09-07;blaziken-zoroark;energy;MEE;7;Darkness Energy;4;1;1;4.0;1.0
6a9cdf15ab080c8c957fb8af;2026-09-07;blaziken-zoroark;energy;MEE;2;Fire Energy;3;1;1;3.0;1.0
6a9cdf15ab080c8c957fb8af;2026-09-07;blaziken-zoroark;energy;MEE;5;Psychic Energy;1;1;1;1.0;1.0
6a9cdf15ab080c8c957fb8af;2026-09-07;dragapult-dusknoir;trainer;MEG;127;Risky Ruins;1;1;11;0.0909;0.0909
6a9cdf15ab080c8c957fb8af;2026-09-07;n-zoroark;pokemon;ASC;46;Snorunt;1;1;11;0.0909;0.0909
6a9cdf15ab080c8c957fb8af;2026-09-07;n-zoroark;pokemon;TWM;53;Froslass;1;1;11;0.0909;0.0909
6a9cdf15ab080c8c957fb8af;2026-09-07;dragapult-ex;pokemon;DRI;10;Shaymin;5;5;17;0.2941;0.2941
6a9cdf15ab080c8c957fb8af;2026-09-07;slowking-scr;pokemon;PBL;41;Annihilape;4;4;8;0.5;0.5
6a9cdf15ab080c8c957fb8af;2026-09-07;slowking-scr;trainer;TWM;154;Kieran;2;2;8;0.25;0.25
6a9cdf15ab080c8c957fb8af;2026-09-07;slowking-scr;trainer;MEG;114;Boss's Orders;2;2;8;0.25;0.25
6a9cdf15ab080c8c957fb8af;2026-09-07;seaking-pre;pokemon;TWM;14;Grookey;8;2;2;4.0;1.0
6a9cdf15ab080c8c957fb8af;2026-09-07;seaking-pre;pokemon;TWM;15;Thwackey;7;2;2;3.5;1.0
6a9cdf15ab080c8c957fb8af;2026-09-07;seaking-pre;pokemon;TWM;44;Goldeen;7;2;2;3.5;1.0
6a9cdf15ab080c8c957fb8af;2026-09-07;seaking-pre;pokemon;PRE;21;Seaking;7;2;2;3.5;1.0
6a9cdf15ab080c8c957fb8af;2026-09-07;seaking-pre;pokemon;DRI;24;Rellor;1;1;2;0.5;0.5
6a9cdf15ab080c8c957fb8af;2026-09-07;seaking-pre;pokemon;TEF;24;Rabsca;2;2;2;1.0;1.0
6a9cdf15ab080c8c957fb8af;2026-09-07;seaking-pre;trainer;MEG;119;Lillie's Determination;8;2;2;4.0;1.0
6a9cdf15ab080c8c957fb8af;2026-09-07;seaking-pre;trainer;PBL;77;Gladion's Final Battle;7;2;2;3.5;1.0
6a9cdf15ab080c8c957fb8af;2026-09-07;seaking-pre;trainer;POR;76;Judge;2;1;2;1.0;0.5
6a9cdf15ab080c8c957fb8af;2026-09-07;seaking-pre;trainer;MEG;114;Boss's Orders;4;2;2;2.0;1.0
6a9cdf15ab080c8c957fb8af;2026-09-07;seaking-pre;trainer;TEF;144;Buddy-Buddy Poffin;8;2;2;4.0;1.0
6a9cdf15ab080c8c957fb8af;2026-09-07;seaking-pre;trainer;MEG;131;Ultra Ball;8;2;2;4.0;1.0
6a9cdf15ab080c8c957fb8af;2026-09-07;seaking-pre;trainer;POR;81;Poké Pad;8;2;2;4.0;1.0
6a9cdf15ab080c8c957fb8af;2026-09-07;seaking-pre;trainer;ASC;196;Night Stretcher;2;2;2;1.0;1.0
6a9cdf15ab080c8c957fb8af;2026-09-07;seaking-pre;trainer;MEG;130;Switch;1;1;2;0.5;0.5
6a9cdf15ab080c8c957fb8af;2026-09-07;seaking-pre;trainer;DRI;168;Sacred Ash;2;2;2;1.0;1.0
6a9cdf15ab080c8c957fb8af;2026-09-07;seaking-pre;trainer;TWM;163;Secret Box;2;2;2;1.0;1.0
6a9cdf15ab080c8c957fb8af;2026-09-07;seaking-pre;trainer;WHT;80;Brave Bangle;5;2;2;2.5;1.0
6a9cdf15ab080c8c957fb8af;2026-09-07;seaking-pre;trainer;ASC;181;Air Balloon;4;2;2;2.0;1.0
6a9cdf15ab080c8c957fb8af;2026-09-07;seaking-pre;trainer;TWM;149;Festival Grounds;8;2;2;4.0;1.0
6a9cdf15ab080c8c957fb8af;2026-09-07;seaking-pre;energy;TEF;161;Mist Energy;8;2;2;4.0;1.0
6a9cdf15ab080c8c957fb8af;2026-09-07;seaking-pre;energy;MEE;1;Grass Energy;2;1;2;1.0;0.5
6a9cdf15ab080c8c957fb8af;2026-09-07;mega-excadrill-ex;pokemon;TWM;123;Heatran;1;1;6;0.1667;0.1667
6a9cdf15ab080c8c957fb8af;2026-09-07;mega-excadrill-ex;pokemon;MEG;94;Mega Mawile ex;1;1;6;0.1667;0.1667
6a9cdf15ab080c8c957fb8af;2026-09-07;mega-excadrill-ex;trainer;MEG;114;Boss's Orders;9;4;6;1.5;0.6667
6a9cdf15ab080c8c957fb8af;2026-09-07;mega-excadrill-ex;trainer;SSP;185;Precious Trolley;2;2;6;0.3333;0.3333
6a9cdf15ab080c8c957fb8af;2026-09-07;mega-excadrill-ex;trainer;WHT;80;Brave Bangle;2;1;6;0.3333;0.1667
6a9cdf15ab080c8c957fb8af;2026-09-07;mega-excadrill-ex;trainer;ASC;181;Air Balloon;3;2;6;0.5;0.3333
6a9cdf15ab080c8c957fb8af;2026-09-07;mega-excadrill-ex;trainer;SSP;177;Gravity Mountain;2;2;6;0.3333;0.3333
6a9cdf15ab080c8c957fb8af;2026-09-07;dragapult-ex;pokemon;TWM;131;Tatsugiri;1;1;17;0.0588;0.0588
6a9cdf15ab080c8c957fb8af;2026-09-07;dragapult-ex;trainer;PFL;87;Dawn;2;2;17;0.1176;0.1176
6a9cdf15ab080c8c957fb8af;2026-09-07;basic-box-m;pokemon;SSP;18;Paldean Tauros;2;2;8;0.25;0.25
6a9cdf15ab080c8c957fb8af;2026-09-07;basic-box-m;energy;MEE;2;Fire Energy;2;2;8;0.25;0.25
6a9cdf15ab080c8c957fb8af;2026-09-07;hydreigon-ex;pokemon;SSP;117;Deino;3;1;1;3.0;1.0
6a9cdf15ab080c8c957fb8af;2026-09-07;hydreigon-ex;pokemon;SSP;118;Zweilous;2;1;1;2.0;1.0
6a9cdf15ab080c8c957fb8af;2026-09-07;hydreigon-ex;pokemon;SSP;119;Hydreigon ex;3;1;1;3.0;1.0
6a9cdf15ab080c8c957fb8af;2026-09-07;hydreigon-ex;pokemon;TEF;128;Dunsparce;3;1;1;3.0;1.0
6a9cdf15ab080c8c957fb8af;2026-09-07;hydreigon-ex;pokemon;TEF;129;Dudunsparce;3;1;1;3.0;1.0
6a9cdf15ab080c8c957fb8af;2026-09-07;hydreigon-ex;pokemon;ASC;16;Budew;1;1;1;1.0;1.0
6a9cdf15ab080c8c957fb8af;2026-09-07;hydreigon-ex;pokemon;TWM;95;Munkidori;1;1;1;1.0;1.0
6a9cdf15ab080c8c957fb8af;2026-09-07;hydreigon-ex;pokemon;ASC;142;Fezandipiti ex;1;1;1;1.0;1.0
6a9cdf15ab080c8c957fb8af;2026-09-07;hydreigon-ex;pokemon;POR;62;Meowth ex;1;1;1;1.0;1.0
6a9cdf15ab080c8c957fb8af;2026-09-07;hydreigon-ex;pokemon;SFA;39;Pecharunt ex;1;1;1;1.0;1.0
6a9cdf15ab080c8c957fb8af;2026-09-07;hydreigon-ex;pokemon;MEG;88;Yveltal;1;1;1;1.0;1.0
6a9cdf15ab080c8c957fb8af;2026-09-07;hydreigon-ex;trainer;MEG;119;Lillie's Determination;4;1;1;4.0;1.0
6a9cdf15ab080c8c957fb8af;2026-09-07;hydreigon-ex;trainer;POR;84;Rosa's Encouragement;2;1;1;2.0;1.0
6a9cdf15ab080c8c957fb8af;2026-09-07;hydreigon-ex;trainer;SCR;133;Crispin;2;1;1;2.0;1.0
6a9cdf15ab080c8c957fb8af;2026-09-07;hydreigon-ex;trainer;MEG;114;Boss's Orders;2;1;1;2.0;1.0
6a9cdf15ab080c8c957fb8af;2026-09-07;hydreigon-ex;trainer;DRI;176;Team Rocket's Petrel;1;1;1;1.0;1.0
6a9cdf15ab080c8c957fb8af;2026-09-07;hydreigon-ex;trainer;WHT;84;Hilda;1;1;1;1.0;1.0
6a9cdf15ab080c8c957fb8af;2026-09-07;hydreigon-ex;trainer;SCR;132;Briar;1;1;1;1.0;1.0
6a9cdf15ab080c8c957fb8af;2026-09-07;hydreigon-ex;trainer;TEF;144;Buddy-Buddy Poffin;4;1;1;4.0;1.0
6a9cdf15ab080c8c957fb8af;2026-09-07;hydreigon-ex;trainer;POR;81;Poké Pad;3;1;1;3.0;1.0
6a9cdf15ab080c8c957fb8af;2026-09-07;hydreigon-ex;trainer;MEG;125;Rare Candy;2;1;1;2.0;1.0
6a9cdf15ab080c8c957fb8af;2026-09-07;hydreigon-ex;trainer;MEG;131;Ultra Ball;2;1;1;2.0;1.0
6a9cdf15ab080c8c957fb8af;2026-09-07;hydreigon-ex;trainer;ASC;196;Night Stretcher;1;1;1;1.0;1.0
6a9cdf15ab080c8c957fb8af;2026-09-07;hydreigon-ex;trainer;SSP;169;Counter Gain;1;1;1;1.0;1.0
6a9cdf15ab080c8c957fb8af;2026-09-07;hydreigon-ex;trainer;MEG;127;Risky Ruins;2;1;1;2.0;1.0
6a9cdf15ab080c8c957fb8af;2026-09-07;hydreigon-ex;energy;MEE;7;Darkness Energy;5;1;1;5.0;1.0
6a9cdf15ab080c8c957fb8af;2026-09-07;hydreigon-ex;energy;MEE;8;Metal Energy;3;1;1;3.0;1.0
6a9cdf15ab080c8c957fb8af;2026-09-07;hydreigon-ex;energy;MEE;5;Psychic Energy;3;1;1;3.0;1.0
6a9cdf15ab080c8c957fb8af;2026-09-07;hydreigon-ex;energy;TEF;162;Neo Upper Energy;1;1;1;1.0;1.0
6a9cdf15ab080c8c957fb8af;2026-09-07;ogerpon-meganium;pokemon;TWM;25;Teal Mask Ogerpon ex;4;1;1;4.0;1.0
6a9cdf15ab080c8c957fb8af;2026-09-07;ogerpon-meganium;pokemon;MEG;8;Chikorita;2;1;1;2.0;1.0
6a9cdf15ab080c8c957fb8af;2026-09-07;ogerpon-meganium;pokemon;MEG;9;Bayleef;2;1;1;2.0;1.0
6a9cdf15ab080c8c957fb8af;2026-09-07;ogerpon-meganium;pokemon;MEG;10;Meganium;2;1;1;2.0;1.0
6a9cdf15ab080c8c957fb8af;2026-09-07;ogerpon-meganium;pokemon;POR;62;Meowth ex;2;1;1;2.0;1.0
6a9cdf15ab080c8c957fb8af;2026-09-07;ogerpon-meganium;pokemon;DRI;21;Smoliv;1;1;1;1.0;1.0
6a9cdf15ab080c8c957fb8af;2026-09-07;ogerpon-meganium;pokemon;DRI;22;Dolliv;1;1;1;1.0;1.0
6a9cdf15ab080c8c957fb8af;2026-09-07;ogerpon-meganium;pokemon;DRI;23;Arboliva ex;1;1;1;1.0;1.0
6a9cdf15ab080c8c957fb8af;2026-09-07;ogerpon-meganium;pokemon;SCR;12;Applin;1;1;1;1.0;1.0
6a9cdf15ab080c8c957fb8af;2026-09-07;ogerpon-meganium;pokemon;TWM;18;Dipplin;1;1;1;1.0;1.0
6a9cdf15ab080c8c957fb8af;2026-09-07;ogerpon-meganium;pokemon;SCR;14;Hydrapple ex;1;1;1;1.0;1.0
6a9cdf15ab080c8c957fb8af;2026-09-07;ogerpon-meganium;pokemon;SFA;6;Tapu Bulu;1;1;1;1.0;1.0
6a9cdf15ab080c8c957fb8af;2026-09-07;ogerpon-meganium;pokemon;MEG;12;Celebi;1;1;1;1.0;1.0
6a9cdf15ab080c8c957fb8af;2026-09-07;ogerpon-meganium;pokemon;ASC;142;Fezandipiti ex;1;1;1;1.0;1.0
6a9cdf15ab080c8c957fb8af;2026-09-07;ogerpon-meganium;trainer;MEG;119;Lillie's Determination;4;1;1;4.0;1.0
6a9cdf15ab080c8c957fb8af;2026-09-07;ogerpon-meganium;trainer;PFL;87;Dawn;2;1;1;2.0;1.0
6a9cdf15ab080c8c957fb8af;2026-09-07;ogerpon-meganium;trainer;MEG;114;Boss's Orders;2;1;1;2.0;1.0
6a9cdf15ab080c8c957fb8af;2026-09-07;ogerpon-meganium;trainer;TWM;155;Lana's Aid;1;1;1;1.0;1.0
6a9cdf15ab080c8c957fb8af;2026-09-07;ogerpon-meganium;trainer;SCR;132;Briar;1;1;1;1.0;1.0
6a9cdf15ab080c8c957fb8af;2026-09-07;ogerpon-meganium;trainer;TEF;145;Ciphermaniac's Codebreaking;1;1;1;1.0;1.0
6a9cdf15ab080c8c957fb8af;2026-09-07;ogerpon-meganium;trainer;TWM;143;Bug Catching Set;4;1;1;4.0;1.0
6a9cdf15ab080c8c957fb8af;2026-09-07;ogerpon-meganium;trainer;MEG;131;Ultra Ball;3;1;1;3.0;1.0
6a9cdf15ab080c8c957fb8af;2026-09-07;ogerpon-meganium;trainer;ASC;196;Night Stretcher;2;1;1;2.0;1.0
6a9cdf15ab080c8c957fb8af;2026-09-07;ogerpon-meganium;trainer;TWM;165;Unfair Stamp;1;1;1;1.0;1.0
6a9cdf15ab080c8c957fb8af;2026-09-07;ogerpon-meganium;trainer;CRI;82;Special Red Card;1;1;1;1.0;1.0
6a9cdf15ab080c8c957fb8af;2026-09-07;ogerpon-meganium;trainer;MEG;117;Forest of Vitality;4;1;1;4.0;1.0
6a9cdf15ab080c8c957fb8af;2026-09-07;ogerpon-meganium;energy;MEE;1;Grass Energy;13;1;1;13.0;1.0
6a9cdf15ab080c8c957fb8af;2026-09-07;mega-lucario-ex;pokemon;MEG;76;Riolu;4;2;4;1.0;0.5
6a9cdf15ab080c8c957fb8af;2026-09-07;mega-lucario-ex;pokemon;POR;42;Binacle;2;1;4;0.5;0.25
6a9cdf15ab080c8c957fb8af;2026-09-07;mega-lucario-ex;pokemon;POR;43;Barbaracle;2;1;4;0.5;0.25
6a9cdf15ab080c8c957fb8af;2026-09-07;mega-lucario-ex;pokemon;SSP;76;Latias ex;1;1;4;0.25;0.25
6a9cdf15ab080c8c957fb8af;2026-09-07;mega-lucario-ex;trainer;POR;76;Judge;1;1;4;0.25;0.25
6a9cdf15ab080c8c957fb8af;2026-09-07;mega-lucario-ex;trainer;POR;72;Energy Search;3;1;4;0.75;0.25
6a9cdf15ab080c8c957fb8af;2026-09-07;mega-lucario-ex;trainer;ASC;196;Night Stretcher;4;2;4;1.0;0.5
6a9cdf15ab080c8c957fb8af;2026-09-07;mega-lucario-ex;trainer;MEG;121;Mega Signal;1;1;4;0.25;0.25
6a9cdf15ab080c8c957fb8af;2026-09-07;mega-lucario-ex;trainer;TEF;154;Maximum Belt;2;2;4;0.5;0.5
6a9cdf15ab080c8c957fb8af;2026-09-07;mega-lucario-ex;trainer;POR;77;Lumiose City;2;1;4;0.5;0.25
6a9cdf15ab080c8c957fb8af;2026-09-07;sharpedo-toxtricity;pokemon;PFL;60;Carvanha;4;1;1;4.0;1.0
6a9cdf15ab080c8c957fb8af;2026-09-07;sharpedo-toxtricity;pokemon;PFL;61;Mega Sharpedo ex;4;1;1;4.0;1.0
6a9cdf15ab080c8c957fb8af;2026-09-07;sharpedo-toxtricity;pokemon;SFA;39;Pecharunt ex;3;1;1;3.0;1.0
6a9cdf15ab080c8c957fb8af;2026-09-07;sharpedo-toxtricity;pokemon;PFL;67;Toxel;2;1;1;2.0;1.0
6a9cdf15ab080c8c957fb8af;2026-09-07;sharpedo-toxtricity;pokemon;PFL;68;Toxtricity;2;1;1;2.0;1.0
6a9cdf15ab080c8c957fb8af;2026-09-07;sharpedo-toxtricity;pokemon;TWM;95;Munkidori;2;1;1;2.0;1.0
6a9cdf15ab080c8c957fb8af;2026-09-07;sharpedo-toxtricity;pokemon;TWM;131;Tatsugiri;2;1;1;2.0;1.0
6a9cdf15ab080c8c957fb8af;2026-09-07;sharpedo-toxtricity;pokemon;ASC;142;Fezandipiti ex;1;1;1;1.0;1.0
6a9cdf15ab080c8c957fb8af;2026-09-07;sharpedo-toxtricity;trainer;MEG;114;Boss's Orders;4;1;1;4.0;1.0
6a9cdf15ab080c8c957fb8af;2026-09-07;sharpedo-toxtricity;trainer;MEG;119;Lillie's Determination;4;1;1;4.0;1.0
6a9cdf15ab080c8c957fb8af;2026-09-07;sharpedo-toxtricity;trainer;POR;76;Judge;3;1;1;3.0;1.0
6a9cdf15ab080c8c957fb8af;2026-09-07;sharpedo-toxtricity;trainer;DRI;176;Team Rocket's Petrel;2;1;1;2.0;1.0
6a9cdf15ab080c8c957fb8af;2026-09-07;sharpedo-toxtricity;trainer;TEF;144;Buddy-Buddy Poffin;4;1;1;4.0;1.0
6a9cdf15ab080c8c957fb8af;2026-09-07;sharpedo-toxtricity;trainer;MEG;131;Ultra Ball;4;1;1;4.0;1.0
6a9cdf15ab080c8c957fb8af;2026-09-07;sharpedo-toxtricity;trainer;POR;81;Poké Pad;4;1;1;4.0;1.0
6a9cdf15ab080c8c957fb8af;2026-09-07;sharpedo-toxtricity;trainer;ASC;196;Night Stretcher;1;1;1;1.0;1.0
6a9cdf15ab080c8c957fb8af;2026-09-07;sharpedo-toxtricity;trainer;TWM;165;Unfair Stamp;1;1;1;1.0;1.0
6a9cdf15ab080c8c957fb8af;2026-09-07;sharpedo-toxtricity;trainer;PRE;95;Binding Mochi;3;1;1;3.0;1.0
6a9cdf15ab080c8c957fb8af;2026-09-07;sharpedo-toxtricity;trainer;DRI;180;Team Rocket's Watchtower;1;1;1;1.0;1.0
6a9cdf15ab080c8c957fb8af;2026-09-07;sharpedo-toxtricity;energy;MEE;7;Darkness Energy;9;1;1;9.0;1.0
6a9cdf15ab080c8c957fb8af;2026-09-07;grimmsnarl-froslass;trainer;POR;76;Judge;1;1;5;0.2;0.2
6a9cdf15ab080c8c957fb8af;2026-09-07;mega-excadrill-ex;pokemon;DRI;10;Shaymin;2;2;6;0.3333;0.3333
6a9cdf15ab080c8c957fb8af;2026-09-07;mega-excadrill-ex;trainer;ASC;212;Tool Scrapper;1;1;6;0.1667;0.1667
6a9cdf15ab080c8c957fb8af;2026-09-07;festival-lead;pokemon;SCR;12;Applin;4;1;2;2.0;0.5
6a9cdf15ab080c8c957fb8af;2026-09-07;festival-lead;pokemon;TWM;18;Dipplin;7;2;2;3.5;1.0
6a9cdf15ab080c8c957fb8af;2026-09-07;festival-lead;pokemon;TWM;14;Grookey;7;2;2;3.5;1.0
6a9cdf15ab080c8c957fb8af;2026-09-07;festival-lead;pokemon;TWM;15;Thwackey;7;2;2;3.5;1.0
6a9cdf15ab080c8c957fb8af;2026-09-07;festival-lead;pokemon;TWM;44;Goldeen;3;2;2;1.5;1.0
6a9cdf15ab080c8c957fb8af;2026-09-07;festival-lead;pokemon;PRE;21;Seaking;2;2;2;1.0;1.0
6a9cdf15ab080c8c957fb8af;2026-09-07;festival-lead;pokemon;TEF;23;Rellor;2;2;2;1.0;1.0
6a9cdf15ab080c8c957fb8af;2026-09-07;festival-lead;pokemon;TEF;24;Rabsca;2;2;2;1.0;1.0
6a9cdf15ab080c8c957fb8af;2026-09-07;festival-lead;pokemon;DRI;10;Shaymin;2;2;2;1.0;1.0
6a9cdf15ab080c8c957fb8af;2026-09-07;festival-lead;trainer;MEG;119;Lillie's Determination;8;2;2;4.0;1.0
6a9cdf15ab080c8c957fb8af;2026-09-07;festival-lead;trainer;PBL;77;Gladion's Final Battle;4;2;2;2.0;1.0
6a9cdf15ab080c8c957fb8af;2026-09-07;festival-lead;trainer;MEG;114;Boss's Orders;4;2;2;2.0;1.0
6a9cdf15ab080c8c957fb8af;2026-09-07;festival-lead;trainer;TWM;154;Kieran;2;2;2;1.0;1.0
6a9cdf15ab080c8c957fb8af;2026-09-07;festival-lead;trainer;POR;81;Poké Pad;8;2;2;4.0;1.0
6a9cdf15ab080c8c957fb8af;2026-09-07;festival-lead;trainer;TEF;144;Buddy-Buddy Poffin;8;2;2;4.0;1.0
6a9cdf15ab080c8c957fb8af;2026-09-07;festival-lead;trainer;TWM;143;Bug Catching Set;3;1;2;1.5;0.5
6a9cdf15ab080c8c957fb8af;2026-09-07;festival-lead;trainer;MEG;131;Ultra Ball;6;2;2;3.0;1.0
6a9cdf15ab080c8c957fb8af;2026-09-07;festival-lead;trainer;TWM;163;Secret Box;2;2;2;1.0;1.0
6a9cdf15ab080c8c957fb8af;2026-09-07;festival-lead;trainer;ASC;212;Tool Scrapper;2;2;2;1.0;1.0
6a9cdf15ab080c8c957fb8af;2026-09-07;festival-lead;trainer;ASC;196;Night Stretcher;2;2;2;1.0;1.0
6a9cdf15ab080c8c957fb8af;2026-09-07;festival-lead;trainer;DRI;168;Sacred Ash;2;2;2;1.0;1.0
6a9cdf15ab080c8c957fb8af;2026-09-07;festival-lead;trainer;ASC;181;Air Balloon;5;2;2;2.5;1.0
6a9cdf15ab080c8c957fb8af;2026-09-07;festival-lead;trainer;WHT;80;Brave Bangle;4;2;2;2.0;1.0
6a9cdf15ab080c8c957fb8af;2026-09-07;festival-lead;trainer;TWM;149;Festival Grounds;8;2;2;4.0;1.0
6a9cdf15ab080c8c957fb8af;2026-09-07;festival-lead;energy;MEE;1;Grass Energy;6;2;2;3.0;1.0
6a9cdf15ab080c8c957fb8af;2026-09-07;festival-lead;energy;POR;86;Growing Grass Energy;4;2;2;2.0;1.0
6a9cdf15ab080c8c957fb8af;2026-09-07;dragapult-dusknoir;pokemon;SSP;76;Latias ex;1;1;11;0.0909;0.0909
6a9cdf15ab080c8c957fb8af;2026-09-07;dragapult-dusknoir;pokemon;TWM;141;Bloodmoon Ursaluna ex;1;1;11;0.0909;0.0909
6a9cdf15ab080c8c957fb8af;2026-09-07;dragapult-dusknoir;trainer;PBL;78;Gwynn;3;1;11;0.2727;0.0909
6a9cdf15ab080c8c957fb8af;2026-09-07;dragapult-dusknoir;trainer;WHT;84;Hilda;1;1;11;0.0909;0.0909
6a9cdf15ab080c8c957fb8af;2026-09-07;dragapult-dusknoir;trainer;DRI;168;Sacred Ash;1;1;11;0.0909;0.0909
6a9cdf15ab080c8c957fb8af;2026-09-07;dragapult-dusknoir;trainer;MEG;130;Switch;1;1;11;0.0909;0.0909
6a9cdf15ab080c8c957fb8af;2026-09-07;dragapult-dusknoir;energy;TEF;162;Neo Upper Energy;1;1;11;0.0909;0.0909
6a9cdf15ab080c8c957fb8af;2026-09-07;mega-darkrai-ex;pokemon;PBL;48;Mega Darkrai ex;3;1;1;3.0;1.0
6a9cdf15ab080c8c957fb8af;2026-09-07;mega-darkrai-ex;pokemon;PFL;54;Gastly;2;1;1;2.0;1.0
6a9cdf15ab080c8c957fb8af;2026-09-07;mega-darkrai-ex;pokemon;PFL;55;Haunter;1;1;1;1.0;1.0
6a9cdf15ab080c8c957fb8af;2026-09-07;mega-darkrai-ex;pokemon;PFL;56;Mega Gengar ex;2;1;1;2.0;1.0
6a9cdf15ab080c8c957fb8af;2026-09-07;mega-darkrai-ex;pokemon;PFL;67;Toxel;2;1;1;2.0;1.0
6a9cdf15ab080c8c957fb8af;2026-09-07;mega-darkrai-ex;pokemon;PFL;68;Toxtricity;2;1;1;2.0;1.0
6a9cdf15ab080c8c957fb8af;2026-09-07;mega-darkrai-ex;pokemon;JTG;97;N's Zorua;1;1;1;1.0;1.0
6a9cdf15ab080c8c957fb8af;2026-09-07;mega-darkrai-ex;pokemon;JTG;98;N's Zoroark ex;1;1;1;1.0;1.0
6a9cdf15ab080c8c957fb8af;2026-09-07;mega-darkrai-ex;pokemon;TWM;95;Munkidori;1;1;1;1.0;1.0
6a9cdf15ab080c8c957fb8af;2026-09-07;mega-darkrai-ex;pokemon;SFA;39;Pecharunt ex;1;1;1;1.0;1.0
6a9cdf15ab080c8c957fb8af;2026-09-07;mega-darkrai-ex;pokemon;ASC;142;Fezandipiti ex;1;1;1;1.0;1.0
6a9cdf15ab080c8c957fb8af;2026-09-07;mega-darkrai-ex;pokemon;JTG;116;N's Reshiram;1;1;1;1.0;1.0
6a9cdf15ab080c8c957fb8af;2026-09-07;mega-darkrai-ex;pokemon;ASC;143;Pecharunt;1;1;1;1.0;1.0
6a9cdf15ab080c8c957fb8af;2026-09-07;mega-darkrai-ex;trainer;PRE;112;Janine's Secret Art;3;1;1;3.0;1.0
6a9cdf15ab080c8c957fb8af;2026-09-07;mega-darkrai-ex;trainer;MEG;119;Lillie's Determination;3;1;1;3.0;1.0
6a9cdf15ab080c8c957fb8af;2026-09-07;mega-darkrai-ex;trainer;PFL;90;Grimsley's Move;2;1;1;2.0;1.0
6a9cdf15ab080c8c957fb8af;2026-09-07;mega-darkrai-ex;trainer;MEG;114;Boss's Orders;2;1;1;2.0;1.0
6a9cdf15ab080c8c957fb8af;2026-09-07;mega-darkrai-ex;trainer;DRI;176;Team Rocket's Petrel;2;1;1;2.0;1.0
6a9cdf15ab080c8c957fb8af;2026-09-07;mega-darkrai-ex;trainer;WHT;84;Hilda;1;1;1;1.0;1.0
6a9cdf15ab080c8c957fb8af;2026-09-07;mega-darkrai-ex;trainer;ASC;196;Night Stretcher;3;1;1;3.0;1.0
6a9cdf15ab080c8c957fb8af;2026-09-07;mega-darkrai-ex;trainer;TEF;144;Buddy-Buddy Poffin;2;1;1;2.0;1.0
6a9cdf15ab080c8c957fb8af;2026-09-07;mega-darkrai-ex;trainer;MEG;125;Rare Candy;2;1;1;2.0;1.0
6a9cdf15ab080c8c957fb8af;2026-09-07;mega-darkrai-ex;trainer;PBL;75;Dark Bell;2;1;1;2.0;1.0
6a9cdf15ab080c8c957fb8af;2026-09-07;mega-darkrai-ex;trainer;MEG;131;Ultra Ball;2;1;1;2.0;1.0
6a9cdf15ab080c8c957fb8af;2026-09-07;mega-darkrai-ex;trainer;MEG;115;Energy Switch;1;1;1;1.0;1.0
6a9cdf15ab080c8c957fb8af;2026-09-07;mega-darkrai-ex;trainer;DRI;164;Energy Recycler;1;1;1;1.0;1.0
6a9cdf15ab080c8c957fb8af;2026-09-07;mega-darkrai-ex;trainer;POR;81;Poké Pad;1;1;1;1.0;1.0
6a9cdf15ab080c8c957fb8af;2026-09-07;mega-darkrai-ex;trainer;CRI;82;Special Red Card;1;1;1;1.0;1.0
6a9cdf15ab080c8c957fb8af;2026-09-07;mega-darkrai-ex;trainer;PRE;95;Binding Mochi;2;1;1;2.0;1.0
6a9cdf15ab080c8c957fb8af;2026-09-07;mega-darkrai-ex;trainer;DRI;173;Team Rocket's Factory;1;1;1;1.0;1.0
6a9cdf15ab080c8c957fb8af;2026-09-07;mega-darkrai-ex;energy;MEE;7;Darkness Energy;8;1;1;8.0;1.0
6a9cdf15ab080c8c957fb8af;2026-09-07;mega-darkrai-ex;energy;TWM;167;Legacy Energy;1;1;1;1.0;1.0
6a9cdf15ab080c8c957fb8af;2026-09-07;mega-darkrai-ex;energy;PBL;83;Shadowy Darkness Energy;1;1;1;1.0;1.0
6a9cdf15ab080c8c957fb8af;2026-09-07;dragapult-ex;pokemon;TEF;128;Dunsparce;1;1;17;0.0588;0.0588
6a9cdf15ab080c8c957fb8af;2026-09-07;festival-lead;pokemon;TWM;17;Applin;2;1;2;1.0;0.5
6a9cdf15ab080c8c957fb8af;2026-09-07;festival-lead;pokemon;TWM;126;Applin;2;1;2;1.0;0.5
6a9cdf15ab080c8c957fb8af;2026-09-07;festival-lead;pokemon;ASC;39;Psyduck;1;1;2;0.5;0.5
6a9cdf15ab080c8c957fb8af;2026-09-07;festival-lead;trainer;MEG;130;Switch;1;1;2;0.5;0.5
6a9cdf15ab080c8c957fb8af;2026-09-07;greninja-ex;pokemon;CRI;20;Froakie;3;1;1;3.0;1.0
6a9cdf15ab080c8c957fb8af;2026-09-07;greninja-ex;pokemon;CRI;21;Frogadier;2;1;1;2.0;1.0
6a9cdf15ab080c8c957fb8af;2026-09-07;greninja-ex;pokemon;TWM;106;Greninja ex;2;1;1;2.0;1.0
6a9cdf15ab080c8c957fb8af;2026-09-07;greninja-ex;pokemon;PRE;35;Duskull;2;1;1;2.0;1.0
6a9cdf15ab080c8c957fb8af;2026-09-07;greninja-ex;pokemon;PRE;36;Dusclops;2;1;1;2.0;1.0
6a9cdf15ab080c8c957fb8af;2026-09-07;greninja-ex;pokemon;PRE;37;Dusknoir;2;1;1;2.0;1.0
6a9cdf15ab080c8c957fb8af;2026-09-07;greninja-ex;pokemon;ASC;46;Snorunt;2;1;1;2.0;1.0
6a9cdf15ab080c8c957fb8af;2026-09-07;greninja-ex;pokemon;ASC;47;Mega Froslass ex;1;1;1;1.0;1.0
6a9cdf15ab080c8c957fb8af;2026-09-07;greninja-ex;pokemon;POR;62;Meowth ex;2;1;1;2.0;1.0
6a9cdf15ab080c8c957fb8af;2026-09-07;greninja-ex;pokemon;POR;20;Staryu;1;1;1;1.0;1.0
6a9cdf15ab080c8c957fb8af;2026-09-07;greninja-ex;pokemon;POR;21;Mega Starmie ex;1;1;1;1.0;1.0
6a9cdf15ab080c8c957fb8af;2026-09-07;greninja-ex;pokemon;ASC;16;Budew;1;1;1;1.0;1.0
6a9cdf15ab080c8c957fb8af;2026-09-07;greninja-ex;pokemon;ASC;142;Fezandipiti ex;1;1;1;1.0;1.0
6a9cdf15ab080c8c957fb8af;2026-09-07;greninja-ex;pokemon;SSP;76;Latias ex;1;1;1;1.0;1.0
6a9cdf15ab080c8c957fb8af;2026-09-07;greninja-ex;trainer;MEG;119;Lillie's Determination;4;1;1;4.0;1.0
6a9cdf15ab080c8c957fb8af;2026-09-07;greninja-ex;trainer;MEG;114;Boss's Orders;2;1;1;2.0;1.0
6a9cdf15ab080c8c957fb8af;2026-09-07;greninja-ex;trainer;SFA;57;Colress's Tenacity;2;1;1;2.0;1.0
6a9cdf15ab080c8c957fb8af;2026-09-07;greninja-ex;trainer;WHT;84;Hilda;2;1;1;2.0;1.0
6a9cdf15ab080c8c957fb8af;2026-09-07;greninja-ex;trainer;MEG;131;Ultra Ball;4;1;1;4.0;1.0
6a9cdf15ab080c8c957fb8af;2026-09-07;greninja-ex;trainer;TEF;144;Buddy-Buddy Poffin;4;1;1;4.0;1.0
6a9cdf15ab080c8c957fb8af;2026-09-07;greninja-ex;trainer;POR;81;Poké Pad;3;1;1;3.0;1.0
6a9cdf15ab080c8c957fb8af;2026-09-07;greninja-ex;trainer;MEG;125;Rare Candy;2;1;1;2.0;1.0
6a9cdf15ab080c8c957fb8af;2026-09-07;greninja-ex;trainer;CRI;82;Special Red Card;1;1;1;1.0;1.0
6a9cdf15ab080c8c957fb8af;2026-09-07;greninja-ex;trainer;ASC;196;Night Stretcher;1;1;1;1.0;1.0
6a9cdf15ab080c8c957fb8af;2026-09-07;greninja-ex;trainer;MEG;130;Switch;1;1;1;1.0;1.0
6a9cdf15ab080c8c957fb8af;2026-09-07;greninja-ex;trainer;SCR;136;Grand Tree;1;1;1;1.0;1.0
6a9cdf15ab080c8c957fb8af;2026-09-07;greninja-ex;trainer;SSP;177;Gravity Mountain;1;1;1;1.0;1.0
6a9cdf15ab080c8c957fb8af;2026-09-07;greninja-ex;energy;MEE;3;Water Energy;6;1;1;6.0;1.0
6a9cdf15ab080c8c957fb8af;2026-09-07;greninja-ex;energy;WHT;86;Ignition Energy;3;1;1;3.0;1.0
6a9cdf15ab080c8c957fb8af;2026-09-07;alakazam-dudunsparce;pokemon;PBL;66;Pikipek;2;1;7;0.2857;0.1429
6a9cdf15ab080c8c957fb8af;2026-09-07;alakazam-dudunsparce;pokemon;PBL;68;Toucannon;2;1;7;0.2857;0.1429
6a9cdf15ab080c8c957fb8af;2026-09-07;n-zoroark;pokemon;PRE;35;Duskull;2;1;11;0.1818;0.0909
6a9cdf15ab080c8c957fb8af;2026-09-07;n-zoroark;pokemon;PRE;36;Dusclops;1;1;11;0.0909;0.0909
6a9cdf15ab080c8c957fb8af;2026-09-07;n-zoroark;pokemon;PRE;37;Dusknoir;2;1;11;0.1818;0.0909
6a9cdf15ab080c8c957fb8af;2026-09-07;n-zoroark;trainer;MEG;125;Rare Candy;2;1;11;0.1818;0.0909
6a9cdf15ab080c8c957fb8af;2026-09-07;n-zoroark;trainer;SVI;186;Pokégear 3.0;2;1;11;0.1818;0.0909
6a9cdf15ab080c8c957fb8af;2026-09-07;dragapult-ex;trainer;PBL;75;Dark Bell;1;1;17;0.0588;0.0588
6a9cdf15ab080c8c957fb8af;2026-09-07;rocket-mewtwo-ex;pokemon;DRI;19;Team Rocket's Tarountula;4;1;1;4.0;1.0
6a9cdf15ab080c8c957fb8af;2026-09-07;rocket-mewtwo-ex;pokemon;DRI;20;Team Rocket's Spidops;4;1;1;4.0;1.0
6a9cdf15ab080c8c957fb8af;2026-09-07;rocket-mewtwo-ex;pokemon;DRI;87;Team Rocket's Mimikyu;2;1;1;2.0;1.0
6a9cdf15ab080c8c957fb8af;2026-09-07;rocket-mewtwo-ex;pokemon;DRI;81;Team Rocket's Mewtwo ex;2;1;1;2.0;1.0
6a9cdf15ab080c8c957fb8af;2026-09-07;rocket-mewtwo-ex;pokemon;DRI;51;Team Rocket's Articuno;2;1;1;2.0;1.0
6a9cdf15ab080c8c957fb8af;2026-09-07;rocket-mewtwo-ex;pokemon;DRI;10;Shaymin;1;1;1;1.0;1.0
6a9cdf15ab080c8c957fb8af;2026-09-07;rocket-mewtwo-ex;pokemon;JTG;56;Lillie's Clefairy ex;1;1;1;1.0;1.0
6a9cdf15ab080c8c957fb8af;2026-09-07;rocket-mewtwo-ex;pokemon;DRI;128;Team Rocket's Sneasel;1;1;1;1.0;1.0
6a9cdf15ab080c8c957fb8af;2026-09-07;rocket-mewtwo-ex;trainer;MEG;119;Lillie's Determination;4;1;1;4.0;1.0
6a9cdf15ab080c8c957fb8af;2026-09-07;rocket-mewtwo-ex;trainer;DRI;171;Team Rocket's Ariana;4;1;1;4.0;1.0
6a9cdf15ab080c8c957fb8af;2026-09-07;rocket-mewtwo-ex;trainer;DRI;174;Team Rocket's Giovanni;3;1;1;3.0;1.0
6a9cdf15ab080c8c957fb8af;2026-09-07;rocket-mewtwo-ex;trainer;DRI;177;Team Rocket's Proton;2;1;1;2.0;1.0
6a9cdf15ab080c8c957fb8af;2026-09-07;rocket-mewtwo-ex;trainer;DRI;170;Team Rocket's Archer;1;1;1;1.0;1.0
6a9cdf15ab080c8c957fb8af;2026-09-07;rocket-mewtwo-ex;trainer;DRI;176;Team Rocket's Petrel;1;1;1;1.0;1.0
6a9cdf15ab080c8c957fb8af;2026-09-07;rocket-mewtwo-ex;trainer;DRI;178;Team Rocket's Transceiver;4;1;1;4.0;1.0
6a9cdf15ab080c8c957fb8af;2026-09-07;rocket-mewtwo-ex;trainer;ASC;196;Night Stretcher;3;1;1;3.0;1.0
6a9cdf15ab080c8c957fb8af;2026-09-07;rocket-mewtwo-ex;trainer;MEG;131;Ultra Ball;3;1;1;3.0;1.0
6a9cdf15ab080c8c957fb8af;2026-09-07;rocket-mewtwo-ex;trainer;TWM;143;Bug Catching Set;2;1;1;2.0;1.0
6a9cdf15ab080c8c957fb8af;2026-09-07;rocket-mewtwo-ex;trainer;MEG;115;Energy Switch;1;1;1;1.0;1.0
6a9cdf15ab080c8c957fb8af;2026-09-07;rocket-mewtwo-ex;trainer;TEF;154;Maximum Belt;1;1;1;1.0;1.0
6a9cdf15ab080c8c957fb8af;2026-09-07;rocket-mewtwo-ex;trainer;CRI;80;Prism Tower;1;1;1;1.0;1.0
6a9cdf15ab080c8c957fb8af;2026-09-07;rocket-mewtwo-ex;trainer;DRI;180;Team Rocket's Watchtower;1;1;1;1.0;1.0
6a9cdf15ab080c8c957fb8af;2026-09-07;rocket-mewtwo-ex;trainer;DRI;173;Team Rocket's Factory;1;1;1;1.0;1.0
6a9cdf15ab080c8c957fb8af;2026-09-07;rocket-mewtwo-ex;energy;MEE;1;Grass Energy;6;1;1;6.0;1.0
6a9cdf15ab080c8c957fb8af;2026-09-07;rocket-mewtwo-ex;energy;DRI;182;Team Rocket's Energy;4;1;1;4.0;1.0
6a9cdf15ab080c8c957fb8af;2026-09-07;rocket-mewtwo-ex;energy;MEE;5;Psychic Energy;1;1;1;1.0;1.0
6a9cdf15ab080c8c957fb8af;2026-09-07;ursaluna-lunatone;pokemon;TWM;95;Munkidori;3;1;1;3.0;1.0
6a9cdf15ab080c8c957fb8af;2026-09-07;ursaluna-lunatone;pokemon;MEG;75;Solrock;3;1;1;3.0;1.0
6a9cdf15ab080c8c957fb8af;2026-09-07;ursaluna-lunatone;pokemon;MEG;74;Lunatone;2;1;1;2.0;1.0
6a9cdf15ab080c8c957fb8af;2026-09-07;ursaluna-lunatone;pokemon;PRE;54;Bloodmoon Ursaluna;2;1;1;2.0;1.0
6a9cdf15ab080c8c957fb8af;2026-09-07;ursaluna-lunatone;pokemon;ASC;142;Fezandipiti ex;1;1;1;1.0;1.0
6a9cdf15ab080c8c957fb8af;2026-09-07;ursaluna-lunatone;pokemon;TWM;110;Ting-Lu;1;1;1;1.0;1.0
6a9cdf15ab080c8c957fb8af;2026-09-07;ursaluna-lunatone;pokemon;SFA;40;Genesect;1;1;1;1.0;1.0
6a9cdf15ab080c8c957fb8af;2026-09-07;ursaluna-lunatone;trainer;MEG;119;Lillie's Determination;4;1;1;4.0;1.0
6a9cdf15ab080c8c957fb8af;2026-09-07;ursaluna-lunatone;trainer;DRI;176;Team Rocket's Petrel;2;1;1;2.0;1.0
6a9cdf15ab080c8c957fb8af;2026-09-07;ursaluna-lunatone;trainer;MEG;114;Boss's Orders;2;1;1;2.0;1.0
6a9cdf15ab080c8c957fb8af;2026-09-07;ursaluna-lunatone;trainer;POR;85;Tarragon;1;1;1;1.0;1.0
6a9cdf15ab080c8c957fb8af;2026-09-07;ursaluna-lunatone;trainer;SCR;133;Crispin;1;1;1;1.0;1.0
6a9cdf15ab080c8c957fb8af;2026-09-07;ursaluna-lunatone;trainer;MEG;116;Fighting Gong;4;1;1;4.0;1.0
6a9cdf15ab080c8c957fb8af;2026-09-07;ursaluna-lunatone;trainer;DRI;179;Team Rocket's Venture Bomb;4;1;1;4.0;1.0
6a9cdf15ab080c8c957fb8af;2026-09-07;ursaluna-lunatone;trainer;ASC;196;Night Stretcher;4;1;1;4.0;1.0
6a9cdf15ab080c8c957fb8af;2026-09-07;ursaluna-lunatone;trainer;POR;81;Poké Pad;4;1;1;4.0;1.0
6a9cdf15ab080c8c957fb8af;2026-09-07;ursaluna-lunatone;trainer;MEG;115;Energy Switch;2;1;1;2.0;1.0
6a9cdf15ab080c8c957fb8af;2026-09-07;ursaluna-lunatone;trainer;TWM;163;Secret Box;1;1;1;1.0;1.0
6a9cdf15ab080c8c957fb8af;2026-09-07;ursaluna-lunatone;trainer;SVI;171;Energy Retrieval;1;1;1;1.0;1.0
6a9cdf15ab080c8c957fb8af;2026-09-07;ursaluna-lunatone;trainer;MEG;131;Ultra Ball;1;1;1;1.0;1.0
6a9cdf15ab080c8c957fb8af;2026-09-07;ursaluna-lunatone;trainer;ASC;181;Air Balloon;2;1;1;2.0;1.0
6a9cdf15ab080c8c957fb8af;2026-09-07;ursaluna-lunatone;trainer;SSP;169;Counter Gain;1;1;1;1.0;1.0
6a9cdf15ab080c8c957fb8af;2026-09-07;ursaluna-lunatone;trainer;MEG;127;Risky Ruins;3;1;1;3.0;1.0
6a9cdf15ab080c8c957fb8af;2026-09-07;ursaluna-lunatone;energy;MEE;6;Fighting Energy;7;1;1;7.0;1.0
6a9cdf15ab080c8c957fb8af;2026-09-07;ursaluna-lunatone;energy;MEE;7;Darkness Energy;3;1;1;3.0;1.0
6a9cdf15ab080c8c957fb8af;2026-09-07;dragapult-dusknoir;pokemon;MEG;88;Yveltal;1;1;11;0.0909;0.0909
6a9cdf15ab080c8c957fb8af;2026-09-07;ceruledge-ex;pokemon;SSP;32;Charcadet;4;1;1;4.0;1.0
6a9cdf15ab080c8c957fb8af;2026-09-07;ceruledge-ex;pokemon;SSP;36;Ceruledge ex;3;1;1;3.0;1.0
6a9cdf15ab080c8c957fb8af;2026-09-07;ceruledge-ex;pokemon;MEG;74;Lunatone;2;1;1;2.0;1.0
6a9cdf15ab080c8c957fb8af;2026-09-07;ceruledge-ex;pokemon;MEG;75;Solrock;2;1;1;2.0;1.0
6a9cdf15ab080c8c957fb8af;2026-09-07;ceruledge-ex;pokemon;POR;62;Meowth ex;1;1;1;1.0;1.0
6a9cdf15ab080c8c957fb8af;2026-09-07;ceruledge-ex;pokemon;MEG;31;Chi-Yu;1;1;1;1.0;1.0
6a9cdf15ab080c8c957fb8af;2026-09-07;ceruledge-ex;pokemon;ASC;142;Fezandipiti ex;1;1;1;1.0;1.0
6a9cdf15ab080c8c957fb8af;2026-09-07;ceruledge-ex;pokemon;TEF;85;Drilbur;1;1;1;1.0;1.0
6a9cdf15ab080c8c957fb8af;2026-09-07;ceruledge-ex;trainer;TWM;145;Carmine;4;1;1;4.0;1.0
6a9cdf15ab080c8c957fb8af;2026-09-07;ceruledge-ex;trainer;MEG;114;Boss's Orders;3;1;1;3.0;1.0
6a9cdf15ab080c8c957fb8af;2026-09-07;ceruledge-ex;trainer;MEG;119;Lillie's Determination;2;1;1;2.0;1.0
6a9cdf15ab080c8c957fb8af;2026-09-07;ceruledge-ex;trainer;SCR;132;Briar;1;1;1;1.0;1.0
6a9cdf15ab080c8c957fb8af;2026-09-07;ceruledge-ex;trainer;MEG;116;Fighting Gong;4;1;1;4.0;1.0
6a9cdf15ab080c8c957fb8af;2026-09-07;ceruledge-ex;trainer;ASC;196;Night Stretcher;4;1;1;4.0;1.0
6a9cdf15ab080c8c957fb8af;2026-09-07;ceruledge-ex;trainer;MEG;131;Ultra Ball;3;1;1;3.0;1.0
6a9cdf15ab080c8c957fb8af;2026-09-07;ceruledge-ex;trainer;POR;81;Poké Pad;3;1;1;3.0;1.0
6a9cdf15ab080c8c957fb8af;2026-09-07;ceruledge-ex;trainer;ASC;181;Air Balloon;1;1;1;1.0;1.0
6a9cdf15ab080c8c957fb8af;2026-09-07;ceruledge-ex;trainer;CRI;80;Prism Tower;2;1;1;2.0;1.0
6a9cdf15ab080c8c957fb8af;2026-09-07;ceruledge-ex;energy;MEE;6;Fighting Energy;12;1;1;12.0;1.0
6a9cdf15ab080c8c957fb8af;2026-09-07;ceruledge-ex;energy;MEE;2;Fire Energy;5;1;1;5.0;1.0
6a9cdf15ab080c8c957fb8af;2026-09-07;ceruledge-ex;energy;TWM;167;Legacy Energy;1;1;1;1.0;1.0
6a9cdf15ab080c8c957fb8af;2026-09-07;dragapult-blaziken;pokemon;ASC;39;Psyduck;1;1;8;0.125;0.125
6a9cdf15ab080c8c957fb8af;2026-09-07;dragapult-ex;pokemon;PBL;61;Shieldon;1;1;17;0.0588;0.0588
6a9cdf15ab080c8c957fb8af;2026-09-07;dragapult-ex;pokemon;PBL;62;Bastiodon;2;1;17;0.1176;0.0588
6a9cdf15ab080c8c957fb8af;2026-09-07;dragapult-ex;trainer;DRI;176;Team Rocket's Petrel;3;1;17;0.1765;0.0588
6a9cdf15ab080c8c957fb8af;2026-09-07;dragapult-ex;trainer;PBL;72;Antique Armor Fossil;2;1;17;0.1176;0.0588
6a9cdf15ab080c8c957fb8af;2026-09-07;dragapult-ex;trainer;TWM;150;Handheld Fan;2;1;17;0.1176;0.0588
6a9cdf15ab080c8c957fb8af;2026-09-07;dragapult-ex;trainer;PBL;76;Fossil Quarry;2;1;17;0.1176;0.0588
6a9cdf15ab080c8c957fb8af;2026-09-07;seaking-pre;pokemon;PBL;13;Goldeen;1;1;2;0.5;0.5
6a9cdf15ab080c8c957fb8af;2026-09-07;seaking-pre;pokemon;TEF;23;Rellor;1;1;2;0.5;0.5
6a9cdf15ab080c8c957fb8af;2026-09-07;seaking-pre;pokemon;POR;62;Meowth ex;1;1;2;0.5;0.5
6a9cdf15ab080c8c957fb8af;2026-09-07;seaking-pre;pokemon;DRI;10;Shaymin;1;1;2;0.5;0.5
6a9cdf15ab080c8c957fb8af;2026-09-07;seaking-pre;pokemon;PFL;14;Moltres;1;1;2;0.5;0.5
6a9cdf15ab080c8c957fb8af;2026-09-07;seaking-pre;trainer;PFL;87;Dawn;1;1;2;0.5;0.5
6a9cdf15ab080c8c957fb8af;2026-09-07;seaking-pre;trainer;TEF;150;Hand Trimmer;1;1;2;0.5;0.5
6a9cdf15ab080c8c957fb8af;2026-09-07;seaking-pre;energy;MEE;2;Fire Energy;2;1;2;1.0;0.5
6a9cdf15ab080c8c957fb8af;2026-09-07;slowking-scr;pokemon;PBL;31;Mega Slowbro ex;2;2;8;0.25;0.25
6a9cdf15ab080c8c957fb8af;2026-09-07;slowking-scr;pokemon;SSP;75;Smoochum;1;1;8;0.125;0.125
6a9cdf15ab080c8c957fb8af;2026-09-07;slowking-scr;pokemon;WHT;62;Zoroark;1;1;8;0.125;0.125
6a9cdf15ab080c8c957fb8af;2026-09-07;slowking-scr;trainer;TWM;155;Lana's Aid;1;1;8;0.125;0.125
6a9cdf15ab080c8c957fb8af;2026-09-07;decidueye-ex;pokemon;SFA;3;Rowlet;3;1;1;3.0;1.0
6a9cdf15ab080c8c957fb8af;2026-09-07;decidueye-ex;pokemon;POR;11;Dartrix;3;1;1;3.0;1.0
6a9cdf15ab080c8c957fb8af;2026-09-07;decidueye-ex;pokemon;POR;12;Decidueye ex;3;1;1;3.0;1.0
6a9cdf15ab080c8c957fb8af;2026-09-07;decidueye-ex;pokemon;SSP;5;Scatterbug;3;1;1;3.0;1.0
6a9cdf15ab080c8c957fb8af;2026-09-07;decidueye-ex;pokemon;SSP;6;Spewpa;3;1;1;3.0;1.0
6a9cdf15ab080c8c957fb8af;2026-09-07;decidueye-ex;pokemon;POR;9;Vivillon;3;1;1;3.0;1.0
6a9cdf15ab080c8c957fb8af;2026-09-07;decidueye-ex;pokemon;POR;62;Meowth ex;1;1;1;1.0;1.0
6a9cdf15ab080c8c957fb8af;2026-09-07;decidueye-ex;pokemon;CRI;70;Patrat;1;1;1;1.0;1.0
6a9cdf15ab080c8c957fb8af;2026-09-07;decidueye-ex;pokemon;ASC;142;Fezandipiti ex;1;1;1;1.0;1.0
6a9cdf15ab080c8c957fb8af;2026-09-07;decidueye-ex;pokemon;ASC;16;Budew;1;1;1;1.0;1.0
6a9cdf15ab080c8c957fb8af;2026-09-07;decidueye-ex;trainer;MEG;119;Lillie's Determination;4;1;1;4.0;1.0
6a9cdf15ab080c8c957fb8af;2026-09-07;decidueye-ex;trainer;PFL;87;Dawn;4;1;1;4.0;1.0
6a9cdf15ab080c8c957fb8af;2026-09-07;decidueye-ex;trainer;MEG;114;Boss's Orders;2;1;1;2.0;1.0
6a9cdf15ab080c8c957fb8af;2026-09-07;decidueye-ex;trainer;SFA;57;Colress's Tenacity;2;1;1;2.0;1.0
6a9cdf15ab080c8c957fb8af;2026-09-07;decidueye-ex;trainer;POR;76;Judge;2;1;1;2.0;1.0
6a9cdf15ab080c8c957fb8af;2026-09-07;decidueye-ex;trainer;DRI;176;Team Rocket's Petrel;1;1;1;1.0;1.0
6a9cdf15ab080c8c957fb8af;2026-09-07;decidueye-ex;trainer;TWM;143;Bug Catching Set;4;1;1;4.0;1.0
6a9cdf15ab080c8c957fb8af;2026-09-07;decidueye-ex;trainer;TEF;144;Buddy-Buddy Poffin;2;1;1;2.0;1.0
6a9cdf15ab080c8c957fb8af;2026-09-07;decidueye-ex;trainer;ASC;196;Night Stretcher;2;1;1;2.0;1.0
6a9cdf15ab080c8c957fb8af;2026-09-07;decidueye-ex;trainer;MEG;125;Rare Candy;2;1;1;2.0;1.0
6a9cdf15ab080c8c957fb8af;2026-09-07;decidueye-ex;trainer;POR;72;Energy Search;1;1;1;1.0;1.0
6a9cdf15ab080c8c957fb8af;2026-09-07;decidueye-ex;trainer;TEF;152;Hero's Cape;1;1;1;1.0;1.0
6a9cdf15ab080c8c957fb8af;2026-09-07;decidueye-ex;trainer;MEG;117;Forest of Vitality;3;1;1;3.0;1.0
6a9cdf15ab080c8c957fb8af;2026-09-07;decidueye-ex;energy;MEE;1;Grass Energy;6;1;1;6.0;1.0
6a9cdf15ab080c8c957fb8af;2026-09-07;decidueye-ex;energy;POR;86;Growing Grass Energy;2;1;1;2.0;1.0
6a9cdf15ab080c8c957fb8af;2026-09-07;slowking-scr;trainer;JTG;146;Brock's Scouting;1;1;8;0.125;0.125
6a9cdf15ab080c8c957fb8af;2026-09-07;slowking-scr;trainer;POR;72;Energy Search;1;1;8;0.125;0.125
6a9cdf15ab080c8c957fb8af;2026-09-07;mega-lucario-ex;pokemon;JTG;121;Dudunsparce ex;1;1;4;0.25;0.25
6a9cdf15ab080c8c957fb8af;2026-09-07;mega-lucario-ex;trainer;MEG;131;Ultra Ball;3;1;4;0.75;0.25
6a9cdf15ab080c8c957fb8af;2026-09-07;mega-lucario-ex;trainer;SVI;186;Pokégear 3.0;1;1;4;0.25;0.25
6a9cdf15ab080c8c957fb8af;2026-09-07;mega-lucario-ex;trainer;TEF;152;Hero's Cape;1;1;4;0.25;0.25
6a9cdf15ab080c8c957fb8af;2026-09-07;alakazam-dudunsparce;pokemon;TEF;23;Rellor;2;1;7;0.2857;0.1429
6a9cdf15ab080c8c957fb8af;2026-09-07;alakazam-dudunsparce;pokemon;TEF;24;Rabsca;2;1;7;0.2857;0.1429
6a9cdf15ab080c8c957fb8af;2026-09-07;alakazam-dudunsparce;pokemon;ASC;39;Psyduck;1;1;7;0.1429;0.1429
6a9cdf15ab080c8c957fb8af;2026-09-07;alakazam-dudunsparce;trainer;MEG;117;Forest of Vitality;3;1;7;0.4286;0.1429
6a9cdf15ab080c8c957fb8af;2026-09-07;n-zoroark;trainer;SSP;163;Babiri Berry;1;1;11;0.0909;0.0909
6a9cdf15ab080c8c957fb8af;2026-09-07;archaludon-dudunsparce;pokemon;SCR;106;Duraludon;4;1;1;4.0;1.0
6a9cdf15ab080c8c957fb8af;2026-09-07;archaludon-dudunsparce;pokemon;SSP;130;Archaludon ex;3;1;1;3.0;1.0
6a9cdf15ab080c8c957fb8af;2026-09-07;archaludon-dudunsparce;pokemon;PFL;75;Archaludon;1;1;1;1.0;1.0
6a9cdf15ab080c8c957fb8af;2026-09-07;archaludon-dudunsparce;pokemon;JTG;120;Dunsparce;3;1;1;3.0;1.0
6a9cdf15ab080c8c957fb8af;2026-09-07;archaludon-dudunsparce;pokemon;TEF;129;Dudunsparce;2;1;1;2.0;1.0
6a9cdf15ab080c8c957fb8af;2026-09-07;archaludon-dudunsparce;pokemon;POR;62;Meowth ex;1;1;1;1.0;1.0
6a9cdf15ab080c8c957fb8af;2026-09-07;archaludon-dudunsparce;pokemon;MEG;94;Mega Mawile ex;1;1;1;1.0;1.0
6a9cdf15ab080c8c957fb8af;2026-09-07;archaludon-dudunsparce;pokemon;TEF;84;Relicanth;1;1;1;1.0;1.0
6a9cdf15ab080c8c957fb8af;2026-09-07;archaludon-dudunsparce;pokemon;ASC;142;Fezandipiti ex;1;1;1;1.0;1.0
6a9cdf15ab080c8c957fb8af;2026-09-07;archaludon-dudunsparce;trainer;MEG;119;Lillie's Determination;3;1;1;3.0;1.0
6a9cdf15ab080c8c957fb8af;2026-09-07;archaludon-dudunsparce;trainer;MEG;114;Boss's Orders;3;1;1;3.0;1.0
6a9cdf15ab080c8c957fb8af;2026-09-07;archaludon-dudunsparce;trainer;POR;76;Judge;2;1;1;2.0;1.0
6a9cdf15ab080c8c957fb8af;2026-09-07;archaludon-dudunsparce;trainer;JTG;143;Black Belt's Training;1;1;1;1.0;1.0
6a9cdf15ab080c8c957fb8af;2026-09-07;archaludon-dudunsparce;trainer;ASC;196;Night Stretcher;4;1;1;4.0;1.0
6a9cdf15ab080c8c957fb8af;2026-09-07;archaludon-dudunsparce;trainer;POR;81;Poké Pad;4;1;1;4.0;1.0
6a9cdf15ab080c8c957fb8af;2026-09-07;archaludon-dudunsparce;trainer;MEG;131;Ultra Ball;4;1;1;4.0;1.0
6a9cdf15ab080c8c957fb8af;2026-09-07;archaludon-dudunsparce;trainer;PFL;91;Jumbo Ice Cream;3;1;1;3.0;1.0
6a9cdf15ab080c8c957fb8af;2026-09-07;archaludon-dudunsparce;trainer;TEF;144;Buddy-Buddy Poffin;1;1;1;1.0;1.0
6a9cdf15ab080c8c957fb8af;2026-09-07;archaludon-dudunsparce;trainer;CRI;82;Special Red Card;1;1;1;1.0;1.0
6a9cdf15ab080c8c957fb8af;2026-09-07;archaludon-dudunsparce;trainer;MEG;130;Switch;1;1;1;1.0;1.0
6a9cdf15ab080c8c957fb8af;2026-09-07;archaludon-dudunsparce;trainer;TWM;162;Scoop Up Cyclone;1;1;1;1.0;1.0
6a9cdf15ab080c8c957fb8af;2026-09-07;archaludon-dudunsparce;trainer;ASC;181;Air Balloon;2;1;1;2.0;1.0
6a9cdf15ab080c8c957fb8af;2026-09-07;archaludon-dudunsparce;trainer;CRI;80;Prism Tower;2;1;1;2.0;1.0
6a9cdf15ab080c8c957fb8af;2026-09-07;archaludon-dudunsparce;trainer;PFL;85;Battle Cage;1;1;1;1.0;1.0
6a9cdf15ab080c8c957fb8af;2026-09-07;archaludon-dudunsparce;energy;MEE;8;Metal Energy;10;1;1;10.0;1.0
6a9cdf15ab080c8c957fb8af;2026-09-07;mega-excadrill-ex;trainer;CRI;79;Philippe;1;1;6;0.1667;0.1667
6a9cdf15ab080c8c957fb8af;2026-09-07;mega-excadrill-ex;trainer;SFA;64;Xerosic's Machinations;1;1;6;0.1667;0.1667
6a9cdf15ab080c8c957fb8af;2026-09-07;mega-excadrill-ex;trainer;DRI;180;Team Rocket's Watchtower;1;1;6;0.1667;0.1667
6a9cdf15ab080c8c957fb8af;2026-09-07;mega-excadrill-ex;trainer;PFL;85;Battle Cage;1;1;6;0.1667;0.1667
6a9cdf15ab080c8c957fb8af;2026-09-07;lopunny-dusknoir;pokemon;PRE;35;Duskull;4;1;1;4.0;1.0
6a9cdf15ab080c8c957fb8af;2026-09-07;lopunny-dusknoir;pokemon;PRE;36;Dusclops;2;1;1;2.0;1.0
6a9cdf15ab080c8c957fb8af;2026-09-07;lopunny-dusknoir;pokemon;PRE;37;Dusknoir;3;1;1;3.0;1.0
6a9cdf15ab080c8c957fb8af;2026-09-07;lopunny-dusknoir;pokemon;PRE;66;Bronzor;2;1;1;2.0;1.0
6a9cdf15ab080c8c957fb8af;2026-09-07;lopunny-dusknoir;pokemon;TEF;68;Bronzor;1;1;1;1.0;1.0
6a9cdf15ab080c8c957fb8af;2026-09-07;lopunny-dusknoir;pokemon;TEF;69;Bronzong;2;1;1;2.0;1.0
6a9cdf15ab080c8c957fb8af;2026-09-07;lopunny-dusknoir;pokemon;PFL;83;Buneary;2;1;1;2.0;1.0
6a9cdf15ab080c8c957fb8af;2026-09-07;lopunny-dusknoir;pokemon;PFL;84;Mega Lopunny ex;2;1;1;2.0;1.0
6a9cdf15ab080c8c957fb8af;2026-09-07;lopunny-dusknoir;pokemon;SSP;76;Latias ex;2;1;1;2.0;1.0
6a9cdf15ab080c8c957fb8af;2026-09-07;lopunny-dusknoir;pokemon;POR;62;Meowth ex;1;1;1;1.0;1.0
6a9cdf15ab080c8c957fb8af;2026-09-07;lopunny-dusknoir;trainer;WHT;84;Hilda;4;1;1;4.0;1.0
6a9cdf15ab080c8c957fb8af;2026-09-07;lopunny-dusknoir;trainer;MEG;119;Lillie's Determination;4;1;1;4.0;1.0
6a9cdf15ab080c8c957fb8af;2026-09-07;lopunny-dusknoir;trainer;TEF;160;Salvatore;3;1;1;3.0;1.0
6a9cdf15ab080c8c957fb8af;2026-09-07;lopunny-dusknoir;trainer;MEG;114;Boss's Orders;2;1;1;2.0;1.0
6a9cdf15ab080c8c957fb8af;2026-09-07;lopunny-dusknoir;trainer;MEG;131;Ultra Ball;4;1;1;4.0;1.0
6a9cdf15ab080c8c957fb8af;2026-09-07;lopunny-dusknoir;trainer;TEF;144;Buddy-Buddy Poffin;3;1;1;3.0;1.0
6a9cdf15ab080c8c957fb8af;2026-09-07;lopunny-dusknoir;trainer;MEG;125;Rare Candy;3;1;1;3.0;1.0
6a9cdf15ab080c8c957fb8af;2026-09-07;lopunny-dusknoir;trainer;POR;81;Poké Pad;3;1;1;3.0;1.0
6a9cdf15ab080c8c957fb8af;2026-09-07;lopunny-dusknoir;trainer;MEG;130;Switch;3;1;1;3.0;1.0
6a9cdf15ab080c8c957fb8af;2026-09-07;lopunny-dusknoir;trainer;ASC;196;Night Stretcher;1;1;1;1.0;1.0
6a9cdf15ab080c8c957fb8af;2026-09-07;lopunny-dusknoir;energy;MEE;5;Psychic Energy;4;1;1;4.0;1.0
6a9cdf15ab080c8c957fb8af;2026-09-07;lopunny-dusknoir;energy;POR;88;Telepathic Psychic Energy;4;1;1;4.0;1.0
6a9cdf15ab080c8c957fb8af;2026-09-07;lopunny-dusknoir;energy;SSP;191;Enriching Energy;1;1;1;1.0;1.0
6a9cdf15ab080c8c957fb8af;2026-09-07;ethan-magcargo;pokemon;DRI;35;Ethan's Slugma;4;1;1;4.0;1.0
6a9cdf15ab080c8c957fb8af;2026-09-07;ethan-magcargo;pokemon;DRI;36;Ethan's Magcargo;3;1;1;3.0;1.0
6a9cdf15ab080c8c957fb8af;2026-09-07;ethan-magcargo;pokemon;DRI;39;Ethan's Ho-Oh ex;4;1;1;4.0;1.0
6a9cdf15ab080c8c957fb8af;2026-09-07;ethan-magcargo;pokemon;DRI;32;Ethan's Cyndaquil;2;1;1;2.0;1.0
6a9cdf15ab080c8c957fb8af;2026-09-07;ethan-magcargo;pokemon;DRI;33;Ethan's Quilava;2;1;1;2.0;1.0
6a9cdf15ab080c8c957fb8af;2026-09-07;ethan-magcargo;pokemon;DRI;34;Ethan's Typhlosion;1;1;1;1.0;1.0
6a9cdf15ab080c8c957fb8af;2026-09-07;ethan-magcargo;pokemon;DRI;10;Shaymin;1;1;1;1.0;1.0
6a9cdf15ab080c8c957fb8af;2026-09-07;ethan-magcargo;pokemon;ASC;142;Fezandipiti ex;1;1;1;1.0;1.0
6a9cdf15ab080c8c957fb8af;2026-09-07;ethan-magcargo;pokemon;MEG;31;Chi-Yu;1;1;1;1.0;1.0
6a9cdf15ab080c8c957fb8af;2026-09-07;ethan-magcargo;pokemon;ASC;39;Psyduck;1;1;1;1.0;1.0
6a9cdf15ab080c8c957fb8af;2026-09-07;ethan-magcargo;trainer;DRI;165;Ethan's Adventure;4;1;1;4.0;1.0
6a9cdf15ab080c8c957fb8af;2026-09-07;ethan-magcargo;trainer;MEG;119;Lillie's Determination;3;1;1;3.0;1.0
6a9cdf15ab080c8c957fb8af;2026-09-07;ethan-magcargo;trainer;PFL;89;Firebreather;3;1;1;3.0;1.0
6a9cdf15ab080c8c957fb8af;2026-09-07;ethan-magcargo;trainer;MEG;114;Boss's Orders;2;1;1;2.0;1.0
6a9cdf15ab080c8c957fb8af;2026-09-07;ethan-magcargo;trainer;POR;81;Poké Pad;3;1;1;3.0;1.0
6a9cdf15ab080c8c957fb8af;2026-09-07;ethan-magcargo;trainer;DRI;164;Energy Recycler;3;1;1;3.0;1.0
6a9cdf15ab080c8c957fb8af;2026-09-07;ethan-magcargo;trainer;MEG;131;Ultra Ball;2;1;1;2.0;1.0
6a9cdf15ab080c8c957fb8af;2026-09-07;ethan-magcargo;trainer;ASC;196;Night Stretcher;2;1;1;2.0;1.0
6a9cdf15ab080c8c957fb8af;2026-09-07;ethan-magcargo;trainer;CRI;82;Special Red Card;1;1;1;1.0;1.0
6a9cdf15ab080c8c957fb8af;2026-09-07;ethan-magcargo;trainer;MEG;130;Switch;1;1;1;1.0;1.0
6a9cdf15ab080c8c957fb8af;2026-09-07;ethan-magcargo;trainer;SSP;185;Precious Trolley;1;1;1;1.0;1.0
6a9cdf15ab080c8c957fb8af;2026-09-07;ethan-magcargo;trainer;WHT;80;Brave Bangle;2;1;1;2.0;1.0
6a9cdf15ab080c8c957fb8af;2026-09-07;ethan-magcargo;trainer;PFL;85;Battle Cage;3;1;1;3.0;1.0
6a9cdf15ab080c8c957fb8af;2026-09-07;ethan-magcargo;energy;MEE;2;Fire Energy;10;1;1;10.0;1.0
6a9cdf15ab080c8c957fb8af;2026-09-07;mega-lucario-ex;pokemon;TWM;110;Ting-Lu;1;1;4;0.25;0.25
6a9cdf15ab080c8c957fb8af;2026-09-07;mega-lucario-ex;pokemon;PBL;47;Koraidon;1;1;4;0.25;0.25
6a9cdf15ab080c8c957fb8af;2026-09-07;okidogi-barbaracle;pokemon;TWM;111;Okidogi;3;1;1;3.0;1.0
6a9cdf15ab080c8c957fb8af;2026-09-07;okidogi-barbaracle;pokemon;POR;42;Binacle;2;1;1;2.0;1.0
6a9cdf15ab080c8c957fb8af;2026-09-07;okidogi-barbaracle;pokemon;POR;43;Barbaracle;2;1;1;2.0;1.0
6a9cdf15ab080c8c957fb8af;2026-09-07;okidogi-barbaracle;pokemon;MEG;75;Solrock;2;1;1;2.0;1.0
6a9cdf15ab080c8c957fb8af;2026-09-07;okidogi-barbaracle;pokemon;MEG;74;Lunatone;2;1;1;2.0;1.0
6a9cdf15ab080c8c957fb8af;2026-09-07;okidogi-barbaracle;pokemon;CRI;70;Patrat;1;1;1;1.0;1.0
6a9cdf15ab080c8c957fb8af;2026-09-07;okidogi-barbaracle;pokemon;TWM;95;Munkidori;1;1;1;1.0;1.0
6a9cdf15ab080c8c957fb8af;2026-09-07;okidogi-barbaracle;pokemon;DRI;10;Shaymin;1;1;1;1.0;1.0
6a9cdf15ab080c8c957fb8af;2026-09-07;okidogi-barbaracle;pokemon;PRE;54;Bloodmoon Ursaluna;1;1;1;1.0;1.0
6a9cdf15ab080c8c957fb8af;2026-09-07;okidogi-barbaracle;pokemon;TWM;112;Cornerstone Mask Ogerpon ex;1;1;1;1.0;1.0
6a9cdf15ab080c8c957fb8af;2026-09-07;okidogi-barbaracle;pokemon;SFA;40;Genesect;1;1;1;1.0;1.0
6a9cdf15ab080c8c957fb8af;2026-09-07;okidogi-barbaracle;pokemon;PFL;14;Moltres;1;1;1;1.0;1.0
6a9cdf15ab080c8c957fb8af;2026-09-07;okidogi-barbaracle;trainer;MEG;119;Lillie's Determination;4;1;1;4.0;1.0
6a9cdf15ab080c8c957fb8af;2026-09-07;okidogi-barbaracle;trainer;MEG;114;Boss's Orders;3;1;1;3.0;1.0
6a9cdf15ab080c8c957fb8af;2026-09-07;okidogi-barbaracle;trainer;POR;85;Tarragon;2;1;1;2.0;1.0
6a9cdf15ab080c8c957fb8af;2026-09-07;okidogi-barbaracle;trainer;PBL;78;Gwynn;2;1;1;2.0;1.0
6a9cdf15ab080c8c957fb8af;2026-09-07;okidogi-barbaracle;trainer;PBL;81;Rust Syndicate Grunt;1;1;1;1.0;1.0
6a9cdf15ab080c8c957fb8af;2026-09-07;okidogi-barbaracle;trainer;POR;76;Judge;1;1;1;1.0;1.0
6a9cdf15ab080c8c957fb8af;2026-09-07;okidogi-barbaracle;trainer;MEG;116;Fighting Gong;4;1;1;4.0;1.0
6a9cdf15ab080c8c957fb8af;2026-09-07;okidogi-barbaracle;trainer;POR;81;Poké Pad;3;1;1;3.0;1.0
6a9cdf15ab080c8c957fb8af;2026-09-07;okidogi-barbaracle;trainer;SVI;186;Pokégear 3.0;2;1;1;2.0;1.0
6a9cdf15ab080c8c957fb8af;2026-09-07;okidogi-barbaracle;trainer;SVI;171;Energy Retrieval;1;1;1;1.0;1.0
6a9cdf15ab080c8c957fb8af;2026-09-07;okidogi-barbaracle;trainer;ASC;196;Night Stretcher;1;1;1;1.0;1.0
6a9cdf15ab080c8c957fb8af;2026-09-07;okidogi-barbaracle;trainer;CRI;82;Special Red Card;1;1;1;1.0;1.0
6a9cdf15ab080c8c957fb8af;2026-09-07;okidogi-barbaracle;trainer;MEG;130;Switch;1;1;1;1.0;1.0
6a9cdf15ab080c8c957fb8af;2026-09-07;okidogi-barbaracle;trainer;ASC;181;Air Balloon;2;1;1;2.0;1.0
6a9cdf15ab080c8c957fb8af;2026-09-07;okidogi-barbaracle;trainer;SSP;177;Gravity Mountain;1;1;1;1.0;1.0
6a9cdf15ab080c8c957fb8af;2026-09-07;okidogi-barbaracle;energy;MEE;6;Fighting Energy;8;1;1;8.0;1.0
6a9cdf15ab080c8c957fb8af;2026-09-07;okidogi-barbaracle;energy;ASC;216;Prism Energy;4;1;1;4.0;1.0
6a9cdf15ab080c8c957fb8af;2026-09-07;okidogi-barbaracle;energy;TWM;167;Legacy Energy;1;1;1;1.0;1.0
6a9cdf15ab080c8c957fb8af;2026-09-07;slowking-scr;trainer;SFA;63;Powerglass;1;1;8;0.125;0.125
6a9cdf15ab080c8c957fb8af;2026-09-07;dragapult-ex;trainer;POR;76;Judge;1;1;17;0.0588;0.0588
6a9cdf15ab080c8c957fb8af;2026-09-07;beedrill-ex-cri;pokemon;CRI;1;Weedle;4;1;1;4.0;1.0
6a9cdf15ab080c8c957fb8af;2026-09-07;beedrill-ex-cri;pokemon;CRI;2;Kakuna;4;1;1;4.0;1.0
6a9cdf15ab080c8c957fb8af;2026-09-07;beedrill-ex-cri;pokemon;CRI;3;Beedrill ex;4;1;1;4.0;1.0
6a9cdf15ab080c8c957fb8af;2026-09-07;beedrill-ex-cri;pokemon;TEF;128;Dunsparce;3;1;1;3.0;1.0
6a9cdf15ab080c8c957fb8af;2026-09-07;beedrill-ex-cri;pokemon;TEF;129;Dudunsparce;2;1;1;2.0;1.0
6a9cdf15ab080c8c957fb8af;2026-09-07;beedrill-ex-cri;pokemon;DRI;24;Rellor;1;1;1;1.0;1.0
6a9cdf15ab080c8c957fb8af;2026-09-07;beedrill-ex-cri;pokemon;TEF;24;Rabsca;1;1;1;1.0;1.0
6a9cdf15ab080c8c957fb8af;2026-09-07;beedrill-ex-cri;pokemon;POR;62;Meowth ex;1;1;1;1.0;1.0
6a9cdf15ab080c8c957fb8af;2026-09-07;beedrill-ex-cri;pokemon;SCR;118;Fan Rotom;1;1;1;1.0;1.0
6a9cdf15ab080c8c957fb8af;2026-09-07;beedrill-ex-cri;pokemon;ASC;142;Fezandipiti ex;1;1;1;1.0;1.0
6a9cdf15ab080c8c957fb8af;2026-09-07;beedrill-ex-cri;trainer;MEG;119;Lillie's Determination;4;1;1;4.0;1.0
6a9cdf15ab080c8c957fb8af;2026-09-07;beedrill-ex-cri;trainer;PFL;87;Dawn;3;1;1;3.0;1.0
6a9cdf15ab080c8c957fb8af;2026-09-07;beedrill-ex-cri;trainer;MEG;114;Boss's Orders;2;1;1;2.0;1.0
6a9cdf15ab080c8c957fb8af;2026-09-07;beedrill-ex-cri;trainer;SFA;64;Xerosic's Machinations;1;1;1;1.0;1.0
6a9cdf15ab080c8c957fb8af;2026-09-07;beedrill-ex-cri;trainer;TWM;143;Bug Catching Set;4;1;1;4.0;1.0
6a9cdf15ab080c8c957fb8af;2026-09-07;beedrill-ex-cri;trainer;TEF;144;Buddy-Buddy Poffin;4;1;1;4.0;1.0
6a9cdf15ab080c8c957fb8af;2026-09-07;beedrill-ex-cri;trainer;POR;81;Poké Pad;4;1;1;4.0;1.0
6a9cdf15ab080c8c957fb8af;2026-09-07;beedrill-ex-cri;trainer;MEG;131;Ultra Ball;3;1;1;3.0;1.0
6a9cdf15ab080c8c957fb8af;2026-09-07;beedrill-ex-cri;trainer;CRI;82;Special Red Card;1;1;1;1.0;1.0
6a9cdf15ab080c8c957fb8af;2026-09-07;beedrill-ex-cri;trainer;PRE;116;Max Rod;1;1;1;1.0;1.0
6a9cdf15ab080c8c957fb8af;2026-09-07;beedrill-ex-cri;trainer;MEG;130;Switch;1;1;1;1.0;1.0
6a9cdf15ab080c8c957fb8af;2026-09-07;beedrill-ex-cri;trainer;DRI;168;Sacred Ash;1;1;1;1.0;1.0
6a9cdf15ab080c8c957fb8af;2026-09-07;beedrill-ex-cri;trainer;MEG;117;Forest of Vitality;4;1;1;4.0;1.0
6a9cdf15ab080c8c957fb8af;2026-09-07;beedrill-ex-cri;energy;MEE;1;Grass Energy;5;1;1;5.0;1.0
