tournament_id;date;meta;archetype_id;opponent_id;wins;losses;ties;matches;win_rate;win_rate_convention
6a9ee909a4272c53be649d1f;2026-09-08;TEF-PBL;toxtricity-pfl;raging-bolt-ogerpon;0;1;0;1;0.0;mitUnentschieden
6a9ee909a4272c53be649d1f;2026-09-08;TEF-PBL;raging-bolt-ogerpon;toxtricity-pfl;1;0;0;1;1.0;mitUnentschieden
6a9ee909a4272c53be649d1f;2026-09-08;TEF-PBL;slowking-scr;mega-excadrill-ex;1;1;0;2;0.5;mitUnentschieden
6a9ee909a4272c53be649d1f;2026-09-08;TEF-PBL;mega-excadrill-ex;slowking-scr;0;2;0;2;0.0;mitUnentschieden
6a9ee909a4272c53be649d1f;2026-09-08;TEF-PBL;dhelmise-pbl;slowking-scr;1;0;0;1;1.0;mitUnentschieden
6a9ee909a4272c53be649d1f;2026-09-08;TEF-PBL;slowking-scr;dhelmise-pbl;0;1;0;1;0.0;mitUnentschieden
6a9ee909a4272c53be649d1f;2026-09-08;TEF-PBL;mega-excadrill-ex;mega-excadrill-ex;1;3;0;4;0.25;mitUnentschieden
6a9ee909a4272c53be649d1f;2026-09-08;TEF-PBL;grimmsnarl-froslass;alakazam-dusknoir;0;1;0;1;0.0;mitUnentschieden
6a9ee909a4272c53be649d1f;2026-09-08;TEF-PBL;alakazam-dusknoir;grimmsnarl-froslass;1;0;0;1;1.0;mitUnentschieden
6a9ee909a4272c53be649d1f;2026-09-08;TEF-PBL;dragapult-dusknoir;dhelmise-pbl;1;2;0;3;0.333333;mitUnentschieden
6a9ee909a4272c53be649d1f;2026-09-08;TEF-PBL;dhelmise-pbl;dragapult-dusknoir;2;1;0;3;0.666667;mitUnentschieden
6a9ee909a4272c53be649d1f;2026-09-08;TEF-PBL;crustle-dri;festival-lead;1;0;0;1;1.0;mitUnentschieden
6a9ee909a4272c53be649d1f;2026-09-08;TEF-PBL;festival-lead;crustle-dri;0;1;0;1;0.0;mitUnentschieden
6a9ee909a4272c53be649d1f;2026-09-08;TEF-PBL;dragapult-dudunsparce;n-zoroark;1;2;0;3;0.333333;mitUnentschieden
6a9ee909a4272c53be649d1f;2026-09-08;TEF-PBL;n-zoroark;dragapult-dudunsparce;2;1;0;3;0.666667;mitUnentschieden
6a9ee909a4272c53be649d1f;2026-09-08;TEF-PBL;mega-excadrill-ex;ogerpon-meganium;0;1;0;1;0.0;mitUnentschieden
6a9ee909a4272c53be649d1f;2026-09-08;TEF-PBL;ogerpon-meganium;mega-excadrill-ex;1;0;0;1;1.0;mitUnentschieden
6a9ee909a4272c53be649d1f;2026-09-08;TEF-PBL;dragapult-ex;lopunny-dusknoir;1;0;0;1;1.0;mitUnentschieden
6a9ee909a4272c53be649d1f;2026-09-08;TEF-PBL;lopunny-dusknoir;dragapult-ex;0;1;0;1;0.0;mitUnentschieden
6a9ee909a4272c53be649d1f;2026-09-08;TEF-PBL;dragapult-ex;dragapult-ex;2;2;0;4;0.5;mitUnentschieden
6a9ee909a4272c53be649d1f;2026-09-08;TEF-PBL;greninja-ex;toucannon-pbl;0;1;0;1;0.0;mitUnentschieden
6a9ee909a4272c53be649d1f;2026-09-08;TEF-PBL;toucannon-pbl;greninja-ex;1;0;0;1;1.0;mitUnentschieden
6a9ee909a4272c53be649d1f;2026-09-08;TEF-PBL;festival-lead;grimmsnarl-froslass;1;2;0;3;0.333333;mitUnentschieden
6a9ee909a4272c53be649d1f;2026-09-08;TEF-PBL;grimmsnarl-froslass;festival-lead;2;1;0;3;0.666667;mitUnentschieden
6a9ee909a4272c53be649d1f;2026-09-08;TEF-PBL;dragapult-blaziken;crustle-dri;0;1;0;1;0.0;mitUnentschieden
6a9ee909a4272c53be649d1f;2026-09-08;TEF-PBL;crustle-dri;dragapult-blaziken;1;0;0;1;1.0;mitUnentschieden
6a9ee909a4272c53be649d1f;2026-09-08;TEF-PBL;n-zoroark;mega-starmie-ex;0;2;0;2;0.0;mitUnentschieden
6a9ee909a4272c53be649d1f;2026-09-08;TEF-PBL;mega-starmie-ex;n-zoroark;2;0;0;2;1.0;mitUnentschieden
6a9ee909a4272c53be649d1f;2026-09-08;TEF-PBL;lopunny-dudunsparce;starmie-froslass;0;1;0;1;0.0;mitUnentschieden
6a9ee909a4272c53be649d1f;2026-09-08;TEF-PBL;starmie-froslass;lopunny-dudunsparce;1;0;0;1;1.0;mitUnentschieden
6a9ee909a4272c53be649d1f;2026-09-08;TEF-PBL;toxtricity-pfl;dragapult-dudunsparce;0;1;0;1;0.0;mitUnentschieden
6a9ee909a4272c53be649d1f;2026-09-08;TEF-PBL;dragapult-dudunsparce;toxtricity-pfl;1;0;0;1;1.0;mitUnentschieden
6a9ee909a4272c53be649d1f;2026-09-08;TEF-PBL;sharpedo-toxtricity;alakazam-dudunsparce;1;0;0;1;1.0;mitUnentschieden
6a9ee909a4272c53be649d1f;2026-09-08;TEF-PBL;alakazam-dudunsparce;sharpedo-toxtricity;0;1;0;1;0.0;mitUnentschieden
6a9ee909a4272c53be649d1f;2026-09-08;TEF-PBL;dragapult-ex;crustle-dri;0;1;0;1;0.0;mitUnentschieden
6a9ee909a4272c53be649d1f;2026-09-08;TEF-PBL;crustle-dri;dragapult-ex;1;0;0;1;1.0;mitUnentschieden
6a9ee909a4272c53be649d1f;2026-09-08;TEF-PBL;rockets-honchkrow;dragapult-ex;1;1;0;2;0.5;mitUnentschieden
6a9ee909a4272c53be649d1f;2026-09-08;TEF-PBL;dragapult-ex;rockets-honchkrow;1;1;0;2;0.5;mitUnentschieden
6a9ee909a4272c53be649d1f;2026-09-08;TEF-PBL;slowking-scr;alakazam-dudunsparce;1;0;0;1;1.0;mitUnentschieden
6a9ee909a4272c53be649d1f;2026-09-08;TEF-PBL;alakazam-dudunsparce;slowking-scr;0;1;0;1;0.0;mitUnentschieden
6a9ee909a4272c53be649d1f;2026-09-08;TEF-PBL;alakazam-dudunsparce;mega-starmie-ex;0;2;0;2;0.0;mitUnentschieden
6a9ee909a4272c53be649d1f;2026-09-08;TEF-PBL;mega-starmie-ex;alakazam-dudunsparce;2;0;0;2;1.0;mitUnentschieden
6a9ee909a4272c53be649d1f;2026-09-08;TEF-PBL;basic-box-m;greninja-ex;0;2;0;2;0.0;mitUnentschieden
6a9ee909a4272c53be649d1f;2026-09-08;TEF-PBL;greninja-ex;basic-box-m;2;0;0;2;1.0;mitUnentschieden
6a9ee909a4272c53be649d1f;2026-09-08;TEF-PBL;froslass-munkidori;dragapult-dusknoir;0;1;0;1;0.0;mitUnentschieden
6a9ee909a4272c53be649d1f;2026-09-08;TEF-PBL;dragapult-dusknoir;froslass-munkidori;1;0;0;1;1.0;mitUnentschieden
6a9ee909a4272c53be649d1f;2026-09-08;TEF-PBL;kangaskhan-bouffalant;mega-venusaur-ex;1;0;0;1;1.0;mitUnentschieden
6a9ee909a4272c53be649d1f;2026-09-08;TEF-PBL;mega-venusaur-ex;kangaskhan-bouffalant;0;1;0;1;0.0;mitUnentschieden
6a9ee909a4272c53be649d1f;2026-09-08;TEF-PBL;alakazam-dusknoir;mega-greninja-ex;1;1;0;2;0.5;mitUnentschieden
6a9ee909a4272c53be649d1f;2026-09-08;TEF-PBL;mega-greninja-ex;alakazam-dusknoir;1;1;0;2;0.5;mitUnentschieden
6a9ee909a4272c53be649d1f;2026-09-08;TEF-PBL;slowking-scr;n-zoroark;1;1;0;2;0.5;mitUnentschieden
6a9ee909a4272c53be649d1f;2026-09-08;TEF-PBL;n-zoroark;slowking-scr;1;1;0;2;0.5;mitUnentschieden
6a9ee909a4272c53be649d1f;2026-09-08;TEF-PBL;crustle-dri;ethan-typhlosion;0;1;0;1;0.0;mitUnentschieden
6a9ee909a4272c53be649d1f;2026-09-08;TEF-PBL;ethan-typhlosion;crustle-dri;1;0;0;1;1.0;mitUnentschieden
6a9ee909a4272c53be649d1f;2026-09-08;TEF-PBL;basic-box-m;slowking-scr;2;2;0;4;0.5;mitUnentschieden
6a9ee909a4272c53be649d1f;2026-09-08;TEF-PBL;slowking-scr;basic-box-m;2;2;0;4;0.5;mitUnentschieden
6a9ee909a4272c53be649d1f;2026-09-08;TEF-PBL;lucario-hariyama;slowking-scr;1;1;0;2;0.5;mitUnentschieden
6a9ee909a4272c53be649d1f;2026-09-08;TEF-PBL;slowking-scr;lucario-hariyama;1;1;0;2;0.5;mitUnentschieden
6a9ee909a4272c53be649d1f;2026-09-08;TEF-PBL;dragapult-blaziken;dragapult-ex;1;1;0;2;0.5;mitUnentschieden
6a9ee909a4272c53be649d1f;2026-09-08;TEF-PBL;dragapult-ex;dragapult-blaziken;1;1;0;2;0.5;mitUnentschieden
6a9ee909a4272c53be649d1f;2026-09-08;TEF-PBL;alakazam-dudunsparce;misty-gyarados;1;0;0;1;1.0;mitUnentschieden
6a9ee909a4272c53be649d1f;2026-09-08;TEF-PBL;misty-gyarados;alakazam-dudunsparce;0;1;0;1;0.0;mitUnentschieden
6a9ee909a4272c53be649d1f;2026-09-08;TEF-PBL;basic-box-m;dragapult-dusknoir;0;1;0;1;0.0;mitUnentschieden
6a9ee909a4272c53be649d1f;2026-09-08;TEF-PBL;dragapult-dusknoir;basic-box-m;1;0;0;1;1.0;mitUnentschieden
6a9ee909a4272c53be649d1f;2026-09-08;TEF-PBL;mega-greninja-ex;basic-box-m;0;1;0;1;0.0;mitUnentschieden
6a9ee909a4272c53be649d1f;2026-09-08;TEF-PBL;basic-box-m;mega-greninja-ex;1;0;0;1;1.0;mitUnentschieden
6a9ee909a4272c53be649d1f;2026-09-08;TEF-PBL;dragapult-dusknoir;greninja-ex;1;1;0;2;0.5;mitUnentschieden
6a9ee909a4272c53be649d1f;2026-09-08;TEF-PBL;greninja-ex;dragapult-dusknoir;1;1;0;2;0.5;mitUnentschieden
6a9ee909a4272c53be649d1f;2026-09-08;TEF-PBL;basic-box-m;alakazam-dudunsparce;1;1;0;2;0.5;mitUnentschieden
6a9ee909a4272c53be649d1f;2026-09-08;TEF-PBL;alakazam-dudunsparce;basic-box-m;1;1;0;2;0.5;mitUnentschieden
6a9ee909a4272c53be649d1f;2026-09-08;TEF-PBL;lopunny-dudunsparce;toxtricity-box;0;1;0;1;0.0;mitUnentschieden
6a9ee909a4272c53be649d1f;2026-09-08;TEF-PBL;toxtricity-box;lopunny-dudunsparce;1;0;0;1;1.0;mitUnentschieden
6a9ee909a4272c53be649d1f;2026-09-08;TEF-PBL;grimmsnarl-froslass;mega-darkrai-ex;1;0;0;1;1.0;mitUnentschieden
6a9ee909a4272c53be649d1f;2026-09-08;TEF-PBL;mega-darkrai-ex;grimmsnarl-froslass;0;1;0;1;0.0;mitUnentschieden
6a9ee909a4272c53be649d1f;2026-09-08;TEF-PBL;dragapult-ex;lucario-hariyama;1;1;0;2;0.5;mitUnentschieden
6a9ee909a4272c53be649d1f;2026-09-08;TEF-PBL;lucario-hariyama;dragapult-ex;1;1;0;2;0.5;mitUnentschieden
6a9ee909a4272c53be649d1f;2026-09-08;TEF-PBL;dragapult-dusknoir;n-zoroark;0;3;0;3;0.0;mitUnentschieden
6a9ee909a4272c53be649d1f;2026-09-08;TEF-PBL;n-zoroark;dragapult-dusknoir;3;0;0;3;1.0;mitUnentschieden
6a9ee909a4272c53be649d1f;2026-09-08;TEF-PBL;basic-box-m;toucannon-pbl;1;1;0;2;0.5;mitUnentschieden
6a9ee909a4272c53be649d1f;2026-09-08;TEF-PBL;toucannon-pbl;basic-box-m;1;1;0;2;0.5;mitUnentschieden
6a9ee909a4272c53be649d1f;2026-09-08;TEF-PBL;alakazam-dusknoir;lopunny-dudunsparce;1;1;0;2;0.5;mitUnentschieden
6a9ee909a4272c53be649d1f;2026-09-08;TEF-PBL;lopunny-dudunsparce;alakazam-dusknoir;1;1;0;2;0.5;mitUnentschieden
6a9ee909a4272c53be649d1f;2026-09-08;TEF-PBL;rockets-honchkrow;hops-trevenant;0;1;0;1;0.0;mitUnentschieden
6a9ee909a4272c53be649d1f;2026-09-08;TEF-PBL;hops-trevenant;rockets-honchkrow;1;0;0;1;1.0;mitUnentschieden
6a9ee909a4272c53be649d1f;2026-09-08;TEF-PBL;kangaskhan-bouffalant;n-zoroark;1;0;0;1;1.0;mitUnentschieden
6a9ee909a4272c53be649d1f;2026-09-08;TEF-PBL;n-zoroark;kangaskhan-bouffalant;0;1;0;1;0.0;mitUnentschieden
6a9ee909a4272c53be649d1f;2026-09-08;TEF-PBL;grimmsnarl-froslass;lucario-hariyama;2;1;0;3;0.666667;mitUnentschieden
6a9ee909a4272c53be649d1f;2026-09-08;TEF-PBL;lucario-hariyama;grimmsnarl-froslass;1;2;0;3;0.333333;mitUnentschieden
6a9ee909a4272c53be649d1f;2026-09-08;TEF-PBL;toucannon-pbl;hops-trevenant;1;0;0;1;1.0;mitUnentschieden
6a9ee909a4272c53be649d1f;2026-09-08;TEF-PBL;hops-trevenant;toucannon-pbl;0;1;0;1;0.0;mitUnentschieden
6a9ee909a4272c53be649d1f;2026-09-08;TEF-PBL;alakazam-dudunsparce;greninja-ex;0;1;0;1;0.0;mitUnentschieden
6a9ee909a4272c53be649d1f;2026-09-08;TEF-PBL;greninja-ex;alakazam-dudunsparce;1;0;0;1;1.0;mitUnentschieden
6a9ee909a4272c53be649d1f;2026-09-08;TEF-PBL;dragapult-blaziken;mega-starmie-ex;0;1;0;1;0.0;mitUnentschieden
6a9ee909a4272c53be649d1f;2026-09-08;TEF-PBL;mega-starmie-ex;dragapult-blaziken;1;0;0;1;1.0;mitUnentschieden
6a9ee909a4272c53be649d1f;2026-09-08;TEF-PBL;dragapult-dusknoir;mega-starmie-ex;1;0;0;1;1.0;mitUnentschieden
6a9ee909a4272c53be649d1f;2026-09-08;TEF-PBL;mega-starmie-ex;dragapult-dusknoir;0;1;0;1;0.0;mitUnentschieden
6a9ee909a4272c53be649d1f;2026-09-08;TEF-PBL;dragapult-ex;mega-excadrill-ex;1;2;0;3;0.333333;mitUnentschieden
6a9ee909a4272c53be649d1f;2026-09-08;TEF-PBL;mega-excadrill-ex;dragapult-ex;1;2;0;3;0.333333;mitUnentschieden
6a9ee909a4272c53be649d1f;2026-09-08;TEF-PBL;lopunny-dudunsparce;crustle-dri;0;1;0;1;0.0;mitUnentschieden
6a9ee909a4272c53be649d1f;2026-09-08;TEF-PBL;crustle-dri;lopunny-dudunsparce;1;0;0;1;1.0;mitUnentschieden
6a9ee909a4272c53be649d1f;2026-09-08;TEF-PBL;grimmsnarl-froslass;greninja-ex;0;1;0;1;0.0;mitUnentschieden
6a9ee909a4272c53be649d1f;2026-09-08;TEF-PBL;greninja-ex;grimmsnarl-froslass;1;0;0;1;1.0;mitUnentschieden
6a9ee909a4272c53be649d1f;2026-09-08;TEF-PBL;n-zoroark;dhelmise-pbl;0;1;0;1;0.0;mitUnentschieden
6a9ee909a4272c53be649d1f;2026-09-08;TEF-PBL;dhelmise-pbl;n-zoroark;1;0;0;1;1.0;mitUnentschieden
6a9ee909a4272c53be649d1f;2026-09-08;TEF-PBL;toxtricity-box;basic-box-m;0;1;0;1;0.0;mitUnentschieden
6a9ee909a4272c53be649d1f;2026-09-08;TEF-PBL;basic-box-m;toxtricity-box;1;0;0;1;1.0;mitUnentschieden
6a9ee909a4272c53be649d1f;2026-09-08;TEF-PBL;dragapult-ex;dragapult-dusknoir;1;1;0;2;0.5;mitUnentschieden
6a9ee909a4272c53be649d1f;2026-09-08;TEF-PBL;dragapult-dusknoir;dragapult-ex;1;1;0;2;0.5;mitUnentschieden
6a9ee909a4272c53be649d1f;2026-09-08;TEF-PBL;slowking-scr;dragapult-dusknoir;1;2;0;3;0.333333;mitUnentschieden
6a9ee909a4272c53be649d1f;2026-09-08;TEF-PBL;dragapult-dusknoir;slowking-scr;1;2;0;3;0.333333;mitUnentschieden
6a9ee909a4272c53be649d1f;2026-09-08;TEF-PBL;ogerpon-meganium;alakazam-dudunsparce;0;1;0;1;0.0;mitUnentschieden
6a9ee909a4272c53be649d1f;2026-09-08;TEF-PBL;alakazam-dudunsparce;ogerpon-meganium;1;0;0;1;1.0;mitUnentschieden
6a9ee909a4272c53be649d1f;2026-09-08;TEF-PBL;sharpedo-toxtricity;ethan-typhlosion;1;0;0;1;1.0;mitUnentschieden
6a9ee909a4272c53be649d1f;2026-09-08;TEF-PBL;ethan-typhlosion;sharpedo-toxtricity;0;1;0;1;0.0;mitUnentschieden
6a9ee909a4272c53be649d1f;2026-09-08;TEF-PBL;crustle-dri;n-zoroark;0;1;0;1;0.0;mitUnentschieden
6a9ee909a4272c53be649d1f;2026-09-08;TEF-PBL;n-zoroark;crustle-dri;1;0;0;1;1.0;mitUnentschieden
6a9ee909a4272c53be649d1f;2026-09-08;TEF-PBL;crustle-dri;dhelmise-pbl;0;1;0;1;0.0;mitUnentschieden
6a9ee909a4272c53be649d1f;2026-09-08;TEF-PBL;dhelmise-pbl;crustle-dri;1;0;0;1;1.0;mitUnentschieden
6a9ee909a4272c53be649d1f;2026-09-08;TEF-PBL;raging-bolt-ogerpon;starmie-froslass;0;1;0;1;0.0;mitUnentschieden
6a9ee909a4272c53be649d1f;2026-09-08;TEF-PBL;starmie-froslass;raging-bolt-ogerpon;1;0;0;1;1.0;mitUnentschieden
6a9ee909a4272c53be649d1f;2026-09-08;TEF-PBL;alakazam-dudunsparce;alakazam-dudunsparce;2;2;0;4;0.5;mitUnentschieden
6a9ee909a4272c53be649d1f;2026-09-08;TEF-PBL;mega-excadrill-ex;mega-greninja-ex;0;1;0;1;0.0;mitUnentschieden
6a9ee909a4272c53be649d1f;2026-09-08;TEF-PBL;mega-greninja-ex;mega-excadrill-ex;1;0;0;1;1.0;mitUnentschieden
6a9ee909a4272c53be649d1f;2026-09-08;TEF-PBL;n-zoroark;lopunny-dudunsparce;1;2;0;3;0.333333;mitUnentschieden
6a9ee909a4272c53be649d1f;2026-09-08;TEF-PBL;lopunny-dudunsparce;n-zoroark;1;2;0;3;0.333333;mitUnentschieden
6a9ee909a4272c53be649d1f;2026-09-08;TEF-PBL;dragapult-dusknoir;toucannon-pbl;1;0;0;1;1.0;mitUnentschieden
6a9ee909a4272c53be649d1f;2026-09-08;TEF-PBL;toucannon-pbl;dragapult-dusknoir;0;1;0;1;0.0;mitUnentschieden
6a9ee909a4272c53be649d1f;2026-09-08;TEF-PBL;slowking-scr;festival-lead;0;1;0;1;0.0;mitUnentschieden
6a9ee909a4272c53be649d1f;2026-09-08;TEF-PBL;festival-lead;slowking-scr;1;0;0;1;1.0;mitUnentschieden
6a9ee909a4272c53be649d1f;2026-09-08;TEF-PBL;festival-lead;misty-gyarados;2;0;0;2;1.0;mitUnentschieden
6a9ee909a4272c53be649d1f;2026-09-08;TEF-PBL;misty-gyarados;festival-lead;0;2;0;2;0.0;mitUnentschieden
6a9ee909a4272c53be649d1f;2026-09-08;TEF-PBL;mega-venusaur-ex;basic-box-m;1;0;0;1;1.0;mitUnentschieden
6a9ee909a4272c53be649d1f;2026-09-08;TEF-PBL;basic-box-m;mega-venusaur-ex;0;1;0;1;0.0;mitUnentschieden
6a9ee909a4272c53be649d1f;2026-09-08;TEF-PBL;greninja-ex;dragapult-ex;3;0;0;3;1.0;mitUnentschieden
6a9ee909a4272c53be649d1f;2026-09-08;TEF-PBL;dragapult-ex;greninja-ex;0;3;0;3;0.0;mitUnentschieden
6a9ee909a4272c53be649d1f;2026-09-08;TEF-PBL;dragapult-dusknoir;mega-excadrill-ex;1;1;0;2;0.5;mitUnentschieden
6a9ee909a4272c53be649d1f;2026-09-08;TEF-PBL;mega-excadrill-ex;dragapult-dusknoir;0;2;0;2;0.0;mitUnentschieden
6a9ee909a4272c53be649d1f;2026-09-08;TEF-PBL;dragapult-dudunsparce;mega-excadrill-ex;0;2;0;2;0.0;mitUnentschieden
6a9ee909a4272c53be649d1f;2026-09-08;TEF-PBL;mega-excadrill-ex;dragapult-dudunsparce;1;1;0;2;0.5;mitUnentschieden
6a9ee909a4272c53be649d1f;2026-09-08;TEF-PBL;mega-starmie-ex;raging-bolt-ogerpon;0;1;0;1;0.0;mitUnentschieden
6a9ee909a4272c53be649d1f;2026-09-08;TEF-PBL;raging-bolt-ogerpon;mega-starmie-ex;1;0;0;1;1.0;mitUnentschieden
6a9ee909a4272c53be649d1f;2026-09-08;TEF-PBL;starmie-dusknoir;dragapult-ex;1;0;0;1;1.0;mitUnentschieden
6a9ee909a4272c53be649d1f;2026-09-08;TEF-PBL;dragapult-ex;starmie-dusknoir;0;1;0;1;0.0;mitUnentschieden
6a9ee909a4272c53be649d1f;2026-09-08;TEF-PBL;basic-box-m;n-zoroark;1;1;0;2;0.5;mitUnentschieden
6a9ee909a4272c53be649d1f;2026-09-08;TEF-PBL;n-zoroark;basic-box-m;0;2;0;2;0.0;mitUnentschieden
6a9ee909a4272c53be649d1f;2026-09-08;TEF-PBL;alakazam-dudunsparce;alakazam-dusknoir;1;0;0;1;1.0;mitUnentschieden
6a9ee909a4272c53be649d1f;2026-09-08;TEF-PBL;alakazam-dusknoir;alakazam-dudunsparce;0;1;0;1;0.0;mitUnentschieden
6a9ee909a4272c53be649d1f;2026-09-08;TEF-PBL;greninja-ex;mega-darkrai-ex;0;1;0;1;0.0;mitUnentschieden
6a9ee909a4272c53be649d1f;2026-09-08;TEF-PBL;mega-darkrai-ex;greninja-ex;1;0;0;1;1.0;mitUnentschieden
6a9ee909a4272c53be649d1f;2026-09-08;TEF-PBL;basic-box-m;toxtricity-pfl;1;0;0;1;1.0;mitUnentschieden
6a9ee909a4272c53be649d1f;2026-09-08;TEF-PBL;toxtricity-pfl;basic-box-m;0;1;0;1;0.0;mitUnentschieden
6a9ee909a4272c53be649d1f;2026-09-08;TEF-PBL;basic-box-m;grimmsnarl-froslass;1;0;0;1;1.0;mitUnentschieden
6a9ee909a4272c53be649d1f;2026-09-08;TEF-PBL;grimmsnarl-froslass;basic-box-m;0;1;0;1;0.0;mitUnentschieden
6a9ee909a4272c53be649d1f;2026-09-08;TEF-PBL;slowking-scr;starmie-froslass;0;1;0;1;0.0;mitUnentschieden
6a9ee909a4272c53be649d1f;2026-09-08;TEF-PBL;starmie-froslass;slowking-scr;1;0;0;1;1.0;mitUnentschieden
6a9ee909a4272c53be649d1f;2026-09-08;TEF-PBL;slowking-scr;greninja-ex;1;0;0;1;1.0;mitUnentschieden
6a9ee909a4272c53be649d1f;2026-09-08;TEF-PBL;greninja-ex;slowking-scr;0;1;0;1;0.0;mitUnentschieden
6a9ee909a4272c53be649d1f;2026-09-08;TEF-PBL;toucannon-pbl;alakazam-dusknoir;1;0;0;1;1.0;mitUnentschieden
6a9ee909a4272c53be649d1f;2026-09-08;TEF-PBL;alakazam-dusknoir;toucannon-pbl;0;1;0;1;0.0;mitUnentschieden
6a9ee909a4272c53be649d1f;2026-09-08;TEF-PBL;crustle-dri;alakazam-dudunsparce;1;0;0;1;1.0;mitUnentschieden
6a9ee909a4272c53be649d1f;2026-09-08;TEF-PBL;alakazam-dudunsparce;crustle-dri;0;1;0;1;0.0;mitUnentschieden
6a9ee909a4272c53be649d1f;2026-09-08;TEF-PBL;basic-box-m;mega-excadrill-ex;1;1;0;2;0.5;mitUnentschieden
6a9ee909a4272c53be649d1f;2026-09-08;TEF-PBL;mega-excadrill-ex;basic-box-m;0;2;0;2;0.0;mitUnentschieden
6a9ee909a4272c53be649d1f;2026-09-08;TEF-PBL;grimmsnarl-froslass;n-zoroark;1;0;0;1;1.0;mitUnentschieden
6a9ee909a4272c53be649d1f;2026-09-08;TEF-PBL;n-zoroark;grimmsnarl-froslass;0;1;0;1;0.0;mitUnentschieden
6a9ee909a4272c53be649d1f;2026-09-08;TEF-PBL;dragapult-dusknoir;kangaskhan-bouffalant;0;0;1;1;0.0;mitUnentschieden
6a9ee909a4272c53be649d1f;2026-09-08;TEF-PBL;kangaskhan-bouffalant;dragapult-dusknoir;0;0;1;1;0.0;mitUnentschieden
6a9ee909a4272c53be649d1f;2026-09-08;TEF-PBL;dragapult-dudunsparce;dhelmise-pbl;0;1;0;1;0.0;mitUnentschieden
6a9ee909a4272c53be649d1f;2026-09-08;TEF-PBL;dhelmise-pbl;dragapult-dudunsparce;1;0;0;1;1.0;mitUnentschieden
6a9ee909a4272c53be649d1f;2026-09-08;TEF-PBL;greninja-ex;mega-starmie-ex;0;1;0;1;0.0;mitUnentschieden
6a9ee909a4272c53be649d1f;2026-09-08;TEF-PBL;mega-starmie-ex;greninja-ex;1;0;0;1;1.0;mitUnentschieden
6a9ee909a4272c53be649d1f;2026-09-08;TEF-PBL;sharpedo-toxtricity;dragapult-ex;0;1;0;1;0.0;mitUnentschieden
6a9ee909a4272c53be649d1f;2026-09-08;TEF-PBL;dragapult-ex;sharpedo-toxtricity;1;0;0;1;1.0;mitUnentschieden
6a9ee909a4272c53be649d1f;2026-09-08;TEF-PBL;basic-box-m;starmie-dusknoir;1;0;0;1;1.0;mitUnentschieden
6a9ee909a4272c53be649d1f;2026-09-08;TEF-PBL;starmie-dusknoir;basic-box-m;0;1;0;1;0.0;mitUnentschieden
6a9ee909a4272c53be649d1f;2026-09-08;TEF-PBL;lopunny-dudunsparce;dragapult-dusknoir;0;2;0;2;0.0;mitUnentschieden
6a9ee909a4272c53be649d1f;2026-09-08;TEF-PBL;dragapult-dusknoir;lopunny-dudunsparce;1;1;0;2;0.5;mitUnentschieden
6a9ee909a4272c53be649d1f;2026-09-08;TEF-PBL;dragapult-ex;ethan-typhlosion;1;0;0;1;1.0;mitUnentschieden
6a9ee909a4272c53be649d1f;2026-09-08;TEF-PBL;ethan-typhlosion;dragapult-ex;0;1;0;1;0.0;mitUnentschieden
6a9ee909a4272c53be649d1f;2026-09-08;TEF-PBL;dragapult-ex;ogerpon-meganium;1;1;0;2;0.5;mitUnentschieden
6a9ee909a4272c53be649d1f;2026-09-08;TEF-PBL;ogerpon-meganium;dragapult-ex;1;1;0;2;0.5;mitUnentschieden
6a9ee909a4272c53be649d1f;2026-09-08;TEF-PBL;basic-box-m;crustle-dri;1;0;0;1;1.0;mitUnentschieden
6a9ee909a4272c53be649d1f;2026-09-08;TEF-PBL;crustle-dri;basic-box-m;0;1;0;1;0.0;mitUnentschieden
6a9ee909a4272c53be649d1f;2026-09-08;TEF-PBL;dragapult-dusknoir;raging-bolt-ogerpon;0;1;0;1;0.0;mitUnentschieden
6a9ee909a4272c53be649d1f;2026-09-08;TEF-PBL;raging-bolt-ogerpon;dragapult-dusknoir;1;0;0;1;1.0;mitUnentschieden
6a9ee909a4272c53be649d1f;2026-09-08;TEF-PBL;festival-lead;mega-venusaur-ex;0;0;1;1;0.0;mitUnentschieden
6a9ee909a4272c53be649d1f;2026-09-08;TEF-PBL;mega-venusaur-ex;festival-lead;0;0;1;1;0.0;mitUnentschieden
6a9ee909a4272c53be649d1f;2026-09-08;TEF-PBL;n-zoroark;raging-bolt-ogerpon;0;1;0;1;0.0;mitUnentschieden
6a9ee909a4272c53be649d1f;2026-09-08;TEF-PBL;raging-bolt-ogerpon;n-zoroark;1;0;0;1;1.0;mitUnentschieden
6a9ee909a4272c53be649d1f;2026-09-08;TEF-PBL;mega-greninja-ex;dragapult-ex;1;1;0;2;0.5;mitUnentschieden
6a9ee909a4272c53be649d1f;2026-09-08;TEF-PBL;dragapult-ex;mega-greninja-ex;1;1;0;2;0.5;mitUnentschieden
6a9ee909a4272c53be649d1f;2026-09-08;TEF-PBL;mega-excadrill-ex;alakazam-dudunsparce;0;1;0;1;0.0;mitUnentschieden
6a9ee909a4272c53be649d1f;2026-09-08;TEF-PBL;alakazam-dudunsparce;mega-excadrill-ex;1;0;0;1;1.0;mitUnentschieden
6a9ee909a4272c53be649d1f;2026-09-08;TEF-PBL;lopunny-dudunsparce;festival-lead;1;0;0;1;1.0;mitUnentschieden
6a9ee909a4272c53be649d1f;2026-09-08;TEF-PBL;festival-lead;lopunny-dudunsparce;0;1;0;1;0.0;mitUnentschieden
6a9ee909a4272c53be649d1f;2026-09-08;TEF-PBL;greninja-ex;toxtricity-box;1;0;0;1;1.0;mitUnentschieden
6a9ee909a4272c53be649d1f;2026-09-08;TEF-PBL;toxtricity-box;greninja-ex;0;1;0;1;0.0;mitUnentschieden
6a9ee909a4272c53be649d1f;2026-09-08;TEF-PBL;mega-darkrai-ex;dragapult-ex;0;1;0;1;0.0;mitUnentschieden
6a9ee909a4272c53be649d1f;2026-09-08;TEF-PBL;dragapult-ex;mega-darkrai-ex;1;0;0;1;1.0;mitUnentschieden
6a9ee909a4272c53be649d1f;2026-09-08;TEF-PBL;hops-trevenant;alakazam-dudunsparce;0;2;0;2;0.0;mitUnentschieden
6a9ee909a4272c53be649d1f;2026-09-08;TEF-PBL;alakazam-dudunsparce;hops-trevenant;1;1;0;2;0.5;mitUnentschieden
6a9ee909a4272c53be649d1f;2026-09-08;TEF-PBL;n-zoroark;festival-lead;0;1;0;1;0.0;mitUnentschieden
6a9ee909a4272c53be649d1f;2026-09-08;TEF-PBL;festival-lead;n-zoroark;1;0;0;1;1.0;mitUnentschieden
6a9ee909a4272c53be649d1f;2026-09-08;TEF-PBL;n-zoroark;lucario-hariyama;1;1;0;2;0.5;mitUnentschieden
6a9ee909a4272c53be649d1f;2026-09-08;TEF-PBL;lucario-hariyama;n-zoroark;1;1;0;2;0.5;mitUnentschieden
6a9ee909a4272c53be649d1f;2026-09-08;TEF-PBL;mega-starmie-ex;basic-box-m;3;0;0;3;1.0;mitUnentschieden
6a9ee909a4272c53be649d1f;2026-09-08;TEF-PBL;basic-box-m;mega-starmie-ex;0;3;0;3;0.0;mitUnentschieden
6a9ee909a4272c53be649d1f;2026-09-08;TEF-PBL;mega-excadrill-ex;misty-gyarados;0;1;0;1;0.0;mitUnentschieden
6a9ee909a4272c53be649d1f;2026-09-08;TEF-PBL;misty-gyarados;mega-excadrill-ex;1;0;0;1;1.0;mitUnentschieden
6a9ee909a4272c53be649d1f;2026-09-08;TEF-PBL;alakazam-dudunsparce;n-zoroark;1;1;0;2;0.5;mitUnentschieden
6a9ee909a4272c53be649d1f;2026-09-08;TEF-PBL;n-zoroark;alakazam-dudunsparce;0;2;0;2;0.0;mitUnentschieden
6a9ee909a4272c53be649d1f;2026-09-08;TEF-PBL;dudunsparce-control;slowking-scr;1;0;0;1;1.0;mitUnentschieden
6a9ee909a4272c53be649d1f;2026-09-08;TEF-PBL;slowking-scr;dudunsparce-control;0;1;0;1;0.0;mitUnentschieden
6a9ee909a4272c53be649d1f;2026-09-08;TEF-PBL;starmie-froslass;dragapult-ex;1;0;0;1;1.0;mitUnentschieden
6a9ee909a4272c53be649d1f;2026-09-08;TEF-PBL;dragapult-ex;starmie-froslass;0;1;0;1;0.0;mitUnentschieden
6a9ee909a4272c53be649d1f;2026-09-08;TEF-PBL;dhelmise-pbl;grimmsnarl-froslass;0;1;0;1;0.0;mitUnentschieden
6a9ee909a4272c53be649d1f;2026-09-08;TEF-PBL;grimmsnarl-froslass;dhelmise-pbl;1;0;0;1;1.0;mitUnentschieden
6a9ee909a4272c53be649d1f;2026-09-08;TEF-PBL;mega-starmie-ex;dhelmise-pbl;1;0;0;1;1.0;mitUnentschieden
6a9ee909a4272c53be649d1f;2026-09-08;TEF-PBL;dhelmise-pbl;mega-starmie-ex;0;1;0;1;0.0;mitUnentschieden
6a9ee909a4272c53be649d1f;2026-09-08;TEF-PBL;crustle-dri;dragapult-dusknoir;1;1;0;2;0.5;mitUnentschieden
6a9ee909a4272c53be649d1f;2026-09-08;TEF-PBL;dragapult-dusknoir;crustle-dri;0;2;0;2;0.0;mitUnentschieden
6a9ee909a4272c53be649d1f;2026-09-08;TEF-PBL;kangaskhan-bouffalant;dragapult-ex;0;1;0;1;0.0;mitUnentschieden
6a9ee909a4272c53be649d1f;2026-09-08;TEF-PBL;dragapult-ex;kangaskhan-bouffalant;1;0;0;1;1.0;mitUnentschieden
6a9ee909a4272c53be649d1f;2026-09-08;TEF-PBL;greninja-ex;mega-greninja-ex;2;0;0;2;1.0;mitUnentschieden
6a9ee909a4272c53be649d1f;2026-09-08;TEF-PBL;mega-greninja-ex;greninja-ex;0;2;0;2;0.0;mitUnentschieden
6a9ee909a4272c53be649d1f;2026-09-08;TEF-PBL;dragapult-dudunsparce;lucario-hariyama;0;1;0;1;0.0;mitUnentschieden
6a9ee909a4272c53be649d1f;2026-09-08;TEF-PBL;lucario-hariyama;dragapult-dudunsparce;1;0;0;1;1.0;mitUnentschieden
6a9ee909a4272c53be649d1f;2026-09-08;TEF-PBL;raging-bolt-ogerpon;basic-box-m;1;1;0;2;0.5;mitUnentschieden
6a9ee909a4272c53be649d1f;2026-09-08;TEF-PBL;basic-box-m;raging-bolt-ogerpon;1;1;0;2;0.5;mitUnentschieden
6a9ee909a4272c53be649d1f;2026-09-08;TEF-PBL;alakazam-dudunsparce;rockets-honchkrow;0;1;0;1;0.0;mitUnentschieden
6a9ee909a4272c53be649d1f;2026-09-08;TEF-PBL;rockets-honchkrow;alakazam-dudunsparce;1;0;0;1;1.0;mitUnentschieden
6a9ee909a4272c53be649d1f;2026-09-08;TEF-PBL;ogerpon-meganium;n-zoroark;1;0;0;1;1.0;mitUnentschieden
6a9ee909a4272c53be649d1f;2026-09-08;TEF-PBL;n-zoroark;ogerpon-meganium;0;1;0;1;0.0;mitUnentschieden
6a9ee909a4272c53be649d1f;2026-09-08;TEF-PBL;sharpedo-toxtricity;festival-lead;0;1;0;1;0.0;mitUnentschieden
6a9ee909a4272c53be649d1f;2026-09-08;TEF-PBL;festival-lead;sharpedo-toxtricity;1;0;0;1;1.0;mitUnentschieden
6a9ee909a4272c53be649d1f;2026-09-08;TEF-PBL;alakazam-dudunsparce;dragapult-dusknoir;0;1;0;1;0.0;mitUnentschieden
6a9ee909a4272c53be649d1f;2026-09-08;TEF-PBL;dragapult-dusknoir;alakazam-dudunsparce;1;0;0;1;1.0;mitUnentschieden
6a9ee909a4272c53be649d1f;2026-09-08;TEF-PBL;mega-excadrill-ex;mega-starmie-ex;1;0;0;1;1.0;mitUnentschieden
6a9ee909a4272c53be649d1f;2026-09-08;TEF-PBL;mega-starmie-ex;mega-excadrill-ex;0;1;0;1;0.0;mitUnentschieden
6a9ee909a4272c53be649d1f;2026-09-08;TEF-PBL;n-zoroark;dragapult-blaziken;1;0;0;1;1.0;mitUnentschieden
6a9ee909a4272c53be649d1f;2026-09-08;TEF-PBL;dragapult-blaziken;n-zoroark;0;1;0;1;0.0;mitUnentschieden
6a9ee909a4272c53be649d1f;2026-09-08;TEF-PBL;grimmsnarl-froslass;raging-bolt-ogerpon;0;1;0;1;0.0;mitUnentschieden
6a9ee909a4272c53be649d1f;2026-09-08;TEF-PBL;raging-bolt-ogerpon;grimmsnarl-froslass;1;0;0;1;1.0;mitUnentschieden
6a9ee909a4272c53be649d1f;2026-09-08;TEF-PBL;mega-venusaur-ex;dragapult-dusknoir;1;1;0;2;0.5;mitUnentschieden
6a9ee909a4272c53be649d1f;2026-09-08;TEF-PBL;dragapult-dusknoir;mega-venusaur-ex;1;1;0;2;0.5;mitUnentschieden
6a9ee909a4272c53be649d1f;2026-09-08;TEF-PBL;starmie-dusknoir;mega-starmie-ex;0;1;0;1;0.0;mitUnentschieden
6a9ee909a4272c53be649d1f;2026-09-08;TEF-PBL;mega-starmie-ex;starmie-dusknoir;1;0;0;1;1.0;mitUnentschieden
6a9ee909a4272c53be649d1f;2026-09-08;TEF-PBL;dudunsparce-control;hops-trevenant;1;0;0;1;1.0;mitUnentschieden
6a9ee909a4272c53be649d1f;2026-09-08;TEF-PBL;hops-trevenant;dudunsparce-control;0;1;0;1;0.0;mitUnentschieden
6a9ee909a4272c53be649d1f;2026-09-08;TEF-PBL;mega-excadrill-ex;n-zoroark;0;1;0;1;0.0;mitUnentschieden
6a9ee909a4272c53be649d1f;2026-09-08;TEF-PBL;n-zoroark;mega-excadrill-ex;1;0;0;1;1.0;mitUnentschieden
6a9ee909a4272c53be649d1f;2026-09-08;TEF-PBL;alakazam-dudunsparce;grimmsnarl-froslass;2;2;0;4;0.5;mitUnentschieden
6a9ee909a4272c53be649d1f;2026-09-08;TEF-PBL;grimmsnarl-froslass;alakazam-dudunsparce;1;3;0;4;0.25;mitUnentschieden
6a9ee909a4272c53be649d1f;2026-09-08;TEF-PBL;mega-darkrai-ex;n-zoroark;1;0;0;1;1.0;mitUnentschieden
6a9ee909a4272c53be649d1f;2026-09-08;TEF-PBL;n-zoroark;mega-darkrai-ex;0;1;0;1;0.0;mitUnentschieden
6a9ee909a4272c53be649d1f;2026-09-08;TEF-PBL;festival-lead;toxtricity-box;1;0;0;1;1.0;mitUnentschieden
6a9ee909a4272c53be649d1f;2026-09-08;TEF-PBL;toxtricity-box;festival-lead;0;1;0;1;0.0;mitUnentschieden
6a9ee909a4272c53be649d1f;2026-09-08;TEF-PBL;lopunny-dudunsparce;dragapult-ex;0;1;0;1;0.0;mitUnentschieden
6a9ee909a4272c53be649d1f;2026-09-08;TEF-PBL;dragapult-ex;lopunny-dudunsparce;0;1;0;1;0.0;mitUnentschieden
6a9ee909a4272c53be649d1f;2026-09-08;TEF-PBL;dragapult-dudunsparce;dragapult-dusknoir;0;1;0;1;0.0;mitUnentschieden
6a9ee909a4272c53be649d1f;2026-09-08;TEF-PBL;dragapult-dusknoir;dragapult-dudunsparce;0;1;0;1;0.0;mitUnentschieden
6a9ee909a4272c53be649d1f;2026-09-08;TEF-PBL;dragapult-ex;slowking-scr;1;0;0;1;1.0;mitUnentschieden
6a9ee909a4272c53be649d1f;2026-09-08;TEF-PBL;slowking-scr;dragapult-ex;0;1;0;1;0.0;mitUnentschieden
6a9ee909a4272c53be649d1f;2026-09-08;TEF-PBL;grimmsnarl-froslass;toucannon-pbl;1;0;0;1;1.0;mitUnentschieden
6a9ee909a4272c53be649d1f;2026-09-08;TEF-PBL;toucannon-pbl;grimmsnarl-froslass;0;1;0;1;0.0;mitUnentschieden
6a9ee909a4272c53be649d1f;2026-09-08;TEF-PBL;crustle-dri;starmie-froslass;0;1;0;1;0.0;mitUnentschieden
6a9ee909a4272c53be649d1f;2026-09-08;TEF-PBL;starmie-froslass;crustle-dri;1;0;0;1;1.0;mitUnentschieden
6a9ee909a4272c53be649d1f;2026-09-08;TEF-PBL;dhelmise-pbl;alakazam-dusknoir;1;0;0;1;1.0;mitUnentschieden
6a9ee909a4272c53be649d1f;2026-09-08;TEF-PBL;alakazam-dusknoir;dhelmise-pbl;0;1;0;1;0.0;mitUnentschieden
6a9ee909a4272c53be649d1f;2026-09-08;TEF-PBL;dragapult-dusknoir;festival-lead;0;1;0;1;0.0;mitUnentschieden
6a9ee909a4272c53be649d1f;2026-09-08;TEF-PBL;festival-lead;dragapult-dusknoir;1;0;0;1;1.0;mitUnentschieden
6a9ee909a4272c53be649d1f;2026-09-08;TEF-PBL;rockets-honchkrow;dragapult-dusknoir;1;0;0;1;1.0;mitUnentschieden
6a9ee909a4272c53be649d1f;2026-09-08;TEF-PBL;dragapult-dusknoir;rockets-honchkrow;0;1;0;1;0.0;mitUnentschieden
6a9ee909a4272c53be649d1f;2026-09-08;TEF-PBL;greninja-ex;dhelmise-pbl;0;2;0;2;0.0;mitUnentschieden
6a9ee909a4272c53be649d1f;2026-09-08;TEF-PBL;dhelmise-pbl;greninja-ex;2;0;0;2;1.0;mitUnentschieden
6a9ee909a4272c53be649d1f;2026-09-08;TEF-PBL;raging-bolt-ogerpon;dragapult-ex;0;1;0;1;0.0;mitUnentschieden
6a9ee909a4272c53be649d1f;2026-09-08;TEF-PBL;dragapult-ex;raging-bolt-ogerpon;1;0;0;1;1.0;mitUnentschieden
6a9ee909a4272c53be649d1f;2026-09-08;TEF-PBL;mega-excadrill-ex;festival-lead;1;0;0;1;1.0;mitUnentschieden
6a9ee909a4272c53be649d1f;2026-09-08;TEF-PBL;festival-lead;mega-excadrill-ex;0;1;0;1;0.0;mitUnentschieden
6a9ee909a4272c53be649d1f;2026-09-08;TEF-PBL;kangaskhan-bouffalant;mega-greninja-ex;0;1;0;1;0.0;mitUnentschieden
6a9ee909a4272c53be649d1f;2026-09-08;TEF-PBL;mega-greninja-ex;kangaskhan-bouffalant;1;0;0;1;1.0;mitUnentschieden
6a9ee909a4272c53be649d1f;2026-09-08;TEF-PBL;n-zoroark;dragapult-ex;1;0;0;1;1.0;mitUnentschieden
6a9ee909a4272c53be649d1f;2026-09-08;TEF-PBL;dragapult-ex;n-zoroark;0;1;0;1;0.0;mitUnentschieden
6a9ee909a4272c53be649d1f;2026-09-08;TEF-PBL;greninja-ex;festival-lead;1;0;0;1;1.0;mitUnentschieden
6a9ee909a4272c53be649d1f;2026-09-08;TEF-PBL;festival-lead;greninja-ex;0;1;0;1;0.0;mitUnentschieden
6a9ee909a4272c53be649d1f;2026-09-08;TEF-PBL;n-zoroark;sharpedo-toxtricity;0;1;0;1;0.0;mitUnentschieden
6a9ee909a4272c53be649d1f;2026-09-08;TEF-PBL;sharpedo-toxtricity;n-zoroark;1;0;0;1;1.0;mitUnentschieden
6a9ee909a4272c53be649d1f;2026-09-08;TEF-PBL;mega-starmie-ex;lopunny-dudunsparce;1;0;0;1;1.0;mitUnentschieden
6a9ee909a4272c53be649d1f;2026-09-08;TEF-PBL;lopunny-dudunsparce;mega-starmie-ex;0;1;0;1;0.0;mitUnentschieden
6a9ee909a4272c53be649d1f;2026-09-08;TEF-PBL;dudunsparce-control;dragapult-ex;1;0;0;1;1.0;mitUnentschieden
6a9ee909a4272c53be649d1f;2026-09-08;TEF-PBL;dragapult-ex;dudunsparce-control;0;1;0;1;0.0;mitUnentschieden
6a9ee909a4272c53be649d1f;2026-09-08;TEF-PBL;starmie-dusknoir;n-zoroark;0;1;0;1;0.0;mitUnentschieden
6a9ee909a4272c53be649d1f;2026-09-08;TEF-PBL;n-zoroark;starmie-dusknoir;0;1;0;1;0.0;mitUnentschieden
6a9ee909a4272c53be649d1f;2026-09-08;TEF-PBL;n-zoroark;misty-gyarados;0;1;0;1;0.0;mitUnentschieden
6a9ee909a4272c53be649d1f;2026-09-08;TEF-PBL;misty-gyarados;n-zoroark;1;0;0;1;1.0;mitUnentschieden
6a9ee909a4272c53be649d1f;2026-09-08;TEF-PBL;hops-trevenant;dragapult-dudunsparce;0;1;0;1;0.0;mitUnentschieden
6a9ee909a4272c53be649d1f;2026-09-08;TEF-PBL;dragapult-dudunsparce;hops-trevenant;0;1;0;1;0.0;mitUnentschieden
6a9ee909a4272c53be649d1f;2026-09-08;TEF-PBL;starmie-froslass;grimmsnarl-froslass;1;0;0;1;1.0;mitUnentschieden
6a9ee909a4272c53be649d1f;2026-09-08;TEF-PBL;grimmsnarl-froslass;starmie-froslass;0;1;0;1;0.0;mitUnentschieden
6a9ee909a4272c53be649d1f;2026-09-08;TEF-PBL;mega-starmie-ex;festival-lead;0;1;0;1;0.0;mitUnentschieden
6a9ee909a4272c53be649d1f;2026-09-08;TEF-PBL;festival-lead;mega-starmie-ex;1;0;0;1;1.0;mitUnentschieden
6a9ee909a4272c53be649d1f;2026-09-08;TEF-PBL;rockets-honchkrow;basic-box-m;0;0;1;1;0.0;mitUnentschieden
6a9ee909a4272c53be649d1f;2026-09-08;TEF-PBL;basic-box-m;rockets-honchkrow;0;0;1;1;0.0;mitUnentschieden
6a9ee909a4272c53be649d1f;2026-09-08;TEF-PBL;dhelmise-pbl;basic-box-m;1;0;0;1;1.0;mitUnentschieden
6a9ee909a4272c53be649d1f;2026-09-08;TEF-PBL;basic-box-m;dhelmise-pbl;0;1;0;1;0.0;mitUnentschieden
6a9ee909a4272c53be649d1f;2026-09-08;TEF-PBL;slowking-scr;crustle-dri;1;0;0;1;1.0;mitUnentschieden
6a9ee909a4272c53be649d1f;2026-09-08;TEF-PBL;crustle-dri;slowking-scr;0;1;0;1;0.0;mitUnentschieden
6a9ee909a4272c53be649d1f;2026-09-08;TEF-PBL;dragapult-ex;toucannon-pbl;1;0;0;1;1.0;mitUnentschieden
6a9ee909a4272c53be649d1f;2026-09-08;TEF-PBL;toucannon-pbl;dragapult-ex;0;1;0;1;0.0;mitUnentschieden
6a9ee909a4272c53be649d1f;2026-09-08;TEF-PBL;sharpedo-toxtricity;greninja-ex;1;0;0;1;1.0;mitUnentschieden
6a9ee909a4272c53be649d1f;2026-09-08;TEF-PBL;greninja-ex;sharpedo-toxtricity;0;1;0;1;0.0;mitUnentschieden
6a9ee909a4272c53be649d1f;2026-09-08;TEF-PBL;mega-starmie-ex;mega-greninja-ex;0;1;0;1;0.0;mitUnentschieden
6a9ee909a4272c53be649d1f;2026-09-08;TEF-PBL;mega-greninja-ex;mega-starmie-ex;1;0;0;1;1.0;mitUnentschieden
6a9ee909a4272c53be649d1f;2026-09-08;TEF-PBL;ogerpon-meganium;dudunsparce-control;0;1;0;1;0.0;mitUnentschieden
6a9ee909a4272c53be649d1f;2026-09-08;TEF-PBL;dudunsparce-control;ogerpon-meganium;1;0;0;1;1.0;mitUnentschieden
6a9ee909a4272c53be649d1f;2026-09-08;TEF-PBL;raging-bolt-ogerpon;alakazam-dudunsparce;0;1;0;1;0.0;mitUnentschieden
6a9ee909a4272c53be649d1f;2026-09-08;TEF-PBL;alakazam-dudunsparce;raging-bolt-ogerpon;1;0;0;1;1.0;mitUnentschieden
6a9ee909a4272c53be649d1f;2026-09-08;TEF-PBL;dragapult-ex;festival-lead;1;0;0;1;1.0;mitUnentschieden
6a9ee909a4272c53be649d1f;2026-09-08;TEF-PBL;festival-lead;dragapult-ex;0;1;0;1;0.0;mitUnentschieden
6a9ee909a4272c53be649d1f;2026-09-08;TEF-PBL;mega-venusaur-ex;dragapult-ex;0;1;0;1;0.0;mitUnentschieden
6a9ee909a4272c53be649d1f;2026-09-08;TEF-PBL;dragapult-ex;mega-venusaur-ex;1;0;0;1;1.0;mitUnentschieden
6a9ee909a4272c53be649d1f;2026-09-08;TEF-PBL;kangaskhan-bouffalant;mega-darkrai-ex;0;1;0;1;0.0;mitUnentschieden
6a9ee909a4272c53be649d1f;2026-09-08;TEF-PBL;mega-darkrai-ex;kangaskhan-bouffalant;0;1;0;1;0.0;mitUnentschieden
6a9ee909a4272c53be649d1f;2026-09-08;TEF-PBL;festival-lead;basic-box-m;1;0;0;1;1.0;mitUnentschieden
6a9ee909a4272c53be649d1f;2026-09-08;TEF-PBL;basic-box-m;festival-lead;0;1;0;1;0.0;mitUnentschieden
6a9ee909a4272c53be649d1f;2026-09-08;TEF-PBL;misty-gyarados;lopunny-dudunsparce;0;1;0;1;0.0;mitUnentschieden
6a9ee909a4272c53be649d1f;2026-09-08;TEF-PBL;lopunny-dudunsparce;misty-gyarados;1;0;0;1;1.0;mitUnentschieden
6a9ee909a4272c53be649d1f;2026-09-08;TEF-PBL;n-zoroark;n-zoroark;1;1;0;2;0.5;mitUnentschieden
6a9ee909a4272c53be649d1f;2026-09-08;TEF-PBL;crustle-dri;starmie-dusknoir;0;1;0;1;0.0;mitUnentschieden
6a9ee909a4272c53be649d1f;2026-09-08;TEF-PBL;starmie-dusknoir;crustle-dri;0;1;0;1;0.0;mitUnentschieden
6a9ee909a4272c53be649d1f;2026-09-08;TEF-PBL;dragapult-ex;grimmsnarl-froslass;0;1;0;1;0.0;mitUnentschieden
6a9ee909a4272c53be649d1f;2026-09-08;TEF-PBL;grimmsnarl-froslass;dragapult-ex;0;1;0;1;0.0;mitUnentschieden
6a9ee909a4272c53be649d1f;2026-09-08;TEF-PBL;dragapult-dusknoir;dragapult-dusknoir;0;2;0;2;0.0;mitUnentschieden
6a9ee909a4272c53be649d1f;2026-09-08;TEF-PBL;basic-box-m;lopunny-dudunsparce;0;1;0;1;0.0;mitUnentschieden
6a9ee909a4272c53be649d1f;2026-09-08;TEF-PBL;lopunny-dudunsparce;basic-box-m;0;1;0;1;0.0;mitUnentschieden
6a963bc7629039f77d8a717f;2026-09-07;TEF-PBL;slowking-scr;mega-starmie-ex;0;2;0;2;0.0;mitUnentschieden
6a963bc7629039f77d8a717f;2026-09-07;TEF-PBL;mega-starmie-ex;slowking-scr;2;0;0;2;1.0;mitUnentschieden
6a963bc7629039f77d8a717f;2026-09-07;TEF-PBL;lopunny-dudunsparce;dhelmise-pbl;1;0;0;1;1.0;mitUnentschieden
6a963bc7629039f77d8a717f;2026-09-07;TEF-PBL;dhelmise-pbl;lopunny-dudunsparce;0;1;0;1;0.0;mitUnentschieden
6a963bc7629039f77d8a717f;2026-09-07;TEF-PBL;cynthia-garchomp-ex;n-zoroark;1;0;0;1;1.0;mitUnentschieden
6a963bc7629039f77d8a717f;2026-09-07;TEF-PBL;n-zoroark;cynthia-garchomp-ex;0;1;0;1;0.0;mitUnentschieden
6a963bc7629039f77d8a717f;2026-09-07;TEF-PBL;dragapult-ex;n-zoroark;6;8;0;14;0.428571;mitUnentschieden
6a963bc7629039f77d8a717f;2026-09-07;TEF-PBL;n-zoroark;dragapult-ex;7;7;0;14;0.5;mitUnentschieden
6a963bc7629039f77d8a717f;2026-09-07;TEF-PBL;alakazam-dudunsparce;alakazam-dudunsparce;4;4;0;8;0.5;mitUnentschieden
6a963bc7629039f77d8a717f;2026-09-07;TEF-PBL;dragapult-dusknoir;slowking-scr;6;1;0;7;0.857143;mitUnentschieden
6a963bc7629039f77d8a717f;2026-09-07;TEF-PBL;slowking-scr;dragapult-dusknoir;1;6;0;7;0.142857;mitUnentschieden
6a963bc7629039f77d8a717f;2026-09-07;TEF-PBL;dragapult-ex;dragapult-dusknoir;2;9;0;11;0.181818;mitUnentschieden
6a963bc7629039f77d8a717f;2026-09-07;TEF-PBL;dragapult-dusknoir;dragapult-ex;9;2;0;11;0.818182;mitUnentschieden
6a963bc7629039f77d8a717f;2026-09-07;TEF-PBL;dragapult-dusknoir;basic-box-m;3;1;0;4;0.75;mitUnentschieden
6a963bc7629039f77d8a717f;2026-09-07;TEF-PBL;basic-box-m;dragapult-dusknoir;1;3;0;4;0.25;mitUnentschieden
6a963bc7629039f77d8a717f;2026-09-07;TEF-PBL;alakazam-dudunsparce;n-zoroark;4;4;0;8;0.5;mitUnentschieden
6a963bc7629039f77d8a717f;2026-09-07;TEF-PBL;n-zoroark;alakazam-dudunsparce;4;4;0;8;0.5;mitUnentschieden
6a963bc7629039f77d8a717f;2026-09-07;TEF-PBL;mega-excadrill-ex;basic-box-m;1;1;0;2;0.5;mitUnentschieden
6a963bc7629039f77d8a717f;2026-09-07;TEF-PBL;basic-box-m;mega-excadrill-ex;1;1;0;2;0.5;mitUnentschieden
6a963bc7629039f77d8a717f;2026-09-07;TEF-PBL;dragapult-ex;lucario-hariyama;3;2;0;5;0.6;mitUnentschieden
6a963bc7629039f77d8a717f;2026-09-07;TEF-PBL;lucario-hariyama;dragapult-ex;2;3;0;5;0.4;mitUnentschieden
6a963bc7629039f77d8a717f;2026-09-07;TEF-PBL;n-zoroark;kangaskhan-bouffalant;1;0;0;1;1.0;mitUnentschieden
6a963bc7629039f77d8a717f;2026-09-07;TEF-PBL;kangaskhan-bouffalant;n-zoroark;0;1;0;1;0.0;mitUnentschieden
6a963bc7629039f77d8a717f;2026-09-07;TEF-PBL;rocket-mewtwo-ex;mega-excadrill-ex;1;2;0;3;0.333333;mitUnentschieden
6a963bc7629039f77d8a717f;2026-09-07;TEF-PBL;mega-excadrill-ex;rocket-mewtwo-ex;2;1;0;3;0.666667;mitUnentschieden
6a963bc7629039f77d8a717f;2026-09-07;TEF-PBL;festival-lead;n-zoroark;2;1;0;3;0.666667;mitUnentschieden
6a963bc7629039f77d8a717f;2026-09-07;TEF-PBL;n-zoroark;festival-lead;1;2;0;3;0.333333;mitUnentschieden
6a963bc7629039f77d8a717f;2026-09-07;TEF-PBL;sharpedo-toxtricity;dhelmise-pbl;1;1;0;2;0.5;mitUnentschieden
6a963bc7629039f77d8a717f;2026-09-07;TEF-PBL;dhelmise-pbl;sharpedo-toxtricity;1;1;0;2;0.5;mitUnentschieden
6a963bc7629039f77d8a717f;2026-09-07;TEF-PBL;dragapult-dudunsparce;alakazam-dudunsparce;1;1;0;2;0.5;mitUnentschieden
6a963bc7629039f77d8a717f;2026-09-07;TEF-PBL;alakazam-dudunsparce;dragapult-dudunsparce;1;1;0;2;0.5;mitUnentschieden
6a963bc7629039f77d8a717f;2026-09-07;TEF-PBL;cynthia-garchomp-ex;alakazam-dudunsparce;1;1;0;2;0.5;mitUnentschieden
6a963bc7629039f77d8a717f;2026-09-07;TEF-PBL;alakazam-dudunsparce;cynthia-garchomp-ex;1;1;0;2;0.5;mitUnentschieden
6a963bc7629039f77d8a717f;2026-09-07;TEF-PBL;dragapult-blaziken;mega-excadrill-ex;3;1;0;4;0.75;mitUnentschieden
6a963bc7629039f77d8a717f;2026-09-07;TEF-PBL;mega-excadrill-ex;dragapult-blaziken;1;3;0;4;0.25;mitUnentschieden
6a963bc7629039f77d8a717f;2026-09-07;TEF-PBL;slowking-scr;dragapult-ex;5;7;0;12;0.416667;mitUnentschieden
6a963bc7629039f77d8a717f;2026-09-07;TEF-PBL;dragapult-ex;slowking-scr;7;5;0;12;0.583333;mitUnentschieden
6a963bc7629039f77d8a717f;2026-09-07;TEF-PBL;alakazam-dusknoir;cynthia-garchomp-ex;1;0;0;1;1.0;mitUnentschieden
6a963bc7629039f77d8a717f;2026-09-07;TEF-PBL;cynthia-garchomp-ex;alakazam-dusknoir;0;1;0;1;0.0;mitUnentschieden
6a963bc7629039f77d8a717f;2026-09-07;TEF-PBL;slowking-scr;crustle-dri;1;0;0;1;1.0;mitUnentschieden
6a963bc7629039f77d8a717f;2026-09-07;TEF-PBL;crustle-dri;slowking-scr;0;1;0;1;0.0;mitUnentschieden
6a963bc7629039f77d8a717f;2026-09-07;TEF-PBL;alakazam-dudunsparce;dragapult-ex;3;5;0;8;0.375;mitUnentschieden
6a963bc7629039f77d8a717f;2026-09-07;TEF-PBL;dragapult-ex;alakazam-dudunsparce;5;3;0;8;0.625;mitUnentschieden
6a963bc7629039f77d8a717f;2026-09-07;TEF-PBL;dragapult-ex;lopunny-dusknoir;1;1;0;2;0.5;mitUnentschieden
6a963bc7629039f77d8a717f;2026-09-07;TEF-PBL;lopunny-dusknoir;dragapult-ex;1;1;0;2;0.5;mitUnentschieden
6a963bc7629039f77d8a717f;2026-09-07;TEF-PBL;festival-lead;festival-lead;1;1;0;2;0.5;mitUnentschieden
6a963bc7629039f77d8a717f;2026-09-07;TEF-PBL;grimmsnarl-froslass;alakazam-dudunsparce;1;1;0;2;0.5;mitUnentschieden
6a963bc7629039f77d8a717f;2026-09-07;TEF-PBL;alakazam-dudunsparce;grimmsnarl-froslass;1;1;0;2;0.5;mitUnentschieden
6a963bc7629039f77d8a717f;2026-09-07;TEF-PBL;hops-trevenant;jellicent-dusknoir;1;0;0;1;1.0;mitUnentschieden
6a963bc7629039f77d8a717f;2026-09-07;TEF-PBL;jellicent-dusknoir;hops-trevenant;0;1;0;1;0.0;mitUnentschieden
6a963bc7629039f77d8a717f;2026-09-07;TEF-PBL;dragapult-ex;greninja-ex;2;2;0;4;0.5;mitUnentschieden
6a963bc7629039f77d8a717f;2026-09-07;TEF-PBL;greninja-ex;dragapult-ex;2;2;0;4;0.5;mitUnentschieden
6a963bc7629039f77d8a717f;2026-09-07;TEF-PBL;mega-absol-box;dragapult-ex;0;1;0;1;0.0;mitUnentschieden
6a963bc7629039f77d8a717f;2026-09-07;TEF-PBL;dragapult-ex;mega-absol-box;1;0;0;1;1.0;mitUnentschieden
6a963bc7629039f77d8a717f;2026-09-07;TEF-PBL;dragapult-ex;sharpedo-toxtricity;1;2;0;3;0.333333;mitUnentschieden
6a963bc7629039f77d8a717f;2026-09-07;TEF-PBL;sharpedo-toxtricity;dragapult-ex;2;1;0;3;0.666667;mitUnentschieden
6a963bc7629039f77d8a717f;2026-09-07;TEF-PBL;dragapult-ex;crustle-dri;0;3;0;3;0.0;mitUnentschieden
6a963bc7629039f77d8a717f;2026-09-07;TEF-PBL;crustle-dri;dragapult-ex;3;0;0;3;1.0;mitUnentschieden
6a963bc7629039f77d8a717f;2026-09-07;TEF-PBL;dragapult-dusknoir;beedrill-ex-cri;0;1;0;1;0.0;mitUnentschieden
6a963bc7629039f77d8a717f;2026-09-07;TEF-PBL;beedrill-ex-cri;dragapult-dusknoir;1;0;0;1;1.0;mitUnentschieden
6a963bc7629039f77d8a717f;2026-09-07;TEF-PBL;dragapult-ex;dragapult-ex;12;12;0;24;0.5;mitUnentschieden
6a963bc7629039f77d8a717f;2026-09-07;TEF-PBL;ursaluna-lunatone;dragapult-ex;0;1;0;1;0.0;mitUnentschieden
6a963bc7629039f77d8a717f;2026-09-07;TEF-PBL;dragapult-ex;ursaluna-lunatone;1;0;0;1;1.0;mitUnentschieden
6a963bc7629039f77d8a717f;2026-09-07;TEF-PBL;mega-greninja-ex;dragapult-ex;0;2;0;2;0.0;mitUnentschieden
6a963bc7629039f77d8a717f;2026-09-07;TEF-PBL;dragapult-ex;mega-greninja-ex;1;1;0;2;0.5;mitUnentschieden
6a963bc7629039f77d8a717f;2026-09-07;TEF-PBL;festival-lead;alakazam-dusknoir;0;1;0;1;0.0;mitUnentschieden
6a963bc7629039f77d8a717f;2026-09-07;TEF-PBL;alakazam-dusknoir;festival-lead;1;0;0;1;1.0;mitUnentschieden
6a963bc7629039f77d8a717f;2026-09-07;TEF-PBL;rocket-mewtwo-ex;lopunny-dudunsparce;1;1;0;2;0.5;mitUnentschieden
6a963bc7629039f77d8a717f;2026-09-07;TEF-PBL;lopunny-dudunsparce;rocket-mewtwo-ex;1;1;0;2;0.5;mitUnentschieden
6a963bc7629039f77d8a717f;2026-09-07;TEF-PBL;dragapult-ex;toucannon-pbl;0;0;1;1;0.0;mitUnentschieden
6a963bc7629039f77d8a717f;2026-09-07;TEF-PBL;toucannon-pbl;dragapult-ex;0;0;1;1;0.0;mitUnentschieden
6a963bc7629039f77d8a717f;2026-09-07;TEF-PBL;n-zoroark;n-zoroark;3;3;0;6;0.5;mitUnentschieden
6a963bc7629039f77d8a717f;2026-09-07;TEF-PBL;ogerpon-meganium-hydrapple;mega-chandelure-ex;0;1;0;1;0.0;mitUnentschieden
6a963bc7629039f77d8a717f;2026-09-07;TEF-PBL;mega-chandelure-ex;ogerpon-meganium-hydrapple;1;0;0;1;1.0;mitUnentschieden
6a963bc7629039f77d8a717f;2026-09-07;TEF-PBL;n-zoroark;mega-lucario-ex;0;1;0;1;0.0;mitUnentschieden
6a963bc7629039f77d8a717f;2026-09-07;TEF-PBL;mega-lucario-ex;n-zoroark;1;0;0;1;1.0;mitUnentschieden
6a963bc7629039f77d8a717f;2026-09-07;TEF-PBL;toxtricity-pfl;dragapult-ex;1;3;0;4;0.25;mitUnentschieden
6a963bc7629039f77d8a717f;2026-09-07;TEF-PBL;dragapult-ex;toxtricity-pfl;3;1;0;4;0.75;mitUnentschieden
6a963bc7629039f77d8a717f;2026-09-07;TEF-PBL;dragapult-ex;mega-starmie-ex;1;0;0;1;1.0;mitUnentschieden
6a963bc7629039f77d8a717f;2026-09-07;TEF-PBL;mega-starmie-ex;dragapult-ex;0;1;0;1;0.0;mitUnentschieden
6a963bc7629039f77d8a717f;2026-09-07;TEF-PBL;n-zoroark;dragapult-blaziken;1;2;0;3;0.333333;mitUnentschieden
6a963bc7629039f77d8a717f;2026-09-07;TEF-PBL;dragapult-blaziken;n-zoroark;1;2;0;3;0.333333;mitUnentschieden
6a963bc7629039f77d8a717f;2026-09-07;TEF-PBL;dragapult-ex;joltik-box;2;0;0;2;1.0;mitUnentschieden
6a963bc7629039f77d8a717f;2026-09-07;TEF-PBL;joltik-box;dragapult-ex;0;2;0;2;0.0;mitUnentschieden
6a963bc7629039f77d8a717f;2026-09-07;TEF-PBL;rockets-honchkrow;lopunny-dusknoir;2;0;0;2;1.0;mitUnentschieden
6a963bc7629039f77d8a717f;2026-09-07;TEF-PBL;lopunny-dusknoir;rockets-honchkrow;0;2;0;2;0.0;mitUnentschieden
6a963bc7629039f77d8a717f;2026-09-07;TEF-PBL;dragapult-ex;grimmsnarl-froslass;2;3;1;6;0.333333;mitUnentschieden
6a963bc7629039f77d8a717f;2026-09-07;TEF-PBL;grimmsnarl-froslass;dragapult-ex;3;2;1;6;0.5;mitUnentschieden
6a963bc7629039f77d8a717f;2026-09-07;TEF-PBL;dragapult-dusknoir;lucario-hariyama;0;2;0;2;0.0;mitUnentschieden
6a963bc7629039f77d8a717f;2026-09-07;TEF-PBL;lucario-hariyama;dragapult-dusknoir;2;0;0;2;1.0;mitUnentschieden
6a963bc7629039f77d8a717f;2026-09-07;TEF-PBL;palafin-ex;lopunny-dusknoir;0;1;0;1;0.0;mitUnentschieden
6a963bc7629039f77d8a717f;2026-09-07;TEF-PBL;lopunny-dusknoir;palafin-ex;1;0;0;1;1.0;mitUnentschieden
6a963bc7629039f77d8a717f;2026-09-07;TEF-PBL;mega-excadrill-ex;lucario-hariyama;1;0;0;1;1.0;mitUnentschieden
6a963bc7629039f77d8a717f;2026-09-07;TEF-PBL;lucario-hariyama;mega-excadrill-ex;0;1;0;1;0.0;mitUnentschieden
6a963bc7629039f77d8a717f;2026-09-07;TEF-PBL;basic-box-m;n-zoroark;2;2;0;4;0.5;mitUnentschieden
6a963bc7629039f77d8a717f;2026-09-07;TEF-PBL;n-zoroark;basic-box-m;2;2;0;4;0.5;mitUnentschieden
6a963bc7629039f77d8a717f;2026-09-07;TEF-PBL;hops-trevenant;grimmsnarl-froslass;0;2;0;2;0.0;mitUnentschieden
6a963bc7629039f77d8a717f;2026-09-07;TEF-PBL;grimmsnarl-froslass;hops-trevenant;2;0;0;2;1.0;mitUnentschieden
6a963bc7629039f77d8a717f;2026-09-07;TEF-PBL;lucario-hariyama;stevens-metagross;0;1;0;1;0.0;mitUnentschieden
6a963bc7629039f77d8a717f;2026-09-07;TEF-PBL;stevens-metagross;lucario-hariyama;1;0;0;1;1.0;mitUnentschieden
6a963bc7629039f77d8a717f;2026-09-07;TEF-PBL;alakazam-dudunsparce;mega-abomasnow-ex;2;0;0;2;1.0;mitUnentschieden
6a963bc7629039f77d8a717f;2026-09-07;TEF-PBL;mega-abomasnow-ex;alakazam-dudunsparce;0;2;0;2;0.0;mitUnentschieden
6a963bc7629039f77d8a717f;2026-09-07;TEF-PBL;rockets-honchkrow;dragapult-ex;2;4;0;6;0.333333;mitUnentschieden
6a963bc7629039f77d8a717f;2026-09-07;TEF-PBL;dragapult-ex;rockets-honchkrow;4;2;0;6;0.666667;mitUnentschieden
6a963bc7629039f77d8a717f;2026-09-07;TEF-PBL;dragapult-blaziken;ogerpon-meganium-hydrapple;0;2;0;2;0.0;mitUnentschieden
6a963bc7629039f77d8a717f;2026-09-07;TEF-PBL;ogerpon-meganium-hydrapple;dragapult-blaziken;2;0;0;2;1.0;mitUnentschieden
6a963bc7629039f77d8a717f;2026-09-07;TEF-PBL;slowking-scr;hops-trevenant;1;2;0;3;0.333333;mitUnentschieden
6a963bc7629039f77d8a717f;2026-09-07;TEF-PBL;hops-trevenant;slowking-scr;2;1;0;3;0.666667;mitUnentschieden
6a963bc7629039f77d8a717f;2026-09-07;TEF-PBL;dragapult-dusknoir;grimmsnarl-froslass;1;3;0;4;0.25;mitUnentschieden
6a963bc7629039f77d8a717f;2026-09-07;TEF-PBL;grimmsnarl-froslass;dragapult-dusknoir;3;1;0;4;0.75;mitUnentschieden
6a963bc7629039f77d8a717f;2026-09-07;TEF-PBL;mega-darkrai-ex;dragapult-froslass;1;0;0;1;1.0;mitUnentschieden
6a963bc7629039f77d8a717f;2026-09-07;TEF-PBL;dragapult-froslass;mega-darkrai-ex;0;1;0;1;0.0;mitUnentschieden
6a963bc7629039f77d8a717f;2026-09-07;TEF-PBL;slowking-scr;beedrill-ex-cri;1;0;0;1;1.0;mitUnentschieden
6a963bc7629039f77d8a717f;2026-09-07;TEF-PBL;beedrill-ex-cri;slowking-scr;0;1;0;1;0.0;mitUnentschieden
6a963bc7629039f77d8a717f;2026-09-07;TEF-PBL;kangaskhan-bouffalant;lopunny-dudunsparce;0;1;0;1;0.0;mitUnentschieden
6a963bc7629039f77d8a717f;2026-09-07;TEF-PBL;lopunny-dudunsparce;kangaskhan-bouffalant;1;0;0;1;1.0;mitUnentschieden
6a963bc7629039f77d8a717f;2026-09-07;TEF-PBL;festival-lead;grimmsnarl-froslass;1;1;0;2;0.5;mitUnentschieden
6a963bc7629039f77d8a717f;2026-09-07;TEF-PBL;grimmsnarl-froslass;festival-lead;1;1;0;2;0.5;mitUnentschieden
6a963bc7629039f77d8a717f;2026-09-07;TEF-PBL;hydreigon-ex;n-zoroark;0;1;0;1;0.0;mitUnentschieden
6a963bc7629039f77d8a717f;2026-09-07;TEF-PBL;n-zoroark;hydreigon-ex;1;0;0;1;1.0;mitUnentschieden
6a963bc7629039f77d8a717f;2026-09-07;TEF-PBL;alakazam-dusknoir;slowking-scr;1;1;0;2;0.5;mitUnentschieden
6a963bc7629039f77d8a717f;2026-09-07;TEF-PBL;slowking-scr;alakazam-dusknoir;1;1;0;2;0.5;mitUnentschieden
6a963bc7629039f77d8a717f;2026-09-07;TEF-PBL;rocket-mewtwo-ex;dragapult-ex;2;2;0;4;0.5;mitUnentschieden
6a963bc7629039f77d8a717f;2026-09-07;TEF-PBL;dragapult-ex;rocket-mewtwo-ex;2;2;0;4;0.5;mitUnentschieden
6a963bc7629039f77d8a717f;2026-09-07;TEF-PBL;n-zoroark;lopunny-dudunsparce;1;2;0;3;0.333333;mitUnentschieden
6a963bc7629039f77d8a717f;2026-09-07;TEF-PBL;lopunny-dudunsparce;n-zoroark;2;1;0;3;0.666667;mitUnentschieden
6a963bc7629039f77d8a717f;2026-09-07;TEF-PBL;sharpedo-toxtricity;rocket-mewtwo-ex;0;1;0;1;0.0;mitUnentschieden
6a963bc7629039f77d8a717f;2026-09-07;TEF-PBL;rocket-mewtwo-ex;sharpedo-toxtricity;1;0;0;1;1.0;mitUnentschieden
6a963bc7629039f77d8a717f;2026-09-07;TEF-PBL;dragapult-ex;ethan-typhlosion;1;0;0;1;1.0;mitUnentschieden
6a963bc7629039f77d8a717f;2026-09-07;TEF-PBL;ethan-typhlosion;dragapult-ex;0;1;0;1;0.0;mitUnentschieden
6a963bc7629039f77d8a717f;2026-09-07;TEF-PBL;dragapult-blaziken;dhelmise-pbl;1;2;0;3;0.333333;mitUnentschieden
6a963bc7629039f77d8a717f;2026-09-07;TEF-PBL;dhelmise-pbl;dragapult-blaziken;2;1;0;3;0.666667;mitUnentschieden
6a963bc7629039f77d8a717f;2026-09-07;TEF-PBL;n-zoroark;mega-chandelure-ex;1;0;0;1;1.0;mitUnentschieden
6a963bc7629039f77d8a717f;2026-09-07;TEF-PBL;mega-chandelure-ex;n-zoroark;0;1;0;1;0.0;mitUnentschieden
6a963bc7629039f77d8a717f;2026-09-07;TEF-PBL;crustle-dri;lopunny-dudunsparce;0;1;0;1;0.0;mitUnentschieden
6a963bc7629039f77d8a717f;2026-09-07;TEF-PBL;lopunny-dudunsparce;crustle-dri;1;0;0;1;1.0;mitUnentschieden
6a963bc7629039f77d8a717f;2026-09-07;TEF-PBL;mega-lucario-ex;mega-excadrill-ex;1;0;0;1;1.0;mitUnentschieden
6a963bc7629039f77d8a717f;2026-09-07;TEF-PBL;mega-excadrill-ex;mega-lucario-ex;0;1;0;1;0.0;mitUnentschieden
6a963bc7629039f77d8a717f;2026-09-07;TEF-PBL;rockets-honchkrow;dhelmise-pbl;1;1;0;2;0.5;mitUnentschieden
6a963bc7629039f77d8a717f;2026-09-07;TEF-PBL;dhelmise-pbl;rockets-honchkrow;0;2;0;2;0.0;mitUnentschieden
6a963bc7629039f77d8a717f;2026-09-07;TEF-PBL;basic-box-m;crustle-dri;1;1;0;2;0.5;mitUnentschieden
6a963bc7629039f77d8a717f;2026-09-07;TEF-PBL;crustle-dri;basic-box-m;1;1;0;2;0.5;mitUnentschieden
6a963bc7629039f77d8a717f;2026-09-07;TEF-PBL;dragapult-dusknoir;dragapult-blaziken;3;0;0;3;1.0;mitUnentschieden
6a963bc7629039f77d8a717f;2026-09-07;TEF-PBL;dragapult-blaziken;dragapult-dusknoir;0;3;0;3;0.0;mitUnentschieden
6a963bc7629039f77d8a717f;2026-09-07;TEF-PBL;toxtricity-box;n-zoroark;1;0;0;1;1.0;mitUnentschieden
6a963bc7629039f77d8a717f;2026-09-07;TEF-PBL;n-zoroark;toxtricity-box;0;1;0;1;0.0;mitUnentschieden
6a963bc7629039f77d8a717f;2026-09-07;TEF-PBL;crustle-dri;mega-excadrill-ex;1;3;0;4;0.25;mitUnentschieden
6a963bc7629039f77d8a717f;2026-09-07;TEF-PBL;mega-excadrill-ex;crustle-dri;3;1;0;4;0.75;mitUnentschieden
6a963bc7629039f77d8a717f;2026-09-07;TEF-PBL;basic-box-m;rockets-honchkrow;0;1;0;1;0.0;mitUnentschieden
6a963bc7629039f77d8a717f;2026-09-07;TEF-PBL;rockets-honchkrow;basic-box-m;1;0;0;1;1.0;mitUnentschieden
6a963bc7629039f77d8a717f;2026-09-07;TEF-PBL;dragapult-ex;dragapult-blaziken;3;4;0;7;0.428571;mitUnentschieden
6a963bc7629039f77d8a717f;2026-09-07;TEF-PBL;dragapult-blaziken;dragapult-ex;4;3;0;7;0.571429;mitUnentschieden
6a963bc7629039f77d8a717f;2026-09-07;TEF-PBL;dhelmise-pbl;cinccino-ex;0;1;0;1;0.0;mitUnentschieden
6a963bc7629039f77d8a717f;2026-09-07;TEF-PBL;cinccino-ex;dhelmise-pbl;1;0;0;1;1.0;mitUnentschieden
6a963bc7629039f77d8a717f;2026-09-07;TEF-PBL;basic-box-m;sharpedo-toxtricity;1;1;0;2;0.5;mitUnentschieden
6a963bc7629039f77d8a717f;2026-09-07;TEF-PBL;sharpedo-toxtricity;basic-box-m;1;1;0;2;0.5;mitUnentschieden
6a963bc7629039f77d8a717f;2026-09-07;TEF-PBL;alakazam-dudunsparce;festival-lead;0;1;0;1;0.0;mitUnentschieden
6a963bc7629039f77d8a717f;2026-09-07;TEF-PBL;festival-lead;alakazam-dudunsparce;1;0;0;1;1.0;mitUnentschieden
6a963bc7629039f77d8a717f;2026-09-07;TEF-PBL;raging-bolt-ogerpon;hops-trevenant;0;1;0;1;0.0;mitUnentschieden
6a963bc7629039f77d8a717f;2026-09-07;TEF-PBL;hops-trevenant;raging-bolt-ogerpon;1;0;0;1;1.0;mitUnentschieden
6a963bc7629039f77d8a717f;2026-09-07;TEF-PBL;n-zoroark;dragapult-dusknoir;5;2;0;7;0.714286;mitUnentschieden
6a963bc7629039f77d8a717f;2026-09-07;TEF-PBL;dragapult-dusknoir;n-zoroark;2;5;0;7;0.285714;mitUnentschieden
6a963bc7629039f77d8a717f;2026-09-07;TEF-PBL;mega-greninja-ex;raging-bolt-ogerpon;0;1;0;1;0.0;mitUnentschieden
6a963bc7629039f77d8a717f;2026-09-07;TEF-PBL;raging-bolt-ogerpon;mega-greninja-ex;1;0;0;1;1.0;mitUnentschieden
6a963bc7629039f77d8a717f;2026-09-07;TEF-PBL;crustle-dri;starmie-dusknoir;0;1;1;2;0.0;mitUnentschieden
6a963bc7629039f77d8a717f;2026-09-07;TEF-PBL;starmie-dusknoir;crustle-dri;1;0;1;2;0.5;mitUnentschieden
6a963bc7629039f77d8a717f;2026-09-07;TEF-PBL;blaziken-zoroark;dragapult-ex;1;0;0;1;1.0;mitUnentschieden
6a963bc7629039f77d8a717f;2026-09-07;TEF-PBL;dragapult-ex;blaziken-zoroark;0;1;0;1;0.0;mitUnentschieden
6a963bc7629039f77d8a717f;2026-09-07;TEF-PBL;sharpedo-toxtricity;lopunny-dudunsparce;1;1;0;2;0.5;mitUnentschieden
6a963bc7629039f77d8a717f;2026-09-07;TEF-PBL;lopunny-dudunsparce;sharpedo-toxtricity;1;1;0;2;0.5;mitUnentschieden
6a963bc7629039f77d8a717f;2026-09-07;TEF-PBL;alakazam-dudunsparce;mega-excadrill-ex;1;3;0;4;0.25;mitUnentschieden
6a963bc7629039f77d8a717f;2026-09-07;TEF-PBL;mega-excadrill-ex;alakazam-dudunsparce;3;1;0;4;0.75;mitUnentschieden
6a963bc7629039f77d8a717f;2026-09-07;TEF-PBL;dragapult-ex;dhelmise-pbl;2;0;0;2;1.0;mitUnentschieden
6a963bc7629039f77d8a717f;2026-09-07;TEF-PBL;dhelmise-pbl;dragapult-ex;0;2;0;2;0.0;mitUnentschieden
6a963bc7629039f77d8a717f;2026-09-07;TEF-PBL;festival-lead;cinccino-ex;0;1;0;1;0.0;mitUnentschieden
6a963bc7629039f77d8a717f;2026-09-07;TEF-PBL;cinccino-ex;festival-lead;1;0;0;1;1.0;mitUnentschieden
6a963bc7629039f77d8a717f;2026-09-07;TEF-PBL;dragapult-ex;alakazam-dusknoir;1;2;0;3;0.333333;mitUnentschieden
6a963bc7629039f77d8a717f;2026-09-07;TEF-PBL;alakazam-dusknoir;dragapult-ex;2;1;0;3;0.666667;mitUnentschieden
6a963bc7629039f77d8a717f;2026-09-07;TEF-PBL;lopunny-dudunsparce;cynthia-garchomp-ex;1;1;0;2;0.5;mitUnentschieden
6a963bc7629039f77d8a717f;2026-09-07;TEF-PBL;cynthia-garchomp-ex;lopunny-dudunsparce;1;1;0;2;0.5;mitUnentschieden
6a963bc7629039f77d8a717f;2026-09-07;TEF-PBL;festival-lead;dragapult-dusknoir;1;2;0;3;0.333333;mitUnentschieden
6a963bc7629039f77d8a717f;2026-09-07;TEF-PBL;dragapult-dusknoir;festival-lead;2;1;0;3;0.666667;mitUnentschieden
6a963bc7629039f77d8a717f;2026-09-07;TEF-PBL;dragapult-dudunsparce;mega-excadrill-ex;1;0;0;1;1.0;mitUnentschieden
6a963bc7629039f77d8a717f;2026-09-07;TEF-PBL;mega-excadrill-ex;dragapult-dudunsparce;0;1;0;1;0.0;mitUnentschieden
6a963bc7629039f77d8a717f;2026-09-07;TEF-PBL;crustle-dri;dragapult-dusknoir;2;0;0;2;1.0;mitUnentschieden
6a963bc7629039f77d8a717f;2026-09-07;TEF-PBL;dragapult-dusknoir;crustle-dri;0;2;0;2;0.0;mitUnentschieden
6a963bc7629039f77d8a717f;2026-09-07;TEF-PBL;n-zoroark;rockets-honchkrow;1;3;0;4;0.25;mitUnentschieden
6a963bc7629039f77d8a717f;2026-09-07;TEF-PBL;rockets-honchkrow;n-zoroark;2;2;0;4;0.5;mitUnentschieden
6a963bc7629039f77d8a717f;2026-09-07;TEF-PBL;rocket-mewtwo-ex;alakazam-dusknoir;1;1;0;2;0.5;mitUnentschieden
6a963bc7629039f77d8a717f;2026-09-07;TEF-PBL;alakazam-dusknoir;rocket-mewtwo-ex;1;1;0;2;0.5;mitUnentschieden
6a963bc7629039f77d8a717f;2026-09-07;TEF-PBL;slowking-scr;alakazam-dudunsparce;1;6;0;7;0.142857;mitUnentschieden
6a963bc7629039f77d8a717f;2026-09-07;TEF-PBL;alakazam-dudunsparce;slowking-scr;6;1;0;7;0.857143;mitUnentschieden
6a963bc7629039f77d8a717f;2026-09-07;TEF-PBL;lopunny-dusknoir;beedrill-ex-cri;1;0;0;1;1.0;mitUnentschieden
6a963bc7629039f77d8a717f;2026-09-07;TEF-PBL;beedrill-ex-cri;lopunny-dusknoir;0;1;0;1;0.0;mitUnentschieden
6a963bc7629039f77d8a717f;2026-09-07;TEF-PBL;dragapult-ex;lopunny-dudunsparce;2;2;0;4;0.5;mitUnentschieden
6a963bc7629039f77d8a717f;2026-09-07;TEF-PBL;lopunny-dudunsparce;dragapult-ex;2;2;0;4;0.5;mitUnentschieden
6a963bc7629039f77d8a717f;2026-09-07;TEF-PBL;mega-lucario-ex;toxtricity-box;1;0;0;1;1.0;mitUnentschieden
6a963bc7629039f77d8a717f;2026-09-07;TEF-PBL;toxtricity-box;mega-lucario-ex;0;1;0;1;0.0;mitUnentschieden
6a963bc7629039f77d8a717f;2026-09-07;TEF-PBL;alakazam-dudunsparce;lopunny-dudunsparce;2;0;0;2;1.0;mitUnentschieden
6a963bc7629039f77d8a717f;2026-09-07;TEF-PBL;lopunny-dudunsparce;alakazam-dudunsparce;0;2;0;2;0.0;mitUnentschieden
6a963bc7629039f77d8a717f;2026-09-07;TEF-PBL;alakazam-dudunsparce;mega-chandelure-ex;2;0;0;2;1.0;mitUnentschieden
6a963bc7629039f77d8a717f;2026-09-07;TEF-PBL;mega-chandelure-ex;alakazam-dudunsparce;0;2;0;2;0.0;mitUnentschieden
6a963bc7629039f77d8a717f;2026-09-07;TEF-PBL;raging-bolt-ogerpon;basic-box-m;0;1;0;1;0.0;mitUnentschieden
6a963bc7629039f77d8a717f;2026-09-07;TEF-PBL;basic-box-m;raging-bolt-ogerpon;1;0;0;1;1.0;mitUnentschieden
6a963bc7629039f77d8a717f;2026-09-07;TEF-PBL;n-zoroark;crustle-dri;1;0;0;1;1.0;mitUnentschieden
6a963bc7629039f77d8a717f;2026-09-07;TEF-PBL;crustle-dri;n-zoroark;0;1;0;1;0.0;mitUnentschieden
6a963bc7629039f77d8a717f;2026-09-07;TEF-PBL;grimmsnarl-froslass;greninja-ex;0;1;0;1;0.0;mitUnentschieden
6a963bc7629039f77d8a717f;2026-09-07;TEF-PBL;greninja-ex;grimmsnarl-froslass;1;0;0;1;1.0;mitUnentschieden
6a963bc7629039f77d8a717f;2026-09-07;TEF-PBL;festival-lead;stevens-metagross;0;1;0;1;0.0;mitUnentschieden
6a963bc7629039f77d8a717f;2026-09-07;TEF-PBL;stevens-metagross;festival-lead;1;0;0;1;1.0;mitUnentschieden
6a963bc7629039f77d8a717f;2026-09-07;TEF-PBL;mega-starmie-ex;blaziken-zoroark;1;0;0;1;1.0;mitUnentschieden
6a963bc7629039f77d8a717f;2026-09-07;TEF-PBL;blaziken-zoroark;mega-starmie-ex;0;1;0;1;0.0;mitUnentschieden
6a963bc7629039f77d8a717f;2026-09-07;TEF-PBL;rocket-mewtwo-ex;rocket-mewtwo-ex;1;1;0;2;0.5;mitUnentschieden
6a963bc7629039f77d8a717f;2026-09-07;TEF-PBL;n-zoroark;ogerpon-meganium-hydrapple;0;1;0;1;0.0;mitUnentschieden
6a963bc7629039f77d8a717f;2026-09-07;TEF-PBL;ogerpon-meganium-hydrapple;n-zoroark;1;0;0;1;1.0;mitUnentschieden
6a963bc7629039f77d8a717f;2026-09-07;TEF-PBL;lucario-hariyama;slowking-scr;0;1;0;1;0.0;mitUnentschieden
6a963bc7629039f77d8a717f;2026-09-07;TEF-PBL;slowking-scr;lucario-hariyama;1;0;0;1;1.0;mitUnentschieden
6a963bc7629039f77d8a717f;2026-09-07;TEF-PBL;mega-excadrill-ex;dragapult-ex;3;1;0;4;0.75;mitUnentschieden
6a963bc7629039f77d8a717f;2026-09-07;TEF-PBL;dragapult-ex;mega-excadrill-ex;1;3;0;4;0.25;mitUnentschieden
6a963bc7629039f77d8a717f;2026-09-07;TEF-PBL;n-zoroark;hops-trevenant;1;1;0;2;0.5;mitUnentschieden
6a963bc7629039f77d8a717f;2026-09-07;TEF-PBL;hops-trevenant;n-zoroark;1;1;0;2;0.5;mitUnentschieden
6a963bc7629039f77d8a717f;2026-09-07;TEF-PBL;slowking-scr;cynthia-garchomp-ex;2;0;0;2;1.0;mitUnentschieden
6a963bc7629039f77d8a717f;2026-09-07;TEF-PBL;cynthia-garchomp-ex;slowking-scr;0;2;0;2;0.0;mitUnentschieden
6a963bc7629039f77d8a717f;2026-09-07;TEF-PBL;mega-lucario-ex;hops-trevenant;1;0;0;1;1.0;mitUnentschieden
6a963bc7629039f77d8a717f;2026-09-07;TEF-PBL;hops-trevenant;mega-lucario-ex;0;1;0;1;0.0;mitUnentschieden
6a963bc7629039f77d8a717f;2026-09-07;TEF-PBL;grimmsnarl-froslass;sharpedo-toxtricity;0;1;0;1;0.0;mitUnentschieden
6a963bc7629039f77d8a717f;2026-09-07;TEF-PBL;sharpedo-toxtricity;grimmsnarl-froslass;1;0;0;1;1.0;mitUnentschieden
6a963bc7629039f77d8a717f;2026-09-07;TEF-PBL;toucannon-pbl;crustle-dri;1;0;0;1;1.0;mitUnentschieden
6a963bc7629039f77d8a717f;2026-09-07;TEF-PBL;crustle-dri;toucannon-pbl;0;1;0;1;0.0;mitUnentschieden
6a963bc7629039f77d8a717f;2026-09-07;TEF-PBL;crustle-dri;dragapult-blaziken;1;2;0;3;0.333333;mitUnentschieden
6a963bc7629039f77d8a717f;2026-09-07;TEF-PBL;dragapult-blaziken;crustle-dri;2;1;0;3;0.666667;mitUnentschieden
6a963bc7629039f77d8a717f;2026-09-07;TEF-PBL;ursaluna-lunatone;lopunny-dudunsparce;0;1;0;1;0.0;mitUnentschieden
6a963bc7629039f77d8a717f;2026-09-07;TEF-PBL;lopunny-dudunsparce;ursaluna-lunatone;1;0;0;1;1.0;mitUnentschieden
6a963bc7629039f77d8a717f;2026-09-07;TEF-PBL;crustle-dri;alakazam-dudunsparce;1;0;0;1;1.0;mitUnentschieden
6a963bc7629039f77d8a717f;2026-09-07;TEF-PBL;alakazam-dudunsparce;crustle-dri;0;1;0;1;0.0;mitUnentschieden
6a963bc7629039f77d8a717f;2026-09-07;TEF-PBL;alakazam-dudunsparce;ethan-typhlosion;1;0;0;1;1.0;mitUnentschieden
6a963bc7629039f77d8a717f;2026-09-07;TEF-PBL;ethan-typhlosion;alakazam-dudunsparce;0;1;0;1;0.0;mitUnentschieden
6a963bc7629039f77d8a717f;2026-09-07;TEF-PBL;slowking-scr;mega-greninja-ex;1;0;0;1;1.0;mitUnentschieden
6a963bc7629039f77d8a717f;2026-09-07;TEF-PBL;mega-greninja-ex;slowking-scr;0;1;0;1;0.0;mitUnentschieden
6a963bc7629039f77d8a717f;2026-09-07;TEF-PBL;mega-abomasnow-ex;festival-lead;0;1;0;1;0.0;mitUnentschieden
6a963bc7629039f77d8a717f;2026-09-07;TEF-PBL;festival-lead;mega-abomasnow-ex;1;0;0;1;1.0;mitUnentschieden
6a963bc7629039f77d8a717f;2026-09-07;TEF-PBL;n-zoroark;seaking-pre;1;0;0;1;1.0;mitUnentschieden
6a963bc7629039f77d8a717f;2026-09-07;TEF-PBL;seaking-pre;n-zoroark;0;1;0;1;0.0;mitUnentschieden
6a963bc7629039f77d8a717f;2026-09-07;TEF-PBL;dragapult-blaziken;jellicent-dusknoir;1;1;0;2;0.5;mitUnentschieden
6a963bc7629039f77d8a717f;2026-09-07;TEF-PBL;jellicent-dusknoir;dragapult-blaziken;1;1;0;2;0.5;mitUnentschieden
6a963bc7629039f77d8a717f;2026-09-07;TEF-PBL;alakazam-dudunsparce;dragapult-dusknoir;2;4;0;6;0.333333;mitUnentschieden
6a963bc7629039f77d8a717f;2026-09-07;TEF-PBL;dragapult-dusknoir;alakazam-dudunsparce;4;2;0;6;0.666667;mitUnentschieden
6a963bc7629039f77d8a717f;2026-09-07;TEF-PBL;raging-bolt-ogerpon;lopunny-dusknoir;1;0;0;1;1.0;mitUnentschieden
6a963bc7629039f77d8a717f;2026-09-07;TEF-PBL;lopunny-dusknoir;raging-bolt-ogerpon;0;1;0;1;0.0;mitUnentschieden
6a963bc7629039f77d8a717f;2026-09-07;TEF-PBL;dragapult-ex;mega-darkrai-ex;2;0;0;2;1.0;mitUnentschieden
6a963bc7629039f77d8a717f;2026-09-07;TEF-PBL;mega-darkrai-ex;dragapult-ex;0;2;0;2;0.0;mitUnentschieden
6a963bc7629039f77d8a717f;2026-09-07;TEF-PBL;slowking-scr;rockets-honchkrow;1;3;0;4;0.25;mitUnentschieden
6a963bc7629039f77d8a717f;2026-09-07;TEF-PBL;rockets-honchkrow;slowking-scr;3;1;0;4;0.75;mitUnentschieden
6a963bc7629039f77d8a717f;2026-09-07;TEF-PBL;crustle-dri;crustle-dri;1;1;0;2;0.5;mitUnentschieden
6a963bc7629039f77d8a717f;2026-09-07;TEF-PBL;greninja-ex;n-zoroark;1;0;0;1;1.0;mitUnentschieden
6a963bc7629039f77d8a717f;2026-09-07;TEF-PBL;n-zoroark;greninja-ex;0;1;0;1;0.0;mitUnentschieden
6a963bc7629039f77d8a717f;2026-09-07;TEF-PBL;dragapult-blaziken;palafin-ex;0;1;0;1;0.0;mitUnentschieden
6a963bc7629039f77d8a717f;2026-09-07;TEF-PBL;palafin-ex;dragapult-blaziken;1;0;0;1;1.0;mitUnentschieden
6a963bc7629039f77d8a717f;2026-09-07;TEF-PBL;alakazam-dudunsparce;sharpedo-toxtricity;1;2;0;3;0.333333;mitUnentschieden
6a963bc7629039f77d8a717f;2026-09-07;TEF-PBL;sharpedo-toxtricity;alakazam-dudunsparce;2;1;0;3;0.666667;mitUnentschieden
6a963bc7629039f77d8a717f;2026-09-07;TEF-PBL;dhelmise-pbl;joltik-box;0;1;0;1;0.0;mitUnentschieden
6a963bc7629039f77d8a717f;2026-09-07;TEF-PBL;joltik-box;dhelmise-pbl;1;0;0;1;1.0;mitUnentschieden
6a963bc7629039f77d8a717f;2026-09-07;TEF-PBL;dhelmise-pbl;slowking-scr;0;2;0;2;0.0;mitUnentschieden
6a963bc7629039f77d8a717f;2026-09-07;TEF-PBL;slowking-scr;dhelmise-pbl;2;0;0;2;1.0;mitUnentschieden
6a963bc7629039f77d8a717f;2026-09-07;TEF-PBL;dragapult-dusknoir;hydreigon-ex;1;1;0;2;0.5;mitUnentschieden
6a963bc7629039f77d8a717f;2026-09-07;TEF-PBL;hydreigon-ex;dragapult-dusknoir;1;1;0;2;0.5;mitUnentschieden
6a963bc7629039f77d8a717f;2026-09-07;TEF-PBL;lucario-hariyama;alakazam-dudunsparce;0;1;0;1;0.0;mitUnentschieden
6a963bc7629039f77d8a717f;2026-09-07;TEF-PBL;alakazam-dudunsparce;lucario-hariyama;1;0;0;1;1.0;mitUnentschieden
6a963bc7629039f77d8a717f;2026-09-07;TEF-PBL;dragapult-ex;basic-box-m;1;2;0;3;0.333333;mitUnentschieden
6a963bc7629039f77d8a717f;2026-09-07;TEF-PBL;basic-box-m;dragapult-ex;2;1;0;3;0.666667;mitUnentschieden
6a963bc7629039f77d8a717f;2026-09-07;TEF-PBL;festival-lead;basic-box-m;0;1;0;1;0.0;mitUnentschieden
6a963bc7629039f77d8a717f;2026-09-07;TEF-PBL;basic-box-m;festival-lead;1;0;0;1;1.0;mitUnentschieden
6a963bc7629039f77d8a717f;2026-09-07;TEF-PBL;kangaskhan-bouffalant;ogerpon-meganium-hydrapple;0;1;0;1;0.0;mitUnentschieden
6a963bc7629039f77d8a717f;2026-09-07;TEF-PBL;ogerpon-meganium-hydrapple;kangaskhan-bouffalant;1;0;0;1;1.0;mitUnentschieden
6a963bc7629039f77d8a717f;2026-09-07;TEF-PBL;mega-excadrill-ex;slowking-scr;1;2;0;3;0.333333;mitUnentschieden
6a963bc7629039f77d8a717f;2026-09-07;TEF-PBL;slowking-scr;mega-excadrill-ex;2;1;0;3;0.666667;mitUnentschieden
6a963bc7629039f77d8a717f;2026-09-07;TEF-PBL;n-zoroark;toxtricity-pfl;0;0;1;1;0.0;mitUnentschieden
6a963bc7629039f77d8a717f;2026-09-07;TEF-PBL;toxtricity-pfl;n-zoroark;0;0;1;1;0.0;mitUnentschieden
6a963bc7629039f77d8a717f;2026-09-07;TEF-PBL;basic-box-m;hops-trevenant;0;2;0;2;0.0;mitUnentschieden
6a963bc7629039f77d8a717f;2026-09-07;TEF-PBL;hops-trevenant;basic-box-m;2;0;0;2;1.0;mitUnentschieden
6a963bc7629039f77d8a717f;2026-09-07;TEF-PBL;mega-manectric-ex-meg;dragapult-dusknoir;0;1;0;1;0.0;mitUnentschieden
6a963bc7629039f77d8a717f;2026-09-07;TEF-PBL;dragapult-dusknoir;mega-manectric-ex-meg;1;0;0;1;1.0;mitUnentschieden
6a963bc7629039f77d8a717f;2026-09-07;TEF-PBL;n-zoroark;alakazam-dusknoir;1;2;0;3;0.333333;mitUnentschieden
6a963bc7629039f77d8a717f;2026-09-07;TEF-PBL;alakazam-dusknoir;n-zoroark;2;1;0;3;0.666667;mitUnentschieden
6a963bc7629039f77d8a717f;2026-09-07;TEF-PBL;mega-excadrill-ex;n-zoroark;2;3;0;5;0.4;mitUnentschieden
6a963bc7629039f77d8a717f;2026-09-07;TEF-PBL;n-zoroark;mega-excadrill-ex;3;2;0;5;0.6;mitUnentschieden
6a963bc7629039f77d8a717f;2026-09-07;TEF-PBL;dhelmise-pbl;mega-starmie-ex;0;1;0;1;0.0;mitUnentschieden
6a963bc7629039f77d8a717f;2026-09-07;TEF-PBL;mega-starmie-ex;dhelmise-pbl;1;0;0;1;1.0;mitUnentschieden
6a963bc7629039f77d8a717f;2026-09-07;TEF-PBL;lucario-hariyama;dragapult-blaziken;0;1;0;1;0.0;mitUnentschieden
6a963bc7629039f77d8a717f;2026-09-07;TEF-PBL;dragapult-blaziken;lucario-hariyama;1;0;0;1;1.0;mitUnentschieden
6a963bc7629039f77d8a717f;2026-09-07;TEF-PBL;alakazam-dudunsparce;rockets-honchkrow;1;1;0;2;0.5;mitUnentschieden
6a963bc7629039f77d8a717f;2026-09-07;TEF-PBL;rockets-honchkrow;alakazam-dudunsparce;1;1;0;2;0.5;mitUnentschieden
6a963bc7629039f77d8a717f;2026-09-07;TEF-PBL;mega-lucario-ex;dragapult-ex;1;1;0;2;0.5;mitUnentschieden
6a963bc7629039f77d8a717f;2026-09-07;TEF-PBL;dragapult-ex;mega-lucario-ex;1;1;0;2;0.5;mitUnentschieden
6a963bc7629039f77d8a717f;2026-09-07;TEF-PBL;cinccino-ex;sharpedo-toxtricity;0;1;0;1;0.0;mitUnentschieden
6a963bc7629039f77d8a717f;2026-09-07;TEF-PBL;sharpedo-toxtricity;cinccino-ex;1;0;0;1;1.0;mitUnentschieden
6a963bc7629039f77d8a717f;2026-09-07;TEF-PBL;dragapult-dusknoir;mega-lucario-ex;0;2;0;2;0.0;mitUnentschieden
6a963bc7629039f77d8a717f;2026-09-07;TEF-PBL;mega-lucario-ex;dragapult-dusknoir;2;0;0;2;1.0;mitUnentschieden
6a963bc7629039f77d8a717f;2026-09-07;TEF-PBL;n-zoroark;stevens-metagross;1;0;0;1;1.0;mitUnentschieden
6a963bc7629039f77d8a717f;2026-09-07;TEF-PBL;stevens-metagross;n-zoroark;0;1;0;1;0.0;mitUnentschieden
6a963bc7629039f77d8a717f;2026-09-07;TEF-PBL;mega-darkrai-ex;mega-excadrill-ex;1;0;0;1;1.0;mitUnentschieden
6a963bc7629039f77d8a717f;2026-09-07;TEF-PBL;mega-excadrill-ex;mega-darkrai-ex;0;1;0;1;0.0;mitUnentschieden
6a963bc7629039f77d8a717f;2026-09-07;TEF-PBL;mega-starmie-ex;alakazam-dudunsparce;0;1;0;1;0.0;mitUnentschieden
6a963bc7629039f77d8a717f;2026-09-07;TEF-PBL;alakazam-dudunsparce;mega-starmie-ex;1;0;0;1;1.0;mitUnentschieden
6a963bc7629039f77d8a717f;2026-09-07;TEF-PBL;rockets-honchkrow;mega-excadrill-ex;1;0;0;1;1.0;mitUnentschieden
6a963bc7629039f77d8a717f;2026-09-07;TEF-PBL;mega-excadrill-ex;rockets-honchkrow;0;1;0;1;0.0;mitUnentschieden
6a963bc7629039f77d8a717f;2026-09-07;TEF-PBL;alakazam-dudunsparce;alakazam-dusknoir;0;1;0;1;0.0;mitUnentschieden
6a963bc7629039f77d8a717f;2026-09-07;TEF-PBL;alakazam-dusknoir;alakazam-dudunsparce;1;0;0;1;1.0;mitUnentschieden
6a963bc7629039f77d8a717f;2026-09-07;TEF-PBL;dragapult-blaziken;alakazam-dusknoir;1;0;0;1;1.0;mitUnentschieden
6a963bc7629039f77d8a717f;2026-09-07;TEF-PBL;alakazam-dusknoir;dragapult-blaziken;0;1;0;1;0.0;mitUnentschieden
6a963bc7629039f77d8a717f;2026-09-07;TEF-PBL;dragapult-ex;dragapult-dudunsparce;0;1;0;1;0.0;mitUnentschieden
6a963bc7629039f77d8a717f;2026-09-07;TEF-PBL;dragapult-dudunsparce;dragapult-ex;1;0;0;1;1.0;mitUnentschieden
6a963bc7629039f77d8a717f;2026-09-07;TEF-PBL;ogerpon-meganium-hydrapple;alakazam-dusknoir;1;0;0;1;1.0;mitUnentschieden
6a963bc7629039f77d8a717f;2026-09-07;TEF-PBL;alakazam-dusknoir;ogerpon-meganium-hydrapple;0;1;0;1;0.0;mitUnentschieden
6a963bc7629039f77d8a717f;2026-09-07;TEF-PBL;cynthia-garchomp-ex;dragapult-ex;2;0;0;2;1.0;mitUnentschieden
6a963bc7629039f77d8a717f;2026-09-07;TEF-PBL;dragapult-ex;cynthia-garchomp-ex;0;2;0;2;0.0;mitUnentschieden
6a963bc7629039f77d8a717f;2026-09-07;TEF-PBL;lopunny-dusknoir;toucannon-pbl;1;0;0;1;1.0;mitUnentschieden
6a963bc7629039f77d8a717f;2026-09-07;TEF-PBL;toucannon-pbl;lopunny-dusknoir;0;1;0;1;0.0;mitUnentschieden
6a963bc7629039f77d8a717f;2026-09-07;TEF-PBL;starmie-dusknoir;dragapult-dusknoir;0;1;0;1;0.0;mitUnentschieden
6a963bc7629039f77d8a717f;2026-09-07;TEF-PBL;dragapult-dusknoir;starmie-dusknoir;1;0;0;1;1.0;mitUnentschieden
6a963bc7629039f77d8a717f;2026-09-07;TEF-PBL;basic-box-m;toxtricity-box;1;0;0;1;1.0;mitUnentschieden
6a963bc7629039f77d8a717f;2026-09-07;TEF-PBL;toxtricity-box;basic-box-m;0;1;0;1;0.0;mitUnentschieden
6a963bc7629039f77d8a717f;2026-09-07;TEF-PBL;grimmsnarl-froslass;cynthia-garchomp-ex;0;1;0;1;0.0;mitUnentschieden
6a963bc7629039f77d8a717f;2026-09-07;TEF-PBL;cynthia-garchomp-ex;grimmsnarl-froslass;1;0;0;1;1.0;mitUnentschieden
6a963bc7629039f77d8a717f;2026-09-07;TEF-PBL;mega-excadrill-ex;dhelmise-pbl;2;0;0;2;1.0;mitUnentschieden
6a963bc7629039f77d8a717f;2026-09-07;TEF-PBL;dhelmise-pbl;mega-excadrill-ex;0;2;0;2;0.0;mitUnentschieden
6a963bc7629039f77d8a717f;2026-09-07;TEF-PBL;n-zoroark;slowking-scr;1;2;0;3;0.333333;mitUnentschieden
6a963bc7629039f77d8a717f;2026-09-07;TEF-PBL;slowking-scr;n-zoroark;2;1;0;3;0.666667;mitUnentschieden
6a963bc7629039f77d8a717f;2026-09-07;TEF-PBL;mega-starmie-ex;grimmsnarl-froslass;2;0;0;2;1.0;mitUnentschieden
6a963bc7629039f77d8a717f;2026-09-07;TEF-PBL;grimmsnarl-froslass;mega-starmie-ex;0;2;0;2;0.0;mitUnentschieden
6a963bc7629039f77d8a717f;2026-09-07;TEF-PBL;raging-bolt-ogerpon;ogerpon-meganium-hydrapple;0;1;0;1;0.0;mitUnentschieden
6a963bc7629039f77d8a717f;2026-09-07;TEF-PBL;ogerpon-meganium-hydrapple;raging-bolt-ogerpon;1;0;0;1;1.0;mitUnentschieden
6a963bc7629039f77d8a717f;2026-09-07;TEF-PBL;hops-trevenant;alakazam-dudunsparce;1;0;0;1;1.0;mitUnentschieden
6a963bc7629039f77d8a717f;2026-09-07;TEF-PBL;alakazam-dudunsparce;hops-trevenant;0;1;0;1;0.0;mitUnentschieden
6a963bc7629039f77d8a717f;2026-09-07;TEF-PBL;palafin-ex;alakazam-dudunsparce;0;1;0;1;0.0;mitUnentschieden
6a963bc7629039f77d8a717f;2026-09-07;TEF-PBL;alakazam-dudunsparce;palafin-ex;1;0;0;1;1.0;mitUnentschieden
6a963bc7629039f77d8a717f;2026-09-07;TEF-PBL;beedrill-ex-cri;festival-lead;0;1;0;1;0.0;mitUnentschieden
6a963bc7629039f77d8a717f;2026-09-07;TEF-PBL;festival-lead;beedrill-ex-cri;1;0;0;1;1.0;mitUnentschieden
6a963bc7629039f77d8a717f;2026-09-07;TEF-PBL;rockets-honchkrow;crustle-dri;1;1;0;2;0.5;mitUnentschieden
6a963bc7629039f77d8a717f;2026-09-07;TEF-PBL;crustle-dri;rockets-honchkrow;1;1;0;2;0.5;mitUnentschieden
6a963bc7629039f77d8a717f;2026-09-07;TEF-PBL;greninja-ex;lopunny-dudunsparce;0;1;0;1;0.0;mitUnentschieden
6a963bc7629039f77d8a717f;2026-09-07;TEF-PBL;lopunny-dudunsparce;greninja-ex;1;0;0;1;1.0;mitUnentschieden
6a963bc7629039f77d8a717f;2026-09-07;TEF-PBL;mega-chandelure-ex;dragapult-ex;0;1;0;1;0.0;mitUnentschieden
6a963bc7629039f77d8a717f;2026-09-07;TEF-PBL;dragapult-ex;mega-chandelure-ex;1;0;0;1;1.0;mitUnentschieden
6a963bc7629039f77d8a717f;2026-09-07;TEF-PBL;n-zoroark;rocket-mewtwo-ex;1;2;0;3;0.333333;mitUnentschieden
6a963bc7629039f77d8a717f;2026-09-07;TEF-PBL;rocket-mewtwo-ex;n-zoroark;2;1;0;3;0.666667;mitUnentschieden
6a963bc7629039f77d8a717f;2026-09-07;TEF-PBL;festival-lead;rockets-honchkrow;1;2;0;3;0.333333;mitUnentschieden
6a963bc7629039f77d8a717f;2026-09-07;TEF-PBL;rockets-honchkrow;festival-lead;1;2;0;3;0.333333;mitUnentschieden
6a963bc7629039f77d8a717f;2026-09-07;TEF-PBL;dragapult-ex;raging-bolt-ogerpon;0;2;0;2;0.0;mitUnentschieden
6a963bc7629039f77d8a717f;2026-09-07;TEF-PBL;raging-bolt-ogerpon;dragapult-ex;2;0;0;2;1.0;mitUnentschieden
6a963bc7629039f77d8a717f;2026-09-07;TEF-PBL;joltik-box;dragapult-dusknoir;1;0;0;1;1.0;mitUnentschieden
6a963bc7629039f77d8a717f;2026-09-07;TEF-PBL;dragapult-dusknoir;joltik-box;0;1;0;1;0.0;mitUnentschieden
6a963bc7629039f77d8a717f;2026-09-07;TEF-PBL;mega-excadrill-ex;jellicent-dusknoir;0;1;0;1;0.0;mitUnentschieden
6a963bc7629039f77d8a717f;2026-09-07;TEF-PBL;jellicent-dusknoir;mega-excadrill-ex;1;0;0;1;1.0;mitUnentschieden
6a963bc7629039f77d8a717f;2026-09-07;TEF-PBL;grimmsnarl-froslass;n-zoroark;2;0;0;2;1.0;mitUnentschieden
6a963bc7629039f77d8a717f;2026-09-07;TEF-PBL;n-zoroark;grimmsnarl-froslass;0;2;0;2;0.0;mitUnentschieden
6a963bc7629039f77d8a717f;2026-09-07;TEF-PBL;lucario-hariyama;alakazam-dusknoir;0;1;0;1;0.0;mitUnentschieden
6a963bc7629039f77d8a717f;2026-09-07;TEF-PBL;alakazam-dusknoir;lucario-hariyama;1;0;0;1;1.0;mitUnentschieden
6a963bc7629039f77d8a717f;2026-09-07;TEF-PBL;alakazam-dudunsparce;basic-box-m;1;1;0;2;0.5;mitUnentschieden
6a963bc7629039f77d8a717f;2026-09-07;TEF-PBL;basic-box-m;alakazam-dudunsparce;0;2;0;2;0.0;mitUnentschieden
6a963bc7629039f77d8a717f;2026-09-07;TEF-PBL;mega-excadrill-ex;dragapult-dusknoir;1;3;0;4;0.25;mitUnentschieden
6a963bc7629039f77d8a717f;2026-09-07;TEF-PBL;dragapult-dusknoir;mega-excadrill-ex;3;1;0;4;0.75;mitUnentschieden
6a963bc7629039f77d8a717f;2026-09-07;TEF-PBL;seaking-pre;festival-lead;1;0;0;1;1.0;mitUnentschieden
6a963bc7629039f77d8a717f;2026-09-07;TEF-PBL;festival-lead;seaking-pre;0;1;0;1;0.0;mitUnentschieden
6a963bc7629039f77d8a717f;2026-09-07;TEF-PBL;dragapult-blaziken;festival-lead;0;2;0;2;0.0;mitUnentschieden
6a963bc7629039f77d8a717f;2026-09-07;TEF-PBL;festival-lead;dragapult-blaziken;2;0;0;2;1.0;mitUnentschieden
6a963bc7629039f77d8a717f;2026-09-07;TEF-PBL;mega-abomasnow-ex;beedrill-ex-cri;1;0;0;1;1.0;mitUnentschieden
6a963bc7629039f77d8a717f;2026-09-07;TEF-PBL;beedrill-ex-cri;mega-abomasnow-ex;0;1;0;1;0.0;mitUnentschieden
6a963bc7629039f77d8a717f;2026-09-07;TEF-PBL;rocket-mewtwo-ex;raging-bolt-ogerpon;1;0;0;1;1.0;mitUnentschieden
6a963bc7629039f77d8a717f;2026-09-07;TEF-PBL;raging-bolt-ogerpon;rocket-mewtwo-ex;0;1;0;1;0.0;mitUnentschieden
6a963bc7629039f77d8a717f;2026-09-07;TEF-PBL;dhelmise-pbl;alakazam-dudunsparce;0;1;0;1;0.0;mitUnentschieden
6a963bc7629039f77d8a717f;2026-09-07;TEF-PBL;alakazam-dudunsparce;dhelmise-pbl;1;0;0;1;1.0;mitUnentschieden
6a963bc7629039f77d8a717f;2026-09-07;TEF-PBL;greninja-ex;sharpedo-toxtricity;0;1;0;1;0.0;mitUnentschieden
6a963bc7629039f77d8a717f;2026-09-07;TEF-PBL;sharpedo-toxtricity;greninja-ex;1;0;0;1;1.0;mitUnentschieden
6a963bc7629039f77d8a717f;2026-09-07;TEF-PBL;dragapult-blaziken;hops-trevenant;1;0;0;1;1.0;mitUnentschieden
6a963bc7629039f77d8a717f;2026-09-07;TEF-PBL;hops-trevenant;dragapult-blaziken;0;1;0;1;0.0;mitUnentschieden
6a963bc7629039f77d8a717f;2026-09-07;TEF-PBL;ogerpon-meganium-hydrapple;dragapult-ex;2;0;0;2;1.0;mitUnentschieden
6a963bc7629039f77d8a717f;2026-09-07;TEF-PBL;dragapult-ex;ogerpon-meganium-hydrapple;0;2;0;2;0.0;mitUnentschieden
6a963bc7629039f77d8a717f;2026-09-07;TEF-PBL;rockets-honchkrow;alakazam-dusknoir;1;0;0;1;1.0;mitUnentschieden
6a963bc7629039f77d8a717f;2026-09-07;TEF-PBL;alakazam-dusknoir;rockets-honchkrow;0;1;0;1;0.0;mitUnentschieden
6a963bc7629039f77d8a717f;2026-09-07;TEF-PBL;lopunny-dusknoir;dragapult-dudunsparce;0;1;0;1;0.0;mitUnentschieden
6a963bc7629039f77d8a717f;2026-09-07;TEF-PBL;dragapult-dudunsparce;lopunny-dusknoir;1;0;0;1;1.0;mitUnentschieden
6a963bc7629039f77d8a717f;2026-09-07;TEF-PBL;sharpedo-toxtricity;n-zoroark;0;1;0;1;0.0;mitUnentschieden
6a963bc7629039f77d8a717f;2026-09-07;TEF-PBL;n-zoroark;sharpedo-toxtricity;1;0;0;1;1.0;mitUnentschieden
6a963bc7629039f77d8a717f;2026-09-07;TEF-PBL;n-zoroark;mega-darkrai-ex;1;1;0;2;0.5;mitUnentschieden
6a963bc7629039f77d8a717f;2026-09-07;TEF-PBL;mega-darkrai-ex;n-zoroark;1;1;0;2;0.5;mitUnentschieden
6a963bc7629039f77d8a717f;2026-09-07;TEF-PBL;dragapult-ex;cinccino-ex;0;1;0;1;0.0;mitUnentschieden
6a963bc7629039f77d8a717f;2026-09-07;TEF-PBL;cinccino-ex;dragapult-ex;1;0;0;1;1.0;mitUnentschieden
6a963bc7629039f77d8a717f;2026-09-07;TEF-PBL;raging-bolt-ogerpon;slowking-scr;1;0;0;1;1.0;mitUnentschieden
6a963bc7629039f77d8a717f;2026-09-07;TEF-PBL;slowking-scr;raging-bolt-ogerpon;0;1;0;1;0.0;mitUnentschieden
6a963bc7629039f77d8a717f;2026-09-07;TEF-PBL;hops-trevenant;dragapult-ex;0;2;0;2;0.0;mitUnentschieden
6a963bc7629039f77d8a717f;2026-09-07;TEF-PBL;dragapult-ex;hops-trevenant;2;0;0;2;1.0;mitUnentschieden
6a963bc7629039f77d8a717f;2026-09-07;TEF-PBL;festival-lead;hops-trevenant;1;0;0;1;1.0;mitUnentschieden
6a963bc7629039f77d8a717f;2026-09-07;TEF-PBL;hops-trevenant;festival-lead;0;1;0;1;0.0;mitUnentschieden
6a963bc7629039f77d8a717f;2026-09-07;TEF-PBL;dragapult-ex;jellicent-dusknoir;0;1;0;1;0.0;mitUnentschieden
6a963bc7629039f77d8a717f;2026-09-07;TEF-PBL;jellicent-dusknoir;dragapult-ex;1;0;0;1;1.0;mitUnentschieden
6a963bc7629039f77d8a717f;2026-09-07;TEF-PBL;mega-starmie-ex;lucario-hariyama;1;0;0;1;1.0;mitUnentschieden
6a963bc7629039f77d8a717f;2026-09-07;TEF-PBL;lucario-hariyama;mega-starmie-ex;0;1;0;1;0.0;mitUnentschieden
6a963bc7629039f77d8a717f;2026-09-07;TEF-PBL;slowking-scr;lopunny-dudunsparce;0;1;0;1;0.0;mitUnentschieden
6a963bc7629039f77d8a717f;2026-09-07;TEF-PBL;lopunny-dudunsparce;slowking-scr;1;0;0;1;1.0;mitUnentschieden
6a963bc7629039f77d8a717f;2026-09-07;TEF-PBL;alakazam-dusknoir;stevens-metagross;0;1;0;1;0.0;mitUnentschieden
6a963bc7629039f77d8a717f;2026-09-07;TEF-PBL;stevens-metagross;alakazam-dusknoir;1;0;0;1;1.0;mitUnentschieden
6a963bc7629039f77d8a717f;2026-09-07;TEF-PBL;slowking-scr;festival-lead;2;1;0;3;0.666667;mitUnentschieden
6a963bc7629039f77d8a717f;2026-09-07;TEF-PBL;festival-lead;slowking-scr;1;2;0;3;0.333333;mitUnentschieden
6a963bc7629039f77d8a717f;2026-09-07;TEF-PBL;dragapult-dusknoir;lopunny-dudunsparce;2;0;0;2;1.0;mitUnentschieden
6a963bc7629039f77d8a717f;2026-09-07;TEF-PBL;lopunny-dudunsparce;dragapult-dusknoir;0;2;0;2;0.0;mitUnentschieden
6a963bc7629039f77d8a717f;2026-09-07;TEF-PBL;alakazam-dusknoir;crustle-dri;1;0;0;1;1.0;mitUnentschieden
6a963bc7629039f77d8a717f;2026-09-07;TEF-PBL;crustle-dri;alakazam-dusknoir;0;1;0;1;0.0;mitUnentschieden
6a963bc7629039f77d8a717f;2026-09-07;TEF-PBL;dragapult-ex;starmie-dusknoir;1;0;0;1;1.0;mitUnentschieden
6a963bc7629039f77d8a717f;2026-09-07;TEF-PBL;starmie-dusknoir;dragapult-ex;0;1;0;1;0.0;mitUnentschieden
6a963bc7629039f77d8a717f;2026-09-07;TEF-PBL;toxtricity-pfl;toucannon-pbl;1;0;0;1;1.0;mitUnentschieden
6a963bc7629039f77d8a717f;2026-09-07;TEF-PBL;toucannon-pbl;toxtricity-pfl;0;1;0;1;0.0;mitUnentschieden
6a963bc7629039f77d8a717f;2026-09-07;TEF-PBL;mega-darkrai-ex;alakazam-dusknoir;0;1;0;1;0.0;mitUnentschieden
6a963bc7629039f77d8a717f;2026-09-07;TEF-PBL;alakazam-dusknoir;mega-darkrai-ex;1;0;0;1;1.0;mitUnentschieden
6a963bc7629039f77d8a717f;2026-09-07;TEF-PBL;dragapult-ex;seaking-pre;0;1;0;1;0.0;mitUnentschieden
6a963bc7629039f77d8a717f;2026-09-07;TEF-PBL;seaking-pre;dragapult-ex;1;0;0;1;1.0;mitUnentschieden
6a963bc7629039f77d8a717f;2026-09-07;TEF-PBL;rocket-mewtwo-ex;slowking-scr;0;1;0;1;0.0;mitUnentschieden
6a963bc7629039f77d8a717f;2026-09-07;TEF-PBL;slowking-scr;rocket-mewtwo-ex;1;0;0;1;1.0;mitUnentschieden
6a963bc7629039f77d8a717f;2026-09-07;TEF-PBL;rockets-honchkrow;lopunny-dudunsparce;2;0;0;2;1.0;mitUnentschieden
6a963bc7629039f77d8a717f;2026-09-07;TEF-PBL;lopunny-dudunsparce;rockets-honchkrow;0;2;0;2;0.0;mitUnentschieden
6a963bc7629039f77d8a717f;2026-09-07;TEF-PBL;mega-darkrai-ex;beedrill-ex-cri;1;0;0;1;1.0;mitUnentschieden
6a963bc7629039f77d8a717f;2026-09-07;TEF-PBL;beedrill-ex-cri;mega-darkrai-ex;0;1;0;1;0.0;mitUnentschieden
6a963bc7629039f77d8a717f;2026-09-07;TEF-PBL;rockets-honchkrow;dragapult-blaziken;1;0;0;1;1.0;mitUnentschieden
6a963bc7629039f77d8a717f;2026-09-07;TEF-PBL;dragapult-blaziken;rockets-honchkrow;0;1;0;1;0.0;mitUnentschieden
6a963bc7629039f77d8a717f;2026-09-07;TEF-PBL;mega-lucario-ex;rocket-mewtwo-ex;1;0;0;1;1.0;mitUnentschieden
6a963bc7629039f77d8a717f;2026-09-07;TEF-PBL;rocket-mewtwo-ex;mega-lucario-ex;0;1;0;1;0.0;mitUnentschieden
6a963bc7629039f77d8a717f;2026-09-07;TEF-PBL;sharpedo-toxtricity;crustle-dri;1;0;0;1;1.0;mitUnentschieden
6a963bc7629039f77d8a717f;2026-09-07;TEF-PBL;crustle-dri;sharpedo-toxtricity;0;1;0;1;0.0;mitUnentschieden
6a963bc7629039f77d8a717f;2026-09-07;TEF-PBL;ogerpon-meganium-hydrapple;mega-starmie-ex;1;0;0;1;1.0;mitUnentschieden
6a963bc7629039f77d8a717f;2026-09-07;TEF-PBL;mega-starmie-ex;ogerpon-meganium-hydrapple;0;1;0;1;0.0;mitUnentschieden
6a963bc7629039f77d8a717f;2026-09-07;TEF-PBL;dragapult-ex;festival-lead;3;2;0;5;0.6;mitUnentschieden
6a963bc7629039f77d8a717f;2026-09-07;TEF-PBL;festival-lead;dragapult-ex;2;3;0;5;0.4;mitUnentschieden
6a963bc7629039f77d8a717f;2026-09-07;TEF-PBL;sharpedo-toxtricity;mega-excadrill-ex;0;1;0;1;0.0;mitUnentschieden
6a963bc7629039f77d8a717f;2026-09-07;TEF-PBL;mega-excadrill-ex;sharpedo-toxtricity;1;0;0;1;1.0;mitUnentschieden
6a963bc7629039f77d8a717f;2026-09-07;TEF-PBL;cynthia-garchomp-ex;lopunny-dusknoir;0;1;0;1;0.0;mitUnentschieden
6a963bc7629039f77d8a717f;2026-09-07;TEF-PBL;lopunny-dusknoir;cynthia-garchomp-ex;1;0;0;1;1.0;mitUnentschieden
6a963bc7629039f77d8a717f;2026-09-07;TEF-PBL;greninja-ex;rockets-honchkrow;0;1;0;1;0.0;mitUnentschieden
6a963bc7629039f77d8a717f;2026-09-07;TEF-PBL;rockets-honchkrow;greninja-ex;1;0;0;1;1.0;mitUnentschieden
6a963bc7629039f77d8a717f;2026-09-07;TEF-PBL;jellicent-dusknoir;alakazam-dusknoir;1;0;0;1;1.0;mitUnentschieden
6a963bc7629039f77d8a717f;2026-09-07;TEF-PBL;alakazam-dusknoir;jellicent-dusknoir;0;1;0;1;0.0;mitUnentschieden
6a963bc7629039f77d8a717f;2026-09-07;TEF-PBL;stevens-metagross;raging-bolt-ogerpon;0;1;0;1;0.0;mitUnentschieden
6a963bc7629039f77d8a717f;2026-09-07;TEF-PBL;raging-bolt-ogerpon;stevens-metagross;1;0;0;1;1.0;mitUnentschieden
6a963bc7629039f77d8a717f;2026-09-07;TEF-PBL;dragapult-dusknoir;ogerpon-meganium-hydrapple;1;1;0;2;0.5;mitUnentschieden
6a963bc7629039f77d8a717f;2026-09-07;TEF-PBL;ogerpon-meganium-hydrapple;dragapult-dusknoir;1;1;0;2;0.5;mitUnentschieden
6a963bc7629039f77d8a717f;2026-09-07;TEF-PBL;cinccino-ex;mega-excadrill-ex;0;1;0;1;0.0;mitUnentschieden
6a963bc7629039f77d8a717f;2026-09-07;TEF-PBL;mega-excadrill-ex;cinccino-ex;1;0;0;1;1.0;mitUnentschieden
6a963bc7629039f77d8a717f;2026-09-07;TEF-PBL;slowking-scr;toxtricity-pfl;1;1;0;2;0.5;mitUnentschieden
6a963bc7629039f77d8a717f;2026-09-07;TEF-PBL;toxtricity-pfl;slowking-scr;1;1;0;2;0.5;mitUnentschieden
6a963bc7629039f77d8a717f;2026-09-07;TEF-PBL;dragapult-blaziken;alakazam-dudunsparce;1;1;0;2;0.5;mitUnentschieden
6a963bc7629039f77d8a717f;2026-09-07;TEF-PBL;alakazam-dudunsparce;dragapult-blaziken;1;1;0;2;0.5;mitUnentschieden
6a963bc7629039f77d8a717f;2026-09-07;TEF-PBL;joltik-box;alakazam-dudunsparce;0;1;0;1;0.0;mitUnentschieden
6a963bc7629039f77d8a717f;2026-09-07;TEF-PBL;alakazam-dudunsparce;joltik-box;1;0;0;1;1.0;mitUnentschieden
6a963bc7629039f77d8a717f;2026-09-07;TEF-PBL;slowking-scr;slowking-scr;1;1;0;2;0.5;mitUnentschieden
6a963bc7629039f77d8a717f;2026-09-07;TEF-PBL;seaking-pre;slowking-scr;0;1;0;1;0.0;mitUnentschieden
6a963bc7629039f77d8a717f;2026-09-07;TEF-PBL;slowking-scr;seaking-pre;1;0;0;1;1.0;mitUnentschieden
6a963bc7629039f77d8a717f;2026-09-07;TEF-PBL;greninja-ex;festival-lead;0;0;1;1;0.0;mitUnentschieden
6a963bc7629039f77d8a717f;2026-09-07;TEF-PBL;festival-lead;greninja-ex;0;0;1;1;0.0;mitUnentschieden
6a963bc7629039f77d8a717f;2026-09-07;TEF-PBL;rockets-honchkrow;mega-abomasnow-ex;0;1;0;1;0.0;mitUnentschieden
6a963bc7629039f77d8a717f;2026-09-07;TEF-PBL;mega-abomasnow-ex;rockets-honchkrow;1;0;0;1;1.0;mitUnentschieden
6a963bc7629039f77d8a717f;2026-09-07;TEF-PBL;mega-darkrai-ex;lucario-hariyama;1;0;0;1;1.0;mitUnentschieden
6a963bc7629039f77d8a717f;2026-09-07;TEF-PBL;lucario-hariyama;mega-darkrai-ex;0;1;0;1;0.0;mitUnentschieden
6a963bc7629039f77d8a717f;2026-09-07;TEF-PBL;rocket-mewtwo-ex;dragapult-blaziken;1;0;0;1;1.0;mitUnentschieden
6a963bc7629039f77d8a717f;2026-09-07;TEF-PBL;dragapult-blaziken;rocket-mewtwo-ex;0;1;0;1;0.0;mitUnentschieden
6a963bc7629039f77d8a717f;2026-09-07;TEF-PBL;dhelmise-pbl;n-zoroark;0;1;0;1;0.0;mitUnentschieden
6a963bc7629039f77d8a717f;2026-09-07;TEF-PBL;n-zoroark;dhelmise-pbl;0;1;0;1;0.0;mitUnentschieden
6a963bc7629039f77d8a717f;2026-09-07;TEF-PBL;dragapult-ex;beedrill-ex-cri;0;1;0;1;0.0;mitUnentschieden
6a963bc7629039f77d8a717f;2026-09-07;TEF-PBL;beedrill-ex-cri;dragapult-ex;0;1;0;1;0.0;mitUnentschieden
6a963bc7629039f77d8a717f;2026-09-07;TEF-PBL;ogerpon-meganium-hydrapple;alakazam-dudunsparce;0;1;0;1;0.0;mitUnentschieden
6a963bc7629039f77d8a717f;2026-09-07;TEF-PBL;alakazam-dudunsparce;ogerpon-meganium-hydrapple;1;0;0;1;1.0;mitUnentschieden
6a963bc7629039f77d8a717f;2026-09-07;TEF-PBL;rockets-honchkrow;mega-lucario-ex;1;0;0;1;1.0;mitUnentschieden
6a963bc7629039f77d8a717f;2026-09-07;TEF-PBL;mega-lucario-ex;rockets-honchkrow;0;1;0;1;0.0;mitUnentschieden
6a963bc7629039f77d8a717f;2026-09-07;TEF-PBL;lopunny-dusknoir;festival-lead;1;0;0;1;1.0;mitUnentschieden
6a963bc7629039f77d8a717f;2026-09-07;TEF-PBL;festival-lead;lopunny-dusknoir;0;1;0;1;0.0;mitUnentschieden
6a963bc7629039f77d8a717f;2026-09-07;TEF-PBL;dragapult-dudunsparce;dragapult-dusknoir;1;0;0;1;1.0;mitUnentschieden
6a963bc7629039f77d8a717f;2026-09-07;TEF-PBL;dragapult-dusknoir;dragapult-dudunsparce;0;1;0;1;0.0;mitUnentschieden
6a963bc7629039f77d8a717f;2026-09-07;TEF-PBL;hops-trevenant;rocket-mewtwo-ex;1;0;0;1;1.0;mitUnentschieden
6a963bc7629039f77d8a717f;2026-09-07;TEF-PBL;rocket-mewtwo-ex;hops-trevenant;0;1;0;1;0.0;mitUnentschieden
6a963bc7629039f77d8a717f;2026-09-07;TEF-PBL;lopunny-dudunsparce;stevens-metagross;1;0;0;1;1.0;mitUnentschieden
6a963bc7629039f77d8a717f;2026-09-07;TEF-PBL;stevens-metagross;lopunny-dudunsparce;0;1;0;1;0.0;mitUnentschieden
6a963bc7629039f77d8a717f;2026-09-07;TEF-PBL;alakazam-dudunsparce;cinccino-ex;0;1;0;1;0.0;mitUnentschieden
6a963bc7629039f77d8a717f;2026-09-07;TEF-PBL;cinccino-ex;alakazam-dudunsparce;1;0;0;1;1.0;mitUnentschieden
6a963bc7629039f77d8a717f;2026-09-07;TEF-PBL;grimmsnarl-froslass;slowking-scr;0;1;0;1;0.0;mitUnentschieden
6a963bc7629039f77d8a717f;2026-09-07;TEF-PBL;slowking-scr;grimmsnarl-froslass;1;0;0;1;1.0;mitUnentschieden
6a963bc7629039f77d8a717f;2026-09-07;TEF-PBL;alakazam-dudunsparce;seaking-pre;1;0;0;1;1.0;mitUnentschieden
6a963bc7629039f77d8a717f;2026-09-07;TEF-PBL;seaking-pre;alakazam-dudunsparce;0;1;0;1;0.0;mitUnentschieden
6a963bc7629039f77d8a717f;2026-09-07;TEF-PBL;mega-abomasnow-ex;mega-excadrill-ex;0;1;0;1;0.0;mitUnentschieden
6a963bc7629039f77d8a717f;2026-09-07;TEF-PBL;mega-excadrill-ex;mega-abomasnow-ex;1;0;0;1;1.0;mitUnentschieden
6a963bc7629039f77d8a717f;2026-09-07;TEF-PBL;mega-darkrai-ex;dragapult-dusknoir;0;2;0;2;0.0;mitUnentschieden
6a963bc7629039f77d8a717f;2026-09-07;TEF-PBL;dragapult-dusknoir;mega-darkrai-ex;2;0;0;2;1.0;mitUnentschieden
6a963bc7629039f77d8a717f;2026-09-07;TEF-PBL;mega-darkrai-ex;greninja-ex;1;0;0;1;1.0;mitUnentschieden
6a963bc7629039f77d8a717f;2026-09-07;TEF-PBL;greninja-ex;mega-darkrai-ex;0;1;0;1;0.0;mitUnentschieden
6a963bc7629039f77d8a717f;2026-09-07;TEF-PBL;n-zoroark;lucario-hariyama;1;0;0;1;1.0;mitUnentschieden
6a963bc7629039f77d8a717f;2026-09-07;TEF-PBL;lucario-hariyama;n-zoroark;0;1;0;1;0.0;mitUnentschieden
6a963bc7629039f77d8a717f;2026-09-07;TEF-PBL;alakazam-dudunsparce;mega-lucario-ex;0;1;0;1;0.0;mitUnentschieden
6a963bc7629039f77d8a717f;2026-09-07;TEF-PBL;mega-lucario-ex;alakazam-dudunsparce;1;0;0;1;1.0;mitUnentschieden
6a963bc7629039f77d8a717f;2026-09-07;TEF-PBL;raging-bolt-ogerpon;dragapult-dudunsparce;0;1;0;1;0.0;mitUnentschieden
6a963bc7629039f77d8a717f;2026-09-07;TEF-PBL;dragapult-dudunsparce;raging-bolt-ogerpon;1;0;0;1;1.0;mitUnentschieden
6a963bc7629039f77d8a717f;2026-09-07;TEF-PBL;ogerpon-meganium-hydrapple;lopunny-dusknoir;2;0;0;2;1.0;mitUnentschieden
6a963bc7629039f77d8a717f;2026-09-07;TEF-PBL;lopunny-dusknoir;ogerpon-meganium-hydrapple;0;2;0;2;0.0;mitUnentschieden
6a963bc7629039f77d8a717f;2026-09-07;TEF-PBL;alakazam-dusknoir;dragapult-dusknoir;1;0;0;1;1.0;mitUnentschieden
6a963bc7629039f77d8a717f;2026-09-07;TEF-PBL;dragapult-dusknoir;alakazam-dusknoir;0;1;0;1;0.0;mitUnentschieden
6a963bc7629039f77d8a717f;2026-09-07;TEF-PBL;cinccino-ex;dragapult-blaziken;1;0;0;1;1.0;mitUnentschieden
6a963bc7629039f77d8a717f;2026-09-07;TEF-PBL;dragapult-blaziken;cinccino-ex;0;1;0;1;0.0;mitUnentschieden
6a963bc7629039f77d8a717f;2026-09-07;TEF-PBL;hops-trevenant;dragapult-dusknoir;1;1;0;2;0.5;mitUnentschieden
6a963bc7629039f77d8a717f;2026-09-07;TEF-PBL;dragapult-dusknoir;hops-trevenant;1;1;0;2;0.5;mitUnentschieden
6a963bc7629039f77d8a717f;2026-09-07;TEF-PBL;mega-excadrill-ex;alakazam-dusknoir;1;0;0;1;1.0;mitUnentschieden
6a963bc7629039f77d8a717f;2026-09-07;TEF-PBL;alakazam-dusknoir;mega-excadrill-ex;0;1;0;1;0.0;mitUnentschieden
6a963bc7629039f77d8a717f;2026-09-07;TEF-PBL;dragapult-dusknoir;mega-starmie-ex;0;1;0;1;0.0;mitUnentschieden
6a963bc7629039f77d8a717f;2026-09-07;TEF-PBL;mega-starmie-ex;dragapult-dusknoir;1;0;0;1;1.0;mitUnentschieden
6a963bc7629039f77d8a717f;2026-09-07;TEF-PBL;rockets-honchkrow;grimmsnarl-froslass;0;1;0;1;0.0;mitUnentschieden
6a963bc7629039f77d8a717f;2026-09-07;TEF-PBL;grimmsnarl-froslass;rockets-honchkrow;1;0;0;1;1.0;mitUnentschieden
6a963bc7629039f77d8a717f;2026-09-07;TEF-PBL;mega-darkrai-ex;mega-abomasnow-ex;0;1;0;1;0.0;mitUnentschieden
6a963bc7629039f77d8a717f;2026-09-07;TEF-PBL;mega-abomasnow-ex;mega-darkrai-ex;1;0;0;1;1.0;mitUnentschieden
6a963bc7629039f77d8a717f;2026-09-07;TEF-PBL;sharpedo-toxtricity;rockets-honchkrow;0;1;0;1;0.0;mitUnentschieden
6a963bc7629039f77d8a717f;2026-09-07;TEF-PBL;rockets-honchkrow;sharpedo-toxtricity;1;0;0;1;1.0;mitUnentschieden
6a963bc7629039f77d8a717f;2026-09-07;TEF-PBL;dragapult-dudunsparce;basic-box-m;1;0;0;1;1.0;mitUnentschieden
6a963bc7629039f77d8a717f;2026-09-07;TEF-PBL;basic-box-m;dragapult-dudunsparce;0;1;0;1;0.0;mitUnentschieden
6a963bc7629039f77d8a717f;2026-09-07;TEF-PBL;lopunny-dudunsparce;ogerpon-meganium-hydrapple;0;1;0;1;0.0;mitUnentschieden
6a963bc7629039f77d8a717f;2026-09-07;TEF-PBL;ogerpon-meganium-hydrapple;lopunny-dudunsparce;1;0;0;1;1.0;mitUnentschieden
6a963bc7629039f77d8a717f;2026-09-07;TEF-PBL;n-zoroark;cinccino-ex;0;1;0;1;0.0;mitUnentschieden
6a963bc7629039f77d8a717f;2026-09-07;TEF-PBL;cinccino-ex;n-zoroark;1;0;0;1;1.0;mitUnentschieden
6a963bc7629039f77d8a717f;2026-09-07;TEF-PBL;n-zoroark;raging-bolt-ogerpon;1;0;0;1;1.0;mitUnentschieden
6a963bc7629039f77d8a717f;2026-09-07;TEF-PBL;raging-bolt-ogerpon;n-zoroark;0;1;0;1;0.0;mitUnentschieden
6a963bc7629039f77d8a717f;2026-09-07;TEF-PBL;slowking-scr;mega-darkrai-ex;1;0;0;1;1.0;mitUnentschieden
6a963bc7629039f77d8a717f;2026-09-07;TEF-PBL;mega-darkrai-ex;slowking-scr;0;1;0;1;0.0;mitUnentschieden
6a963bc7629039f77d8a717f;2026-09-07;TEF-PBL;dragapult-ex;mega-abomasnow-ex;0;1;0;1;0.0;mitUnentschieden
6a963bc7629039f77d8a717f;2026-09-07;TEF-PBL;mega-abomasnow-ex;dragapult-ex;1;0;0;1;1.0;mitUnentschieden
6a963bc7629039f77d8a717f;2026-09-07;TEF-PBL;mega-darkrai-ex;rocket-mewtwo-ex;0;1;0;1;0.0;mitUnentschieden
6a963bc7629039f77d8a717f;2026-09-07;TEF-PBL;rocket-mewtwo-ex;mega-darkrai-ex;1;0;0;1;1.0;mitUnentschieden
6a9ebc30ab080c8c957fcc9c;2026-09-07;TEF-PBL;crustle-dri;dragapult-blaziken;2;0;0;2;1.0;mitUnentschieden
6a9ebc30ab080c8c957fcc9c;2026-09-07;TEF-PBL;dragapult-blaziken;crustle-dri;0;2;0;2;0.0;mitUnentschieden
6a9ebc30ab080c8c957fcc9c;2026-09-07;TEF-PBL;festival-lead;slowking-scr;2;2;0;4;0.5;mitUnentschieden
6a9ebc30ab080c8c957fcc9c;2026-09-07;TEF-PBL;slowking-scr;festival-lead;2;2;0;4;0.5;mitUnentschieden
6a9ebc30ab080c8c957fcc9c;2026-09-07;TEF-PBL;rockets-honchkrow;rockets-honchkrow;1;1;0;2;0.5;mitUnentschieden
6a9ebc30ab080c8c957fcc9c;2026-09-07;TEF-PBL;dragapult-ex;cynthia-garchomp-ex;2;0;0;2;1.0;mitUnentschieden
6a9ebc30ab080c8c957fcc9c;2026-09-07;TEF-PBL;cynthia-garchomp-ex;dragapult-ex;0;2;0;2;0.0;mitUnentschieden
6a9ebc30ab080c8c957fcc9c;2026-09-07;TEF-PBL;dragapult-blaziken;beedrill-ex-cri;1;0;0;1;1.0;mitUnentschieden
6a9ebc30ab080c8c957fcc9c;2026-09-07;TEF-PBL;beedrill-ex-cri;dragapult-blaziken;0;1;0;1;0.0;mitUnentschieden
6a9ebc30ab080c8c957fcc9c;2026-09-07;TEF-PBL;n-zoroark;slowking-scr;1;1;0;2;0.5;mitUnentschieden
6a9ebc30ab080c8c957fcc9c;2026-09-07;TEF-PBL;slowking-scr;n-zoroark;1;1;0;2;0.5;mitUnentschieden
6a9ebc30ab080c8c957fcc9c;2026-09-07;TEF-PBL;dhelmise-pbl;dragapult-ex;4;3;0;7;0.571429;mitUnentschieden
6a9ebc30ab080c8c957fcc9c;2026-09-07;TEF-PBL;dragapult-ex;dhelmise-pbl;2;5;0;7;0.285714;mitUnentschieden
6a9ebc30ab080c8c957fcc9c;2026-09-07;TEF-PBL;slowking-scr;grimmsnarl-froslass;1;1;0;2;0.5;mitUnentschieden
6a9ebc30ab080c8c957fcc9c;2026-09-07;TEF-PBL;grimmsnarl-froslass;slowking-scr;1;1;0;2;0.5;mitUnentschieden
6a9ebc30ab080c8c957fcc9c;2026-09-07;TEF-PBL;dragapult-ex;rockets-honchkrow;2;3;1;6;0.333333;mitUnentschieden
6a9ebc30ab080c8c957fcc9c;2026-09-07;TEF-PBL;rockets-honchkrow;dragapult-ex;3;2;1;6;0.5;mitUnentschieden
6a9ebc30ab080c8c957fcc9c;2026-09-07;TEF-PBL;basic-box-m;ogerpon-meganium-arboliva;1;0;0;1;1.0;mitUnentschieden
6a9ebc30ab080c8c957fcc9c;2026-09-07;TEF-PBL;ogerpon-meganium-arboliva;basic-box-m;0;1;0;1;0.0;mitUnentschieden
6a9ebc30ab080c8c957fcc9c;2026-09-07;TEF-PBL;alakazam-dudunsparce;mega-darkrai-ex;1;0;0;1;1.0;mitUnentschieden
6a9ebc30ab080c8c957fcc9c;2026-09-07;TEF-PBL;mega-darkrai-ex;alakazam-dudunsparce;0;1;0;1;0.0;mitUnentschieden
6a9ebc30ab080c8c957fcc9c;2026-09-07;TEF-PBL;festival-lead;sharpedo-toxtricity;3;0;0;3;1.0;mitUnentschieden
6a9ebc30ab080c8c957fcc9c;2026-09-07;TEF-PBL;sharpedo-toxtricity;festival-lead;0;3;0;3;0.0;mitUnentschieden
6a9ebc30ab080c8c957fcc9c;2026-09-07;TEF-PBL;starmie-froslass;alakazam-dudunsparce;0;1;0;1;0.0;mitUnentschieden
6a9ebc30ab080c8c957fcc9c;2026-09-07;TEF-PBL;alakazam-dudunsparce;starmie-froslass;1;0;0;1;1.0;mitUnentschieden
6a9ebc30ab080c8c957fcc9c;2026-09-07;TEF-PBL;crustle-dri;slowking-scr;1;0;0;1;1.0;mitUnentschieden
6a9ebc30ab080c8c957fcc9c;2026-09-07;TEF-PBL;slowking-scr;crustle-dri;0;1;0;1;0.0;mitUnentschieden
6a9ebc30ab080c8c957fcc9c;2026-09-07;TEF-PBL;dragapult-blaziken;dhelmise-pbl;1;0;0;1;1.0;mitUnentschieden
6a9ebc30ab080c8c957fcc9c;2026-09-07;TEF-PBL;dhelmise-pbl;dragapult-blaziken;0;1;0;1;0.0;mitUnentschieden
6a9ebc30ab080c8c957fcc9c;2026-09-07;TEF-PBL;cynthia-garchomp-ex;alakazam-dusknoir;0;1;0;1;0.0;mitUnentschieden
6a9ebc30ab080c8c957fcc9c;2026-09-07;TEF-PBL;alakazam-dusknoir;cynthia-garchomp-ex;1;0;0;1;1.0;mitUnentschieden
6a9ebc30ab080c8c957fcc9c;2026-09-07;TEF-PBL;lucario-hariyama;dragapult-ex;2;2;0;4;0.5;mitUnentschieden
6a9ebc30ab080c8c957fcc9c;2026-09-07;TEF-PBL;dragapult-ex;lucario-hariyama;2;2;0;4;0.5;mitUnentschieden
6a9ebc30ab080c8c957fcc9c;2026-09-07;TEF-PBL;dragapult-ex;dragapult-ex;2;2;0;4;0.5;mitUnentschieden
6a9ebc30ab080c8c957fcc9c;2026-09-07;TEF-PBL;dragapult-ex;lopunny-dudunsparce;1;2;0;3;0.333333;mitUnentschieden
6a9ebc30ab080c8c957fcc9c;2026-09-07;TEF-PBL;lopunny-dudunsparce;dragapult-ex;2;1;0;3;0.666667;mitUnentschieden
6a9ebc30ab080c8c957fcc9c;2026-09-07;TEF-PBL;n-zoroark;dhelmise-pbl;0;1;0;1;0.0;mitUnentschieden
6a9ebc30ab080c8c957fcc9c;2026-09-07;TEF-PBL;dhelmise-pbl;n-zoroark;1;0;0;1;1.0;mitUnentschieden
6a9ebc30ab080c8c957fcc9c;2026-09-07;TEF-PBL;ogerpon-meganium-hydrapple;alakazam-dusknoir;0;1;0;1;0.0;mitUnentschieden
6a9ebc30ab080c8c957fcc9c;2026-09-07;TEF-PBL;alakazam-dusknoir;ogerpon-meganium-hydrapple;1;0;0;1;1.0;mitUnentschieden
6a9ebc30ab080c8c957fcc9c;2026-09-07;TEF-PBL;rocket-mewtwo-ex;alakazam-dudunsparce;1;0;0;1;1.0;mitUnentschieden
6a9ebc30ab080c8c957fcc9c;2026-09-07;TEF-PBL;alakazam-dudunsparce;rocket-mewtwo-ex;0;1;0;1;0.0;mitUnentschieden
6a9ebc30ab080c8c957fcc9c;2026-09-07;TEF-PBL;dragapult-dusknoir;slowking-scr;1;3;0;4;0.25;mitUnentschieden
6a9ebc30ab080c8c957fcc9c;2026-09-07;TEF-PBL;slowking-scr;dragapult-dusknoir;3;1;0;4;0.75;mitUnentschieden
6a9ebc30ab080c8c957fcc9c;2026-09-07;TEF-PBL;starmie-dusknoir;dragapult-ex;0;1;0;1;0.0;mitUnentschieden
6a9ebc30ab080c8c957fcc9c;2026-09-07;TEF-PBL;dragapult-ex;starmie-dusknoir;1;0;0;1;1.0;mitUnentschieden
6a9ebc30ab080c8c957fcc9c;2026-09-07;TEF-PBL;dragapult-blaziken;mega-absol-box;0;1;0;1;0.0;mitUnentschieden
6a9ebc30ab080c8c957fcc9c;2026-09-07;TEF-PBL;mega-absol-box;dragapult-blaziken;1;0;0;1;1.0;mitUnentschieden
6a9ebc30ab080c8c957fcc9c;2026-09-07;TEF-PBL;alakazam-dudunsparce;dragapult-ex;5;3;0;8;0.625;mitUnentschieden
6a9ebc30ab080c8c957fcc9c;2026-09-07;TEF-PBL;dragapult-ex;alakazam-dudunsparce;2;6;0;8;0.25;mitUnentschieden
6a9ebc30ab080c8c957fcc9c;2026-09-07;TEF-PBL;n-zoroark;erikas-victreebel;0;1;0;1;0.0;mitUnentschieden
6a9ebc30ab080c8c957fcc9c;2026-09-07;TEF-PBL;erikas-victreebel;n-zoroark;0;1;0;1;0.0;mitUnentschieden
6a9ebc30ab080c8c957fcc9c;2026-09-07;TEF-PBL;mega-venusaur-ex;crustle-dri;1;1;0;2;0.5;mitUnentschieden
6a9ebc30ab080c8c957fcc9c;2026-09-07;TEF-PBL;crustle-dri;mega-venusaur-ex;1;1;0;2;0.5;mitUnentschieden
6a9ebc30ab080c8c957fcc9c;2026-09-07;TEF-PBL;dragapult-ex;crustle-dri;1;3;0;4;0.25;mitUnentschieden
6a9ebc30ab080c8c957fcc9c;2026-09-07;TEF-PBL;crustle-dri;dragapult-ex;3;1;0;4;0.75;mitUnentschieden
6a9ebc30ab080c8c957fcc9c;2026-09-07;TEF-PBL;dragapult-dusknoir;lopunny-dudunsparce;1;0;0;1;1.0;mitUnentschieden
6a9ebc30ab080c8c957fcc9c;2026-09-07;TEF-PBL;lopunny-dudunsparce;dragapult-dusknoir;0;1;0;1;0.0;mitUnentschieden
6a9ebc30ab080c8c957fcc9c;2026-09-07;TEF-PBL;ogerpon-meganium-arboliva;ogerpon-meganium-hydrapple;0;1;0;1;0.0;mitUnentschieden
6a9ebc30ab080c8c957fcc9c;2026-09-07;TEF-PBL;ogerpon-meganium-hydrapple;ogerpon-meganium-arboliva;1;0;0;1;1.0;mitUnentschieden
6a9ebc30ab080c8c957fcc9c;2026-09-07;TEF-PBL;festival-lead;dragapult-blaziken;0;1;0;1;0.0;mitUnentschieden
6a9ebc30ab080c8c957fcc9c;2026-09-07;TEF-PBL;dragapult-blaziken;festival-lead;1;0;0;1;1.0;mitUnentschieden
6a9ebc30ab080c8c957fcc9c;2026-09-07;TEF-PBL;dragapult-ex;clefairy-ogerpon;1;2;0;3;0.333333;mitUnentschieden
6a9ebc30ab080c8c957fcc9c;2026-09-07;TEF-PBL;clefairy-ogerpon;dragapult-ex;2;1;0;3;0.666667;mitUnentschieden
6a9ebc30ab080c8c957fcc9c;2026-09-07;TEF-PBL;mega-lucario-ex;dragapult-ex;0;1;0;1;0.0;mitUnentschieden
6a9ebc30ab080c8c957fcc9c;2026-09-07;TEF-PBL;dragapult-ex;mega-lucario-ex;1;0;0;1;1.0;mitUnentschieden
6a9ebc30ab080c8c957fcc9c;2026-09-07;TEF-PBL;lopunny-dudunsparce;n-zoroark;0;2;0;2;0.0;mitUnentschieden
6a9ebc30ab080c8c957fcc9c;2026-09-07;TEF-PBL;n-zoroark;lopunny-dudunsparce;2;0;0;2;1.0;mitUnentschieden
6a9ebc30ab080c8c957fcc9c;2026-09-07;TEF-PBL;dragapult-blaziken;alakazam-dudunsparce;0;2;1;3;0.0;mitUnentschieden
6a9ebc30ab080c8c957fcc9c;2026-09-07;TEF-PBL;alakazam-dudunsparce;dragapult-blaziken;2;0;1;3;0.666667;mitUnentschieden
6a9ebc30ab080c8c957fcc9c;2026-09-07;TEF-PBL;mega-excadrill-ex;kangaskhan-bouffalant;1;0;0;1;1.0;mitUnentschieden
6a9ebc30ab080c8c957fcc9c;2026-09-07;TEF-PBL;kangaskhan-bouffalant;mega-excadrill-ex;0;1;0;1;0.0;mitUnentschieden
6a9ebc30ab080c8c957fcc9c;2026-09-07;TEF-PBL;festival-lead;dragapult-dusknoir;1;1;0;2;0.5;mitUnentschieden
6a9ebc30ab080c8c957fcc9c;2026-09-07;TEF-PBL;dragapult-dusknoir;festival-lead;1;1;0;2;0.5;mitUnentschieden
6a9ebc30ab080c8c957fcc9c;2026-09-07;TEF-PBL;mega-excadrill-ex;alakazam-dudunsparce;2;3;1;6;0.333333;mitUnentschieden
6a9ebc30ab080c8c957fcc9c;2026-09-07;TEF-PBL;alakazam-dudunsparce;mega-excadrill-ex;2;3;1;6;0.333333;mitUnentschieden
6a9ebc30ab080c8c957fcc9c;2026-09-07;TEF-PBL;greninja-ex;dragapult-dudunsparce;1;0;0;1;1.0;mitUnentschieden
6a9ebc30ab080c8c957fcc9c;2026-09-07;TEF-PBL;dragapult-dudunsparce;greninja-ex;0;1;0;1;0.0;mitUnentschieden
6a9ebc30ab080c8c957fcc9c;2026-09-07;TEF-PBL;mega-lucario-ex;n-zoroark;0;1;0;1;0.0;mitUnentschieden
6a9ebc30ab080c8c957fcc9c;2026-09-07;TEF-PBL;n-zoroark;mega-lucario-ex;1;0;0;1;1.0;mitUnentschieden
6a9ebc30ab080c8c957fcc9c;2026-09-07;TEF-PBL;dragapult-ex;mega-excadrill-ex;2;3;0;5;0.4;mitUnentschieden
6a9ebc30ab080c8c957fcc9c;2026-09-07;TEF-PBL;mega-excadrill-ex;dragapult-ex;3;2;0;5;0.6;mitUnentschieden
6a9ebc30ab080c8c957fcc9c;2026-09-07;TEF-PBL;dragapult-ex;dragapult-blaziken;3;1;0;4;0.75;mitUnentschieden
6a9ebc30ab080c8c957fcc9c;2026-09-07;TEF-PBL;dragapult-blaziken;dragapult-ex;1;3;0;4;0.25;mitUnentschieden
6a9ebc30ab080c8c957fcc9c;2026-09-07;TEF-PBL;basic-box-m;grimmsnarl-froslass;2;1;0;3;0.666667;mitUnentschieden
6a9ebc30ab080c8c957fcc9c;2026-09-07;TEF-PBL;grimmsnarl-froslass;basic-box-m;1;2;0;3;0.333333;mitUnentschieden
6a9ebc30ab080c8c957fcc9c;2026-09-07;TEF-PBL;dragapult-dusknoir;alakazam-dudunsparce;1;1;0;2;0.5;mitUnentschieden
6a9ebc30ab080c8c957fcc9c;2026-09-07;TEF-PBL;alakazam-dudunsparce;dragapult-dusknoir;1;1;0;2;0.5;mitUnentschieden
6a9ebc30ab080c8c957fcc9c;2026-09-07;TEF-PBL;dragapult-ex;dragapult-dusknoir;2;5;0;7;0.285714;mitUnentschieden
6a9ebc30ab080c8c957fcc9c;2026-09-07;TEF-PBL;dragapult-dusknoir;dragapult-ex;5;2;0;7;0.714286;mitUnentschieden
6a9ebc30ab080c8c957fcc9c;2026-09-07;TEF-PBL;alakazam-dusknoir;grimmsnarl-froslass;0;1;0;1;0.0;mitUnentschieden
6a9ebc30ab080c8c957fcc9c;2026-09-07;TEF-PBL;grimmsnarl-froslass;alakazam-dusknoir;1;0;0;1;1.0;mitUnentschieden
6a9ebc30ab080c8c957fcc9c;2026-09-07;TEF-PBL;grimmsnarl-froslass;rockets-honchkrow;1;1;0;2;0.5;mitUnentschieden
6a9ebc30ab080c8c957fcc9c;2026-09-07;TEF-PBL;rockets-honchkrow;grimmsnarl-froslass;1;1;0;2;0.5;mitUnentschieden
6a9ebc30ab080c8c957fcc9c;2026-09-07;TEF-PBL;festival-lead;dhelmise-pbl;2;1;0;3;0.666667;mitUnentschieden
6a9ebc30ab080c8c957fcc9c;2026-09-07;TEF-PBL;dhelmise-pbl;festival-lead;0;3;0;3;0.0;mitUnentschieden
6a9ebc30ab080c8c957fcc9c;2026-09-07;TEF-PBL;dragapult-blaziken;slowking-scr;1;1;0;2;0.5;mitUnentschieden
6a9ebc30ab080c8c957fcc9c;2026-09-07;TEF-PBL;slowking-scr;dragapult-blaziken;1;1;0;2;0.5;mitUnentschieden
6a9ebc30ab080c8c957fcc9c;2026-09-07;TEF-PBL;greninja-ex;alakazam-dusknoir;1;0;0;1;1.0;mitUnentschieden
6a9ebc30ab080c8c957fcc9c;2026-09-07;TEF-PBL;alakazam-dusknoir;greninja-ex;0;1;0;1;0.0;mitUnentschieden
6a9ebc30ab080c8c957fcc9c;2026-09-07;TEF-PBL;mega-absol-box;clefairy-ogerpon;0;1;0;1;0.0;mitUnentschieden
6a9ebc30ab080c8c957fcc9c;2026-09-07;TEF-PBL;clefairy-ogerpon;mega-absol-box;1;0;0;1;1.0;mitUnentschieden
6a9ebc30ab080c8c957fcc9c;2026-09-07;TEF-PBL;dragapult-dusknoir;dragapult-blaziken;0;1;0;1;0.0;mitUnentschieden
6a9ebc30ab080c8c957fcc9c;2026-09-07;TEF-PBL;dragapult-blaziken;dragapult-dusknoir;1;0;0;1;1.0;mitUnentschieden
6a9ebc30ab080c8c957fcc9c;2026-09-07;TEF-PBL;mega-excadrill-ex;lucario-hariyama;1;0;0;1;1.0;mitUnentschieden
6a9ebc30ab080c8c957fcc9c;2026-09-07;TEF-PBL;lucario-hariyama;mega-excadrill-ex;0;1;0;1;0.0;mitUnentschieden
6a9ebc30ab080c8c957fcc9c;2026-09-07;TEF-PBL;mega-excadrill-ex;rockets-honchkrow;2;1;0;3;0.666667;mitUnentschieden
6a9ebc30ab080c8c957fcc9c;2026-09-07;TEF-PBL;rockets-honchkrow;mega-excadrill-ex;1;2;0;3;0.333333;mitUnentschieden
6a9ebc30ab080c8c957fcc9c;2026-09-07;TEF-PBL;alakazam-dudunsparce;slowking-scr;0;5;0;5;0.0;mitUnentschieden
6a9ebc30ab080c8c957fcc9c;2026-09-07;TEF-PBL;slowking-scr;alakazam-dudunsparce;4;1;0;5;0.8;mitUnentschieden
6a9ebc30ab080c8c957fcc9c;2026-09-07;TEF-PBL;dragapult-blaziken;ogerpon-meganium-hydrapple;0;2;0;2;0.0;mitUnentschieden
6a9ebc30ab080c8c957fcc9c;2026-09-07;TEF-PBL;ogerpon-meganium-hydrapple;dragapult-blaziken;2;0;0;2;1.0;mitUnentschieden
6a9ebc30ab080c8c957fcc9c;2026-09-07;TEF-PBL;slowking-scr;dragapult-ex;3;5;0;8;0.375;mitUnentschieden
6a9ebc30ab080c8c957fcc9c;2026-09-07;TEF-PBL;dragapult-ex;slowking-scr;5;3;0;8;0.625;mitUnentschieden
6a9ebc30ab080c8c957fcc9c;2026-09-07;TEF-PBL;alakazam-dudunsparce;alakazam-dudunsparce;1;1;0;2;0.5;mitUnentschieden
6a9ebc30ab080c8c957fcc9c;2026-09-07;TEF-PBL;alakazam-dusknoir;n-zoroark;1;0;0;1;1.0;mitUnentschieden
6a9ebc30ab080c8c957fcc9c;2026-09-07;TEF-PBL;n-zoroark;alakazam-dusknoir;0;1;0;1;0.0;mitUnentschieden
6a9ebc30ab080c8c957fcc9c;2026-09-07;TEF-PBL;crustle-dri;crustle-dri;1;1;0;2;0.5;mitUnentschieden
6a9ebc30ab080c8c957fcc9c;2026-09-07;TEF-PBL;basic-box-m;n-zoroark;1;0;0;1;1.0;mitUnentschieden
6a9ebc30ab080c8c957fcc9c;2026-09-07;TEF-PBL;n-zoroark;basic-box-m;0;1;0;1;0.0;mitUnentschieden
6a9ebc30ab080c8c957fcc9c;2026-09-07;TEF-PBL;festival-lead;grimmsnarl-froslass;0;1;0;1;0.0;mitUnentschieden
6a9ebc30ab080c8c957fcc9c;2026-09-07;TEF-PBL;grimmsnarl-froslass;festival-lead;1;0;0;1;1.0;mitUnentschieden
6a9ebc30ab080c8c957fcc9c;2026-09-07;TEF-PBL;lopunny-dudunsparce;grimmsnarl-froslass;0;1;0;1;0.0;mitUnentschieden
6a9ebc30ab080c8c957fcc9c;2026-09-07;TEF-PBL;grimmsnarl-froslass;lopunny-dudunsparce;1;0;0;1;1.0;mitUnentschieden
6a9ebc30ab080c8c957fcc9c;2026-09-07;TEF-PBL;festival-lead;rocket-mewtwo-ex;1;0;0;1;1.0;mitUnentschieden
6a9ebc30ab080c8c957fcc9c;2026-09-07;TEF-PBL;rocket-mewtwo-ex;festival-lead;0;1;0;1;0.0;mitUnentschieden
6a9ebc30ab080c8c957fcc9c;2026-09-07;TEF-PBL;n-zoroark;crustle-dri;0;1;0;1;0.0;mitUnentschieden
6a9ebc30ab080c8c957fcc9c;2026-09-07;TEF-PBL;crustle-dri;n-zoroark;1;0;0;1;1.0;mitUnentschieden
6a9ebc30ab080c8c957fcc9c;2026-09-07;TEF-PBL;basic-box-m;alakazam-dusknoir;1;0;0;1;1.0;mitUnentschieden
6a9ebc30ab080c8c957fcc9c;2026-09-07;TEF-PBL;alakazam-dusknoir;basic-box-m;0;1;0;1;0.0;mitUnentschieden
6a9ebc30ab080c8c957fcc9c;2026-09-07;TEF-PBL;mega-lucario-ex;slowking-scr;0;1;0;1;0.0;mitUnentschieden
6a9ebc30ab080c8c957fcc9c;2026-09-07;TEF-PBL;slowking-scr;mega-lucario-ex;1;0;0;1;1.0;mitUnentschieden
6a9ebc30ab080c8c957fcc9c;2026-09-07;TEF-PBL;dragapult-blaziken;dragapult-blaziken;2;2;0;4;0.5;mitUnentschieden
6a9ebc30ab080c8c957fcc9c;2026-09-07;TEF-PBL;kangaskhan-bouffalant;dragapult-dusknoir;1;0;0;1;1.0;mitUnentschieden
6a9ebc30ab080c8c957fcc9c;2026-09-07;TEF-PBL;dragapult-dusknoir;kangaskhan-bouffalant;0;1;0;1;0.0;mitUnentschieden
6a9ebc30ab080c8c957fcc9c;2026-09-07;TEF-PBL;erikas-victreebel;dragapult-ex;0;1;0;1;0.0;mitUnentschieden
6a9ebc30ab080c8c957fcc9c;2026-09-07;TEF-PBL;dragapult-ex;erikas-victreebel;1;0;0;1;1.0;mitUnentschieden
6a9ebc30ab080c8c957fcc9c;2026-09-07;TEF-PBL;starmie-froslass;slowking-scr;0;1;0;1;0.0;mitUnentschieden
6a9ebc30ab080c8c957fcc9c;2026-09-07;TEF-PBL;slowking-scr;starmie-froslass;1;0;0;1;1.0;mitUnentschieden
6a9ebc30ab080c8c957fcc9c;2026-09-07;TEF-PBL;festival-lead;n-zoroark;1;1;0;2;0.5;mitUnentschieden
6a9ebc30ab080c8c957fcc9c;2026-09-07;TEF-PBL;n-zoroark;festival-lead;1;1;0;2;0.5;mitUnentschieden
6a9ebc30ab080c8c957fcc9c;2026-09-07;TEF-PBL;slowking-scr;lopunny-dudunsparce;1;1;0;2;0.5;mitUnentschieden
6a9ebc30ab080c8c957fcc9c;2026-09-07;TEF-PBL;lopunny-dudunsparce;slowking-scr;1;1;0;2;0.5;mitUnentschieden
6a9ebc30ab080c8c957fcc9c;2026-09-07;TEF-PBL;ogerpon-meganium-arboliva;dragapult-dudunsparce;1;0;0;1;1.0;mitUnentschieden
6a9ebc30ab080c8c957fcc9c;2026-09-07;TEF-PBL;dragapult-dudunsparce;ogerpon-meganium-arboliva;0;1;0;1;0.0;mitUnentschieden
6a9ebc30ab080c8c957fcc9c;2026-09-07;TEF-PBL;beedrill-ex-cri;dragapult-dusknoir;1;0;0;1;1.0;mitUnentschieden
6a9ebc30ab080c8c957fcc9c;2026-09-07;TEF-PBL;dragapult-dusknoir;beedrill-ex-cri;0;1;0;1;0.0;mitUnentschieden
6a9ebc30ab080c8c957fcc9c;2026-09-07;TEF-PBL;dragapult-blaziken;sharpedo-toxtricity;1;1;0;2;0.5;mitUnentschieden
6a9ebc30ab080c8c957fcc9c;2026-09-07;TEF-PBL;sharpedo-toxtricity;dragapult-blaziken;1;1;0;2;0.5;mitUnentschieden
6a9ebc30ab080c8c957fcc9c;2026-09-07;TEF-PBL;sharpedo-toxtricity;ogerpon-meganium-arboliva;1;0;0;1;1.0;mitUnentschieden
6a9ebc30ab080c8c957fcc9c;2026-09-07;TEF-PBL;ogerpon-meganium-arboliva;sharpedo-toxtricity;0;1;0;1;0.0;mitUnentschieden
6a9ebc30ab080c8c957fcc9c;2026-09-07;TEF-PBL;n-zoroark;mega-venusaur-ex;0;2;0;2;0.0;mitUnentschieden
6a9ebc30ab080c8c957fcc9c;2026-09-07;TEF-PBL;mega-venusaur-ex;n-zoroark;2;0;0;2;1.0;mitUnentschieden
6a9ebc30ab080c8c957fcc9c;2026-09-07;TEF-PBL;grimmsnarl-froslass;dragapult-ex;0;3;0;3;0.0;mitUnentschieden
6a9ebc30ab080c8c957fcc9c;2026-09-07;TEF-PBL;dragapult-ex;grimmsnarl-froslass;3;0;0;3;1.0;mitUnentschieden
6a9ebc30ab080c8c957fcc9c;2026-09-07;TEF-PBL;alakazam-dudunsparce;alakazam-dusknoir;0;1;0;1;0.0;mitUnentschieden
6a9ebc30ab080c8c957fcc9c;2026-09-07;TEF-PBL;alakazam-dusknoir;alakazam-dudunsparce;1;0;0;1;1.0;mitUnentschieden
6a9ebc30ab080c8c957fcc9c;2026-09-07;TEF-PBL;ogerpon-meganium-hydrapple;crustle-dri;1;0;0;1;1.0;mitUnentschieden
6a9ebc30ab080c8c957fcc9c;2026-09-07;TEF-PBL;crustle-dri;ogerpon-meganium-hydrapple;0;1;0;1;0.0;mitUnentschieden
6a9ebc30ab080c8c957fcc9c;2026-09-07;TEF-PBL;grimmsnarl-froslass;crustle-dri;0;1;0;1;0.0;mitUnentschieden
6a9ebc30ab080c8c957fcc9c;2026-09-07;TEF-PBL;crustle-dri;grimmsnarl-froslass;1;0;0;1;1.0;mitUnentschieden
6a9ebc30ab080c8c957fcc9c;2026-09-07;TEF-PBL;clefairy-ogerpon;dragapult-blaziken;0;1;0;1;0.0;mitUnentschieden
6a9ebc30ab080c8c957fcc9c;2026-09-07;TEF-PBL;dragapult-blaziken;clefairy-ogerpon;1;0;0;1;1.0;mitUnentschieden
6a9ebc30ab080c8c957fcc9c;2026-09-07;TEF-PBL;dragapult-ex;festival-lead;6;3;0;9;0.666667;mitUnentschieden
6a9ebc30ab080c8c957fcc9c;2026-09-07;TEF-PBL;festival-lead;dragapult-ex;2;7;0;9;0.222222;mitUnentschieden
6a9ebc30ab080c8c957fcc9c;2026-09-07;TEF-PBL;mega-excadrill-ex;crustle-dri;2;1;0;3;0.666667;mitUnentschieden
6a9ebc30ab080c8c957fcc9c;2026-09-07;TEF-PBL;crustle-dri;mega-excadrill-ex;1;2;0;3;0.333333;mitUnentschieden
6a9ebc30ab080c8c957fcc9c;2026-09-07;TEF-PBL;basic-box-m;dragapult-blaziken;0;2;0;2;0.0;mitUnentschieden
6a9ebc30ab080c8c957fcc9c;2026-09-07;TEF-PBL;dragapult-blaziken;basic-box-m;2;0;0;2;1.0;mitUnentschieden
6a9ebc30ab080c8c957fcc9c;2026-09-07;TEF-PBL;greninja-ex;dhelmise-pbl;0;1;0;1;0.0;mitUnentschieden
6a9ebc30ab080c8c957fcc9c;2026-09-07;TEF-PBL;dhelmise-pbl;greninja-ex;1;0;0;1;1.0;mitUnentschieden
6a9ebc30ab080c8c957fcc9c;2026-09-07;TEF-PBL;grimmsnarl-froslass;alakazam-dudunsparce;0;2;0;2;0.0;mitUnentschieden
6a9ebc30ab080c8c957fcc9c;2026-09-07;TEF-PBL;alakazam-dudunsparce;grimmsnarl-froslass;2;0;0;2;1.0;mitUnentschieden
6a9ebc30ab080c8c957fcc9c;2026-09-07;TEF-PBL;crustle-dri;ogerpon-meganium-arboliva;1;0;0;1;1.0;mitUnentschieden
6a9ebc30ab080c8c957fcc9c;2026-09-07;TEF-PBL;ogerpon-meganium-arboliva;crustle-dri;0;1;0;1;0.0;mitUnentschieden
6a9ebc30ab080c8c957fcc9c;2026-09-07;TEF-PBL;crustle-dri;dhelmise-pbl;0;1;0;1;0.0;mitUnentschieden
6a9ebc30ab080c8c957fcc9c;2026-09-07;TEF-PBL;dhelmise-pbl;crustle-dri;0;1;0;1;0.0;mitUnentschieden
6a9ebc30ab080c8c957fcc9c;2026-09-07;TEF-PBL;n-zoroark;beedrill-ex-cri;0;1;0;1;0.0;mitUnentschieden
6a9ebc30ab080c8c957fcc9c;2026-09-07;TEF-PBL;beedrill-ex-cri;n-zoroark;1;0;0;1;1.0;mitUnentschieden
6a9ebc30ab080c8c957fcc9c;2026-09-07;TEF-PBL;dragapult-blaziken;kangaskhan-bouffalant;0;1;0;1;0.0;mitUnentschieden
6a9ebc30ab080c8c957fcc9c;2026-09-07;TEF-PBL;kangaskhan-bouffalant;dragapult-blaziken;1;0;0;1;1.0;mitUnentschieden
6a9ebc30ab080c8c957fcc9c;2026-09-07;TEF-PBL;dragapult-blaziken;lopunny-dudunsparce;1;0;0;1;1.0;mitUnentschieden
6a9ebc30ab080c8c957fcc9c;2026-09-07;TEF-PBL;lopunny-dudunsparce;dragapult-blaziken;0;1;0;1;0.0;mitUnentschieden
6a9ebc30ab080c8c957fcc9c;2026-09-07;TEF-PBL;slowking-scr;mega-venusaur-ex;1;0;0;1;1.0;mitUnentschieden
6a9ebc30ab080c8c957fcc9c;2026-09-07;TEF-PBL;mega-venusaur-ex;slowking-scr;0;1;0;1;0.0;mitUnentschieden
6a9ebc30ab080c8c957fcc9c;2026-09-07;TEF-PBL;slowking-scr;ogerpon-meganium-arboliva;0;1;0;1;0.0;mitUnentschieden
6a9ebc30ab080c8c957fcc9c;2026-09-07;TEF-PBL;ogerpon-meganium-arboliva;slowking-scr;1;0;0;1;1.0;mitUnentschieden
6a9ebc30ab080c8c957fcc9c;2026-09-07;TEF-PBL;mega-excadrill-ex;dragapult-blaziken;1;1;0;2;0.5;mitUnentschieden
6a9ebc30ab080c8c957fcc9c;2026-09-07;TEF-PBL;dragapult-blaziken;mega-excadrill-ex;1;1;0;2;0.5;mitUnentschieden
6a9ebc30ab080c8c957fcc9c;2026-09-07;TEF-PBL;dragapult-ex;mega-absol-box;0;1;0;1;0.0;mitUnentschieden
6a9ebc30ab080c8c957fcc9c;2026-09-07;TEF-PBL;mega-absol-box;dragapult-ex;1;0;0;1;1.0;mitUnentschieden
6a9ebc30ab080c8c957fcc9c;2026-09-07;TEF-PBL;dragapult-ex;n-zoroark;1;2;0;3;0.333333;mitUnentschieden
6a9ebc30ab080c8c957fcc9c;2026-09-07;TEF-PBL;n-zoroark;dragapult-ex;2;1;0;3;0.666667;mitUnentschieden
6a9ebc30ab080c8c957fcc9c;2026-09-07;TEF-PBL;cynthia-garchomp-ex;n-zoroark;1;0;0;1;1.0;mitUnentschieden
6a9ebc30ab080c8c957fcc9c;2026-09-07;TEF-PBL;n-zoroark;cynthia-garchomp-ex;0;1;0;1;0.0;mitUnentschieden
6a9ebc30ab080c8c957fcc9c;2026-09-07;TEF-PBL;rocket-mewtwo-ex;alakazam-dusknoir;0;1;0;1;0.0;mitUnentschieden
6a9ebc30ab080c8c957fcc9c;2026-09-07;TEF-PBL;alakazam-dusknoir;rocket-mewtwo-ex;1;0;0;1;1.0;mitUnentschieden
6a9ebc30ab080c8c957fcc9c;2026-09-07;TEF-PBL;dragapult-ex;basic-box-m;2;1;0;3;0.666667;mitUnentschieden
6a9ebc30ab080c8c957fcc9c;2026-09-07;TEF-PBL;basic-box-m;dragapult-ex;1;2;0;3;0.333333;mitUnentschieden
6a9ebc30ab080c8c957fcc9c;2026-09-07;TEF-PBL;lucario-hariyama;slowking-scr;0;1;0;1;0.0;mitUnentschieden
6a9ebc30ab080c8c957fcc9c;2026-09-07;TEF-PBL;slowking-scr;lucario-hariyama;1;0;0;1;1.0;mitUnentschieden
6a9ebc30ab080c8c957fcc9c;2026-09-07;TEF-PBL;kangaskhan-bouffalant;lopunny-dudunsparce;1;0;0;1;1.0;mitUnentschieden
6a9ebc30ab080c8c957fcc9c;2026-09-07;TEF-PBL;lopunny-dudunsparce;kangaskhan-bouffalant;0;1;0;1;0.0;mitUnentschieden
6a9ebc30ab080c8c957fcc9c;2026-09-07;TEF-PBL;starmie-froslass;ogerpon-meganium-arboliva;0;1;0;1;0.0;mitUnentschieden
6a9ebc30ab080c8c957fcc9c;2026-09-07;TEF-PBL;ogerpon-meganium-arboliva;starmie-froslass;1;0;0;1;1.0;mitUnentschieden
6a9ebc30ab080c8c957fcc9c;2026-09-07;TEF-PBL;dragapult-ex;sharpedo-toxtricity;1;0;0;1;1.0;mitUnentschieden
6a9ebc30ab080c8c957fcc9c;2026-09-07;TEF-PBL;sharpedo-toxtricity;dragapult-ex;0;1;0;1;0.0;mitUnentschieden
6a9ebc30ab080c8c957fcc9c;2026-09-07;TEF-PBL;festival-lead;alakazam-dudunsparce;2;2;0;4;0.5;mitUnentschieden
6a9ebc30ab080c8c957fcc9c;2026-09-07;TEF-PBL;alakazam-dudunsparce;festival-lead;2;2;0;4;0.5;mitUnentschieden
6a9ebc30ab080c8c957fcc9c;2026-09-07;TEF-PBL;mega-lucario-ex;cynthia-garchomp-ex;0;1;0;1;0.0;mitUnentschieden
6a9ebc30ab080c8c957fcc9c;2026-09-07;TEF-PBL;cynthia-garchomp-ex;mega-lucario-ex;1;0;0;1;1.0;mitUnentschieden
6a9ebc30ab080c8c957fcc9c;2026-09-07;TEF-PBL;crustle-dri;rockets-honchkrow;0;2;0;2;0.0;mitUnentschieden
6a9ebc30ab080c8c957fcc9c;2026-09-07;TEF-PBL;rockets-honchkrow;crustle-dri;2;0;0;2;1.0;mitUnentschieden
6a9ebc30ab080c8c957fcc9c;2026-09-07;TEF-PBL;alakazam-dusknoir;crustle-dri;2;0;0;2;1.0;mitUnentschieden
6a9ebc30ab080c8c957fcc9c;2026-09-07;TEF-PBL;crustle-dri;alakazam-dusknoir;0;2;0;2;0.0;mitUnentschieden
6a9ebc30ab080c8c957fcc9c;2026-09-07;TEF-PBL;festival-lead;ogerpon-meganium-arboliva;1;0;0;1;1.0;mitUnentschieden
6a9ebc30ab080c8c957fcc9c;2026-09-07;TEF-PBL;ogerpon-meganium-arboliva;festival-lead;0;1;0;1;0.0;mitUnentschieden
6a9ebc30ab080c8c957fcc9c;2026-09-07;TEF-PBL;kangaskhan-bouffalant;crustle-dri;0;1;0;1;0.0;mitUnentschieden
6a9ebc30ab080c8c957fcc9c;2026-09-07;TEF-PBL;crustle-dri;kangaskhan-bouffalant;1;0;0;1;1.0;mitUnentschieden
6a9ebc30ab080c8c957fcc9c;2026-09-07;TEF-PBL;n-zoroark;grimmsnarl-froslass;0;1;0;1;0.0;mitUnentschieden
6a9ebc30ab080c8c957fcc9c;2026-09-07;TEF-PBL;grimmsnarl-froslass;n-zoroark;1;0;0;1;1.0;mitUnentschieden
6a9ebc30ab080c8c957fcc9c;2026-09-07;TEF-PBL;beedrill-ex-cri;cynthia-garchomp-ex;1;0;0;1;1.0;mitUnentschieden
6a9ebc30ab080c8c957fcc9c;2026-09-07;TEF-PBL;cynthia-garchomp-ex;beedrill-ex-cri;0;1;0;1;0.0;mitUnentschieden
6a9ebc30ab080c8c957fcc9c;2026-09-07;TEF-PBL;greninja-ex;slowking-scr;1;0;0;1;1.0;mitUnentschieden
6a9ebc30ab080c8c957fcc9c;2026-09-07;TEF-PBL;slowking-scr;greninja-ex;0;1;0;1;0.0;mitUnentschieden
6a9ebc30ab080c8c957fcc9c;2026-09-07;TEF-PBL;mega-excadrill-ex;n-zoroark;1;0;1;2;0.5;mitUnentschieden
6a9ebc30ab080c8c957fcc9c;2026-09-07;TEF-PBL;n-zoroark;mega-excadrill-ex;0;1;1;2;0.0;mitUnentschieden
6a9ebc30ab080c8c957fcc9c;2026-09-07;TEF-PBL;slowking-scr;basic-box-m;2;0;0;2;1.0;mitUnentschieden
6a9ebc30ab080c8c957fcc9c;2026-09-07;TEF-PBL;basic-box-m;slowking-scr;0;2;0;2;0.0;mitUnentschieden
6a9ebc30ab080c8c957fcc9c;2026-09-07;TEF-PBL;alakazam-dusknoir;mega-absol-box;1;0;0;1;1.0;mitUnentschieden
6a9ebc30ab080c8c957fcc9c;2026-09-07;TEF-PBL;mega-absol-box;alakazam-dusknoir;0;1;0;1;0.0;mitUnentschieden
6a9ebc30ab080c8c957fcc9c;2026-09-07;TEF-PBL;sharpedo-toxtricity;dhelmise-pbl;1;0;0;1;1.0;mitUnentschieden
6a9ebc30ab080c8c957fcc9c;2026-09-07;TEF-PBL;dhelmise-pbl;sharpedo-toxtricity;0;1;0;1;0.0;mitUnentschieden
6a9ebc30ab080c8c957fcc9c;2026-09-07;TEF-PBL;dhelmise-pbl;kangaskhan-bouffalant;0;1;0;1;0.0;mitUnentschieden
6a9ebc30ab080c8c957fcc9c;2026-09-07;TEF-PBL;kangaskhan-bouffalant;dhelmise-pbl;1;0;0;1;1.0;mitUnentschieden
6a9ebc30ab080c8c957fcc9c;2026-09-07;TEF-PBL;alakazam-dudunsparce;n-zoroark;1;2;0;3;0.333333;mitUnentschieden
6a9ebc30ab080c8c957fcc9c;2026-09-07;TEF-PBL;n-zoroark;alakazam-dudunsparce;1;2;0;3;0.333333;mitUnentschieden
6a9ebc30ab080c8c957fcc9c;2026-09-07;TEF-PBL;ogerpon-meganium-arboliva;erikas-victreebel;1;0;0;1;1.0;mitUnentschieden
6a9ebc30ab080c8c957fcc9c;2026-09-07;TEF-PBL;erikas-victreebel;ogerpon-meganium-arboliva;0;1;0;1;0.0;mitUnentschieden
6a9ebc30ab080c8c957fcc9c;2026-09-07;TEF-PBL;mega-venusaur-ex;festival-lead;0;1;0;1;0.0;mitUnentschieden
6a9ebc30ab080c8c957fcc9c;2026-09-07;TEF-PBL;festival-lead;mega-venusaur-ex;1;0;0;1;1.0;mitUnentschieden
6a9ebc30ab080c8c957fcc9c;2026-09-07;TEF-PBL;cynthia-garchomp-ex;starmie-froslass;1;0;0;1;1.0;mitUnentschieden
6a9ebc30ab080c8c957fcc9c;2026-09-07;TEF-PBL;starmie-froslass;cynthia-garchomp-ex;0;1;0;1;0.0;mitUnentschieden
6a9ebc30ab080c8c957fcc9c;2026-09-07;TEF-PBL;festival-lead;mega-lucario-ex;0;1;0;1;0.0;mitUnentschieden
6a9ebc30ab080c8c957fcc9c;2026-09-07;TEF-PBL;mega-lucario-ex;festival-lead;0;1;0;1;0.0;mitUnentschieden
6a9ebc30ab080c8c957fcc9c;2026-09-07;TEF-PBL;alakazam-dusknoir;rockets-honchkrow;0;1;1;2;0.0;mitUnentschieden
6a9ebc30ab080c8c957fcc9c;2026-09-07;TEF-PBL;rockets-honchkrow;alakazam-dusknoir;1;0;1;2;0.5;mitUnentschieden
6a9ebc30ab080c8c957fcc9c;2026-09-07;TEF-PBL;ogerpon-meganium-hydrapple;dhelmise-pbl;1;0;0;1;1.0;mitUnentschieden
6a9ebc30ab080c8c957fcc9c;2026-09-07;TEF-PBL;dhelmise-pbl;ogerpon-meganium-hydrapple;0;1;0;1;0.0;mitUnentschieden
6a9ebc30ab080c8c957fcc9c;2026-09-07;TEF-PBL;alakazam-dudunsparce;crustle-dri;2;1;0;3;0.666667;mitUnentschieden
6a9ebc30ab080c8c957fcc9c;2026-09-07;TEF-PBL;crustle-dri;alakazam-dudunsparce;0;3;0;3;0.0;mitUnentschieden
6a9ebc30ab080c8c957fcc9c;2026-09-07;TEF-PBL;beedrill-ex-cri;greninja-ex;0;1;0;1;0.0;mitUnentschieden
6a9ebc30ab080c8c957fcc9c;2026-09-07;TEF-PBL;greninja-ex;beedrill-ex-cri;1;0;0;1;1.0;mitUnentschieden
6a9ebc30ab080c8c957fcc9c;2026-09-07;TEF-PBL;mega-excadrill-ex;slowking-scr;1;2;0;3;0.333333;mitUnentschieden
6a9ebc30ab080c8c957fcc9c;2026-09-07;TEF-PBL;slowking-scr;mega-excadrill-ex;2;1;0;3;0.666667;mitUnentschieden
6a9ebc30ab080c8c957fcc9c;2026-09-07;TEF-PBL;festival-lead;mega-excadrill-ex;0;1;0;1;0.0;mitUnentschieden
6a9ebc30ab080c8c957fcc9c;2026-09-07;TEF-PBL;mega-excadrill-ex;festival-lead;1;0;0;1;1.0;mitUnentschieden
6a9ebc30ab080c8c957fcc9c;2026-09-07;TEF-PBL;cynthia-garchomp-ex;ogerpon-meganium-arboliva;0;1;0;1;0.0;mitUnentschieden
6a9ebc30ab080c8c957fcc9c;2026-09-07;TEF-PBL;ogerpon-meganium-arboliva;cynthia-garchomp-ex;1;0;0;1;1.0;mitUnentschieden
6a9ebc30ab080c8c957fcc9c;2026-09-07;TEF-PBL;kangaskhan-bouffalant;dragapult-ex;1;0;0;1;1.0;mitUnentschieden
6a9ebc30ab080c8c957fcc9c;2026-09-07;TEF-PBL;dragapult-ex;kangaskhan-bouffalant;0;1;0;1;0.0;mitUnentschieden
6a9ebc30ab080c8c957fcc9c;2026-09-07;TEF-PBL;lucario-hariyama;grimmsnarl-froslass;0;1;0;1;0.0;mitUnentschieden
6a9ebc30ab080c8c957fcc9c;2026-09-07;TEF-PBL;grimmsnarl-froslass;lucario-hariyama;1;0;0;1;1.0;mitUnentschieden
6a9ebc30ab080c8c957fcc9c;2026-09-07;TEF-PBL;cynthia-garchomp-ex;mega-absol-box;1;0;0;1;1.0;mitUnentschieden
6a9ebc30ab080c8c957fcc9c;2026-09-07;TEF-PBL;mega-absol-box;cynthia-garchomp-ex;0;1;0;1;0.0;mitUnentschieden
6a9ebc30ab080c8c957fcc9c;2026-09-07;TEF-PBL;grimmsnarl-froslass;mega-excadrill-ex;0;1;0;1;0.0;mitUnentschieden
6a9ebc30ab080c8c957fcc9c;2026-09-07;TEF-PBL;mega-excadrill-ex;grimmsnarl-froslass;1;0;0;1;1.0;mitUnentschieden
6a9ebc30ab080c8c957fcc9c;2026-09-07;TEF-PBL;dragapult-ex;ogerpon-meganium-arboliva;2;0;0;2;1.0;mitUnentschieden
6a9ebc30ab080c8c957fcc9c;2026-09-07;TEF-PBL;ogerpon-meganium-arboliva;dragapult-ex;0;2;0;2;0.0;mitUnentschieden
6a9ebc30ab080c8c957fcc9c;2026-09-07;TEF-PBL;alakazam-dudunsparce;mega-lucario-ex;0;1;0;1;0.0;mitUnentschieden
6a9ebc30ab080c8c957fcc9c;2026-09-07;TEF-PBL;mega-lucario-ex;alakazam-dudunsparce;0;1;0;1;0.0;mitUnentschieden
6a9ebc30ab080c8c957fcc9c;2026-09-07;TEF-PBL;rockets-honchkrow;ogerpon-meganium-hydrapple;0;0;1;1;0.0;mitUnentschieden
6a9ebc30ab080c8c957fcc9c;2026-09-07;TEF-PBL;ogerpon-meganium-hydrapple;rockets-honchkrow;0;0;1;1;0.0;mitUnentschieden
6a9ebc30ab080c8c957fcc9c;2026-09-07;TEF-PBL;alakazam-dusknoir;slowking-scr;1;0;1;2;0.5;mitUnentschieden
6a9ebc30ab080c8c957fcc9c;2026-09-07;TEF-PBL;slowking-scr;alakazam-dusknoir;0;1;1;2;0.0;mitUnentschieden
6a9ebc30ab080c8c957fcc9c;2026-09-07;TEF-PBL;greninja-ex;crustle-dri;1;0;0;1;1.0;mitUnentschieden
6a9ebc30ab080c8c957fcc9c;2026-09-07;TEF-PBL;crustle-dri;greninja-ex;0;1;0;1;0.0;mitUnentschieden
6a9ebc30ab080c8c957fcc9c;2026-09-07;TEF-PBL;kangaskhan-bouffalant;cynthia-garchomp-ex;0;1;0;1;0.0;mitUnentschieden
6a9ebc30ab080c8c957fcc9c;2026-09-07;TEF-PBL;cynthia-garchomp-ex;kangaskhan-bouffalant;1;0;0;1;1.0;mitUnentschieden
6a9ebc30ab080c8c957fcc9c;2026-09-07;TEF-PBL;festival-lead;crustle-dri;1;0;0;1;1.0;mitUnentschieden
6a9ebc30ab080c8c957fcc9c;2026-09-07;TEF-PBL;crustle-dri;festival-lead;0;1;0;1;0.0;mitUnentschieden
6a9ebc30ab080c8c957fcc9c;2026-09-07;TEF-PBL;beedrill-ex-cri;festival-lead;0;1;0;1;0.0;mitUnentschieden
6a9ebc30ab080c8c957fcc9c;2026-09-07;TEF-PBL;festival-lead;beedrill-ex-cri;1;0;0;1;1.0;mitUnentschieden
6a9ebc30ab080c8c957fcc9c;2026-09-07;TEF-PBL;dragapult-ex;mega-venusaur-ex;1;0;0;1;1.0;mitUnentschieden
6a9ebc30ab080c8c957fcc9c;2026-09-07;TEF-PBL;mega-venusaur-ex;dragapult-ex;0;1;0;1;0.0;mitUnentschieden
6a9ebc30ab080c8c957fcc9c;2026-09-07;TEF-PBL;mega-excadrill-ex;mega-lucario-ex;0;1;0;1;0.0;mitUnentschieden
6a9ebc30ab080c8c957fcc9c;2026-09-07;TEF-PBL;mega-lucario-ex;mega-excadrill-ex;0;1;0;1;0.0;mitUnentschieden
6a9ebc30ab080c8c957fcc9c;2026-09-07;TEF-PBL;greninja-ex;dragapult-ex;0;1;0;1;0.0;mitUnentschieden
6a9ebc30ab080c8c957fcc9c;2026-09-07;TEF-PBL;dragapult-ex;greninja-ex;1;0;0;1;1.0;mitUnentschieden
6a9ebc30ab080c8c957fcc9c;2026-09-07;TEF-PBL;alakazam-dusknoir;dragapult-ex;0;0;1;1;0.0;mitUnentschieden
6a9ebc30ab080c8c957fcc9c;2026-09-07;TEF-PBL;dragapult-ex;alakazam-dusknoir;0;0;1;1;0.0;mitUnentschieden
6a9ebc30ab080c8c957fcc9c;2026-09-07;TEF-PBL;cynthia-garchomp-ex;festival-lead;0;1;0;1;0.0;mitUnentschieden
6a9ebc30ab080c8c957fcc9c;2026-09-07;TEF-PBL;festival-lead;cynthia-garchomp-ex;1;0;0;1;1.0;mitUnentschieden
6a9ebc30ab080c8c957fcc9c;2026-09-07;TEF-PBL;grimmsnarl-froslass;kangaskhan-bouffalant;0;1;0;1;0.0;mitUnentschieden
6a9ebc30ab080c8c957fcc9c;2026-09-07;TEF-PBL;kangaskhan-bouffalant;grimmsnarl-froslass;1;0;0;1;1.0;mitUnentschieden
6a9ebc30ab080c8c957fcc9c;2026-09-07;TEF-PBL;crustle-dri;basic-box-m;1;0;0;1;1.0;mitUnentschieden
6a9ebc30ab080c8c957fcc9c;2026-09-07;TEF-PBL;basic-box-m;crustle-dri;0;1;0;1;0.0;mitUnentschieden
6a9ebc30ab080c8c957fcc9c;2026-09-07;TEF-PBL;dhelmise-pbl;mega-excadrill-ex;0;1;0;1;0.0;mitUnentschieden
6a9ebc30ab080c8c957fcc9c;2026-09-07;TEF-PBL;mega-excadrill-ex;dhelmise-pbl;0;1;0;1;0.0;mitUnentschieden
6a9ebc30ab080c8c957fcc9c;2026-09-07;TEF-PBL;alakazam-dusknoir;mega-excadrill-ex;0;1;0;1;0.0;mitUnentschieden
6a9ebc30ab080c8c957fcc9c;2026-09-07;TEF-PBL;mega-excadrill-ex;alakazam-dusknoir;1;0;0;1;1.0;mitUnentschieden
6a9ebc30ab080c8c957fcc9c;2026-09-07;TEF-PBL;festival-lead;rockets-honchkrow;1;0;0;1;1.0;mitUnentschieden
6a9ebc30ab080c8c957fcc9c;2026-09-07;TEF-PBL;rockets-honchkrow;festival-lead;0;1;0;1;0.0;mitUnentschieden
6a9ebc30ab080c8c957fcc9c;2026-09-07;TEF-PBL;greninja-ex;mega-excadrill-ex;0;1;0;1;0.0;mitUnentschieden
6a9ebc30ab080c8c957fcc9c;2026-09-07;TEF-PBL;mega-excadrill-ex;greninja-ex;1;0;0;1;1.0;mitUnentschieden
6a9ebc30ab080c8c957fcc9c;2026-09-07;TEF-PBL;ogerpon-meganium-hydrapple;slowking-scr;0;1;0;1;0.0;mitUnentschieden
6a9ebc30ab080c8c957fcc9c;2026-09-07;TEF-PBL;slowking-scr;ogerpon-meganium-hydrapple;1;0;0;1;1.0;mitUnentschieden
6a9ebc30ab080c8c957fcc9c;2026-09-07;TEF-PBL;festival-lead;alakazam-dusknoir;0;1;0;1;0.0;mitUnentschieden
6a9ebc30ab080c8c957fcc9c;2026-09-07;TEF-PBL;alakazam-dusknoir;festival-lead;1;0;0;1;1.0;mitUnentschieden
6a9db100ab080c8c957fc12b;2026-09-07;TEF-PBL;lucario-hariyama;sharpedo-toxtricity;1;0;0;1;1.0;mitUnentschieden
6a9db100ab080c8c957fc12b;2026-09-07;TEF-PBL;sharpedo-toxtricity;lucario-hariyama;0;1;0;1;0.0;mitUnentschieden
6a9db100ab080c8c957fc12b;2026-09-07;TEF-PBL;mega-venusaur-ex;dragapult-ex;1;0;0;1;1.0;mitUnentschieden
6a9db100ab080c8c957fc12b;2026-09-07;TEF-PBL;dragapult-ex;mega-venusaur-ex;0;1;0;1;0.0;mitUnentschieden
6a9db100ab080c8c957fc12b;2026-09-07;TEF-PBL;dhelmise-pbl;alakazam-dudunsparce;5;2;0;7;0.714286;mitUnentschieden
6a9db100ab080c8c957fc12b;2026-09-07;TEF-PBL;alakazam-dudunsparce;dhelmise-pbl;1;6;0;7;0.142857;mitUnentschieden
6a9db100ab080c8c957fc12b;2026-09-07;TEF-PBL;lopunny-dudunsparce;ogerpon-meganium-arboliva;0;2;0;2;0.0;mitUnentschieden
6a9db100ab080c8c957fc12b;2026-09-07;TEF-PBL;ogerpon-meganium-arboliva;lopunny-dudunsparce;2;0;0;2;1.0;mitUnentschieden
6a9db100ab080c8c957fc12b;2026-09-07;TEF-PBL;cynthia-garchomp-ex;metagross-cri;0;1;0;1;0.0;mitUnentschieden
6a9db100ab080c8c957fc12b;2026-09-07;TEF-PBL;metagross-cri;cynthia-garchomp-ex;1;0;0;1;1.0;mitUnentschieden
6a9db100ab080c8c957fc12b;2026-09-07;TEF-PBL;dragapult-ex;marnie-grimmsnarl-ex;1;0;0;1;1.0;mitUnentschieden
6a9db100ab080c8c957fc12b;2026-09-07;TEF-PBL;marnie-grimmsnarl-ex;dragapult-ex;0;1;0;1;0.0;mitUnentschieden
6a9db100ab080c8c957fc12b;2026-09-07;TEF-PBL;slowking-scr;hop-zacian;1;0;0;1;1.0;mitUnentschieden
6a9db100ab080c8c957fc12b;2026-09-07;TEF-PBL;hop-zacian;slowking-scr;0;1;0;1;0.0;mitUnentschieden
6a9db100ab080c8c957fc12b;2026-09-07;TEF-PBL;basic-box-m;beedrill-ex-cri;1;0;0;1;1.0;mitUnentschieden
6a9db100ab080c8c957fc12b;2026-09-07;TEF-PBL;beedrill-ex-cri;basic-box-m;0;1;0;1;0.0;mitUnentschieden
6a9db100ab080c8c957fc12b;2026-09-07;TEF-PBL;archaludon-dudunsparce;dragapult-ex;0;3;0;3;0.0;mitUnentschieden
6a9db100ab080c8c957fc12b;2026-09-07;TEF-PBL;dragapult-ex;archaludon-dudunsparce;3;0;0;3;1.0;mitUnentschieden
6a9db100ab080c8c957fc12b;2026-09-07;TEF-PBL;n-zoroark;alakazam-dudunsparce;4;3;0;7;0.571429;mitUnentschieden
6a9db100ab080c8c957fc12b;2026-09-07;TEF-PBL;alakazam-dudunsparce;n-zoroark;3;4;0;7;0.428571;mitUnentschieden
6a9db100ab080c8c957fc12b;2026-09-07;TEF-PBL;dragapult-ex;mega-absol-box;2;1;0;3;0.666667;mitUnentschieden
6a9db100ab080c8c957fc12b;2026-09-07;TEF-PBL;mega-absol-box;dragapult-ex;1;2;0;3;0.333333;mitUnentschieden
6a9db100ab080c8c957fc12b;2026-09-07;TEF-PBL;mega-excadrill-ex;dragapult-ex;4;6;0;10;0.4;mitUnentschieden
6a9db100ab080c8c957fc12b;2026-09-07;TEF-PBL;dragapult-ex;mega-excadrill-ex;6;4;0;10;0.6;mitUnentschieden
6a9db100ab080c8c957fc12b;2026-09-07;TEF-PBL;cynthia-garchomp-ex;dhelmise-pbl;0;1;0;1;0.0;mitUnentschieden
6a9db100ab080c8c957fc12b;2026-09-07;TEF-PBL;dhelmise-pbl;cynthia-garchomp-ex;1;0;0;1;1.0;mitUnentschieden
6a9db100ab080c8c957fc12b;2026-09-07;TEF-PBL;ethan-typhlosion;mega-excadrill-ex;1;0;0;1;1.0;mitUnentschieden
6a9db100ab080c8c957fc12b;2026-09-07;TEF-PBL;mega-excadrill-ex;ethan-typhlosion;0;1;0;1;0.0;mitUnentschieden
6a9db100ab080c8c957fc12b;2026-09-07;TEF-PBL;mega-absol-box;dragapult-dusknoir;2;1;0;3;0.666667;mitUnentschieden
6a9db100ab080c8c957fc12b;2026-09-07;TEF-PBL;dragapult-dusknoir;mega-absol-box;1;2;0;3;0.333333;mitUnentschieden
6a9db100ab080c8c957fc12b;2026-09-07;TEF-PBL;grimmsnarl-froslass;dragapult-dusknoir;2;0;0;2;1.0;mitUnentschieden
6a9db100ab080c8c957fc12b;2026-09-07;TEF-PBL;dragapult-dusknoir;grimmsnarl-froslass;0;2;0;2;0.0;mitUnentschieden
6a9db100ab080c8c957fc12b;2026-09-07;TEF-PBL;dragapult-ex;beedrill-ex-cri;2;0;0;2;1.0;mitUnentschieden
6a9db100ab080c8c957fc12b;2026-09-07;TEF-PBL;beedrill-ex-cri;dragapult-ex;0;2;0;2;0.0;mitUnentschieden
6a9db100ab080c8c957fc12b;2026-09-07;TEF-PBL;iono-bellibolt;starmie-froslass;1;0;0;1;1.0;mitUnentschieden
6a9db100ab080c8c957fc12b;2026-09-07;TEF-PBL;starmie-froslass;iono-bellibolt;0;1;0;1;0.0;mitUnentschieden
6a9db100ab080c8c957fc12b;2026-09-07;TEF-PBL;dragapult-ex;slowking-scr;9;5;1;15;0.6;mitUnentschieden
6a9db100ab080c8c957fc12b;2026-09-07;TEF-PBL;slowking-scr;dragapult-ex;4;10;1;15;0.266667;mitUnentschieden
6a9db100ab080c8c957fc12b;2026-09-07;TEF-PBL;starmie-froslass;alakazam-dusknoir;0;1;0;1;0.0;mitUnentschieden
6a9db100ab080c8c957fc12b;2026-09-07;TEF-PBL;alakazam-dusknoir;starmie-froslass;1;0;0;1;1.0;mitUnentschieden
6a9db100ab080c8c957fc12b;2026-09-07;TEF-PBL;okidogi-barbaracle;mega-lucario-ex;1;0;0;1;1.0;mitUnentschieden
6a9db100ab080c8c957fc12b;2026-09-07;TEF-PBL;mega-lucario-ex;okidogi-barbaracle;0;1;0;1;0.0;mitUnentschieden
6a9db100ab080c8c957fc12b;2026-09-07;TEF-PBL;alakazam-dudunsparce;dragapult-ex;8;10;0;18;0.444444;mitUnentschieden
6a9db100ab080c8c957fc12b;2026-09-07;TEF-PBL;dragapult-ex;alakazam-dudunsparce;10;8;0;18;0.555556;mitUnentschieden
6a9db100ab080c8c957fc12b;2026-09-07;TEF-PBL;alakazam-dusknoir;festival-lead;1;2;0;3;0.333333;mitUnentschieden
6a9db100ab080c8c957fc12b;2026-09-07;TEF-PBL;festival-lead;alakazam-dusknoir;2;1;0;3;0.666667;mitUnentschieden
6a9db100ab080c8c957fc12b;2026-09-07;TEF-PBL;starmie-dusknoir;basic-box-m;0;1;0;1;0.0;mitUnentschieden
6a9db100ab080c8c957fc12b;2026-09-07;TEF-PBL;basic-box-m;starmie-dusknoir;1;0;0;1;1.0;mitUnentschieden
6a9db100ab080c8c957fc12b;2026-09-07;TEF-PBL;slowking-scr;mega-excadrill-ex;2;1;0;3;0.666667;mitUnentschieden
6a9db100ab080c8c957fc12b;2026-09-07;TEF-PBL;mega-excadrill-ex;slowking-scr;1;2;0;3;0.333333;mitUnentschieden
6a9db100ab080c8c957fc12b;2026-09-07;TEF-PBL;dragapult-dusknoir;alakazam-dudunsparce;3;3;0;6;0.5;mitUnentschieden
6a9db100ab080c8c957fc12b;2026-09-07;TEF-PBL;alakazam-dudunsparce;dragapult-dusknoir;2;4;0;6;0.333333;mitUnentschieden
6a9db100ab080c8c957fc12b;2026-09-07;TEF-PBL;rockets-honchkrow;toucannon-pbl;1;0;0;1;1.0;mitUnentschieden
6a9db100ab080c8c957fc12b;2026-09-07;TEF-PBL;toucannon-pbl;rockets-honchkrow;0;1;0;1;0.0;mitUnentschieden
6a9db100ab080c8c957fc12b;2026-09-07;TEF-PBL;mega-chandelure-ex;dhelmise-pbl;1;1;0;2;0.5;mitUnentschieden
6a9db100ab080c8c957fc12b;2026-09-07;TEF-PBL;dhelmise-pbl;mega-chandelure-ex;1;1;0;2;0.5;mitUnentschieden
6a9db100ab080c8c957fc12b;2026-09-07;TEF-PBL;basic-box-m;dragapult-ex;1;5;2;8;0.125;mitUnentschieden
6a9db100ab080c8c957fc12b;2026-09-07;TEF-PBL;dragapult-ex;basic-box-m;5;1;2;8;0.625;mitUnentschieden
6a9db100ab080c8c957fc12b;2026-09-07;TEF-PBL;starmie-froslass;lopunny-dusknoir;0;1;0;1;0.0;mitUnentschieden
6a9db100ab080c8c957fc12b;2026-09-07;TEF-PBL;lopunny-dusknoir;starmie-froslass;1;0;0;1;1.0;mitUnentschieden
6a9db100ab080c8c957fc12b;2026-09-07;TEF-PBL;mega-absol-box;slowking-scr;0;1;0;1;0.0;mitUnentschieden
6a9db100ab080c8c957fc12b;2026-09-07;TEF-PBL;slowking-scr;mega-absol-box;1;0;0;1;1.0;mitUnentschieden
6a9db100ab080c8c957fc12b;2026-09-07;TEF-PBL;n-zoroark;lucario-hariyama;1;1;0;2;0.5;mitUnentschieden
6a9db100ab080c8c957fc12b;2026-09-07;TEF-PBL;lucario-hariyama;n-zoroark;1;1;0;2;0.5;mitUnentschieden
6a9db100ab080c8c957fc12b;2026-09-07;TEF-PBL;mega-charizard-x-ex;dragapult-froslass;1;0;0;1;1.0;mitUnentschieden
6a9db100ab080c8c957fc12b;2026-09-07;TEF-PBL;dragapult-froslass;mega-charizard-x-ex;0;1;0;1;0.0;mitUnentschieden
6a9db100ab080c8c957fc12b;2026-09-07;TEF-PBL;dragapult-dusknoir;dragapult-ex;5;10;1;16;0.3125;mitUnentschieden
6a9db100ab080c8c957fc12b;2026-09-07;TEF-PBL;dragapult-ex;dragapult-dusknoir;9;6;1;16;0.5625;mitUnentschieden
6a9db100ab080c8c957fc12b;2026-09-07;TEF-PBL;dragapult-ex;festival-lead;7;5;0;12;0.583333;mitUnentschieden
6a9db100ab080c8c957fc12b;2026-09-07;TEF-PBL;festival-lead;dragapult-ex;4;8;0;12;0.333333;mitUnentschieden
6a9db100ab080c8c957fc12b;2026-09-07;TEF-PBL;crustle-dri;decidueye-ex;1;0;0;1;1.0;mitUnentschieden
6a9db100ab080c8c957fc12b;2026-09-07;TEF-PBL;decidueye-ex;crustle-dri;0;1;0;1;0.0;mitUnentschieden
6a9db100ab080c8c957fc12b;2026-09-07;TEF-PBL;slowking-scr;mega-greninja-ex;1;0;0;1;1.0;mitUnentschieden
6a9db100ab080c8c957fc12b;2026-09-07;TEF-PBL;mega-greninja-ex;slowking-scr;0;1;0;1;0.0;mitUnentschieden
6a9db100ab080c8c957fc12b;2026-09-07;TEF-PBL;dragapult-ex;raging-bolt-ogerpon;2;4;0;6;0.333333;mitUnentschieden
6a9db100ab080c8c957fc12b;2026-09-07;TEF-PBL;raging-bolt-ogerpon;dragapult-ex;2;4;0;6;0.333333;mitUnentschieden
6a9db100ab080c8c957fc12b;2026-09-07;TEF-PBL;festival-lead;dhelmise-pbl;2;3;0;5;0.4;mitUnentschieden
6a9db100ab080c8c957fc12b;2026-09-07;TEF-PBL;dhelmise-pbl;festival-lead;3;2;0;5;0.6;mitUnentschieden
6a9db100ab080c8c957fc12b;2026-09-07;TEF-PBL;lopunny-dusknoir;mega-excadrill-ex;1;1;0;2;0.5;mitUnentschieden
6a9db100ab080c8c957fc12b;2026-09-07;TEF-PBL;mega-excadrill-ex;lopunny-dusknoir;1;1;0;2;0.5;mitUnentschieden
6a9db100ab080c8c957fc12b;2026-09-07;TEF-PBL;cynthia-garchomp-ex;ogerpon-meganium-hydrapple;0;1;0;1;0.0;mitUnentschieden
6a9db100ab080c8c957fc12b;2026-09-07;TEF-PBL;ogerpon-meganium-hydrapple;cynthia-garchomp-ex;1;0;0;1;1.0;mitUnentschieden
6a9db100ab080c8c957fc12b;2026-09-07;TEF-PBL;n-zoroark;grimmsnarl-froslass;0;1;0;1;0.0;mitUnentschieden
6a9db100ab080c8c957fc12b;2026-09-07;TEF-PBL;grimmsnarl-froslass;n-zoroark;1;0;0;1;1.0;mitUnentschieden
6a9db100ab080c8c957fc12b;2026-09-07;TEF-PBL;lopunny-dusknoir;dhelmise-pbl;0;3;0;3;0.0;mitUnentschieden
6a9db100ab080c8c957fc12b;2026-09-07;TEF-PBL;dhelmise-pbl;lopunny-dusknoir;3;0;0;3;1.0;mitUnentschieden
6a9db100ab080c8c957fc12b;2026-09-07;TEF-PBL;lopunny-dudunsparce;stevens-metagross;1;0;0;1;1.0;mitUnentschieden
6a9db100ab080c8c957fc12b;2026-09-07;TEF-PBL;stevens-metagross;lopunny-dudunsparce;0;1;0;1;0.0;mitUnentschieden
6a9db100ab080c8c957fc12b;2026-09-07;TEF-PBL;dhelmise-pbl;dragapult-ex;3;5;0;8;0.375;mitUnentschieden
6a9db100ab080c8c957fc12b;2026-09-07;TEF-PBL;dragapult-ex;dhelmise-pbl;5;3;0;8;0.625;mitUnentschieden
6a9db100ab080c8c957fc12b;2026-09-07;TEF-PBL;dragapult-dusknoir;rocket-mewtwo-ex;0;1;0;1;0.0;mitUnentschieden
6a9db100ab080c8c957fc12b;2026-09-07;TEF-PBL;rocket-mewtwo-ex;dragapult-dusknoir;1;0;0;1;1.0;mitUnentschieden
6a9db100ab080c8c957fc12b;2026-09-07;TEF-PBL;cynthia-garchomp-ex;mega-lucario-ex;0;1;0;1;0.0;mitUnentschieden
6a9db100ab080c8c957fc12b;2026-09-07;TEF-PBL;mega-lucario-ex;cynthia-garchomp-ex;1;0;0;1;1.0;mitUnentschieden
6a9db100ab080c8c957fc12b;2026-09-07;TEF-PBL;dragapult-ex;crustle-dri;3;2;0;5;0.6;mitUnentschieden
6a9db100ab080c8c957fc12b;2026-09-07;TEF-PBL;crustle-dri;dragapult-ex;2;3;0;5;0.4;mitUnentschieden
6a9db100ab080c8c957fc12b;2026-09-07;TEF-PBL;starmie-dusknoir;dragapult-ex;1;1;0;2;0.5;mitUnentschieden
6a9db100ab080c8c957fc12b;2026-09-07;TEF-PBL;dragapult-ex;starmie-dusknoir;1;1;0;2;0.5;mitUnentschieden
6a9db100ab080c8c957fc12b;2026-09-07;TEF-PBL;crustle-dri;slowking-scr;0;2;0;2;0.0;mitUnentschieden
6a9db100ab080c8c957fc12b;2026-09-07;TEF-PBL;slowking-scr;crustle-dri;2;0;0;2;1.0;mitUnentschieden
6a9db100ab080c8c957fc12b;2026-09-07;TEF-PBL;stevens-metagross;dragapult-ex;1;1;0;2;0.5;mitUnentschieden
6a9db100ab080c8c957fc12b;2026-09-07;TEF-PBL;dragapult-ex;stevens-metagross;1;1;0;2;0.5;mitUnentschieden
6a9db100ab080c8c957fc12b;2026-09-07;TEF-PBL;mega-absol-box;toucannon-pbl;1;0;0;1;1.0;mitUnentschieden
6a9db100ab080c8c957fc12b;2026-09-07;TEF-PBL;toucannon-pbl;mega-absol-box;0;1;0;1;0.0;mitUnentschieden
6a9db100ab080c8c957fc12b;2026-09-07;TEF-PBL;n-zoroark;dragapult-ex;9;7;0;16;0.5625;mitUnentschieden
6a9db100ab080c8c957fc12b;2026-09-07;TEF-PBL;dragapult-ex;n-zoroark;6;10;0;16;0.375;mitUnentschieden
6a9db100ab080c8c957fc12b;2026-09-07;TEF-PBL;alakazam-dudunsparce;festival-lead;3;2;0;5;0.6;mitUnentschieden
6a9db100ab080c8c957fc12b;2026-09-07;TEF-PBL;festival-lead;alakazam-dudunsparce;2;3;0;5;0.4;mitUnentschieden
6a9db100ab080c8c957fc12b;2026-09-07;TEF-PBL;palafin-ex;rockets-honchkrow;0;1;0;1;0.0;mitUnentschieden
6a9db100ab080c8c957fc12b;2026-09-07;TEF-PBL;rockets-honchkrow;palafin-ex;1;0;0;1;1.0;mitUnentschieden
6a9db100ab080c8c957fc12b;2026-09-07;TEF-PBL;basic-box-m;alakazam-dudunsparce;4;6;0;10;0.4;mitUnentschieden
6a9db100ab080c8c957fc12b;2026-09-07;TEF-PBL;alakazam-dudunsparce;basic-box-m;6;4;0;10;0.6;mitUnentschieden
6a9db100ab080c8c957fc12b;2026-09-07;TEF-PBL;alakazam-dudunsparce;raging-bolt-ogerpon;2;1;0;3;0.666667;mitUnentschieden
6a9db100ab080c8c957fc12b;2026-09-07;TEF-PBL;raging-bolt-ogerpon;alakazam-dudunsparce;0;3;0;3;0.0;mitUnentschieden
6a9db100ab080c8c957fc12b;2026-09-07;TEF-PBL;raging-bolt-ogerpon;dragapult-dusknoir;0;3;0;3;0.0;mitUnentschieden
6a9db100ab080c8c957fc12b;2026-09-07;TEF-PBL;dragapult-dusknoir;raging-bolt-ogerpon;1;2;0;3;0.333333;mitUnentschieden
6a9db100ab080c8c957fc12b;2026-09-07;TEF-PBL;n-zoroark;n-zoroark;3;3;0;6;0.5;mitUnentschieden
6a9db100ab080c8c957fc12b;2026-09-07;TEF-PBL;slowking-scr;alakazam-dudunsparce;1;7;0;8;0.125;mitUnentschieden
6a9db100ab080c8c957fc12b;2026-09-07;TEF-PBL;alakazam-dudunsparce;slowking-scr;5;3;0;8;0.625;mitUnentschieden
6a9db100ab080c8c957fc12b;2026-09-07;TEF-PBL;dragapult-blaziken;ogerpon-meganium-hydrapple;4;0;0;4;1.0;mitUnentschieden
6a9db100ab080c8c957fc12b;2026-09-07;TEF-PBL;ogerpon-meganium-hydrapple;dragapult-blaziken;0;4;0;4;0.0;mitUnentschieden
6a9db100ab080c8c957fc12b;2026-09-07;TEF-PBL;grimmsnarl-froslass;dragapult-ex;3;7;0;10;0.3;mitUnentschieden
6a9db100ab080c8c957fc12b;2026-09-07;TEF-PBL;dragapult-ex;grimmsnarl-froslass;5;5;0;10;0.5;mitUnentschieden
6a9db100ab080c8c957fc12b;2026-09-07;TEF-PBL;alakazam-dusknoir;slowking-scr;4;3;0;7;0.571429;mitUnentschieden
6a9db100ab080c8c957fc12b;2026-09-07;TEF-PBL;slowking-scr;alakazam-dusknoir;3;4;0;7;0.428571;mitUnentschieden
6a9db100ab080c8c957fc12b;2026-09-07;TEF-PBL;alakazam-dusknoir;lucario-hariyama;0;2;0;2;0.0;mitUnentschieden
6a9db100ab080c8c957fc12b;2026-09-07;TEF-PBL;lucario-hariyama;alakazam-dusknoir;1;1;0;2;0.5;mitUnentschieden
6a9db100ab080c8c957fc12b;2026-09-07;TEF-PBL;dragapult-blaziken;alakazam-dudunsparce;3;3;0;6;0.5;mitUnentschieden
6a9db100ab080c8c957fc12b;2026-09-07;TEF-PBL;alakazam-dudunsparce;dragapult-blaziken;3;3;0;6;0.5;mitUnentschieden
6a9db100ab080c8c957fc12b;2026-09-07;TEF-PBL;festival-lead;ethan-typhlosion;1;0;0;1;1.0;mitUnentschieden
6a9db100ab080c8c957fc12b;2026-09-07;TEF-PBL;ethan-typhlosion;festival-lead;0;1;0;1;0.0;mitUnentschieden
6a9db100ab080c8c957fc12b;2026-09-07;TEF-PBL;froslass-munkidori;n-zoroark;1;0;0;1;1.0;mitUnentschieden
6a9db100ab080c8c957fc12b;2026-09-07;TEF-PBL;n-zoroark;froslass-munkidori;0;1;0;1;0.0;mitUnentschieden
6a9db100ab080c8c957fc12b;2026-09-07;TEF-PBL;ethan-magcargo;dragapult-ex;1;1;0;2;0.5;mitUnentschieden
6a9db100ab080c8c957fc12b;2026-09-07;TEF-PBL;dragapult-ex;ethan-magcargo;1;1;0;2;0.5;mitUnentschieden
6a9db100ab080c8c957fc12b;2026-09-07;TEF-PBL;rockets-honchkrow;rocket-mewtwo-ex;1;2;0;3;0.333333;mitUnentschieden
6a9db100ab080c8c957fc12b;2026-09-07;TEF-PBL;rocket-mewtwo-ex;rockets-honchkrow;1;2;0;3;0.333333;mitUnentschieden
6a9db100ab080c8c957fc12b;2026-09-07;TEF-PBL;sharpedo-toxtricity;alakazam-dudunsparce;2;1;0;3;0.666667;mitUnentschieden
6a9db100ab080c8c957fc12b;2026-09-07;TEF-PBL;alakazam-dudunsparce;sharpedo-toxtricity;1;2;0;3;0.333333;mitUnentschieden
6a9db100ab080c8c957fc12b;2026-09-07;TEF-PBL;seaking-pre;raging-bolt-ogerpon;0;1;0;1;0.0;mitUnentschieden
6a9db100ab080c8c957fc12b;2026-09-07;TEF-PBL;raging-bolt-ogerpon;seaking-pre;1;0;0;1;1.0;mitUnentschieden
6a9db100ab080c8c957fc12b;2026-09-07;TEF-PBL;greninja-ex;lopunny-dusknoir;1;0;0;1;1.0;mitUnentschieden
6a9db100ab080c8c957fc12b;2026-09-07;TEF-PBL;lopunny-dusknoir;greninja-ex;0;1;0;1;0.0;mitUnentschieden
6a9db100ab080c8c957fc12b;2026-09-07;TEF-PBL;slowking-scr;rockets-honchkrow;1;0;0;1;1.0;mitUnentschieden
6a9db100ab080c8c957fc12b;2026-09-07;TEF-PBL;rockets-honchkrow;slowking-scr;0;1;0;1;0.0;mitUnentschieden
6a9db100ab080c8c957fc12b;2026-09-07;TEF-PBL;dragapult-dusknoir;beedrill-ex-cri;1;0;0;1;1.0;mitUnentschieden
6a9db100ab080c8c957fc12b;2026-09-07;TEF-PBL;beedrill-ex-cri;dragapult-dusknoir;0;1;0;1;0.0;mitUnentschieden
6a9db100ab080c8c957fc12b;2026-09-07;TEF-PBL;seaking-pre;alakazam-dudunsparce;0;1;0;1;0.0;mitUnentschieden
6a9db100ab080c8c957fc12b;2026-09-07;TEF-PBL;alakazam-dudunsparce;seaking-pre;1;0;0;1;1.0;mitUnentschieden
6a9db100ab080c8c957fc12b;2026-09-07;TEF-PBL;crustle-dri;dragapult-blaziken;1;0;0;1;1.0;mitUnentschieden
6a9db100ab080c8c957fc12b;2026-09-07;TEF-PBL;dragapult-blaziken;crustle-dri;0;1;0;1;0.0;mitUnentschieden
6a9db100ab080c8c957fc12b;2026-09-07;TEF-PBL;toxtricity-pfl;greninja-ex;0;1;0;1;0.0;mitUnentschieden
6a9db100ab080c8c957fc12b;2026-09-07;TEF-PBL;greninja-ex;toxtricity-pfl;1;0;0;1;1.0;mitUnentschieden
6a9db100ab080c8c957fc12b;2026-09-07;TEF-PBL;rockets-honchkrow;dragapult-ex;2;1;0;3;0.666667;mitUnentschieden
6a9db100ab080c8c957fc12b;2026-09-07;TEF-PBL;dragapult-ex;rockets-honchkrow;0;3;0;3;0.0;mitUnentschieden
6a9db100ab080c8c957fc12b;2026-09-07;TEF-PBL;dragapult-ex;dragapult-ex;13;15;0;28;0.464286;mitUnentschieden
6a9db100ab080c8c957fc12b;2026-09-07;TEF-PBL;festival-lead;crustle-dri;1;0;0;1;1.0;mitUnentschieden
6a9db100ab080c8c957fc12b;2026-09-07;TEF-PBL;crustle-dri;festival-lead;0;1;0;1;0.0;mitUnentschieden
6a9db100ab080c8c957fc12b;2026-09-07;TEF-PBL;dragapult-blaziken;mega-excadrill-ex;2;2;0;4;0.5;mitUnentschieden
6a9db100ab080c8c957fc12b;2026-09-07;TEF-PBL;mega-excadrill-ex;dragapult-blaziken;2;2;0;4;0.5;mitUnentschieden
6a9db100ab080c8c957fc12b;2026-09-07;TEF-PBL;lucario-hariyama;crustle-dri;0;2;0;2;0.0;mitUnentschieden
6a9db100ab080c8c957fc12b;2026-09-07;TEF-PBL;crustle-dri;lucario-hariyama;2;0;0;2;1.0;mitUnentschieden
6a9db100ab080c8c957fc12b;2026-09-07;TEF-PBL;alakazam-dudunsparce;alakazam-dusknoir;2;1;0;3;0.666667;mitUnentschieden
6a9db100ab080c8c957fc12b;2026-09-07;TEF-PBL;alakazam-dusknoir;alakazam-dudunsparce;0;3;0;3;0.0;mitUnentschieden
6a9db100ab080c8c957fc12b;2026-09-07;TEF-PBL;rockets-honchkrow;alakazam-dudunsparce;2;0;0;2;1.0;mitUnentschieden
6a9db100ab080c8c957fc12b;2026-09-07;TEF-PBL;alakazam-dudunsparce;rockets-honchkrow;0;2;0;2;0.0;mitUnentschieden
6a9db100ab080c8c957fc12b;2026-09-07;TEF-PBL;toxtricity-box;ogerpon-meganium-hydrapple;0;1;0;1;0.0;mitUnentschieden
6a9db100ab080c8c957fc12b;2026-09-07;TEF-PBL;ogerpon-meganium-hydrapple;toxtricity-box;1;0;0;1;1.0;mitUnentschieden
6a9db100ab080c8c957fc12b;2026-09-07;TEF-PBL;grimmsnarl-froslass;lopunny-dusknoir;0;1;0;1;0.0;mitUnentschieden
6a9db100ab080c8c957fc12b;2026-09-07;TEF-PBL;lopunny-dusknoir;grimmsnarl-froslass;1;0;0;1;1.0;mitUnentschieden
6a9db100ab080c8c957fc12b;2026-09-07;TEF-PBL;toxtricity-box;dragapult-blaziken;0;2;0;2;0.0;mitUnentschieden
6a9db100ab080c8c957fc12b;2026-09-07;TEF-PBL;dragapult-blaziken;toxtricity-box;2;0;0;2;1.0;mitUnentschieden
6a9db100ab080c8c957fc12b;2026-09-07;TEF-PBL;toxtricity-box;mega-lucario-ex;1;0;0;1;1.0;mitUnentschieden
6a9db100ab080c8c957fc12b;2026-09-07;TEF-PBL;mega-lucario-ex;toxtricity-box;0;1;0;1;0.0;mitUnentschieden
6a9db100ab080c8c957fc12b;2026-09-07;TEF-PBL;basic-box-m;crustle-dri;0;1;0;1;0.0;mitUnentschieden
6a9db100ab080c8c957fc12b;2026-09-07;TEF-PBL;crustle-dri;basic-box-m;1;0;0;1;1.0;mitUnentschieden
6a9db100ab080c8c957fc12b;2026-09-07;TEF-PBL;slowking-scr;n-zoroark;2;2;0;4;0.5;mitUnentschieden
6a9db100ab080c8c957fc12b;2026-09-07;TEF-PBL;n-zoroark;slowking-scr;2;2;0;4;0.5;mitUnentschieden
6a9db100ab080c8c957fc12b;2026-09-07;TEF-PBL;alakazam-dudunsparce;mega-charizard-x-ex;4;0;0;4;1.0;mitUnentschieden
6a9db100ab080c8c957fc12b;2026-09-07;TEF-PBL;mega-charizard-x-ex;alakazam-dudunsparce;0;4;0;4;0.0;mitUnentschieden
6a9db100ab080c8c957fc12b;2026-09-07;TEF-PBL;sinistcha-ogerpon;mega-excadrill-ex;1;0;0;1;1.0;mitUnentschieden
6a9db100ab080c8c957fc12b;2026-09-07;TEF-PBL;mega-excadrill-ex;sinistcha-ogerpon;0;1;0;1;0.0;mitUnentschieden
6a9db100ab080c8c957fc12b;2026-09-07;TEF-PBL;sharpedo-toxtricity;basic-box-m;1;0;0;1;1.0;mitUnentschieden
6a9db100ab080c8c957fc12b;2026-09-07;TEF-PBL;basic-box-m;sharpedo-toxtricity;0;1;0;1;0.0;mitUnentschieden
6a9db100ab080c8c957fc12b;2026-09-07;TEF-PBL;mega-lucario-ex;dragapult-blaziken;0;2;0;2;0.0;mitUnentschieden
6a9db100ab080c8c957fc12b;2026-09-07;TEF-PBL;dragapult-blaziken;mega-lucario-ex;2;0;0;2;1.0;mitUnentschieden
6a9db100ab080c8c957fc12b;2026-09-07;TEF-PBL;basic-box-m;rocket-mewtwo-ex;0;1;0;1;0.0;mitUnentschieden
6a9db100ab080c8c957fc12b;2026-09-07;TEF-PBL;rocket-mewtwo-ex;basic-box-m;1;0;0;1;1.0;mitUnentschieden
6a9db100ab080c8c957fc12b;2026-09-07;TEF-PBL;cinccino-ex;grimmsnarl-froslass;1;0;0;1;1.0;mitUnentschieden
6a9db100ab080c8c957fc12b;2026-09-07;TEF-PBL;grimmsnarl-froslass;cinccino-ex;0;1;0;1;0.0;mitUnentschieden
6a9db100ab080c8c957fc12b;2026-09-07;TEF-PBL;dragapult-blaziken;ogerpon-meganium-arboliva;2;2;0;4;0.5;mitUnentschieden
6a9db100ab080c8c957fc12b;2026-09-07;TEF-PBL;ogerpon-meganium-arboliva;dragapult-blaziken;2;2;0;4;0.5;mitUnentschieden
6a9db100ab080c8c957fc12b;2026-09-07;TEF-PBL;dragapult-ex;toxtricity-box;2;2;0;4;0.5;mitUnentschieden
6a9db100ab080c8c957fc12b;2026-09-07;TEF-PBL;toxtricity-box;dragapult-ex;2;2;0;4;0.5;mitUnentschieden
6a9db100ab080c8c957fc12b;2026-09-07;TEF-PBL;n-zoroark;dragapult-dusknoir;1;1;0;2;0.5;mitUnentschieden
6a9db100ab080c8c957fc12b;2026-09-07;TEF-PBL;dragapult-dusknoir;n-zoroark;1;1;0;2;0.5;mitUnentschieden
6a9db100ab080c8c957fc12b;2026-09-07;TEF-PBL;alakazam-dudunsparce;lucario-hariyama;2;2;0;4;0.5;mitUnentschieden
6a9db100ab080c8c957fc12b;2026-09-07;TEF-PBL;lucario-hariyama;alakazam-dudunsparce;2;2;0;4;0.5;mitUnentschieden
6a9db100ab080c8c957fc12b;2026-09-07;TEF-PBL;mega-lucario-ex;ogerpon-meganium-hydrapple;0;2;0;2;0.0;mitUnentschieden
6a9db100ab080c8c957fc12b;2026-09-07;TEF-PBL;ogerpon-meganium-hydrapple;mega-lucario-ex;2;0;0;2;1.0;mitUnentschieden
6a9db100ab080c8c957fc12b;2026-09-07;TEF-PBL;hydreigon-ex;ogerpon-meganium-hydrapple;0;1;0;1;0.0;mitUnentschieden
6a9db100ab080c8c957fc12b;2026-09-07;TEF-PBL;ogerpon-meganium-hydrapple;hydreigon-ex;1;0;0;1;1.0;mitUnentschieden
6a9db100ab080c8c957fc12b;2026-09-07;TEF-PBL;dragapult-dusknoir;lucario-hariyama;2;1;0;3;0.666667;mitUnentschieden
6a9db100ab080c8c957fc12b;2026-09-07;TEF-PBL;lucario-hariyama;dragapult-dusknoir;0;3;0;3;0.0;mitUnentschieden
6a9db100ab080c8c957fc12b;2026-09-07;TEF-PBL;slowking-scr;toxtricity-box;1;0;0;1;1.0;mitUnentschieden
6a9db100ab080c8c957fc12b;2026-09-07;TEF-PBL;toxtricity-box;slowking-scr;0;1;0;1;0.0;mitUnentschieden
6a9db100ab080c8c957fc12b;2026-09-07;TEF-PBL;mega-excadrill-ex;cynthia-garchomp-ex;1;0;0;1;1.0;mitUnentschieden
6a9db100ab080c8c957fc12b;2026-09-07;TEF-PBL;cynthia-garchomp-ex;mega-excadrill-ex;0;1;0;1;0.0;mitUnentschieden
6a9db100ab080c8c957fc12b;2026-09-07;TEF-PBL;dhelmise-pbl;slowking-scr;3;1;0;4;0.75;mitUnentschieden
6a9db100ab080c8c957fc12b;2026-09-07;TEF-PBL;slowking-scr;dhelmise-pbl;1;3;0;4;0.25;mitUnentschieden
6a9db100ab080c8c957fc12b;2026-09-07;TEF-PBL;ceruledge-ex;dhelmise-pbl;1;0;0;1;1.0;mitUnentschieden
6a9db100ab080c8c957fc12b;2026-09-07;TEF-PBL;dhelmise-pbl;ceruledge-ex;0;1;0;1;0.0;mitUnentschieden
6a9db100ab080c8c957fc12b;2026-09-07;TEF-PBL;dragapult-dusknoir;clefairy-ogerpon;0;1;0;1;0.0;mitUnentschieden
6a9db100ab080c8c957fc12b;2026-09-07;TEF-PBL;clefairy-ogerpon;dragapult-dusknoir;1;0;0;1;1.0;mitUnentschieden
6a9db100ab080c8c957fc12b;2026-09-07;TEF-PBL;alakazam-dudunsparce;alakazam-dudunsparce;3;3;0;6;0.5;mitUnentschieden
6a9db100ab080c8c957fc12b;2026-09-07;TEF-PBL;lucario-hariyama;erikas-victreebel;1;0;0;1;1.0;mitUnentschieden
6a9db100ab080c8c957fc12b;2026-09-07;TEF-PBL;erikas-victreebel;lucario-hariyama;0;1;0;1;0.0;mitUnentschieden
6a9db100ab080c8c957fc12b;2026-09-07;TEF-PBL;mega-excadrill-ex;dragapult-dudunsparce;0;1;0;1;0.0;mitUnentschieden
6a9db100ab080c8c957fc12b;2026-09-07;TEF-PBL;dragapult-dudunsparce;mega-excadrill-ex;1;0;0;1;1.0;mitUnentschieden
6a9db100ab080c8c957fc12b;2026-09-07;TEF-PBL;dragapult-dusknoir;ogerpon-meganium-hydrapple;1;1;0;2;0.5;mitUnentschieden
6a9db100ab080c8c957fc12b;2026-09-07;TEF-PBL;ogerpon-meganium-hydrapple;dragapult-dusknoir;1;1;0;2;0.5;mitUnentschieden
6a9db100ab080c8c957fc12b;2026-09-07;TEF-PBL;toxtricity-pfl;dhelmise-pbl;0;2;0;2;0.0;mitUnentschieden
6a9db100ab080c8c957fc12b;2026-09-07;TEF-PBL;dhelmise-pbl;toxtricity-pfl;2;0;0;2;1.0;mitUnentschieden
6a9db100ab080c8c957fc12b;2026-09-07;TEF-PBL;dragapult-dusknoir;dragapult-dusknoir;4;4;0;8;0.5;mitUnentschieden
6a9db100ab080c8c957fc12b;2026-09-07;TEF-PBL;dragapult-ex;mega-manectric-ex-meg;1;1;0;2;0.5;mitUnentschieden
6a9db100ab080c8c957fc12b;2026-09-07;TEF-PBL;mega-manectric-ex-meg;dragapult-ex;1;1;0;2;0.5;mitUnentschieden
6a9db100ab080c8c957fc12b;2026-09-07;TEF-PBL;clefairy-ogerpon;rocket-mewtwo-ex;1;0;0;1;1.0;mitUnentschieden
6a9db100ab080c8c957fc12b;2026-09-07;TEF-PBL;rocket-mewtwo-ex;clefairy-ogerpon;0;1;0;1;0.0;mitUnentschieden
6a9db100ab080c8c957fc12b;2026-09-07;TEF-PBL;hops-trevenant;kangaskhan-bouffalant;1;0;0;1;1.0;mitUnentschieden
6a9db100ab080c8c957fc12b;2026-09-07;TEF-PBL;kangaskhan-bouffalant;hops-trevenant;0;1;0;1;0.0;mitUnentschieden
6a9db100ab080c8c957fc12b;2026-09-07;TEF-PBL;crustle-dri;alakazam-dudunsparce;1;3;0;4;0.25;mitUnentschieden
6a9db100ab080c8c957fc12b;2026-09-07;TEF-PBL;alakazam-dudunsparce;crustle-dri;3;1;0;4;0.75;mitUnentschieden
6a9db100ab080c8c957fc12b;2026-09-07;TEF-PBL;lucario-hariyama;ogerpon-meganium-arboliva;0;2;0;2;0.0;mitUnentschieden
6a9db100ab080c8c957fc12b;2026-09-07;TEF-PBL;ogerpon-meganium-arboliva;lucario-hariyama;2;0;0;2;1.0;mitUnentschieden
6a9db100ab080c8c957fc12b;2026-09-07;TEF-PBL;alakazam-dusknoir;rocket-mewtwo-ex;2;0;0;2;1.0;mitUnentschieden
6a9db100ab080c8c957fc12b;2026-09-07;TEF-PBL;rocket-mewtwo-ex;alakazam-dusknoir;0;2;0;2;0.0;mitUnentschieden
6a9db100ab080c8c957fc12b;2026-09-07;TEF-PBL;lopunny-dudunsparce;basic-box-m;1;1;0;2;0.5;mitUnentschieden
6a9db100ab080c8c957fc12b;2026-09-07;TEF-PBL;basic-box-m;lopunny-dudunsparce;1;1;0;2;0.5;mitUnentschieden
6a9db100ab080c8c957fc12b;2026-09-07;TEF-PBL;festival-lead;festival-lead;1;1;0;2;0.5;mitUnentschieden
6a9db100ab080c8c957fc12b;2026-09-07;TEF-PBL;crustle-dri;lopunny-dudunsparce;0;2;0;2;0.0;mitUnentschieden
6a9db100ab080c8c957fc12b;2026-09-07;TEF-PBL;lopunny-dudunsparce;crustle-dri;2;0;0;2;1.0;mitUnentschieden
6a9db100ab080c8c957fc12b;2026-09-07;TEF-PBL;toucannon-pbl;raging-bolt-ogerpon;0;2;0;2;0.0;mitUnentschieden
6a9db100ab080c8c957fc12b;2026-09-07;TEF-PBL;raging-bolt-ogerpon;toucannon-pbl;1;1;0;2;0.5;mitUnentschieden
6a9db100ab080c8c957fc12b;2026-09-07;TEF-PBL;mega-starmie-ex;lopunny-dusknoir;0;1;0;1;0.0;mitUnentschieden
6a9db100ab080c8c957fc12b;2026-09-07;TEF-PBL;lopunny-dusknoir;mega-starmie-ex;1;0;0;1;1.0;mitUnentschieden
6a9db100ab080c8c957fc12b;2026-09-07;TEF-PBL;dragapult-blaziken;n-zoroark;2;1;0;3;0.666667;mitUnentschieden
6a9db100ab080c8c957fc12b;2026-09-07;TEF-PBL;n-zoroark;dragapult-blaziken;1;2;0;3;0.333333;mitUnentschieden
6a9db100ab080c8c957fc12b;2026-09-07;TEF-PBL;basic-box-m;basic-box-m;1;1;0;2;0.5;mitUnentschieden
6a9db100ab080c8c957fc12b;2026-09-07;TEF-PBL;festival-lead;hops-trevenant;1;0;0;1;1.0;mitUnentschieden
6a9db100ab080c8c957fc12b;2026-09-07;TEF-PBL;hops-trevenant;festival-lead;0;1;0;1;0.0;mitUnentschieden
6a9db100ab080c8c957fc12b;2026-09-07;TEF-PBL;beedrill-ex-cri;raging-bolt-ogerpon;1;1;0;2;0.5;mitUnentschieden
6a9db100ab080c8c957fc12b;2026-09-07;TEF-PBL;raging-bolt-ogerpon;beedrill-ex-cri;1;1;0;2;0.5;mitUnentschieden
6a9db100ab080c8c957fc12b;2026-09-07;TEF-PBL;slowking-scr;ogerpon-meganium-arboliva;0;1;0;1;0.0;mitUnentschieden
6a9db100ab080c8c957fc12b;2026-09-07;TEF-PBL;ogerpon-meganium-arboliva;slowking-scr;1;0;0;1;1.0;mitUnentschieden
6a9db100ab080c8c957fc12b;2026-09-07;TEF-PBL;festival-lead;froslass-munkidori;1;0;0;1;1.0;mitUnentschieden
6a9db100ab080c8c957fc12b;2026-09-07;TEF-PBL;froslass-munkidori;festival-lead;0;1;0;1;0.0;mitUnentschieden
6a9db100ab080c8c957fc12b;2026-09-07;TEF-PBL;sinistcha-ogerpon;dhelmise-pbl;1;0;0;1;1.0;mitUnentschieden
6a9db100ab080c8c957fc12b;2026-09-07;TEF-PBL;dhelmise-pbl;sinistcha-ogerpon;0;1;0;1;0.0;mitUnentschieden
6a9db100ab080c8c957fc12b;2026-09-07;TEF-PBL;n-zoroark;lopunny-dusknoir;2;0;0;2;1.0;mitUnentschieden
6a9db100ab080c8c957fc12b;2026-09-07;TEF-PBL;lopunny-dusknoir;n-zoroark;0;2;0;2;0.0;mitUnentschieden
6a9db100ab080c8c957fc12b;2026-09-07;TEF-PBL;rocket-mewtwo-ex;crustle-dri;1;1;0;2;0.5;mitUnentschieden
6a9db100ab080c8c957fc12b;2026-09-07;TEF-PBL;crustle-dri;rocket-mewtwo-ex;1;1;0;2;0.5;mitUnentschieden
6a9db100ab080c8c957fc12b;2026-09-07;TEF-PBL;ceruledge-ex;dragapult-dusknoir;0;1;0;1;0.0;mitUnentschieden
6a9db100ab080c8c957fc12b;2026-09-07;TEF-PBL;dragapult-dusknoir;ceruledge-ex;1;0;0;1;1.0;mitUnentschieden
6a9db100ab080c8c957fc12b;2026-09-07;TEF-PBL;mega-venusaur-ex;slowking-scr;1;0;0;1;1.0;mitUnentschieden
6a9db100ab080c8c957fc12b;2026-09-07;TEF-PBL;slowking-scr;mega-venusaur-ex;0;1;0;1;0.0;mitUnentschieden
6a9db100ab080c8c957fc12b;2026-09-07;TEF-PBL;n-zoroark;basic-box-m;3;1;0;4;0.75;mitUnentschieden
6a9db100ab080c8c957fc12b;2026-09-07;TEF-PBL;basic-box-m;n-zoroark;1;3;0;4;0.25;mitUnentschieden
6a9db100ab080c8c957fc12b;2026-09-07;TEF-PBL;dragapult-blaziken;slowking-scr;3;2;0;5;0.6;mitUnentschieden
6a9db100ab080c8c957fc12b;2026-09-07;TEF-PBL;slowking-scr;dragapult-blaziken;2;3;0;5;0.4;mitUnentschieden
6a9db100ab080c8c957fc12b;2026-09-07;TEF-PBL;slowking-scr;greninja-ex;0;1;0;1;0.0;mitUnentschieden
6a9db100ab080c8c957fc12b;2026-09-07;TEF-PBL;greninja-ex;slowking-scr;1;0;0;1;1.0;mitUnentschieden
6a9db100ab080c8c957fc12b;2026-09-07;TEF-PBL;rockets-honchkrow;grimmsnarl-froslass;1;0;0;1;1.0;mitUnentschieden
6a9db100ab080c8c957fc12b;2026-09-07;TEF-PBL;grimmsnarl-froslass;rockets-honchkrow;0;1;0;1;0.0;mitUnentschieden
6a9db100ab080c8c957fc12b;2026-09-07;TEF-PBL;ogerpon-meganium-hydrapple;dragapult-ex;2;5;1;8;0.25;mitUnentschieden
6a9db100ab080c8c957fc12b;2026-09-07;TEF-PBL;dragapult-ex;ogerpon-meganium-hydrapple;5;2;1;8;0.625;mitUnentschieden
6a9db100ab080c8c957fc12b;2026-09-07;TEF-PBL;dragapult-ex;metagross-cri;1;1;0;2;0.5;mitUnentschieden
6a9db100ab080c8c957fc12b;2026-09-07;TEF-PBL;metagross-cri;dragapult-ex;1;1;0;2;0.5;mitUnentschieden
6a9db100ab080c8c957fc12b;2026-09-07;TEF-PBL;dhelmise-pbl;mega-excadrill-ex;0;3;0;3;0.0;mitUnentschieden
6a9db100ab080c8c957fc12b;2026-09-07;TEF-PBL;mega-excadrill-ex;dhelmise-pbl;3;0;0;3;1.0;mitUnentschieden
6a9db100ab080c8c957fc12b;2026-09-07;TEF-PBL;lucario-hariyama;dhelmise-pbl;1;2;0;3;0.333333;mitUnentschieden
6a9db100ab080c8c957fc12b;2026-09-07;TEF-PBL;dhelmise-pbl;lucario-hariyama;2;1;0;3;0.666667;mitUnentschieden
6a9db100ab080c8c957fc12b;2026-09-07;TEF-PBL;slowking-scr;iono-bellibolt;1;1;0;2;0.5;mitUnentschieden
6a9db100ab080c8c957fc12b;2026-09-07;TEF-PBL;iono-bellibolt;slowking-scr;1;1;0;2;0.5;mitUnentschieden
6a9db100ab080c8c957fc12b;2026-09-07;TEF-PBL;dragapult-blaziken;basic-box-m;1;3;0;4;0.25;mitUnentschieden
6a9db100ab080c8c957fc12b;2026-09-07;TEF-PBL;basic-box-m;dragapult-blaziken;3;1;0;4;0.75;mitUnentschieden
6a9db100ab080c8c957fc12b;2026-09-07;TEF-PBL;dragapult-dusknoir;rockets-honchkrow;1;4;0;5;0.2;mitUnentschieden
6a9db100ab080c8c957fc12b;2026-09-07;TEF-PBL;rockets-honchkrow;dragapult-dusknoir;4;1;0;5;0.8;mitUnentschieden
6a9db100ab080c8c957fc12b;2026-09-07;TEF-PBL;slowking-scr;basic-box-m;1;2;0;3;0.333333;mitUnentschieden
6a9db100ab080c8c957fc12b;2026-09-07;TEF-PBL;basic-box-m;slowking-scr;2;1;0;3;0.666667;mitUnentschieden
6a9db100ab080c8c957fc12b;2026-09-07;TEF-PBL;lucario-hariyama;grimmsnarl-froslass;0;2;0;2;0.0;mitUnentschieden
6a9db100ab080c8c957fc12b;2026-09-07;TEF-PBL;grimmsnarl-froslass;lucario-hariyama;2;0;0;2;1.0;mitUnentschieden
6a9db100ab080c8c957fc12b;2026-09-07;TEF-PBL;lopunny-dusknoir;mega-lucario-ex;1;0;0;1;1.0;mitUnentschieden
6a9db100ab080c8c957fc12b;2026-09-07;TEF-PBL;mega-lucario-ex;lopunny-dusknoir;0;1;0;1;0.0;mitUnentschieden
6a9db100ab080c8c957fc12b;2026-09-07;TEF-PBL;festival-lead;lopunny-dusknoir;1;2;0;3;0.333333;mitUnentschieden
6a9db100ab080c8c957fc12b;2026-09-07;TEF-PBL;lopunny-dusknoir;festival-lead;2;1;0;3;0.666667;mitUnentschieden
6a9db100ab080c8c957fc12b;2026-09-07;TEF-PBL;raging-bolt-ogerpon;crustle-dri;0;1;0;1;0.0;mitUnentschieden
6a9db100ab080c8c957fc12b;2026-09-07;TEF-PBL;crustle-dri;raging-bolt-ogerpon;1;0;0;1;1.0;mitUnentschieden
6a9db100ab080c8c957fc12b;2026-09-07;TEF-PBL;hops-trevenant;dragapult-dusknoir;1;2;0;3;0.333333;mitUnentschieden
6a9db100ab080c8c957fc12b;2026-09-07;TEF-PBL;dragapult-dusknoir;hops-trevenant;1;2;0;3;0.333333;mitUnentschieden
6a9db100ab080c8c957fc12b;2026-09-07;TEF-PBL;mega-excadrill-ex;festival-lead;2;2;0;4;0.5;mitUnentschieden
6a9db100ab080c8c957fc12b;2026-09-07;TEF-PBL;festival-lead;mega-excadrill-ex;1;3;0;4;0.25;mitUnentschieden
6a9db100ab080c8c957fc12b;2026-09-07;TEF-PBL;ogerpon-meganium-hydrapple;rockets-honchkrow;0;2;0;2;0.0;mitUnentschieden
6a9db100ab080c8c957fc12b;2026-09-07;TEF-PBL;rockets-honchkrow;ogerpon-meganium-hydrapple;2;0;0;2;1.0;mitUnentschieden
6a9db100ab080c8c957fc12b;2026-09-07;TEF-PBL;dragapult-ex;dragapult-blaziken;0;7;0;7;0.0;mitUnentschieden
6a9db100ab080c8c957fc12b;2026-09-07;TEF-PBL;dragapult-blaziken;dragapult-ex;6;1;0;7;0.857143;mitUnentschieden
6a9db100ab080c8c957fc12b;2026-09-07;TEF-PBL;dhelmise-pbl;greninja-ex;1;0;0;1;1.0;mitUnentschieden
6a9db100ab080c8c957fc12b;2026-09-07;TEF-PBL;greninja-ex;dhelmise-pbl;0;1;0;1;0.0;mitUnentschieden
6a9db100ab080c8c957fc12b;2026-09-07;TEF-PBL;alakazam-dusknoir;dragapult-blaziken;3;0;0;3;1.0;mitUnentschieden
6a9db100ab080c8c957fc12b;2026-09-07;TEF-PBL;dragapult-blaziken;alakazam-dusknoir;0;3;0;3;0.0;mitUnentschieden
6a9db100ab080c8c957fc12b;2026-09-07;TEF-PBL;slowking-scr;dragapult-dusknoir;2;3;0;5;0.4;mitUnentschieden
6a9db100ab080c8c957fc12b;2026-09-07;TEF-PBL;dragapult-dusknoir;slowking-scr;2;3;0;5;0.4;mitUnentschieden
6a9db100ab080c8c957fc12b;2026-09-07;TEF-PBL;dragapult-ex;lopunny-dudunsparce;0;5;0;5;0.0;mitUnentschieden
6a9db100ab080c8c957fc12b;2026-09-07;TEF-PBL;lopunny-dudunsparce;dragapult-ex;5;0;0;5;1.0;mitUnentschieden
6a9db100ab080c8c957fc12b;2026-09-07;TEF-PBL;mega-charizard-x-ex;festival-lead;0;1;0;1;0.0;mitUnentschieden
6a9db100ab080c8c957fc12b;2026-09-07;TEF-PBL;festival-lead;mega-charizard-x-ex;1;0;0;1;1.0;mitUnentschieden
6a9db100ab080c8c957fc12b;2026-09-07;TEF-PBL;okidogi-barbaracle;slowking-scr;1;0;0;1;1.0;mitUnentschieden
6a9db100ab080c8c957fc12b;2026-09-07;TEF-PBL;slowking-scr;okidogi-barbaracle;0;1;0;1;0.0;mitUnentschieden
6a9db100ab080c8c957fc12b;2026-09-07;TEF-PBL;rocket-mewtwo-ex;toxtricity-box;0;1;0;1;0.0;mitUnentschieden
6a9db100ab080c8c957fc12b;2026-09-07;TEF-PBL;toxtricity-box;rocket-mewtwo-ex;1;0;0;1;1.0;mitUnentschieden
6a9db100ab080c8c957fc12b;2026-09-07;TEF-PBL;cinccino-ex;lopunny-dusknoir;1;0;0;1;1.0;mitUnentschieden
6a9db100ab080c8c957fc12b;2026-09-07;TEF-PBL;lopunny-dusknoir;cinccino-ex;0;1;0;1;0.0;mitUnentschieden
6a9db100ab080c8c957fc12b;2026-09-07;TEF-PBL;stevens-metagross;dragapult-dudunsparce;1;0;0;1;1.0;mitUnentschieden
6a9db100ab080c8c957fc12b;2026-09-07;TEF-PBL;dragapult-dudunsparce;stevens-metagross;0;1;0;1;0.0;mitUnentschieden
6a9db100ab080c8c957fc12b;2026-09-07;TEF-PBL;ethan-typhlosion;n-zoroark;0;1;0;1;0.0;mitUnentschieden
6a9db100ab080c8c957fc12b;2026-09-07;TEF-PBL;n-zoroark;ethan-typhlosion;1;0;0;1;1.0;mitUnentschieden
6a9db100ab080c8c957fc12b;2026-09-07;TEF-PBL;slowking-scr;clefairy-ogerpon;0;1;0;1;0.0;mitUnentschieden
6a9db100ab080c8c957fc12b;2026-09-07;TEF-PBL;clefairy-ogerpon;slowking-scr;1;0;0;1;1.0;mitUnentschieden
6a9db100ab080c8c957fc12b;2026-09-07;TEF-PBL;crustle-dri;dragapult-dusknoir;0;3;0;3;0.0;mitUnentschieden
6a9db100ab080c8c957fc12b;2026-09-07;TEF-PBL;dragapult-dusknoir;crustle-dri;3;0;0;3;1.0;mitUnentschieden
6a9db100ab080c8c957fc12b;2026-09-07;TEF-PBL;dragapult-blaziken;starmie-dusknoir;1;0;0;1;1.0;mitUnentschieden
6a9db100ab080c8c957fc12b;2026-09-07;TEF-PBL;starmie-dusknoir;dragapult-blaziken;0;1;0;1;0.0;mitUnentschieden
6a9db100ab080c8c957fc12b;2026-09-07;TEF-PBL;dragapult-dusknoir;mega-manectric-ex-meg;1;0;0;1;1.0;mitUnentschieden
6a9db100ab080c8c957fc12b;2026-09-07;TEF-PBL;mega-manectric-ex-meg;dragapult-dusknoir;0;1;0;1;0.0;mitUnentschieden
6a9db100ab080c8c957fc12b;2026-09-07;TEF-PBL;archaludon-dudunsparce;lopunny-dusknoir;0;1;0;1;0.0;mitUnentschieden
6a9db100ab080c8c957fc12b;2026-09-07;TEF-PBL;lopunny-dusknoir;archaludon-dudunsparce;1;0;0;1;1.0;mitUnentschieden
6a9db100ab080c8c957fc12b;2026-09-07;TEF-PBL;alakazam-dusknoir;ogerpon-meganium-hydrapple;1;0;0;1;1.0;mitUnentschieden
6a9db100ab080c8c957fc12b;2026-09-07;TEF-PBL;ogerpon-meganium-hydrapple;alakazam-dusknoir;0;1;0;1;0.0;mitUnentschieden
6a9db100ab080c8c957fc12b;2026-09-07;TEF-PBL;basic-box-m;lopunny-dusknoir;1;2;0;3;0.333333;mitUnentschieden
6a9db100ab080c8c957fc12b;2026-09-07;TEF-PBL;lopunny-dusknoir;basic-box-m;2;1;0;3;0.666667;mitUnentschieden
6a9db100ab080c8c957fc12b;2026-09-07;TEF-PBL;n-zoroark;mega-excadrill-ex;2;2;0;4;0.5;mitUnentschieden
6a9db100ab080c8c957fc12b;2026-09-07;TEF-PBL;mega-excadrill-ex;n-zoroark;2;2;0;4;0.5;mitUnentschieden
6a9db100ab080c8c957fc12b;2026-09-07;TEF-PBL;hydreigon-ex;hops-trevenant;0;1;0;1;0.0;mitUnentschieden
6a9db100ab080c8c957fc12b;2026-09-07;TEF-PBL;hops-trevenant;hydreigon-ex;1;0;0;1;1.0;mitUnentschieden
6a9db100ab080c8c957fc12b;2026-09-07;TEF-PBL;slowking-scr;mega-lucario-ex;1;1;0;2;0.5;mitUnentschieden
6a9db100ab080c8c957fc12b;2026-09-07;TEF-PBL;mega-lucario-ex;slowking-scr;1;1;0;2;0.5;mitUnentschieden
6a9db100ab080c8c957fc12b;2026-09-07;TEF-PBL;n-zoroark;beedrill-ex-cri;0;1;0;1;0.0;mitUnentschieden
6a9db100ab080c8c957fc12b;2026-09-07;TEF-PBL;beedrill-ex-cri;n-zoroark;1;0;0;1;1.0;mitUnentschieden
6a9db100ab080c8c957fc12b;2026-09-07;TEF-PBL;slowking-scr;rocket-mewtwo-ex;0;1;0;1;0.0;mitUnentschieden
6a9db100ab080c8c957fc12b;2026-09-07;TEF-PBL;rocket-mewtwo-ex;slowking-scr;1;0;0;1;1.0;mitUnentschieden
6a9db100ab080c8c957fc12b;2026-09-07;TEF-PBL;festival-lead;toxtricity-box;0;1;0;1;0.0;mitUnentschieden
6a9db100ab080c8c957fc12b;2026-09-07;TEF-PBL;toxtricity-box;festival-lead;1;0;0;1;1.0;mitUnentschieden
6a9db100ab080c8c957fc12b;2026-09-07;TEF-PBL;archaludon-dudunsparce;mega-absol-box;1;0;0;1;1.0;mitUnentschieden
6a9db100ab080c8c957fc12b;2026-09-07;TEF-PBL;mega-absol-box;archaludon-dudunsparce;0;1;0;1;0.0;mitUnentschieden
6a9db100ab080c8c957fc12b;2026-09-07;TEF-PBL;mega-greninja-ex;rockets-honchkrow;0;1;0;1;0.0;mitUnentschieden
6a9db100ab080c8c957fc12b;2026-09-07;TEF-PBL;rockets-honchkrow;mega-greninja-ex;1;0;0;1;1.0;mitUnentschieden
6a9db100ab080c8c957fc12b;2026-09-07;TEF-PBL;starmie-froslass;dragapult-dusknoir;1;1;0;2;0.5;mitUnentschieden
6a9db100ab080c8c957fc12b;2026-09-07;TEF-PBL;dragapult-dusknoir;starmie-froslass;1;1;0;2;0.5;mitUnentschieden
6a9db100ab080c8c957fc12b;2026-09-07;TEF-PBL;alakazam-dudunsparce;marnie-grimmsnarl-ex;1;0;0;1;1.0;mitUnentschieden
6a9db100ab080c8c957fc12b;2026-09-07;TEF-PBL;marnie-grimmsnarl-ex;alakazam-dudunsparce;0;1;0;1;0.0;mitUnentschieden
6a9db100ab080c8c957fc12b;2026-09-07;TEF-PBL;ethan-typhlosion;dragapult-ex;0;1;0;1;0.0;mitUnentschieden
6a9db100ab080c8c957fc12b;2026-09-07;TEF-PBL;dragapult-ex;ethan-typhlosion;1;0;0;1;1.0;mitUnentschieden
6a9db100ab080c8c957fc12b;2026-09-07;TEF-PBL;lucario-hariyama;basic-box-m;0;1;0;1;0.0;mitUnentschieden
6a9db100ab080c8c957fc12b;2026-09-07;TEF-PBL;basic-box-m;lucario-hariyama;1;0;0;1;1.0;mitUnentschieden
6a9db100ab080c8c957fc12b;2026-09-07;TEF-PBL;beedrill-ex-cri;lopunny-dudunsparce;0;1;0;1;0.0;mitUnentschieden
6a9db100ab080c8c957fc12b;2026-09-07;TEF-PBL;lopunny-dudunsparce;beedrill-ex-cri;1;0;0;1;1.0;mitUnentschieden
6a9db100ab080c8c957fc12b;2026-09-07;TEF-PBL;dragapult-dusknoir;hop-zacian;2;0;0;2;1.0;mitUnentschieden
6a9db100ab080c8c957fc12b;2026-09-07;TEF-PBL;hop-zacian;dragapult-dusknoir;0;2;0;2;0.0;mitUnentschieden
6a9db100ab080c8c957fc12b;2026-09-07;TEF-PBL;lopunny-dusknoir;lucario-hariyama;0;2;0;2;0.0;mitUnentschieden
6a9db100ab080c8c957fc12b;2026-09-07;TEF-PBL;lucario-hariyama;lopunny-dusknoir;2;0;0;2;1.0;mitUnentschieden
6a9db100ab080c8c957fc12b;2026-09-07;TEF-PBL;alakazam-dudunsparce;mega-excadrill-ex;4;3;0;7;0.571429;mitUnentschieden
6a9db100ab080c8c957fc12b;2026-09-07;TEF-PBL;mega-excadrill-ex;alakazam-dudunsparce;2;5;0;7;0.285714;mitUnentschieden
6a9db100ab080c8c957fc12b;2026-09-07;TEF-PBL;mega-excadrill-ex;rocket-mewtwo-ex;2;0;0;2;1.0;mitUnentschieden
6a9db100ab080c8c957fc12b;2026-09-07;TEF-PBL;rocket-mewtwo-ex;mega-excadrill-ex;0;2;0;2;0.0;mitUnentschieden
6a9db100ab080c8c957fc12b;2026-09-07;TEF-PBL;decidueye-ex;alakazam-dudunsparce;0;1;0;1;0.0;mitUnentschieden
6a9db100ab080c8c957fc12b;2026-09-07;TEF-PBL;alakazam-dudunsparce;decidueye-ex;1;0;0;1;1.0;mitUnentschieden
6a9db100ab080c8c957fc12b;2026-09-07;TEF-PBL;ethan-magcargo;alakazam-dudunsparce;0;1;0;1;0.0;mitUnentschieden
6a9db100ab080c8c957fc12b;2026-09-07;TEF-PBL;alakazam-dudunsparce;ethan-magcargo;1;0;0;1;1.0;mitUnentschieden
6a9db100ab080c8c957fc12b;2026-09-07;TEF-PBL;mega-excadrill-ex;dragapult-dusknoir;1;2;0;3;0.333333;mitUnentschieden
6a9db100ab080c8c957fc12b;2026-09-07;TEF-PBL;dragapult-dusknoir;mega-excadrill-ex;1;2;0;3;0.333333;mitUnentschieden
6a9db100ab080c8c957fc12b;2026-09-07;TEF-PBL;cynthia-garchomp-ex;lucario-hariyama;1;1;0;2;0.5;mitUnentschieden
6a9db100ab080c8c957fc12b;2026-09-07;TEF-PBL;lucario-hariyama;cynthia-garchomp-ex;1;1;0;2;0.5;mitUnentschieden
6a9db100ab080c8c957fc12b;2026-09-07;TEF-PBL;basic-box-m;alakazam-dusknoir;1;0;0;1;1.0;mitUnentschieden
6a9db100ab080c8c957fc12b;2026-09-07;TEF-PBL;alakazam-dusknoir;basic-box-m;0;1;0;1;0.0;mitUnentschieden
6a9db100ab080c8c957fc12b;2026-09-07;TEF-PBL;starmie-froslass;crustle-dri;1;0;0;1;1.0;mitUnentschieden
6a9db100ab080c8c957fc12b;2026-09-07;TEF-PBL;crustle-dri;starmie-froslass;0;1;0;1;0.0;mitUnentschieden
6a9db100ab080c8c957fc12b;2026-09-07;TEF-PBL;kangaskhan-bouffalant;sharpedo-toxtricity;0;1;0;1;0.0;mitUnentschieden
6a9db100ab080c8c957fc12b;2026-09-07;TEF-PBL;sharpedo-toxtricity;kangaskhan-bouffalant;1;0;0;1;1.0;mitUnentschieden
6a9db100ab080c8c957fc12b;2026-09-07;TEF-PBL;mega-excadrill-ex;mega-lucario-ex;2;0;0;2;1.0;mitUnentschieden
6a9db100ab080c8c957fc12b;2026-09-07;TEF-PBL;mega-lucario-ex;mega-excadrill-ex;0;2;0;2;0.0;mitUnentschieden
6a9db100ab080c8c957fc12b;2026-09-07;TEF-PBL;dragapult-ex;seaking-pre;1;1;0;2;0.5;mitUnentschieden
6a9db100ab080c8c957fc12b;2026-09-07;TEF-PBL;seaking-pre;dragapult-ex;1;1;0;2;0.5;mitUnentschieden
6a9db100ab080c8c957fc12b;2026-09-07;TEF-PBL;mega-excadrill-ex;toxtricity-box;0;1;0;1;0.0;mitUnentschieden
6a9db100ab080c8c957fc12b;2026-09-07;TEF-PBL;toxtricity-box;mega-excadrill-ex;1;0;0;1;1.0;mitUnentschieden
6a9db100ab080c8c957fc12b;2026-09-07;TEF-PBL;mega-lucario-ex;toucannon-pbl;0;2;0;2;0.0;mitUnentschieden
6a9db100ab080c8c957fc12b;2026-09-07;TEF-PBL;toucannon-pbl;mega-lucario-ex;1;1;0;2;0.5;mitUnentschieden
6a9db100ab080c8c957fc12b;2026-09-07;TEF-PBL;toucannon-pbl;basic-box-m;0;2;0;2;0.0;mitUnentschieden
6a9db100ab080c8c957fc12b;2026-09-07;TEF-PBL;basic-box-m;toucannon-pbl;2;0;0;2;1.0;mitUnentschieden
6a9db100ab080c8c957fc12b;2026-09-07;TEF-PBL;dhelmise-pbl;stevens-metagross;0;1;0;1;0.0;mitUnentschieden
6a9db100ab080c8c957fc12b;2026-09-07;TEF-PBL;stevens-metagross;dhelmise-pbl;1;0;0;1;1.0;mitUnentschieden
6a9db100ab080c8c957fc12b;2026-09-07;TEF-PBL;alakazam-dudunsparce;cynthia-garchomp-ex;2;0;0;2;1.0;mitUnentschieden
6a9db100ab080c8c957fc12b;2026-09-07;TEF-PBL;cynthia-garchomp-ex;alakazam-dudunsparce;0;2;0;2;0.0;mitUnentschieden
6a9db100ab080c8c957fc12b;2026-09-07;TEF-PBL;palafin-ex;alakazam-dudunsparce;2;0;0;2;1.0;mitUnentschieden
6a9db100ab080c8c957fc12b;2026-09-07;TEF-PBL;alakazam-dudunsparce;palafin-ex;0;2;0;2;0.0;mitUnentschieden
6a9db100ab080c8c957fc12b;2026-09-07;TEF-PBL;festival-lead;mega-starmie-ex;0;1;0;1;0.0;mitUnentschieden
6a9db100ab080c8c957fc12b;2026-09-07;TEF-PBL;mega-starmie-ex;festival-lead;1;0;0;1;1.0;mitUnentschieden
6a9db100ab080c8c957fc12b;2026-09-07;TEF-PBL;mega-charizard-x-ex;crustle-dri;1;0;0;1;1.0;mitUnentschieden
6a9db100ab080c8c957fc12b;2026-09-07;TEF-PBL;crustle-dri;mega-charizard-x-ex;0;1;0;1;0.0;mitUnentschieden
6a9db100ab080c8c957fc12b;2026-09-07;TEF-PBL;mega-excadrill-ex;mega-absol-box;1;0;0;1;1.0;mitUnentschieden
6a9db100ab080c8c957fc12b;2026-09-07;TEF-PBL;mega-absol-box;mega-excadrill-ex;0;1;0;1;0.0;mitUnentschieden
6a9db100ab080c8c957fc12b;2026-09-07;TEF-PBL;toxtricity-pfl;n-zoroark;1;0;0;1;1.0;mitUnentschieden
6a9db100ab080c8c957fc12b;2026-09-07;TEF-PBL;n-zoroark;toxtricity-pfl;0;1;0;1;0.0;mitUnentschieden
6a9db100ab080c8c957fc12b;2026-09-07;TEF-PBL;archaludon-dudunsparce;alakazam-dudunsparce;0;1;0;1;0.0;mitUnentschieden
6a9db100ab080c8c957fc12b;2026-09-07;TEF-PBL;alakazam-dudunsparce;archaludon-dudunsparce;1;0;0;1;1.0;mitUnentschieden
6a9db100ab080c8c957fc12b;2026-09-07;TEF-PBL;ogerpon-meganium-arboliva;dragapult-ex;0;3;0;3;0.0;mitUnentschieden
6a9db100ab080c8c957fc12b;2026-09-07;TEF-PBL;dragapult-ex;ogerpon-meganium-arboliva;3;0;0;3;1.0;mitUnentschieden
6a9db100ab080c8c957fc12b;2026-09-07;TEF-PBL;mega-excadrill-ex;ogerpon-meganium-hydrapple;2;0;0;2;1.0;mitUnentschieden
6a9db100ab080c8c957fc12b;2026-09-07;TEF-PBL;ogerpon-meganium-hydrapple;mega-excadrill-ex;0;2;0;2;0.0;mitUnentschieden
6a9db100ab080c8c957fc12b;2026-09-07;TEF-PBL;dhelmise-pbl;dragapult-blaziken;1;1;0;2;0.5;mitUnentschieden
6a9db100ab080c8c957fc12b;2026-09-07;TEF-PBL;dragapult-blaziken;dhelmise-pbl;1;1;0;2;0.5;mitUnentschieden
6a9db100ab080c8c957fc12b;2026-09-07;TEF-PBL;sinistcha-ogerpon;crustle-dri;0;1;0;1;0.0;mitUnentschieden
6a9db100ab080c8c957fc12b;2026-09-07;TEF-PBL;crustle-dri;sinistcha-ogerpon;1;0;0;1;1.0;mitUnentschieden
6a9db100ab080c8c957fc12b;2026-09-07;TEF-PBL;dragapult-ex;cinccino-ex;1;1;0;2;0.5;mitUnentschieden
6a9db100ab080c8c957fc12b;2026-09-07;TEF-PBL;cinccino-ex;dragapult-ex;1;1;0;2;0.5;mitUnentschieden
6a9db100ab080c8c957fc12b;2026-09-07;TEF-PBL;alakazam-dudunsparce;lopunny-dusknoir;2;2;0;4;0.5;mitUnentschieden
6a9db100ab080c8c957fc12b;2026-09-07;TEF-PBL;lopunny-dusknoir;alakazam-dudunsparce;2;2;0;4;0.5;mitUnentschieden
6a9db100ab080c8c957fc12b;2026-09-07;TEF-PBL;alakazam-dusknoir;okidogi-barbaracle;0;1;0;1;0.0;mitUnentschieden
6a9db100ab080c8c957fc12b;2026-09-07;TEF-PBL;okidogi-barbaracle;alakazam-dusknoir;1;0;0;1;1.0;mitUnentschieden
6a9db100ab080c8c957fc12b;2026-09-07;TEF-PBL;rockets-honchkrow;mega-excadrill-ex;1;0;0;1;1.0;mitUnentschieden
6a9db100ab080c8c957fc12b;2026-09-07;TEF-PBL;mega-excadrill-ex;rockets-honchkrow;0;1;0;1;0.0;mitUnentschieden
6a9db100ab080c8c957fc12b;2026-09-07;TEF-PBL;dhelmise-pbl;crustle-dri;0;1;0;1;0.0;mitUnentschieden
6a9db100ab080c8c957fc12b;2026-09-07;TEF-PBL;crustle-dri;dhelmise-pbl;1;0;0;1;1.0;mitUnentschieden
6a9db100ab080c8c957fc12b;2026-09-07;TEF-PBL;raging-bolt-ogerpon;n-zoroark;0;2;0;2;0.0;mitUnentschieden
6a9db100ab080c8c957fc12b;2026-09-07;TEF-PBL;n-zoroark;raging-bolt-ogerpon;1;1;0;2;0.5;mitUnentschieden
6a9db100ab080c8c957fc12b;2026-09-07;TEF-PBL;basic-box-m;rockets-honchkrow;1;2;0;3;0.333333;mitUnentschieden
6a9db100ab080c8c957fc12b;2026-09-07;TEF-PBL;rockets-honchkrow;basic-box-m;2;1;0;3;0.666667;mitUnentschieden
6a9db100ab080c8c957fc12b;2026-09-07;TEF-PBL;dragapult-dusknoir;basic-box-m;0;4;0;4;0.0;mitUnentschieden
6a9db100ab080c8c957fc12b;2026-09-07;TEF-PBL;basic-box-m;dragapult-dusknoir;4;0;0;4;1.0;mitUnentschieden
6a9db100ab080c8c957fc12b;2026-09-07;TEF-PBL;stevens-metagross;alakazam-dudunsparce;1;0;0;1;1.0;mitUnentschieden
6a9db100ab080c8c957fc12b;2026-09-07;TEF-PBL;alakazam-dudunsparce;stevens-metagross;0;1;0;1;0.0;mitUnentschieden
6a9db100ab080c8c957fc12b;2026-09-07;TEF-PBL;basic-box-m;mega-venusaur-ex;0;1;0;1;0.0;mitUnentschieden
6a9db100ab080c8c957fc12b;2026-09-07;TEF-PBL;mega-venusaur-ex;basic-box-m;1;0;0;1;1.0;mitUnentschieden
6a9db100ab080c8c957fc12b;2026-09-07;TEF-PBL;clefairy-ogerpon;n-zoroark;0;1;0;1;0.0;mitUnentschieden
6a9db100ab080c8c957fc12b;2026-09-07;TEF-PBL;n-zoroark;clefairy-ogerpon;1;0;0;1;1.0;mitUnentschieden
6a9db100ab080c8c957fc12b;2026-09-07;TEF-PBL;festival-lead;basic-box-m;0;2;0;2;0.0;mitUnentschieden
6a9db100ab080c8c957fc12b;2026-09-07;TEF-PBL;basic-box-m;festival-lead;2;0;0;2;1.0;mitUnentschieden
6a9db100ab080c8c957fc12b;2026-09-07;TEF-PBL;sharpedo-toxtricity;greninja-ex;0;1;0;1;0.0;mitUnentschieden
6a9db100ab080c8c957fc12b;2026-09-07;TEF-PBL;greninja-ex;sharpedo-toxtricity;1;0;0;1;1.0;mitUnentschieden
6a9db100ab080c8c957fc12b;2026-09-07;TEF-PBL;dhelmise-pbl;lopunny-dudunsparce;1;1;0;2;0.5;mitUnentschieden
6a9db100ab080c8c957fc12b;2026-09-07;TEF-PBL;lopunny-dudunsparce;dhelmise-pbl;1;1;0;2;0.5;mitUnentschieden
6a9db100ab080c8c957fc12b;2026-09-07;TEF-PBL;rockets-honchkrow;crustle-dri;1;1;0;2;0.5;mitUnentschieden
6a9db100ab080c8c957fc12b;2026-09-07;TEF-PBL;crustle-dri;rockets-honchkrow;1;1;0;2;0.5;mitUnentschieden
6a9db100ab080c8c957fc12b;2026-09-07;TEF-PBL;alakazam-dudunsparce;clefairy-ogerpon;0;1;0;1;0.0;mitUnentschieden
6a9db100ab080c8c957fc12b;2026-09-07;TEF-PBL;clefairy-ogerpon;alakazam-dudunsparce;1;0;0;1;1.0;mitUnentschieden
6a9db100ab080c8c957fc12b;2026-09-07;TEF-PBL;dragapult-ex;lucario-hariyama;1;2;0;3;0.333333;mitUnentschieden
6a9db100ab080c8c957fc12b;2026-09-07;TEF-PBL;lucario-hariyama;dragapult-ex;2;1;0;3;0.666667;mitUnentschieden
6a9db100ab080c8c957fc12b;2026-09-07;TEF-PBL;dragapult-blaziken;dragapult-dusknoir;1;1;0;2;0.5;mitUnentschieden
6a9db100ab080c8c957fc12b;2026-09-07;TEF-PBL;dragapult-dusknoir;dragapult-blaziken;1;1;0;2;0.5;mitUnentschieden
6a9db100ab080c8c957fc12b;2026-09-07;TEF-PBL;dragapult-ex;lopunny-dusknoir;3;3;0;6;0.5;mitUnentschieden
6a9db100ab080c8c957fc12b;2026-09-07;TEF-PBL;lopunny-dusknoir;dragapult-ex;1;5;0;6;0.166667;mitUnentschieden
6a9db100ab080c8c957fc12b;2026-09-07;TEF-PBL;alakazam-dudunsparce;toxtricity-box;2;2;0;4;0.5;mitUnentschieden
6a9db100ab080c8c957fc12b;2026-09-07;TEF-PBL;toxtricity-box;alakazam-dudunsparce;2;2;0;4;0.5;mitUnentschieden
6a9db100ab080c8c957fc12b;2026-09-07;TEF-PBL;raging-bolt-ogerpon;stevens-metagross;0;1;0;1;0.0;mitUnentschieden
6a9db100ab080c8c957fc12b;2026-09-07;TEF-PBL;stevens-metagross;raging-bolt-ogerpon;1;0;0;1;1.0;mitUnentschieden
6a9db100ab080c8c957fc12b;2026-09-07;TEF-PBL;rocket-mewtwo-ex;dragapult-ex;1;1;0;2;0.5;mitUnentschieden
6a9db100ab080c8c957fc12b;2026-09-07;TEF-PBL;dragapult-ex;rocket-mewtwo-ex;1;1;0;2;0.5;mitUnentschieden
6a9db100ab080c8c957fc12b;2026-09-07;TEF-PBL;alakazam-dudunsparce;starmie-froslass;1;0;0;1;1.0;mitUnentschieden
6a9db100ab080c8c957fc12b;2026-09-07;TEF-PBL;starmie-froslass;alakazam-dudunsparce;0;1;0;1;0.0;mitUnentschieden
6a9db100ab080c8c957fc12b;2026-09-07;TEF-PBL;dragapult-blaziken;dragapult-blaziken;3;3;0;6;0.5;mitUnentschieden
6a9db100ab080c8c957fc12b;2026-09-07;TEF-PBL;sharpedo-toxtricity;dragapult-ex;1;1;0;2;0.5;mitUnentschieden
6a9db100ab080c8c957fc12b;2026-09-07;TEF-PBL;dragapult-ex;sharpedo-toxtricity;1;1;0;2;0.5;mitUnentschieden
6a9db100ab080c8c957fc12b;2026-09-07;TEF-PBL;iono-bellibolt;dragapult-ex;0;2;0;2;0.0;mitUnentschieden
6a9db100ab080c8c957fc12b;2026-09-07;TEF-PBL;dragapult-ex;iono-bellibolt;1;1;0;2;0.5;mitUnentschieden
6a9db100ab080c8c957fc12b;2026-09-07;TEF-PBL;mega-chandelure-ex;dragapult-dusknoir;1;0;0;1;1.0;mitUnentschieden
6a9db100ab080c8c957fc12b;2026-09-07;TEF-PBL;dragapult-dusknoir;mega-chandelure-ex;0;1;0;1;0.0;mitUnentschieden
6a9db100ab080c8c957fc12b;2026-09-07;TEF-PBL;greninja-ex;dragapult-dusknoir;1;0;0;1;1.0;mitUnentschieden
6a9db100ab080c8c957fc12b;2026-09-07;TEF-PBL;dragapult-dusknoir;greninja-ex;0;1;0;1;0.0;mitUnentschieden
6a9db100ab080c8c957fc12b;2026-09-07;TEF-PBL;lopunny-dusknoir;alakazam-dusknoir;1;0;0;1;1.0;mitUnentschieden
6a9db100ab080c8c957fc12b;2026-09-07;TEF-PBL;alakazam-dusknoir;lopunny-dusknoir;0;1;0;1;0.0;mitUnentschieden
6a9db100ab080c8c957fc12b;2026-09-07;TEF-PBL;cynthia-garchomp-ex;lopunny-dudunsparce;1;0;0;1;1.0;mitUnentschieden
6a9db100ab080c8c957fc12b;2026-09-07;TEF-PBL;lopunny-dudunsparce;cynthia-garchomp-ex;0;1;0;1;0.0;mitUnentschieden
6a9db100ab080c8c957fc12b;2026-09-07;TEF-PBL;mega-starmie-ex;lucario-hariyama;1;0;0;1;1.0;mitUnentschieden
6a9db100ab080c8c957fc12b;2026-09-07;TEF-PBL;lucario-hariyama;mega-starmie-ex;0;1;0;1;0.0;mitUnentschieden
6a9db100ab080c8c957fc12b;2026-09-07;TEF-PBL;n-zoroark;hops-trevenant;1;0;0;1;1.0;mitUnentschieden
6a9db100ab080c8c957fc12b;2026-09-07;TEF-PBL;hops-trevenant;n-zoroark;0;1;0;1;0.0;mitUnentschieden
6a9db100ab080c8c957fc12b;2026-09-07;TEF-PBL;toxtricity-box;basic-box-m;0;1;0;1;0.0;mitUnentschieden
6a9db100ab080c8c957fc12b;2026-09-07;TEF-PBL;basic-box-m;toxtricity-box;1;0;0;1;1.0;mitUnentschieden
6a9db100ab080c8c957fc12b;2026-09-07;TEF-PBL;ethan-typhlosion;alakazam-dudunsparce;1;0;0;1;1.0;mitUnentschieden
6a9db100ab080c8c957fc12b;2026-09-07;TEF-PBL;alakazam-dudunsparce;ethan-typhlosion;0;1;0;1;0.0;mitUnentschieden
6a9db100ab080c8c957fc12b;2026-09-07;TEF-PBL;rockets-honchkrow;starmie-froslass;1;0;0;1;1.0;mitUnentschieden
6a9db100ab080c8c957fc12b;2026-09-07;TEF-PBL;starmie-froslass;rockets-honchkrow;0;1;0;1;0.0;mitUnentschieden
6a9db100ab080c8c957fc12b;2026-09-07;TEF-PBL;alakazam-dusknoir;dragapult-ex;2;0;0;2;1.0;mitUnentschieden
6a9db100ab080c8c957fc12b;2026-09-07;TEF-PBL;dragapult-ex;alakazam-dusknoir;0;2;0;2;0.0;mitUnentschieden
6a9db100ab080c8c957fc12b;2026-09-07;TEF-PBL;lucario-hariyama;slowking-scr;1;3;0;4;0.25;mitUnentschieden
6a9db100ab080c8c957fc12b;2026-09-07;TEF-PBL;slowking-scr;lucario-hariyama;3;1;0;4;0.75;mitUnentschieden
6a9db100ab080c8c957fc12b;2026-09-07;TEF-PBL;grimmsnarl-froslass;alakazam-dudunsparce;0;1;0;1;0.0;mitUnentschieden
6a9db100ab080c8c957fc12b;2026-09-07;TEF-PBL;alakazam-dudunsparce;grimmsnarl-froslass;1;0;0;1;1.0;mitUnentschieden
6a9db100ab080c8c957fc12b;2026-09-07;TEF-PBL;toxtricity-pfl;beedrill-ex-cri;0;1;0;1;0.0;mitUnentschieden
6a9db100ab080c8c957fc12b;2026-09-07;TEF-PBL;beedrill-ex-cri;toxtricity-pfl;1;0;0;1;1.0;mitUnentschieden
6a9db100ab080c8c957fc12b;2026-09-07;TEF-PBL;beedrill-ex-cri;alakazam-dudunsparce;0;1;0;1;0.0;mitUnentschieden
6a9db100ab080c8c957fc12b;2026-09-07;TEF-PBL;alakazam-dudunsparce;beedrill-ex-cri;1;0;0;1;1.0;mitUnentschieden
6a9db100ab080c8c957fc12b;2026-09-07;TEF-PBL;ogerpon-meganium-hydrapple;rocket-mewtwo-ex;1;0;0;1;1.0;mitUnentschieden
6a9db100ab080c8c957fc12b;2026-09-07;TEF-PBL;rocket-mewtwo-ex;ogerpon-meganium-hydrapple;0;1;0;1;0.0;mitUnentschieden
6a9db100ab080c8c957fc12b;2026-09-07;TEF-PBL;dhelmise-pbl;sharpedo-toxtricity;0;1;0;1;0.0;mitUnentschieden
6a9db100ab080c8c957fc12b;2026-09-07;TEF-PBL;sharpedo-toxtricity;dhelmise-pbl;1;0;0;1;1.0;mitUnentschieden
6a9db100ab080c8c957fc12b;2026-09-07;TEF-PBL;mega-charizard-x-ex;dragapult-ex;2;0;0;2;1.0;mitUnentschieden
6a9db100ab080c8c957fc12b;2026-09-07;TEF-PBL;dragapult-ex;mega-charizard-x-ex;0;2;0;2;0.0;mitUnentschieden
6a9db100ab080c8c957fc12b;2026-09-07;TEF-PBL;ceruledge-ex;dragapult-ex;0;1;0;1;0.0;mitUnentschieden
6a9db100ab080c8c957fc12b;2026-09-07;TEF-PBL;dragapult-ex;ceruledge-ex;1;0;0;1;1.0;mitUnentschieden
6a9db100ab080c8c957fc12b;2026-09-07;TEF-PBL;slowking-scr;slowking-scr;1;1;0;2;0.5;mitUnentschieden
6a9db100ab080c8c957fc12b;2026-09-07;TEF-PBL;froslass-munkidori;dragapult-ex;0;1;0;1;0.0;mitUnentschieden
6a9db100ab080c8c957fc12b;2026-09-07;TEF-PBL;dragapult-ex;froslass-munkidori;1;0;0;1;1.0;mitUnentschieden
6a9db100ab080c8c957fc12b;2026-09-07;TEF-PBL;dhelmise-pbl;ogerpon-meganium-hydrapple;0;2;0;2;0.0;mitUnentschieden
6a9db100ab080c8c957fc12b;2026-09-07;TEF-PBL;ogerpon-meganium-hydrapple;dhelmise-pbl;2;0;0;2;1.0;mitUnentschieden
6a9db100ab080c8c957fc12b;2026-09-07;TEF-PBL;basic-box-m;dragapult-dudunsparce;1;0;0;1;1.0;mitUnentschieden
6a9db100ab080c8c957fc12b;2026-09-07;TEF-PBL;dragapult-dudunsparce;basic-box-m;0;1;0;1;0.0;mitUnentschieden
6a9db100ab080c8c957fc12b;2026-09-07;TEF-PBL;n-zoroark;mega-absol-box;2;1;0;3;0.666667;mitUnentschieden
6a9db100ab080c8c957fc12b;2026-09-07;TEF-PBL;mega-absol-box;n-zoroark;1;2;0;3;0.333333;mitUnentschieden
6a9db100ab080c8c957fc12b;2026-09-07;TEF-PBL;mega-excadrill-ex;lucario-hariyama;1;2;0;3;0.333333;mitUnentschieden
6a9db100ab080c8c957fc12b;2026-09-07;TEF-PBL;lucario-hariyama;mega-excadrill-ex;2;1;0;3;0.666667;mitUnentschieden
6a9db100ab080c8c957fc12b;2026-09-07;TEF-PBL;ogerpon-meganium-arboliva;seaking-pre;1;0;0;1;1.0;mitUnentschieden
6a9db100ab080c8c957fc12b;2026-09-07;TEF-PBL;seaking-pre;ogerpon-meganium-arboliva;0;1;0;1;0.0;mitUnentschieden
6a9db100ab080c8c957fc12b;2026-09-07;TEF-PBL;slowking-scr;hydreigon-ex;1;0;0;1;1.0;mitUnentschieden
6a9db100ab080c8c957fc12b;2026-09-07;TEF-PBL;hydreigon-ex;slowking-scr;0;1;0;1;0.0;mitUnentschieden
6a9db100ab080c8c957fc12b;2026-09-07;TEF-PBL;festival-lead;cynthia-garchomp-ex;1;0;0;1;1.0;mitUnentschieden
6a9db100ab080c8c957fc12b;2026-09-07;TEF-PBL;cynthia-garchomp-ex;festival-lead;0;1;0;1;0.0;mitUnentschieden
6a9db100ab080c8c957fc12b;2026-09-07;TEF-PBL;dragapult-blaziken;mega-manectric-ex-meg;1;0;0;1;1.0;mitUnentschieden
6a9db100ab080c8c957fc12b;2026-09-07;TEF-PBL;mega-manectric-ex-meg;dragapult-blaziken;0;1;0;1;0.0;mitUnentschieden
6a9db100ab080c8c957fc12b;2026-09-07;TEF-PBL;dragapult-dusknoir;festival-lead;0;1;0;1;0.0;mitUnentschieden
6a9db100ab080c8c957fc12b;2026-09-07;TEF-PBL;festival-lead;dragapult-dusknoir;1;0;0;1;1.0;mitUnentschieden
6a9db100ab080c8c957fc12b;2026-09-07;TEF-PBL;ethan-typhlosion;kangaskhan-bouffalant;0;1;0;1;0.0;mitUnentschieden
6a9db100ab080c8c957fc12b;2026-09-07;TEF-PBL;kangaskhan-bouffalant;ethan-typhlosion;1;0;0;1;1.0;mitUnentschieden
6a9db100ab080c8c957fc12b;2026-09-07;TEF-PBL;decidueye-ex;ethan-magcargo;0;1;0;1;0.0;mitUnentschieden
6a9db100ab080c8c957fc12b;2026-09-07;TEF-PBL;ethan-magcargo;decidueye-ex;1;0;0;1;1.0;mitUnentschieden
6a9db100ab080c8c957fc12b;2026-09-07;TEF-PBL;alakazam-dusknoir;mega-lucario-ex;1;0;0;1;1.0;mitUnentschieden
6a9db100ab080c8c957fc12b;2026-09-07;TEF-PBL;mega-lucario-ex;alakazam-dusknoir;0;1;0;1;0.0;mitUnentschieden
6a9db100ab080c8c957fc12b;2026-09-07;TEF-PBL;n-zoroark;alakazam-dusknoir;1;1;0;2;0.5;mitUnentschieden
6a9db100ab080c8c957fc12b;2026-09-07;TEF-PBL;alakazam-dusknoir;n-zoroark;0;2;0;2;0.0;mitUnentschieden
6a9db100ab080c8c957fc12b;2026-09-07;TEF-PBL;crustle-dri;cynthia-garchomp-ex;0;1;0;1;0.0;mitUnentschieden
6a9db100ab080c8c957fc12b;2026-09-07;TEF-PBL;cynthia-garchomp-ex;crustle-dri;1;0;0;1;1.0;mitUnentschieden
6a9db100ab080c8c957fc12b;2026-09-07;TEF-PBL;alakazam-dudunsparce;toucannon-pbl;1;2;0;3;0.333333;mitUnentschieden
6a9db100ab080c8c957fc12b;2026-09-07;TEF-PBL;toucannon-pbl;alakazam-dudunsparce;1;2;0;3;0.333333;mitUnentschieden
6a9db100ab080c8c957fc12b;2026-09-07;TEF-PBL;rocket-mewtwo-ex;n-zoroark;0;1;0;1;0.0;mitUnentschieden
6a9db100ab080c8c957fc12b;2026-09-07;TEF-PBL;n-zoroark;rocket-mewtwo-ex;0;1;0;1;0.0;mitUnentschieden
6a9db100ab080c8c957fc12b;2026-09-07;TEF-PBL;dragapult-ex;starmie-froslass;0;1;0;1;0.0;mitUnentschieden
6a9db100ab080c8c957fc12b;2026-09-07;TEF-PBL;starmie-froslass;dragapult-ex;1;0;0;1;1.0;mitUnentschieden
6a9db100ab080c8c957fc12b;2026-09-07;TEF-PBL;mega-excadrill-ex;raging-bolt-ogerpon;1;1;0;2;0.5;mitUnentschieden
6a9db100ab080c8c957fc12b;2026-09-07;TEF-PBL;raging-bolt-ogerpon;mega-excadrill-ex;1;1;0;2;0.5;mitUnentschieden
6a9db100ab080c8c957fc12b;2026-09-07;TEF-PBL;mega-venusaur-ex;crustle-dri;1;0;0;1;1.0;mitUnentschieden
6a9db100ab080c8c957fc12b;2026-09-07;TEF-PBL;crustle-dri;mega-venusaur-ex;0;1;0;1;0.0;mitUnentschieden
6a9db100ab080c8c957fc12b;2026-09-07;TEF-PBL;greninja-ex;festival-lead;0;1;0;1;0.0;mitUnentschieden
6a9db100ab080c8c957fc12b;2026-09-07;TEF-PBL;festival-lead;greninja-ex;1;0;0;1;1.0;mitUnentschieden
6a9db100ab080c8c957fc12b;2026-09-07;TEF-PBL;toxtricity-box;dragapult-dusknoir;0;0;1;1;0.0;mitUnentschieden
6a9db100ab080c8c957fc12b;2026-09-07;TEF-PBL;dragapult-dusknoir;toxtricity-box;0;0;1;1;0.0;mitUnentschieden
6a9db100ab080c8c957fc12b;2026-09-07;TEF-PBL;stevens-metagross;clefairy-ogerpon;1;0;0;1;1.0;mitUnentschieden
6a9db100ab080c8c957fc12b;2026-09-07;TEF-PBL;clefairy-ogerpon;stevens-metagross;0;1;0;1;0.0;mitUnentschieden
6a9db100ab080c8c957fc12b;2026-09-07;TEF-PBL;basic-box-m;ogerpon-meganium-hydrapple;1;0;0;1;1.0;mitUnentschieden
6a9db100ab080c8c957fc12b;2026-09-07;TEF-PBL;ogerpon-meganium-hydrapple;basic-box-m;0;1;0;1;0.0;mitUnentschieden
6a9db100ab080c8c957fc12b;2026-09-07;TEF-PBL;rockets-honchkrow;rockets-honchkrow;1;1;0;2;0.5;mitUnentschieden
6a9db100ab080c8c957fc12b;2026-09-07;TEF-PBL;basic-box-m;okidogi-barbaracle;1;0;0;1;1.0;mitUnentschieden
6a9db100ab080c8c957fc12b;2026-09-07;TEF-PBL;okidogi-barbaracle;basic-box-m;0;1;0;1;0.0;mitUnentschieden
6a9db100ab080c8c957fc12b;2026-09-07;TEF-PBL;mega-excadrill-ex;clefairy-ogerpon;1;0;0;1;1.0;mitUnentschieden
6a9db100ab080c8c957fc12b;2026-09-07;TEF-PBL;clefairy-ogerpon;mega-excadrill-ex;0;1;0;1;0.0;mitUnentschieden
6a9db100ab080c8c957fc12b;2026-09-07;TEF-PBL;alakazam-dudunsparce;lopunny-dudunsparce;0;1;0;1;0.0;mitUnentschieden
6a9db100ab080c8c957fc12b;2026-09-07;TEF-PBL;lopunny-dudunsparce;alakazam-dudunsparce;1;0;0;1;1.0;mitUnentschieden
6a9db100ab080c8c957fc12b;2026-09-07;TEF-PBL;grimmsnarl-froslass;ogerpon-meganium-hydrapple;0;1;0;1;0.0;mitUnentschieden
6a9db100ab080c8c957fc12b;2026-09-07;TEF-PBL;ogerpon-meganium-hydrapple;grimmsnarl-froslass;1;0;0;1;1.0;mitUnentschieden
6a9db100ab080c8c957fc12b;2026-09-07;TEF-PBL;rocket-mewtwo-ex;lucario-hariyama;2;0;0;2;1.0;mitUnentschieden
6a9db100ab080c8c957fc12b;2026-09-07;TEF-PBL;lucario-hariyama;rocket-mewtwo-ex;0;2;0;2;0.0;mitUnentschieden
6a9db100ab080c8c957fc12b;2026-09-07;TEF-PBL;mega-lucario-ex;rockets-honchkrow;1;0;0;1;1.0;mitUnentschieden
6a9db100ab080c8c957fc12b;2026-09-07;TEF-PBL;rockets-honchkrow;mega-lucario-ex;0;1;0;1;0.0;mitUnentschieden
6a9db100ab080c8c957fc12b;2026-09-07;TEF-PBL;lopunny-dusknoir;sharpedo-toxtricity;0;1;0;1;0.0;mitUnentschieden
6a9db100ab080c8c957fc12b;2026-09-07;TEF-PBL;sharpedo-toxtricity;lopunny-dusknoir;1;0;0;1;1.0;mitUnentschieden
6a9db100ab080c8c957fc12b;2026-09-07;TEF-PBL;dragapult-blaziken;festival-lead;1;0;0;1;1.0;mitUnentschieden
6a9db100ab080c8c957fc12b;2026-09-07;TEF-PBL;festival-lead;dragapult-blaziken;0;1;0;1;0.0;mitUnentschieden
6a9db100ab080c8c957fc12b;2026-09-07;TEF-PBL;slowking-scr;lopunny-dudunsparce;0;1;0;1;0.0;mitUnentschieden
6a9db100ab080c8c957fc12b;2026-09-07;TEF-PBL;lopunny-dudunsparce;slowking-scr;1;0;0;1;1.0;mitUnentschieden
6a9db100ab080c8c957fc12b;2026-09-07;TEF-PBL;dragapult-dusknoir;palafin-ex;0;1;0;1;0.0;mitUnentschieden
6a9db100ab080c8c957fc12b;2026-09-07;TEF-PBL;palafin-ex;dragapult-dusknoir;1;0;0;1;1.0;mitUnentschieden
6a9db100ab080c8c957fc12b;2026-09-07;TEF-PBL;grimmsnarl-froslass;greninja-ex;0;1;0;1;0.0;mitUnentschieden
6a9db100ab080c8c957fc12b;2026-09-07;TEF-PBL;greninja-ex;grimmsnarl-froslass;1;0;0;1;1.0;mitUnentschieden
6a9db100ab080c8c957fc12b;2026-09-07;TEF-PBL;cinccino-ex;sharpedo-toxtricity;1;0;0;1;1.0;mitUnentschieden
6a9db100ab080c8c957fc12b;2026-09-07;TEF-PBL;sharpedo-toxtricity;cinccino-ex;0;1;0;1;0.0;mitUnentschieden
6a9db100ab080c8c957fc12b;2026-09-07;TEF-PBL;stevens-metagross;n-zoroark;1;1;0;2;0.5;mitUnentschieden
6a9db100ab080c8c957fc12b;2026-09-07;TEF-PBL;n-zoroark;stevens-metagross;1;1;0;2;0.5;mitUnentschieden
6a9db100ab080c8c957fc12b;2026-09-07;TEF-PBL;ogerpon-meganium-arboliva;mega-chandelure-ex;1;0;0;1;1.0;mitUnentschieden
6a9db100ab080c8c957fc12b;2026-09-07;TEF-PBL;mega-chandelure-ex;ogerpon-meganium-arboliva;0;1;0;1;0.0;mitUnentschieden
6a9db100ab080c8c957fc12b;2026-09-07;TEF-PBL;sharpedo-toxtricity;raging-bolt-ogerpon;1;1;0;2;0.5;mitUnentschieden
6a9db100ab080c8c957fc12b;2026-09-07;TEF-PBL;raging-bolt-ogerpon;sharpedo-toxtricity;1;1;0;2;0.5;mitUnentschieden
6a9db100ab080c8c957fc12b;2026-09-07;TEF-PBL;alakazam-dudunsparce;ogerpon-meganium-hydrapple;2;1;0;3;0.666667;mitUnentschieden
6a9db100ab080c8c957fc12b;2026-09-07;TEF-PBL;ogerpon-meganium-hydrapple;alakazam-dudunsparce;1;2;0;3;0.333333;mitUnentschieden
6a9db100ab080c8c957fc12b;2026-09-07;TEF-PBL;ethan-typhlosion;mega-charizard-x-ex;0;1;0;1;0.0;mitUnentschieden
6a9db100ab080c8c957fc12b;2026-09-07;TEF-PBL;mega-charizard-x-ex;ethan-typhlosion;1;0;0;1;1.0;mitUnentschieden
6a9db100ab080c8c957fc12b;2026-09-07;TEF-PBL;slowking-scr;mega-starmie-ex;1;0;0;1;1.0;mitUnentschieden
6a9db100ab080c8c957fc12b;2026-09-07;TEF-PBL;mega-starmie-ex;slowking-scr;0;1;0;1;0.0;mitUnentschieden
6a9db100ab080c8c957fc12b;2026-09-07;TEF-PBL;sinistcha-ogerpon;dragapult-ex;0;2;0;2;0.0;mitUnentschieden
6a9db100ab080c8c957fc12b;2026-09-07;TEF-PBL;dragapult-ex;sinistcha-ogerpon;2;0;0;2;1.0;mitUnentschieden
6a9db100ab080c8c957fc12b;2026-09-07;TEF-PBL;alakazam-dusknoir;cynthia-garchomp-ex;1;0;0;1;1.0;mitUnentschieden
6a9db100ab080c8c957fc12b;2026-09-07;TEF-PBL;cynthia-garchomp-ex;alakazam-dusknoir;0;1;0;1;0.0;mitUnentschieden
6a9db100ab080c8c957fc12b;2026-09-07;TEF-PBL;archaludon-dudunsparce;mega-excadrill-ex;0;1;0;1;0.0;mitUnentschieden
6a9db100ab080c8c957fc12b;2026-09-07;TEF-PBL;mega-excadrill-ex;archaludon-dudunsparce;0;1;0;1;0.0;mitUnentschieden
6a9db100ab080c8c957fc12b;2026-09-07;TEF-PBL;ceruledge-ex;crustle-dri;0;1;0;1;0.0;mitUnentschieden
6a9db100ab080c8c957fc12b;2026-09-07;TEF-PBL;crustle-dri;ceruledge-ex;1;0;0;1;1.0;mitUnentschieden
6a9db100ab080c8c957fc12b;2026-09-07;TEF-PBL;ogerpon-meganium-hydrapple;festival-lead;0;1;0;1;0.0;mitUnentschieden
6a9db100ab080c8c957fc12b;2026-09-07;TEF-PBL;festival-lead;ogerpon-meganium-hydrapple;1;0;0;1;1.0;mitUnentschieden
6a9db100ab080c8c957fc12b;2026-09-07;TEF-PBL;toucannon-pbl;dhelmise-pbl;0;1;0;1;0.0;mitUnentschieden
6a9db100ab080c8c957fc12b;2026-09-07;TEF-PBL;dhelmise-pbl;toucannon-pbl;1;0;0;1;1.0;mitUnentschieden
6a9db100ab080c8c957fc12b;2026-09-07;TEF-PBL;dhelmise-pbl;dragapult-dusknoir;1;1;0;2;0.5;mitUnentschieden
6a9db100ab080c8c957fc12b;2026-09-07;TEF-PBL;dragapult-dusknoir;dhelmise-pbl;0;2;0;2;0.0;mitUnentschieden
6a9db100ab080c8c957fc12b;2026-09-07;TEF-PBL;slowking-scr;mega-charizard-x-ex;1;0;0;1;1.0;mitUnentschieden
6a9db100ab080c8c957fc12b;2026-09-07;TEF-PBL;mega-charizard-x-ex;slowking-scr;0;1;0;1;0.0;mitUnentschieden
6a9db100ab080c8c957fc12b;2026-09-07;TEF-PBL;mega-excadrill-ex;ethan-magcargo;0;1;0;1;0.0;mitUnentschieden
6a9db100ab080c8c957fc12b;2026-09-07;TEF-PBL;ethan-magcargo;mega-excadrill-ex;1;0;0;1;1.0;mitUnentschieden
6a9db100ab080c8c957fc12b;2026-09-07;TEF-PBL;rocket-mewtwo-ex;grimmsnarl-froslass;0;1;0;1;0.0;mitUnentschieden
6a9db100ab080c8c957fc12b;2026-09-07;TEF-PBL;grimmsnarl-froslass;rocket-mewtwo-ex;1;0;0;1;1.0;mitUnentschieden
6a9db100ab080c8c957fc12b;2026-09-07;TEF-PBL;alakazam-dusknoir;dragapult-dusknoir;0;1;0;1;0.0;mitUnentschieden
6a9db100ab080c8c957fc12b;2026-09-07;TEF-PBL;dragapult-dusknoir;alakazam-dusknoir;1;0;0;1;1.0;mitUnentschieden
6a9db100ab080c8c957fc12b;2026-09-07;TEF-PBL;toxtricity-pfl;dragapult-blaziken;1;0;0;1;1.0;mitUnentschieden
6a9db100ab080c8c957fc12b;2026-09-07;TEF-PBL;dragapult-blaziken;toxtricity-pfl;0;1;0;1;0.0;mitUnentschieden
6a9db100ab080c8c957fc12b;2026-09-07;TEF-PBL;lucario-hariyama;raging-bolt-ogerpon;1;0;0;1;1.0;mitUnentschieden
6a9db100ab080c8c957fc12b;2026-09-07;TEF-PBL;raging-bolt-ogerpon;lucario-hariyama;0;1;0;1;0.0;mitUnentschieden
6a9db100ab080c8c957fc12b;2026-09-07;TEF-PBL;dragapult-dusknoir;lopunny-dusknoir;1;1;0;2;0.5;mitUnentschieden
6a9db100ab080c8c957fc12b;2026-09-07;TEF-PBL;lopunny-dusknoir;dragapult-dusknoir;0;2;0;2;0.0;mitUnentschieden
6a9db100ab080c8c957fc12b;2026-09-07;TEF-PBL;dragapult-ex;mega-lucario-ex;1;2;0;3;0.333333;mitUnentschieden
6a9db100ab080c8c957fc12b;2026-09-07;TEF-PBL;mega-lucario-ex;dragapult-ex;1;2;0;3;0.333333;mitUnentschieden
6a9db100ab080c8c957fc12b;2026-09-07;TEF-PBL;toucannon-pbl;festival-lead;0;1;0;1;0.0;mitUnentschieden
6a9db100ab080c8c957fc12b;2026-09-07;TEF-PBL;festival-lead;toucannon-pbl;1;0;0;1;1.0;mitUnentschieden
6a9db100ab080c8c957fc12b;2026-09-07;TEF-PBL;hydreigon-ex;dhelmise-pbl;0;1;0;1;0.0;mitUnentschieden
6a9db100ab080c8c957fc12b;2026-09-07;TEF-PBL;dhelmise-pbl;hydreigon-ex;0;1;0;1;0.0;mitUnentschieden
6a9db100ab080c8c957fc12b;2026-09-07;TEF-PBL;mega-manectric-ex-meg;rocket-mewtwo-ex;2;0;0;2;1.0;mitUnentschieden
6a9db100ab080c8c957fc12b;2026-09-07;TEF-PBL;rocket-mewtwo-ex;mega-manectric-ex-meg;0;2;0;2;0.0;mitUnentschieden
6a9db100ab080c8c957fc12b;2026-09-07;TEF-PBL;mega-lucario-ex;lucario-hariyama;1;1;0;2;0.5;mitUnentschieden
6a9db100ab080c8c957fc12b;2026-09-07;TEF-PBL;lucario-hariyama;mega-lucario-ex;0;2;0;2;0.0;mitUnentschieden
6a9db100ab080c8c957fc12b;2026-09-07;TEF-PBL;n-zoroark;decidueye-ex;0;1;0;1;0.0;mitUnentschieden
6a9db100ab080c8c957fc12b;2026-09-07;TEF-PBL;decidueye-ex;n-zoroark;1;0;0;1;1.0;mitUnentschieden
6a9db100ab080c8c957fc12b;2026-09-07;TEF-PBL;mega-venusaur-ex;dragapult-dusknoir;1;0;0;1;1.0;mitUnentschieden
6a9db100ab080c8c957fc12b;2026-09-07;TEF-PBL;dragapult-dusknoir;mega-venusaur-ex;0;1;0;1;0.0;mitUnentschieden
6a9db100ab080c8c957fc12b;2026-09-07;TEF-PBL;alakazam-dusknoir;greninja-ex;1;0;0;1;1.0;mitUnentschieden
6a9db100ab080c8c957fc12b;2026-09-07;TEF-PBL;greninja-ex;alakazam-dusknoir;0;1;0;1;0.0;mitUnentschieden
6a9db100ab080c8c957fc12b;2026-09-07;TEF-PBL;alakazam-dudunsparce;mega-lucario-ex;0;1;0;1;0.0;mitUnentschieden
6a9db100ab080c8c957fc12b;2026-09-07;TEF-PBL;mega-lucario-ex;alakazam-dudunsparce;1;0;0;1;1.0;mitUnentschieden
6a9db100ab080c8c957fc12b;2026-09-07;TEF-PBL;alakazam-dudunsparce;cinccino-ex;0;1;0;1;0.0;mitUnentschieden
6a9db100ab080c8c957fc12b;2026-09-07;TEF-PBL;cinccino-ex;alakazam-dudunsparce;1;0;0;1;1.0;mitUnentschieden
6a9db100ab080c8c957fc12b;2026-09-07;TEF-PBL;dragapult-dusknoir;ogerpon-meganium-arboliva;1;1;0;2;0.5;mitUnentschieden
6a9db100ab080c8c957fc12b;2026-09-07;TEF-PBL;ogerpon-meganium-arboliva;dragapult-dusknoir;1;1;0;2;0.5;mitUnentschieden
6a9db100ab080c8c957fc12b;2026-09-07;TEF-PBL;dhelmise-pbl;okidogi-barbaracle;1;0;0;1;1.0;mitUnentschieden
6a9db100ab080c8c957fc12b;2026-09-07;TEF-PBL;okidogi-barbaracle;dhelmise-pbl;0;1;0;1;0.0;mitUnentschieden
6a9db100ab080c8c957fc12b;2026-09-07;TEF-PBL;mega-excadrill-ex;mega-charizard-x-ex;0;1;0;1;0.0;mitUnentschieden
6a9db100ab080c8c957fc12b;2026-09-07;TEF-PBL;mega-charizard-x-ex;mega-excadrill-ex;1;0;0;1;1.0;mitUnentschieden
6a9db100ab080c8c957fc12b;2026-09-07;TEF-PBL;palafin-ex;ogerpon-meganium-hydrapple;0;1;0;1;0.0;mitUnentschieden
6a9db100ab080c8c957fc12b;2026-09-07;TEF-PBL;ogerpon-meganium-hydrapple;palafin-ex;1;0;0;1;1.0;mitUnentschieden
6a9db100ab080c8c957fc12b;2026-09-07;TEF-PBL;dragapult-blaziken;mega-absol-box;0;1;0;1;0.0;mitUnentschieden
6a9db100ab080c8c957fc12b;2026-09-07;TEF-PBL;mega-absol-box;dragapult-blaziken;1;0;0;1;1.0;mitUnentschieden
6a9db100ab080c8c957fc12b;2026-09-07;TEF-PBL;rockets-honchkrow;lopunny-dudunsparce;2;0;0;2;1.0;mitUnentschieden
6a9db100ab080c8c957fc12b;2026-09-07;TEF-PBL;lopunny-dudunsparce;rockets-honchkrow;0;2;0;2;0.0;mitUnentschieden
6a9db100ab080c8c957fc12b;2026-09-07;TEF-PBL;greninja-ex;ogerpon-meganium-hydrapple;1;0;0;1;1.0;mitUnentschieden
6a9db100ab080c8c957fc12b;2026-09-07;TEF-PBL;ogerpon-meganium-hydrapple;greninja-ex;0;1;0;1;0.0;mitUnentschieden
6a9db100ab080c8c957fc12b;2026-09-07;TEF-PBL;rockets-honchkrow;clefairy-ogerpon;1;0;0;1;1.0;mitUnentschieden
6a9db100ab080c8c957fc12b;2026-09-07;TEF-PBL;clefairy-ogerpon;rockets-honchkrow;0;1;0;1;0.0;mitUnentschieden
6a9db100ab080c8c957fc12b;2026-09-07;TEF-PBL;raging-bolt-ogerpon;slowking-scr;1;0;0;1;1.0;mitUnentschieden
6a9db100ab080c8c957fc12b;2026-09-07;TEF-PBL;slowking-scr;raging-bolt-ogerpon;0;1;0;1;0.0;mitUnentschieden
6a9db100ab080c8c957fc12b;2026-09-07;TEF-PBL;raging-bolt-ogerpon;dhelmise-pbl;0;1;0;1;0.0;mitUnentschieden
6a9db100ab080c8c957fc12b;2026-09-07;TEF-PBL;dhelmise-pbl;raging-bolt-ogerpon;1;0;0;1;1.0;mitUnentschieden
6a9db100ab080c8c957fc12b;2026-09-07;TEF-PBL;alakazam-dusknoir;stevens-metagross;0;1;0;1;0.0;mitUnentschieden
6a9db100ab080c8c957fc12b;2026-09-07;TEF-PBL;stevens-metagross;alakazam-dusknoir;1;0;0;1;1.0;mitUnentschieden
6a9db100ab080c8c957fc12b;2026-09-07;TEF-PBL;sharpedo-toxtricity;dragapult-blaziken;1;1;0;2;0.5;mitUnentschieden
6a9db100ab080c8c957fc12b;2026-09-07;TEF-PBL;dragapult-blaziken;sharpedo-toxtricity;1;1;0;2;0.5;mitUnentschieden
6a9db100ab080c8c957fc12b;2026-09-07;TEF-PBL;ethan-magcargo;clefairy-ogerpon;0;1;0;1;0.0;mitUnentschieden
6a9db100ab080c8c957fc12b;2026-09-07;TEF-PBL;clefairy-ogerpon;ethan-magcargo;1;0;0;1;1.0;mitUnentschieden
6a9db100ab080c8c957fc12b;2026-09-07;TEF-PBL;alakazam-dusknoir;beedrill-ex-cri;1;0;0;1;1.0;mitUnentschieden
6a9db100ab080c8c957fc12b;2026-09-07;TEF-PBL;beedrill-ex-cri;alakazam-dusknoir;0;1;0;1;0.0;mitUnentschieden
6a9db100ab080c8c957fc12b;2026-09-07;TEF-PBL;toxtricity-box;crustle-dri;0;1;0;1;0.0;mitUnentschieden
6a9db100ab080c8c957fc12b;2026-09-07;TEF-PBL;crustle-dri;toxtricity-box;1;0;0;1;1.0;mitUnentschieden
6a9db100ab080c8c957fc12b;2026-09-07;TEF-PBL;sharpedo-toxtricity;toxtricity-pfl;1;0;0;1;1.0;mitUnentschieden
6a9db100ab080c8c957fc12b;2026-09-07;TEF-PBL;toxtricity-pfl;sharpedo-toxtricity;0;1;0;1;0.0;mitUnentschieden
6a9db100ab080c8c957fc12b;2026-09-07;TEF-PBL;ethan-typhlosion;grimmsnarl-froslass;1;0;0;1;1.0;mitUnentschieden
6a9db100ab080c8c957fc12b;2026-09-07;TEF-PBL;grimmsnarl-froslass;ethan-typhlosion;0;1;0;1;0.0;mitUnentschieden
6a9db100ab080c8c957fc12b;2026-09-07;TEF-PBL;lopunny-dusknoir;dragapult-blaziken;1;0;0;1;1.0;mitUnentschieden
6a9db100ab080c8c957fc12b;2026-09-07;TEF-PBL;dragapult-blaziken;lopunny-dusknoir;0;1;0;1;0.0;mitUnentschieden
6a9db100ab080c8c957fc12b;2026-09-07;TEF-PBL;hops-trevenant;lopunny-dudunsparce;0;1;0;1;0.0;mitUnentschieden
6a9db100ab080c8c957fc12b;2026-09-07;TEF-PBL;lopunny-dudunsparce;hops-trevenant;1;0;0;1;1.0;mitUnentschieden
6a9db100ab080c8c957fc12b;2026-09-07;TEF-PBL;dragapult-ex;toucannon-pbl;1;1;0;2;0.5;mitUnentschieden
6a9db100ab080c8c957fc12b;2026-09-07;TEF-PBL;toucannon-pbl;dragapult-ex;1;1;0;2;0.5;mitUnentschieden
6a9db100ab080c8c957fc12b;2026-09-07;TEF-PBL;decidueye-ex;mega-excadrill-ex;0;1;0;1;0.0;mitUnentschieden
6a9db100ab080c8c957fc12b;2026-09-07;TEF-PBL;mega-excadrill-ex;decidueye-ex;1;0;0;1;1.0;mitUnentschieden
6a9db100ab080c8c957fc12b;2026-09-07;TEF-PBL;n-zoroark;mega-lucario-ex;1;1;0;2;0.5;mitUnentschieden
6a9db100ab080c8c957fc12b;2026-09-07;TEF-PBL;mega-lucario-ex;n-zoroark;0;2;0;2;0.0;mitUnentschieden
6a9db100ab080c8c957fc12b;2026-09-07;TEF-PBL;alakazam-dusknoir;toucannon-pbl;0;1;0;1;0.0;mitUnentschieden
6a9db100ab080c8c957fc12b;2026-09-07;TEF-PBL;toucannon-pbl;alakazam-dusknoir;0;1;0;1;0.0;mitUnentschieden
6a9db100ab080c8c957fc12b;2026-09-07;TEF-PBL;hydreigon-ex;lucario-hariyama;0;1;0;1;0.0;mitUnentschieden
6a9db100ab080c8c957fc12b;2026-09-07;TEF-PBL;lucario-hariyama;hydreigon-ex;0;1;0;1;0.0;mitUnentschieden
6a9db100ab080c8c957fc12b;2026-09-07;TEF-PBL;festival-lead;rockets-honchkrow;1;0;0;1;1.0;mitUnentschieden
6a9db100ab080c8c957fc12b;2026-09-07;TEF-PBL;rockets-honchkrow;festival-lead;0;1;0;1;0.0;mitUnentschieden
6a9db100ab080c8c957fc12b;2026-09-07;TEF-PBL;rockets-honchkrow;mega-venusaur-ex;1;0;0;1;1.0;mitUnentschieden
6a9db100ab080c8c957fc12b;2026-09-07;TEF-PBL;mega-venusaur-ex;rockets-honchkrow;0;1;0;1;0.0;mitUnentschieden
6a9db100ab080c8c957fc12b;2026-09-07;TEF-PBL;dhelmise-pbl;rockets-honchkrow;1;0;0;1;1.0;mitUnentschieden
6a9db100ab080c8c957fc12b;2026-09-07;TEF-PBL;rockets-honchkrow;dhelmise-pbl;0;1;0;1;0.0;mitUnentschieden
6a9db100ab080c8c957fc12b;2026-09-07;TEF-PBL;alakazam-dusknoir;rockets-honchkrow;0;2;0;2;0.0;mitUnentschieden
6a9db100ab080c8c957fc12b;2026-09-07;TEF-PBL;rockets-honchkrow;alakazam-dusknoir;2;0;0;2;1.0;mitUnentschieden
6a9db100ab080c8c957fc12b;2026-09-07;TEF-PBL;mega-lucario-ex;dragapult-dusknoir;0;1;0;1;0.0;mitUnentschieden
6a9db100ab080c8c957fc12b;2026-09-07;TEF-PBL;dragapult-dusknoir;mega-lucario-ex;1;0;0;1;1.0;mitUnentschieden
6a9db100ab080c8c957fc12b;2026-09-07;TEF-PBL;greninja-ex;dragapult-ex;0;2;0;2;0.0;mitUnentschieden
6a9db100ab080c8c957fc12b;2026-09-07;TEF-PBL;dragapult-ex;greninja-ex;2;0;0;2;1.0;mitUnentschieden
6a9db100ab080c8c957fc12b;2026-09-07;TEF-PBL;sharpedo-toxtricity;stevens-metagross;0;1;0;1;0.0;mitUnentschieden
6a9db100ab080c8c957fc12b;2026-09-07;TEF-PBL;stevens-metagross;sharpedo-toxtricity;1;0;0;1;1.0;mitUnentschieden
6a9db100ab080c8c957fc12b;2026-09-07;TEF-PBL;ethan-typhlosion;slowking-scr;2;0;0;2;1.0;mitUnentschieden
6a9db100ab080c8c957fc12b;2026-09-07;TEF-PBL;slowking-scr;ethan-typhlosion;0;2;0;2;0.0;mitUnentschieden
6a9db100ab080c8c957fc12b;2026-09-07;TEF-PBL;mega-excadrill-ex;basic-box-m;0;2;0;2;0.0;mitUnentschieden
6a9db100ab080c8c957fc12b;2026-09-07;TEF-PBL;basic-box-m;mega-excadrill-ex;2;0;0;2;1.0;mitUnentschieden
6a9db100ab080c8c957fc12b;2026-09-07;TEF-PBL;greninja-ex;alakazam-dudunsparce;0;1;0;1;0.0;mitUnentschieden
6a9db100ab080c8c957fc12b;2026-09-07;TEF-PBL;alakazam-dudunsparce;greninja-ex;0;1;0;1;0.0;mitUnentschieden
6a9db100ab080c8c957fc12b;2026-09-07;TEF-PBL;lopunny-dusknoir;crustle-dri;1;1;0;2;0.5;mitUnentschieden
6a9db100ab080c8c957fc12b;2026-09-07;TEF-PBL;crustle-dri;lopunny-dusknoir;1;1;0;2;0.5;mitUnentschieden
6a9db100ab080c8c957fc12b;2026-09-07;TEF-PBL;crustle-dri;palafin-ex;1;0;0;1;1.0;mitUnentschieden
6a9db100ab080c8c957fc12b;2026-09-07;TEF-PBL;palafin-ex;crustle-dri;0;1;0;1;0.0;mitUnentschieden
6a9db100ab080c8c957fc12b;2026-09-07;TEF-PBL;okidogi-barbaracle;lucario-hariyama;0;1;0;1;0.0;mitUnentschieden
6a9db100ab080c8c957fc12b;2026-09-07;TEF-PBL;lucario-hariyama;okidogi-barbaracle;1;0;0;1;1.0;mitUnentschieden
6a9db100ab080c8c957fc12b;2026-09-07;TEF-PBL;lopunny-dusknoir;toxtricity-box;2;0;0;2;1.0;mitUnentschieden
6a9db100ab080c8c957fc12b;2026-09-07;TEF-PBL;toxtricity-box;lopunny-dusknoir;0;2;0;2;0.0;mitUnentschieden
6a9db100ab080c8c957fc12b;2026-09-07;TEF-PBL;slowking-scr;lopunny-dusknoir;1;0;0;1;1.0;mitUnentschieden
6a9db100ab080c8c957fc12b;2026-09-07;TEF-PBL;lopunny-dusknoir;slowking-scr;0;1;0;1;0.0;mitUnentschieden
6a9db100ab080c8c957fc12b;2026-09-07;TEF-PBL;n-zoroark;dhelmise-pbl;1;2;0;3;0.333333;mitUnentschieden
6a9db100ab080c8c957fc12b;2026-09-07;TEF-PBL;dhelmise-pbl;n-zoroark;1;2;0;3;0.333333;mitUnentschieden
6a9db100ab080c8c957fc12b;2026-09-07;TEF-PBL;mega-manectric-ex-meg;mega-excadrill-ex;1;0;0;1;1.0;mitUnentschieden
6a9db100ab080c8c957fc12b;2026-09-07;TEF-PBL;mega-excadrill-ex;mega-manectric-ex-meg;0;1;0;1;0.0;mitUnentschieden
6a9db100ab080c8c957fc12b;2026-09-07;TEF-PBL;hops-trevenant;ogerpon-meganium-hydrapple;0;1;0;1;0.0;mitUnentschieden
6a9db100ab080c8c957fc12b;2026-09-07;TEF-PBL;ogerpon-meganium-hydrapple;hops-trevenant;1;0;0;1;1.0;mitUnentschieden
6a9db100ab080c8c957fc12b;2026-09-07;TEF-PBL;lucario-hariyama;festival-lead;0;1;0;1;0.0;mitUnentschieden
6a9db100ab080c8c957fc12b;2026-09-07;TEF-PBL;festival-lead;lucario-hariyama;1;0;0;1;1.0;mitUnentschieden
6a9db100ab080c8c957fc12b;2026-09-07;TEF-PBL;slowking-scr;festival-lead;2;0;0;2;1.0;mitUnentschieden
6a9db100ab080c8c957fc12b;2026-09-07;TEF-PBL;festival-lead;slowking-scr;0;2;0;2;0.0;mitUnentschieden
6a9db100ab080c8c957fc12b;2026-09-07;TEF-PBL;iono-bellibolt;toxtricity-pfl;0;1;0;1;0.0;mitUnentschieden
6a9db100ab080c8c957fc12b;2026-09-07;TEF-PBL;toxtricity-pfl;iono-bellibolt;1;0;0;1;1.0;mitUnentschieden
6a9db100ab080c8c957fc12b;2026-09-07;TEF-PBL;n-zoroark;festival-lead;0;2;0;2;0.0;mitUnentschieden
6a9db100ab080c8c957fc12b;2026-09-07;TEF-PBL;festival-lead;n-zoroark;1;1;0;2;0.5;mitUnentschieden
6a9db100ab080c8c957fc12b;2026-09-07;TEF-PBL;rocket-mewtwo-ex;dhelmise-pbl;0;1;0;1;0.0;mitUnentschieden
6a9db100ab080c8c957fc12b;2026-09-07;TEF-PBL;dhelmise-pbl;rocket-mewtwo-ex;1;0;0;1;1.0;mitUnentschieden
6a9db100ab080c8c957fc12b;2026-09-07;TEF-PBL;rocket-mewtwo-ex;toucannon-pbl;0;1;0;1;0.0;mitUnentschieden
6a9db100ab080c8c957fc12b;2026-09-07;TEF-PBL;toucannon-pbl;rocket-mewtwo-ex;1;0;0;1;1.0;mitUnentschieden
6a9db100ab080c8c957fc12b;2026-09-07;TEF-PBL;hydreigon-ex;raging-bolt-ogerpon;0;1;0;1;0.0;mitUnentschieden
6a9db100ab080c8c957fc12b;2026-09-07;TEF-PBL;raging-bolt-ogerpon;hydreigon-ex;0;1;0;1;0.0;mitUnentschieden
6a9db100ab080c8c957fc12b;2026-09-07;TEF-PBL;n-zoroark;rockets-honchkrow;2;0;1;3;0.666667;mitUnentschieden
6a9db100ab080c8c957fc12b;2026-09-07;TEF-PBL;rockets-honchkrow;n-zoroark;0;2;1;3;0.0;mitUnentschieden
6a9db100ab080c8c957fc12b;2026-09-07;TEF-PBL;dragapult-dusknoir;stevens-metagross;0;1;0;1;0.0;mitUnentschieden
6a9db100ab080c8c957fc12b;2026-09-07;TEF-PBL;stevens-metagross;dragapult-dusknoir;1;0;0;1;1.0;mitUnentschieden
6a9db100ab080c8c957fc12b;2026-09-07;TEF-PBL;mega-venusaur-ex;dhelmise-pbl;1;0;0;1;1.0;mitUnentschieden
6a9db100ab080c8c957fc12b;2026-09-07;TEF-PBL;dhelmise-pbl;mega-venusaur-ex;0;1;0;1;0.0;mitUnentschieden
6a9db100ab080c8c957fc12b;2026-09-07;TEF-PBL;stevens-metagross;mega-excadrill-ex;0;1;0;1;0.0;mitUnentschieden
6a9db100ab080c8c957fc12b;2026-09-07;TEF-PBL;mega-excadrill-ex;stevens-metagross;1;0;0;1;1.0;mitUnentschieden
6a9db100ab080c8c957fc12b;2026-09-07;TEF-PBL;alakazam-dusknoir;lopunny-dudunsparce;0;1;0;1;0.0;mitUnentschieden
6a9db100ab080c8c957fc12b;2026-09-07;TEF-PBL;lopunny-dudunsparce;alakazam-dusknoir;1;0;0;1;1.0;mitUnentschieden
6a9db100ab080c8c957fc12b;2026-09-07;TEF-PBL;basic-box-m;dhelmise-pbl;1;0;0;1;1.0;mitUnentschieden
6a9db100ab080c8c957fc12b;2026-09-07;TEF-PBL;dhelmise-pbl;basic-box-m;0;1;0;1;0.0;mitUnentschieden
6a9db100ab080c8c957fc12b;2026-09-07;TEF-PBL;lopunny-dusknoir;ogerpon-meganium-arboliva;0;1;0;1;0.0;mitUnentschieden
6a9db100ab080c8c957fc12b;2026-09-07;TEF-PBL;ogerpon-meganium-arboliva;lopunny-dusknoir;1;0;0;1;1.0;mitUnentschieden
6a9db100ab080c8c957fc12b;2026-09-07;TEF-PBL;slowking-scr;toxtricity-pfl;1;1;0;2;0.5;mitUnentschieden
6a9db100ab080c8c957fc12b;2026-09-07;TEF-PBL;toxtricity-pfl;slowking-scr;1;1;0;2;0.5;mitUnentschieden
6a9db100ab080c8c957fc12b;2026-09-07;TEF-PBL;okidogi-barbaracle;lopunny-dusknoir;0;1;0;1;0.0;mitUnentschieden
6a9db100ab080c8c957fc12b;2026-09-07;TEF-PBL;lopunny-dusknoir;okidogi-barbaracle;1;0;0;1;1.0;mitUnentschieden
6a9db100ab080c8c957fc12b;2026-09-07;TEF-PBL;ethan-magcargo;slowking-scr;0;2;0;2;0.0;mitUnentschieden
6a9db100ab080c8c957fc12b;2026-09-07;TEF-PBL;slowking-scr;ethan-magcargo;2;0;0;2;1.0;mitUnentschieden
6a9db100ab080c8c957fc12b;2026-09-07;TEF-PBL;dragapult-blaziken;greninja-ex;0;1;0;1;0.0;mitUnentschieden
6a9db100ab080c8c957fc12b;2026-09-07;TEF-PBL;greninja-ex;dragapult-blaziken;0;1;0;1;0.0;mitUnentschieden
6a9db100ab080c8c957fc12b;2026-09-07;TEF-PBL;grimmsnarl-froslass;dragapult-blaziken;0;1;0;1;0.0;mitUnentschieden
6a9db100ab080c8c957fc12b;2026-09-07;TEF-PBL;dragapult-blaziken;grimmsnarl-froslass;1;0;0;1;1.0;mitUnentschieden
6a9db100ab080c8c957fc12b;2026-09-07;TEF-PBL;mega-excadrill-ex;iono-bellibolt;0;1;0;1;0.0;mitUnentschieden
6a9db100ab080c8c957fc12b;2026-09-07;TEF-PBL;iono-bellibolt;mega-excadrill-ex;1;0;0;1;1.0;mitUnentschieden
6a9db100ab080c8c957fc12b;2026-09-07;TEF-PBL;raging-bolt-ogerpon;rockets-honchkrow;0;1;0;1;0.0;mitUnentschieden
6a9db100ab080c8c957fc12b;2026-09-07;TEF-PBL;rockets-honchkrow;raging-bolt-ogerpon;0;1;0;1;0.0;mitUnentschieden
6a9db100ab080c8c957fc12b;2026-09-07;TEF-PBL;rocket-mewtwo-ex;rocket-mewtwo-ex;0;2;0;2;0.0;mitUnentschieden
6a9db100ab080c8c957fc12b;2026-09-07;TEF-PBL;mega-lucario-ex;hydreigon-ex;0;1;0;1;0.0;mitUnentschieden
6a9db100ab080c8c957fc12b;2026-09-07;TEF-PBL;hydreigon-ex;mega-lucario-ex;0;1;0;1;0.0;mitUnentschieden
6a9db100ab080c8c957fc12b;2026-09-07;TEF-PBL;mega-venusaur-ex;stevens-metagross;1;0;0;1;1.0;mitUnentschieden
6a9db100ab080c8c957fc12b;2026-09-07;TEF-PBL;stevens-metagross;mega-venusaur-ex;0;1;0;1;0.0;mitUnentschieden
6a9db100ab080c8c957fc12b;2026-09-07;TEF-PBL;lopunny-dudunsparce;dragapult-dusknoir;1;0;0;1;1.0;mitUnentschieden
6a9db100ab080c8c957fc12b;2026-09-07;TEF-PBL;dragapult-dusknoir;lopunny-dudunsparce;0;1;0;1;0.0;mitUnentschieden
6a9db100ab080c8c957fc12b;2026-09-07;TEF-PBL;ethan-typhlosion;dragapult-blaziken;0;1;0;1;0.0;mitUnentschieden
6a9db100ab080c8c957fc12b;2026-09-07;TEF-PBL;dragapult-blaziken;ethan-typhlosion;1;0;0;1;1.0;mitUnentschieden
6a9db100ab080c8c957fc12b;2026-09-07;TEF-PBL;rockets-honchkrow;mega-absol-box;1;0;0;1;1.0;mitUnentschieden
6a9db100ab080c8c957fc12b;2026-09-07;TEF-PBL;mega-absol-box;rockets-honchkrow;0;1;0;1;0.0;mitUnentschieden
6a9db100ab080c8c957fc12b;2026-09-07;TEF-PBL;sharpedo-toxtricity;crustle-dri;0;1;0;1;0.0;mitUnentschieden
6a9db100ab080c8c957fc12b;2026-09-07;TEF-PBL;crustle-dri;sharpedo-toxtricity;1;0;0;1;1.0;mitUnentschieden
6a9db100ab080c8c957fc12b;2026-09-07;TEF-PBL;alakazam-dudunsparce;ogerpon-meganium-arboliva;0;1;0;1;0.0;mitUnentschieden
6a9db100ab080c8c957fc12b;2026-09-07;TEF-PBL;ogerpon-meganium-arboliva;alakazam-dudunsparce;1;0;0;1;1.0;mitUnentschieden
6a9db100ab080c8c957fc12b;2026-09-07;TEF-PBL;dragapult-blaziken;rocket-mewtwo-ex;0;1;0;1;0.0;mitUnentschieden
6a9db100ab080c8c957fc12b;2026-09-07;TEF-PBL;rocket-mewtwo-ex;dragapult-blaziken;1;0;0;1;1.0;mitUnentschieden
6a9db100ab080c8c957fc12b;2026-09-07;TEF-PBL;mega-manectric-ex-meg;n-zoroark;0;1;0;1;0.0;mitUnentschieden
6a9db100ab080c8c957fc12b;2026-09-07;TEF-PBL;n-zoroark;mega-manectric-ex-meg;1;0;0;1;1.0;mitUnentschieden
6a9db100ab080c8c957fc12b;2026-09-07;TEF-PBL;raging-bolt-ogerpon;greninja-ex;0;1;0;1;0.0;mitUnentschieden
6a9db100ab080c8c957fc12b;2026-09-07;TEF-PBL;greninja-ex;raging-bolt-ogerpon;1;0;0;1;1.0;mitUnentschieden
6a9db100ab080c8c957fc12b;2026-09-07;TEF-PBL;mega-excadrill-ex;greninja-ex;0;1;0;1;0.0;mitUnentschieden
6a9db100ab080c8c957fc12b;2026-09-07;TEF-PBL;greninja-ex;mega-excadrill-ex;0;1;0;1;0.0;mitUnentschieden
6a9db100ab080c8c957fc12b;2026-09-07;TEF-PBL;ogerpon-meganium-hydrapple;ogerpon-meganium-hydrapple;1;1;0;2;0.5;mitUnentschieden
6a9db100ab080c8c957fc12b;2026-09-07;TEF-PBL;iono-bellibolt;okidogi-barbaracle;1;0;0;1;1.0;mitUnentschieden
6a9db100ab080c8c957fc12b;2026-09-07;TEF-PBL;okidogi-barbaracle;iono-bellibolt;0;1;0;1;0.0;mitUnentschieden
6a9db100ab080c8c957fc12b;2026-09-07;TEF-PBL;hops-trevenant;dragapult-ex;0;1;0;1;0.0;mitUnentschieden
6a9db100ab080c8c957fc12b;2026-09-07;TEF-PBL;dragapult-ex;hops-trevenant;1;0;0;1;1.0;mitUnentschieden
6a9db100ab080c8c957fc12b;2026-09-07;TEF-PBL;lopunny-dusknoir;rocket-mewtwo-ex;0;1;0;1;0.0;mitUnentschieden
6a9db100ab080c8c957fc12b;2026-09-07;TEF-PBL;rocket-mewtwo-ex;lopunny-dusknoir;0;1;0;1;0.0;mitUnentschieden
6a9db100ab080c8c957fc12b;2026-09-07;TEF-PBL;dhelmise-pbl;alakazam-dusknoir;0;1;0;1;0.0;mitUnentschieden
6a9db100ab080c8c957fc12b;2026-09-07;TEF-PBL;alakazam-dusknoir;dhelmise-pbl;0;1;0;1;0.0;mitUnentschieden
6a9db100ab080c8c957fc12b;2026-09-07;TEF-PBL;hydreigon-ex;dragapult-dusknoir;0;1;0;1;0.0;mitUnentschieden
6a9db100ab080c8c957fc12b;2026-09-07;TEF-PBL;dragapult-dusknoir;hydreigon-ex;0;1;0;1;0.0;mitUnentschieden
6a9cdf15ab080c8c957fb8af;2026-09-07;TEF-PBL;alakazam-dudunsparce;starmie-froslass;0;2;0;2;0.0;mitUnentschieden
6a9cdf15ab080c8c957fb8af;2026-09-07;TEF-PBL;starmie-froslass;alakazam-dudunsparce;2;0;0;2;1.0;mitUnentschieden
6a9cdf15ab080c8c957fb8af;2026-09-07;TEF-PBL;decidueye-ex;basic-box-m;0;2;0;2;0.0;mitUnentschieden
6a9cdf15ab080c8c957fb8af;2026-09-07;TEF-PBL;basic-box-m;decidueye-ex;2;0;0;2;1.0;mitUnentschieden
6a9cdf15ab080c8c957fb8af;2026-09-07;TEF-PBL;n-zoroark;okidogi-barbaracle;1;1;0;2;0.5;mitUnentschieden
6a9cdf15ab080c8c957fb8af;2026-09-07;TEF-PBL;okidogi-barbaracle;n-zoroark;0;2;0;2;0.0;mitUnentschieden
6a9cdf15ab080c8c957fb8af;2026-09-07;TEF-PBL;n-zoroark;seaking-pre;2;0;0;2;1.0;mitUnentschieden
6a9cdf15ab080c8c957fb8af;2026-09-07;TEF-PBL;seaking-pre;n-zoroark;0;2;0;2;0.0;mitUnentschieden
6a9cdf15ab080c8c957fb8af;2026-09-07;TEF-PBL;dragapult-ex;n-zoroark;1;6;0;7;0.142857;mitUnentschieden
6a9cdf15ab080c8c957fb8af;2026-09-07;TEF-PBL;n-zoroark;dragapult-ex;6;1;0;7;0.857143;mitUnentschieden
6a9cdf15ab080c8c957fb8af;2026-09-07;TEF-PBL;dragapult-ex;seaking-pre;1;0;0;1;1.0;mitUnentschieden
6a9cdf15ab080c8c957fb8af;2026-09-07;TEF-PBL;seaking-pre;dragapult-ex;0;1;0;1;0.0;mitUnentschieden
6a9cdf15ab080c8c957fb8af;2026-09-07;TEF-PBL;toucannon-pbl;mega-lucario-ex;1;0;0;1;1.0;mitUnentschieden
6a9cdf15ab080c8c957fb8af;2026-09-07;TEF-PBL;mega-lucario-ex;toucannon-pbl;0;1;0;1;0.0;mitUnentschieden
6a9cdf15ab080c8c957fb8af;2026-09-07;TEF-PBL;ogerpon-meganium-arboliva;dragapult-ex;0;1;0;1;0.0;mitUnentschieden
6a9cdf15ab080c8c957fb8af;2026-09-07;TEF-PBL;dragapult-ex;ogerpon-meganium-arboliva;1;0;0;1;1.0;mitUnentschieden
6a9cdf15ab080c8c957fb8af;2026-09-07;TEF-PBL;toxtricity-box;alakazam-dudunsparce;0;1;0;1;0.0;mitUnentschieden
6a9cdf15ab080c8c957fb8af;2026-09-07;TEF-PBL;alakazam-dudunsparce;toxtricity-box;1;0;0;1;1.0;mitUnentschieden
6a9cdf15ab080c8c957fb8af;2026-09-07;TEF-PBL;slowking-scr;dragapult-blaziken;0;1;0;1;0.0;mitUnentschieden
6a9cdf15ab080c8c957fb8af;2026-09-07;TEF-PBL;dragapult-blaziken;slowking-scr;1;0;0;1;1.0;mitUnentschieden
6a9cdf15ab080c8c957fb8af;2026-09-07;TEF-PBL;dragapult-dusknoir;crustle-dri;1;1;0;2;0.5;mitUnentschieden
6a9cdf15ab080c8c957fb8af;2026-09-07;TEF-PBL;crustle-dri;dragapult-dusknoir;1;1;0;2;0.5;mitUnentschieden
6a9cdf15ab080c8c957fb8af;2026-09-07;TEF-PBL;lopunny-dusknoir;dragapult-ex;0;1;0;1;0.0;mitUnentschieden
6a9cdf15ab080c8c957fb8af;2026-09-07;TEF-PBL;dragapult-ex;lopunny-dusknoir;1;0;0;1;1.0;mitUnentschieden
6a9cdf15ab080c8c957fb8af;2026-09-07;TEF-PBL;toucannon-pbl;basic-box-m;2;0;0;2;1.0;mitUnentschieden
6a9cdf15ab080c8c957fb8af;2026-09-07;TEF-PBL;basic-box-m;toucannon-pbl;0;2;0;2;0.0;mitUnentschieden
6a9cdf15ab080c8c957fb8af;2026-09-07;TEF-PBL;basic-box-m;alakazam-dudunsparce;0;3;0;3;0.0;mitUnentschieden
6a9cdf15ab080c8c957fb8af;2026-09-07;TEF-PBL;alakazam-dudunsparce;basic-box-m;3;0;0;3;1.0;mitUnentschieden
6a9cdf15ab080c8c957fb8af;2026-09-07;TEF-PBL;blaziken-zoroark;greninja-ex;0;1;0;1;0.0;mitUnentschieden
6a9cdf15ab080c8c957fb8af;2026-09-07;TEF-PBL;greninja-ex;blaziken-zoroark;1;0;0;1;1.0;mitUnentschieden
6a9cdf15ab080c8c957fb8af;2026-09-07;TEF-PBL;mega-excadrill-ex;dragapult-blaziken;1;1;0;2;0.5;mitUnentschieden
6a9cdf15ab080c8c957fb8af;2026-09-07;TEF-PBL;dragapult-blaziken;mega-excadrill-ex;1;1;0;2;0.5;mitUnentschieden
6a9cdf15ab080c8c957fb8af;2026-09-07;TEF-PBL;grimmsnarl-froslass;n-zoroark;1;1;0;2;0.5;mitUnentschieden
6a9cdf15ab080c8c957fb8af;2026-09-07;TEF-PBL;n-zoroark;grimmsnarl-froslass;1;1;0;2;0.5;mitUnentschieden
6a9cdf15ab080c8c957fb8af;2026-09-07;TEF-PBL;alakazam-dusknoir;dragapult-dusknoir;1;2;0;3;0.333333;mitUnentschieden
6a9cdf15ab080c8c957fb8af;2026-09-07;TEF-PBL;dragapult-dusknoir;alakazam-dusknoir;2;1;0;3;0.666667;mitUnentschieden
6a9cdf15ab080c8c957fb8af;2026-09-07;TEF-PBL;ogerpon-meganium;dragapult-blaziken;1;1;0;2;0.5;mitUnentschieden
6a9cdf15ab080c8c957fb8af;2026-09-07;TEF-PBL;dragapult-blaziken;ogerpon-meganium;1;1;0;2;0.5;mitUnentschieden
6a9cdf15ab080c8c957fb8af;2026-09-07;TEF-PBL;mega-darkrai-ex;joltik-box;0;1;0;1;0.0;mitUnentschieden
6a9cdf15ab080c8c957fb8af;2026-09-07;TEF-PBL;joltik-box;mega-darkrai-ex;1;0;0;1;1.0;mitUnentschieden
6a9cdf15ab080c8c957fb8af;2026-09-07;TEF-PBL;n-zoroark;basic-box-m;1;3;0;4;0.25;mitUnentschieden
6a9cdf15ab080c8c957fb8af;2026-09-07;TEF-PBL;basic-box-m;n-zoroark;3;1;0;4;0.75;mitUnentschieden
6a9cdf15ab080c8c957fb8af;2026-09-07;TEF-PBL;sharpedo-toxtricity;yanmega-ex;0;1;0;1;0.0;mitUnentschieden
6a9cdf15ab080c8c957fb8af;2026-09-07;TEF-PBL;yanmega-ex;sharpedo-toxtricity;1;0;0;1;1.0;mitUnentschieden
6a9cdf15ab080c8c957fb8af;2026-09-07;TEF-PBL;grimmsnarl-froslass;dragapult-blaziken;3;1;0;4;0.75;mitUnentschieden
6a9cdf15ab080c8c957fb8af;2026-09-07;TEF-PBL;dragapult-blaziken;grimmsnarl-froslass;1;3;0;4;0.25;mitUnentschieden
6a9cdf15ab080c8c957fb8af;2026-09-07;TEF-PBL;dragapult-ex;dragapult-blaziken;1;3;0;4;0.25;mitUnentschieden
6a9cdf15ab080c8c957fb8af;2026-09-07;TEF-PBL;dragapult-blaziken;dragapult-ex;1;3;0;4;0.25;mitUnentschieden
6a9cdf15ab080c8c957fb8af;2026-09-07;TEF-PBL;ogerpon-meganium-hydrapple;dragapult-dusknoir;1;1;0;2;0.5;mitUnentschieden
6a9cdf15ab080c8c957fb8af;2026-09-07;TEF-PBL;dragapult-dusknoir;ogerpon-meganium-hydrapple;1;1;0;2;0.5;mitUnentschieden
6a9cdf15ab080c8c957fb8af;2026-09-07;TEF-PBL;dragapult-ex;crustle-dri;1;4;0;5;0.2;mitUnentschieden
6a9cdf15ab080c8c957fb8af;2026-09-07;TEF-PBL;crustle-dri;dragapult-ex;4;1;0;5;0.8;mitUnentschieden
6a9cdf15ab080c8c957fb8af;2026-09-07;TEF-PBL;mega-lucario-ex;lucario-hariyama;1;1;0;2;0.5;mitUnentschieden
6a9cdf15ab080c8c957fb8af;2026-09-07;TEF-PBL;lucario-hariyama;mega-lucario-ex;1;1;0;2;0.5;mitUnentschieden
6a9cdf15ab080c8c957fb8af;2026-09-07;TEF-PBL;dragapult-ex;slowking-scr;2;4;0;6;0.333333;mitUnentschieden
6a9cdf15ab080c8c957fb8af;2026-09-07;TEF-PBL;slowking-scr;dragapult-ex;3;3;0;6;0.5;mitUnentschieden
6a9cdf15ab080c8c957fb8af;2026-09-07;TEF-PBL;dragapult-dusknoir;mega-lucario-ex;2;0;0;2;1.0;mitUnentschieden
6a9cdf15ab080c8c957fb8af;2026-09-07;TEF-PBL;mega-lucario-ex;dragapult-dusknoir;0;2;0;2;0.0;mitUnentschieden
6a9cdf15ab080c8c957fb8af;2026-09-07;TEF-PBL;festival-lead;dragapult-dudunsparce;0;1;0;1;0.0;mitUnentschieden
6a9cdf15ab080c8c957fb8af;2026-09-07;TEF-PBL;dragapult-dudunsparce;festival-lead;1;0;0;1;1.0;mitUnentschieden
6a9cdf15ab080c8c957fb8af;2026-09-07;TEF-PBL;basic-box-m;ceruledge-ex;1;0;0;1;1.0;mitUnentschieden
6a9cdf15ab080c8c957fb8af;2026-09-07;TEF-PBL;ceruledge-ex;basic-box-m;0;1;0;1;0.0;mitUnentschieden
6a9cdf15ab080c8c957fb8af;2026-09-07;TEF-PBL;manectric-eelektrik;rockets-honchkrow;1;0;0;1;1.0;mitUnentschieden
6a9cdf15ab080c8c957fb8af;2026-09-07;TEF-PBL;rockets-honchkrow;manectric-eelektrik;0;1;0;1;0.0;mitUnentschieden
6a9cdf15ab080c8c957fb8af;2026-09-07;TEF-PBL;alakazam-dudunsparce;kangaskhan-bouffalant;3;3;0;6;0.5;mitUnentschieden
6a9cdf15ab080c8c957fb8af;2026-09-07;TEF-PBL;kangaskhan-bouffalant;alakazam-dudunsparce;2;4;0;6;0.333333;mitUnentschieden
6a9cdf15ab080c8c957fb8af;2026-09-07;TEF-PBL;rocket-mewtwo-ex;basic-box-m;0;1;0;1;0.0;mitUnentschieden
6a9cdf15ab080c8c957fb8af;2026-09-07;TEF-PBL;basic-box-m;rocket-mewtwo-ex;1;0;0;1;1.0;mitUnentschieden
6a9cdf15ab080c8c957fb8af;2026-09-07;TEF-PBL;crustle-dri;slowking-scr;2;0;0;2;1.0;mitUnentschieden
6a9cdf15ab080c8c957fb8af;2026-09-07;TEF-PBL;slowking-scr;crustle-dri;0;2;0;2;0.0;mitUnentschieden
6a9cdf15ab080c8c957fb8af;2026-09-07;TEF-PBL;dragapult-dudunsparce;mega-excadrill-ex;1;1;0;2;0.5;mitUnentschieden
6a9cdf15ab080c8c957fb8af;2026-09-07;TEF-PBL;mega-excadrill-ex;dragapult-dudunsparce;1;1;0;2;0.5;mitUnentschieden
6a9cdf15ab080c8c957fb8af;2026-09-07;TEF-PBL;alakazam-dudunsparce;rockets-honchkrow;0;2;0;2;0.0;mitUnentschieden
6a9cdf15ab080c8c957fb8af;2026-09-07;TEF-PBL;rockets-honchkrow;alakazam-dudunsparce;2;0;0;2;1.0;mitUnentschieden
6a9cdf15ab080c8c957fb8af;2026-09-07;TEF-PBL;toxtricity-box;crustle-dri;4;0;0;4;1.0;mitUnentschieden
6a9cdf15ab080c8c957fb8af;2026-09-07;TEF-PBL;crustle-dri;toxtricity-box;0;4;0;4;0.0;mitUnentschieden
6a9cdf15ab080c8c957fb8af;2026-09-07;TEF-PBL;dragapult-ex;dragapult-ex;4;8;0;12;0.333333;mitUnentschieden
6a9cdf15ab080c8c957fb8af;2026-09-07;TEF-PBL;dragapult-dusknoir;mega-excadrill-ex;1;0;0;1;1.0;mitUnentschieden
6a9cdf15ab080c8c957fb8af;2026-09-07;TEF-PBL;mega-excadrill-ex;dragapult-dusknoir;0;1;0;1;0.0;mitUnentschieden
6a9cdf15ab080c8c957fb8af;2026-09-07;TEF-PBL;dragapult-dusknoir;rockets-honchkrow;0;2;0;2;0.0;mitUnentschieden
6a9cdf15ab080c8c957fb8af;2026-09-07;TEF-PBL;rockets-honchkrow;dragapult-dusknoir;2;0;0;2;1.0;mitUnentschieden
6a9cdf15ab080c8c957fb8af;2026-09-07;TEF-PBL;dragapult-blaziken;basic-box-m;3;1;0;4;0.75;mitUnentschieden
6a9cdf15ab080c8c957fb8af;2026-09-07;TEF-PBL;basic-box-m;dragapult-blaziken;1;3;0;4;0.25;mitUnentschieden
6a9cdf15ab080c8c957fb8af;2026-09-07;TEF-PBL;slowking-scr;grimmsnarl-froslass;0;3;0;3;0.0;mitUnentschieden
6a9cdf15ab080c8c957fb8af;2026-09-07;TEF-PBL;grimmsnarl-froslass;slowking-scr;3;0;0;3;1.0;mitUnentschieden
6a9cdf15ab080c8c957fb8af;2026-09-07;TEF-PBL;mega-excadrill-ex;lucario-hariyama;2;1;0;3;0.666667;mitUnentschieden
6a9cdf15ab080c8c957fb8af;2026-09-07;TEF-PBL;lucario-hariyama;mega-excadrill-ex;1;2;0;3;0.333333;mitUnentschieden
6a9cdf15ab080c8c957fb8af;2026-09-07;TEF-PBL;mega-starmie-ex;n-zoroark;1;0;0;1;1.0;mitUnentschieden
6a9cdf15ab080c8c957fb8af;2026-09-07;TEF-PBL;n-zoroark;mega-starmie-ex;0;1;0;1;0.0;mitUnentschieden
6a9cdf15ab080c8c957fb8af;2026-09-07;TEF-PBL;n-zoroark;festival-lead;1;0;0;1;1.0;mitUnentschieden
6a9cdf15ab080c8c957fb8af;2026-09-07;TEF-PBL;festival-lead;n-zoroark;0;1;0;1;0.0;mitUnentschieden
6a9cdf15ab080c8c957fb8af;2026-09-07;TEF-PBL;dragapult-ex;toxtricity-box;2;4;0;6;0.333333;mitUnentschieden
6a9cdf15ab080c8c957fb8af;2026-09-07;TEF-PBL;toxtricity-box;dragapult-ex;4;2;0;6;0.666667;mitUnentschieden
6a9cdf15ab080c8c957fb8af;2026-09-07;TEF-PBL;archaludon-dudunsparce;rockets-honchkrow;0;1;0;1;0.0;mitUnentschieden
6a9cdf15ab080c8c957fb8af;2026-09-07;TEF-PBL;rockets-honchkrow;archaludon-dudunsparce;1;0;0;1;1.0;mitUnentschieden
6a9cdf15ab080c8c957fb8af;2026-09-07;TEF-PBL;n-zoroark;crustle-dri;0;2;0;2;0.0;mitUnentschieden
6a9cdf15ab080c8c957fb8af;2026-09-07;TEF-PBL;crustle-dri;n-zoroark;2;0;0;2;1.0;mitUnentschieden
6a9cdf15ab080c8c957fb8af;2026-09-07;TEF-PBL;basic-box-m;rockets-honchkrow;1;0;0;1;1.0;mitUnentschieden
6a9cdf15ab080c8c957fb8af;2026-09-07;TEF-PBL;rockets-honchkrow;basic-box-m;0;1;0;1;0.0;mitUnentschieden
6a9cdf15ab080c8c957fb8af;2026-09-07;TEF-PBL;toucannon-pbl;yanmega-ex;0;1;0;1;0.0;mitUnentschieden
6a9cdf15ab080c8c957fb8af;2026-09-07;TEF-PBL;yanmega-ex;toucannon-pbl;1;0;0;1;1.0;mitUnentschieden
6a9cdf15ab080c8c957fb8af;2026-09-07;TEF-PBL;lucario-hariyama;dragapult-ex;0;3;0;3;0.0;mitUnentschieden
6a9cdf15ab080c8c957fb8af;2026-09-07;TEF-PBL;dragapult-ex;lucario-hariyama;3;0;0;3;1.0;mitUnentschieden
6a9cdf15ab080c8c957fb8af;2026-09-07;TEF-PBL;alakazam-dudunsparce;ogerpon-meganium-hydrapple;0;1;0;1;0.0;mitUnentschieden
6a9cdf15ab080c8c957fb8af;2026-09-07;TEF-PBL;ogerpon-meganium-hydrapple;alakazam-dudunsparce;1;0;0;1;1.0;mitUnentschieden
6a9cdf15ab080c8c957fb8af;2026-09-07;TEF-PBL;dragapult-dusknoir;n-zoroark;1;3;0;4;0.25;mitUnentschieden
6a9cdf15ab080c8c957fb8af;2026-09-07;TEF-PBL;n-zoroark;dragapult-dusknoir;3;1;0;4;0.75;mitUnentschieden
6a9cdf15ab080c8c957fb8af;2026-09-07;TEF-PBL;dragapult-dusknoir;toxtricity-box;0;2;0;2;0.0;mitUnentschieden
6a9cdf15ab080c8c957fb8af;2026-09-07;TEF-PBL;toxtricity-box;dragapult-dusknoir;2;0;0;2;1.0;mitUnentschieden
6a9cdf15ab080c8c957fb8af;2026-09-07;TEF-PBL;alakazam-dudunsparce;n-zoroark;1;1;0;2;0.5;mitUnentschieden
6a9cdf15ab080c8c957fb8af;2026-09-07;TEF-PBL;n-zoroark;alakazam-dudunsparce;1;1;0;2;0.5;mitUnentschieden
6a9cdf15ab080c8c957fb8af;2026-09-07;TEF-PBL;dragapult-blaziken;mega-starmie-ex;0;1;0;1;0.0;mitUnentschieden
6a9cdf15ab080c8c957fb8af;2026-09-07;TEF-PBL;mega-starmie-ex;dragapult-blaziken;1;0;0;1;1.0;mitUnentschieden
6a9cdf15ab080c8c957fb8af;2026-09-07;TEF-PBL;starmie-froslass;crustle-dri;0;1;0;1;0.0;mitUnentschieden
6a9cdf15ab080c8c957fb8af;2026-09-07;TEF-PBL;crustle-dri;starmie-froslass;1;0;0;1;1.0;mitUnentschieden
6a9cdf15ab080c8c957fb8af;2026-09-07;TEF-PBL;n-zoroark;greninja-ex;1;0;0;1;1.0;mitUnentschieden
6a9cdf15ab080c8c957fb8af;2026-09-07;TEF-PBL;greninja-ex;n-zoroark;0;1;0;1;0.0;mitUnentschieden
6a9cdf15ab080c8c957fb8af;2026-09-07;TEF-PBL;slowking-scr;dragapult-dusknoir;1;0;0;1;1.0;mitUnentschieden
6a9cdf15ab080c8c957fb8af;2026-09-07;TEF-PBL;dragapult-dusknoir;slowking-scr;0;1;0;1;0.0;mitUnentschieden
6a9cdf15ab080c8c957fb8af;2026-09-07;TEF-PBL;grimmsnarl-froslass;toxtricity-box;1;1;0;2;0.5;mitUnentschieden
6a9cdf15ab080c8c957fb8af;2026-09-07;TEF-PBL;toxtricity-box;grimmsnarl-froslass;1;1;0;2;0.5;mitUnentschieden
6a9cdf15ab080c8c957fb8af;2026-09-07;TEF-PBL;mega-excadrill-ex;n-zoroark;1;1;0;2;0.5;mitUnentschieden
6a9cdf15ab080c8c957fb8af;2026-09-07;TEF-PBL;n-zoroark;mega-excadrill-ex;1;1;0;2;0.5;mitUnentschieden
6a9cdf15ab080c8c957fb8af;2026-09-07;TEF-PBL;basic-box-m;dragapult-ex;2;0;0;2;1.0;mitUnentschieden
6a9cdf15ab080c8c957fb8af;2026-09-07;TEF-PBL;dragapult-ex;basic-box-m;0;2;0;2;0.0;mitUnentschieden
6a9cdf15ab080c8c957fb8af;2026-09-07;TEF-PBL;dragapult-dusknoir;dragapult-dudunsparce;1;1;0;2;0.5;mitUnentschieden
6a9cdf15ab080c8c957fb8af;2026-09-07;TEF-PBL;dragapult-dudunsparce;dragapult-dusknoir;1;1;0;2;0.5;mitUnentschieden
6a9cdf15ab080c8c957fb8af;2026-09-07;TEF-PBL;alakazam-dudunsparce;joltik-box;0;1;0;1;0.0;mitUnentschieden
6a9cdf15ab080c8c957fb8af;2026-09-07;TEF-PBL;joltik-box;alakazam-dudunsparce;1;0;0;1;1.0;mitUnentschieden
6a9cdf15ab080c8c957fb8af;2026-09-07;TEF-PBL;crustle-dri;manectric-eelektrik;2;0;0;2;1.0;mitUnentschieden
6a9cdf15ab080c8c957fb8af;2026-09-07;TEF-PBL;manectric-eelektrik;crustle-dri;0;2;0;2;0.0;mitUnentschieden
6a9cdf15ab080c8c957fb8af;2026-09-07;TEF-PBL;rockets-honchkrow;mega-lucario-ex;1;0;0;1;1.0;mitUnentschieden
6a9cdf15ab080c8c957fb8af;2026-09-07;TEF-PBL;mega-lucario-ex;rockets-honchkrow;0;1;0;1;0.0;mitUnentschieden
6a9cdf15ab080c8c957fb8af;2026-09-07;TEF-PBL;basic-box-m;ogerpon-meganium-hydrapple;0;2;0;2;0.0;mitUnentschieden
6a9cdf15ab080c8c957fb8af;2026-09-07;TEF-PBL;ogerpon-meganium-hydrapple;basic-box-m;2;0;0;2;1.0;mitUnentschieden
6a9cdf15ab080c8c957fb8af;2026-09-07;TEF-PBL;n-zoroark;kangaskhan-bouffalant;1;1;0;2;0.5;mitUnentschieden
6a9cdf15ab080c8c957fb8af;2026-09-07;TEF-PBL;kangaskhan-bouffalant;n-zoroark;1;1;0;2;0.5;mitUnentschieden
6a9cdf15ab080c8c957fb8af;2026-09-07;TEF-PBL;dragapult-dusknoir;dragapult-dusknoir;1;1;0;2;0.5;mitUnentschieden
6a9cdf15ab080c8c957fb8af;2026-09-07;TEF-PBL;n-zoroark;slowking-scr;2;0;0;2;1.0;mitUnentschieden
6a9cdf15ab080c8c957fb8af;2026-09-07;TEF-PBL;slowking-scr;n-zoroark;0;2;0;2;0.0;mitUnentschieden
6a9cdf15ab080c8c957fb8af;2026-09-07;TEF-PBL;ethan-magcargo;alakazam-dusknoir;0;1;0;1;0.0;mitUnentschieden
6a9cdf15ab080c8c957fb8af;2026-09-07;TEF-PBL;alakazam-dusknoir;ethan-magcargo;1;0;0;1;1.0;mitUnentschieden
6a9cdf15ab080c8c957fb8af;2026-09-07;TEF-PBL;ursaluna-lunatone;mega-lucario-ex;1;0;0;1;1.0;mitUnentschieden
6a9cdf15ab080c8c957fb8af;2026-09-07;TEF-PBL;mega-lucario-ex;ursaluna-lunatone;0;1;0;1;0.0;mitUnentschieden
6a9cdf15ab080c8c957fb8af;2026-09-07;TEF-PBL;dragapult-blaziken;dragapult-dudunsparce;0;1;0;1;0.0;mitUnentschieden
6a9cdf15ab080c8c957fb8af;2026-09-07;TEF-PBL;dragapult-dudunsparce;dragapult-blaziken;1;0;0;1;1.0;mitUnentschieden
6a9cdf15ab080c8c957fb8af;2026-09-07;TEF-PBL;okidogi-barbaracle;dragapult-ex;0;2;0;2;0.0;mitUnentschieden
6a9cdf15ab080c8c957fb8af;2026-09-07;TEF-PBL;dragapult-ex;okidogi-barbaracle;2;0;0;2;1.0;mitUnentschieden
6a9cdf15ab080c8c957fb8af;2026-09-07;TEF-PBL;mega-lucario-ex;crustle-dri;0;2;0;2;0.0;mitUnentschieden
6a9cdf15ab080c8c957fb8af;2026-09-07;TEF-PBL;crustle-dri;mega-lucario-ex;2;0;0;2;1.0;mitUnentschieden
6a9cdf15ab080c8c957fb8af;2026-09-07;TEF-PBL;dragapult-blaziken;ceruledge-ex;1;0;0;1;1.0;mitUnentschieden
6a9cdf15ab080c8c957fb8af;2026-09-07;TEF-PBL;ceruledge-ex;dragapult-blaziken;0;1;0;1;0.0;mitUnentschieden
6a9cdf15ab080c8c957fb8af;2026-09-07;TEF-PBL;crustle-dri;festival-lead;0;1;0;1;0.0;mitUnentschieden
6a9cdf15ab080c8c957fb8af;2026-09-07;TEF-PBL;festival-lead;crustle-dri;0;1;0;1;0.0;mitUnentschieden
6a9cdf15ab080c8c957fb8af;2026-09-07;TEF-PBL;rockets-honchkrow;dragapult-ex;2;1;0;3;0.666667;mitUnentschieden
6a9cdf15ab080c8c957fb8af;2026-09-07;TEF-PBL;dragapult-ex;rockets-honchkrow;1;2;0;3;0.333333;mitUnentschieden
6a9cdf15ab080c8c957fb8af;2026-09-07;TEF-PBL;dragapult-ex;mega-excadrill-ex;0;1;0;1;0.0;mitUnentschieden
6a9cdf15ab080c8c957fb8af;2026-09-07;TEF-PBL;mega-excadrill-ex;dragapult-ex;1;0;0;1;1.0;mitUnentschieden
6a9cdf15ab080c8c957fb8af;2026-09-07;TEF-PBL;alakazam-dudunsparce;ogerpon-meganium-arboliva;1;1;0;2;0.5;mitUnentschieden
6a9cdf15ab080c8c957fb8af;2026-09-07;TEF-PBL;ogerpon-meganium-arboliva;alakazam-dudunsparce;1;1;0;2;0.5;mitUnentschieden
6a9cdf15ab080c8c957fb8af;2026-09-07;TEF-PBL;slowking-scr;mega-lucario-ex;1;0;0;1;1.0;mitUnentschieden
6a9cdf15ab080c8c957fb8af;2026-09-07;TEF-PBL;mega-lucario-ex;slowking-scr;0;1;0;1;0.0;mitUnentschieden
6a9cdf15ab080c8c957fb8af;2026-09-07;TEF-PBL;archaludon-dudunsparce;dragapult-ex;0;1;0;1;0.0;mitUnentschieden
6a9cdf15ab080c8c957fb8af;2026-09-07;TEF-PBL;dragapult-ex;archaludon-dudunsparce;1;0;0;1;1.0;mitUnentschieden
6a9cdf15ab080c8c957fb8af;2026-09-07;TEF-PBL;mega-darkrai-ex;dragapult-ex;0;2;0;2;0.0;mitUnentschieden
6a9cdf15ab080c8c957fb8af;2026-09-07;TEF-PBL;dragapult-ex;mega-darkrai-ex;1;1;0;2;0.5;mitUnentschieden
6a9cdf15ab080c8c957fb8af;2026-09-07;TEF-PBL;dragapult-ex;dragapult-dusknoir;3;3;0;6;0.5;mitUnentschieden
6a9cdf15ab080c8c957fb8af;2026-09-07;TEF-PBL;dragapult-dusknoir;dragapult-ex;3;3;0;6;0.5;mitUnentschieden
6a9cdf15ab080c8c957fb8af;2026-09-07;TEF-PBL;dragapult-ex;rocket-mewtwo-ex;1;0;0;1;1.0;mitUnentschieden
6a9cdf15ab080c8c957fb8af;2026-09-07;TEF-PBL;rocket-mewtwo-ex;dragapult-ex;0;1;0;1;0.0;mitUnentschieden
6a9cdf15ab080c8c957fb8af;2026-09-07;TEF-PBL;blaziken-zoroark;sharpedo-toxtricity;0;1;0;1;0.0;mitUnentschieden
6a9cdf15ab080c8c957fb8af;2026-09-07;TEF-PBL;sharpedo-toxtricity;blaziken-zoroark;1;0;0;1;1.0;mitUnentschieden
6a9cdf15ab080c8c957fb8af;2026-09-07;TEF-PBL;dragapult-blaziken;alakazam-dudunsparce;0;1;0;1;0.0;mitUnentschieden
6a9cdf15ab080c8c957fb8af;2026-09-07;TEF-PBL;alakazam-dudunsparce;dragapult-blaziken;1;0;0;1;1.0;mitUnentschieden
6a9cdf15ab080c8c957fb8af;2026-09-07;TEF-PBL;slowking-scr;lucario-hariyama;0;2;0;2;0.0;mitUnentschieden
6a9cdf15ab080c8c957fb8af;2026-09-07;TEF-PBL;lucario-hariyama;slowking-scr;2;0;0;2;1.0;mitUnentschieden
6a9cdf15ab080c8c957fb8af;2026-09-07;TEF-PBL;festival-lead;dragapult-blaziken;1;0;0;1;1.0;mitUnentschieden
6a9cdf15ab080c8c957fb8af;2026-09-07;TEF-PBL;dragapult-blaziken;festival-lead;0;1;0;1;0.0;mitUnentschieden
6a9cdf15ab080c8c957fb8af;2026-09-07;TEF-PBL;grimmsnarl-froslass;grimmsnarl-froslass;1;1;0;2;0.5;mitUnentschieden
6a9cdf15ab080c8c957fb8af;2026-09-07;TEF-PBL;n-zoroark;n-zoroark;1;1;0;2;0.5;mitUnentschieden
6a9cdf15ab080c8c957fb8af;2026-09-07;TEF-PBL;toxtricity-box;rockets-honchkrow;1;0;0;1;1.0;mitUnentschieden
6a9cdf15ab080c8c957fb8af;2026-09-07;TEF-PBL;rockets-honchkrow;toxtricity-box;0;1;0;1;0.0;mitUnentschieden
6a9cdf15ab080c8c957fb8af;2026-09-07;TEF-PBL;dragapult-blaziken;n-zoroark;1;2;0;3;0.333333;mitUnentschieden
6a9cdf15ab080c8c957fb8af;2026-09-07;TEF-PBL;n-zoroark;dragapult-blaziken;2;1;0;3;0.666667;mitUnentschieden
6a9cdf15ab080c8c957fb8af;2026-09-07;TEF-PBL;n-zoroark;toucannon-pbl;1;3;0;4;0.25;mitUnentschieden
6a9cdf15ab080c8c957fb8af;2026-09-07;TEF-PBL;toucannon-pbl;n-zoroark;3;1;0;4;0.75;mitUnentschieden
6a9cdf15ab080c8c957fb8af;2026-09-07;TEF-PBL;dragapult-ex;yanmega-ex;0;1;0;1;0.0;mitUnentschieden
6a9cdf15ab080c8c957fb8af;2026-09-07;TEF-PBL;yanmega-ex;dragapult-ex;1;0;0;1;1.0;mitUnentschieden
6a9cdf15ab080c8c957fb8af;2026-09-07;TEF-PBL;basic-box-m;basic-box-m;1;1;0;2;0.5;mitUnentschieden
6a9cdf15ab080c8c957fb8af;2026-09-07;TEF-PBL;mega-excadrill-ex;basic-box-m;0;1;0;1;0.0;mitUnentschieden
6a9cdf15ab080c8c957fb8af;2026-09-07;TEF-PBL;basic-box-m;mega-excadrill-ex;1;0;0;1;1.0;mitUnentschieden
6a9cdf15ab080c8c957fb8af;2026-09-07;TEF-PBL;rockets-honchkrow;n-zoroark;0;1;0;1;0.0;mitUnentschieden
6a9cdf15ab080c8c957fb8af;2026-09-07;TEF-PBL;n-zoroark;rockets-honchkrow;1;0;0;1;1.0;mitUnentschieden
6a9cdf15ab080c8c957fb8af;2026-09-07;TEF-PBL;ogerpon-meganium-hydrapple;crustle-dri;1;0;0;1;1.0;mitUnentschieden
6a9cdf15ab080c8c957fb8af;2026-09-07;TEF-PBL;crustle-dri;ogerpon-meganium-hydrapple;0;1;0;1;0.0;mitUnentschieden
6a9cdf15ab080c8c957fb8af;2026-09-07;TEF-PBL;dragapult-blaziken;joltik-box;1;0;0;1;1.0;mitUnentschieden
6a9cdf15ab080c8c957fb8af;2026-09-07;TEF-PBL;joltik-box;dragapult-blaziken;0;1;0;1;0.0;mitUnentschieden
6a9cdf15ab080c8c957fb8af;2026-09-07;TEF-PBL;mega-starmie-ex;slowking-scr;0;1;0;1;0.0;mitUnentschieden
6a9cdf15ab080c8c957fb8af;2026-09-07;TEF-PBL;slowking-scr;mega-starmie-ex;1;0;0;1;1.0;mitUnentschieden
6a9cdf15ab080c8c957fb8af;2026-09-07;TEF-PBL;dragapult-dusknoir;grimmsnarl-froslass;2;1;0;3;0.666667;mitUnentschieden
6a9cdf15ab080c8c957fb8af;2026-09-07;TEF-PBL;grimmsnarl-froslass;dragapult-dusknoir;1;2;0;3;0.333333;mitUnentschieden
6a9cdf15ab080c8c957fb8af;2026-09-07;TEF-PBL;slowking-scr;alakazam-dusknoir;0;1;0;1;0.0;mitUnentschieden
6a9cdf15ab080c8c957fb8af;2026-09-07;TEF-PBL;alakazam-dusknoir;slowking-scr;1;0;0;1;1.0;mitUnentschieden
6a9cdf15ab080c8c957fb8af;2026-09-07;TEF-PBL;seaking-pre;alakazam-dudunsparce;0;1;0;1;0.0;mitUnentschieden
6a9cdf15ab080c8c957fb8af;2026-09-07;TEF-PBL;alakazam-dudunsparce;seaking-pre;1;0;0;1;1.0;mitUnentschieden
6a9cdf15ab080c8c957fb8af;2026-09-07;TEF-PBL;slowking-scr;alakazam-dudunsparce;0;2;0;2;0.0;mitUnentschieden
6a9cdf15ab080c8c957fb8af;2026-09-07;TEF-PBL;alakazam-dudunsparce;slowking-scr;2;0;0;2;1.0;mitUnentschieden
6a9cdf15ab080c8c957fb8af;2026-09-07;TEF-PBL;basic-box-m;grimmsnarl-froslass;0;1;0;1;0.0;mitUnentschieden
6a9cdf15ab080c8c957fb8af;2026-09-07;TEF-PBL;grimmsnarl-froslass;basic-box-m;1;0;0;1;1.0;mitUnentschieden
6a9cdf15ab080c8c957fb8af;2026-09-07;TEF-PBL;alakazam-dusknoir;rockets-honchkrow;0;1;0;1;0.0;mitUnentschieden
6a9cdf15ab080c8c957fb8af;2026-09-07;TEF-PBL;rockets-honchkrow;alakazam-dusknoir;1;0;0;1;1.0;mitUnentschieden
6a9cdf15ab080c8c957fb8af;2026-09-07;TEF-PBL;sharpedo-toxtricity;ogerpon-meganium-hydrapple;0;1;0;1;0.0;mitUnentschieden
6a9cdf15ab080c8c957fb8af;2026-09-07;TEF-PBL;ogerpon-meganium-hydrapple;sharpedo-toxtricity;1;0;0;1;1.0;mitUnentschieden
6a9cdf15ab080c8c957fb8af;2026-09-07;TEF-PBL;ursaluna-lunatone;rockets-honchkrow;0;1;0;1;0.0;mitUnentschieden
6a9cdf15ab080c8c957fb8af;2026-09-07;TEF-PBL;rockets-honchkrow;ursaluna-lunatone;1;0;0;1;1.0;mitUnentschieden
6a9cdf15ab080c8c957fb8af;2026-09-07;TEF-PBL;lucario-hariyama;starmie-froslass;0;1;0;1;0.0;mitUnentschieden
6a9cdf15ab080c8c957fb8af;2026-09-07;TEF-PBL;starmie-froslass;lucario-hariyama;1;0;0;1;1.0;mitUnentschieden
6a9cdf15ab080c8c957fb8af;2026-09-07;TEF-PBL;n-zoroark;mega-lucario-ex;0;2;0;2;0.0;mitUnentschieden
6a9cdf15ab080c8c957fb8af;2026-09-07;TEF-PBL;mega-lucario-ex;n-zoroark;2;0;0;2;1.0;mitUnentschieden
6a9cdf15ab080c8c957fb8af;2026-09-07;TEF-PBL;greninja-ex;dragapult-blaziken;0;1;0;1;0.0;mitUnentschieden
6a9cdf15ab080c8c957fb8af;2026-09-07;TEF-PBL;dragapult-blaziken;greninja-ex;1;0;0;1;1.0;mitUnentschieden
6a9cdf15ab080c8c957fb8af;2026-09-07;TEF-PBL;ogerpon-meganium-arboliva;dragapult-blaziken;2;1;0;3;0.666667;mitUnentschieden
6a9cdf15ab080c8c957fb8af;2026-09-07;TEF-PBL;dragapult-blaziken;ogerpon-meganium-arboliva;1;2;0;3;0.333333;mitUnentschieden
6a9cdf15ab080c8c957fb8af;2026-09-07;TEF-PBL;dragapult-ex;ogerpon-meganium;1;0;0;1;1.0;mitUnentschieden
6a9cdf15ab080c8c957fb8af;2026-09-07;TEF-PBL;ogerpon-meganium;dragapult-ex;0;1;0;1;0.0;mitUnentschieden
6a9cdf15ab080c8c957fb8af;2026-09-07;TEF-PBL;kangaskhan-bouffalant;toucannon-pbl;1;0;0;1;1.0;mitUnentschieden
6a9cdf15ab080c8c957fb8af;2026-09-07;TEF-PBL;toucannon-pbl;kangaskhan-bouffalant;0;1;0;1;0.0;mitUnentschieden
6a9cdf15ab080c8c957fb8af;2026-09-07;TEF-PBL;mega-lucario-ex;dragapult-ex;2;0;0;2;1.0;mitUnentschieden
6a9cdf15ab080c8c957fb8af;2026-09-07;TEF-PBL;dragapult-ex;mega-lucario-ex;0;2;0;2;0.0;mitUnentschieden
6a9cdf15ab080c8c957fb8af;2026-09-07;TEF-PBL;dragapult-dusknoir;mega-darkrai-ex;1;0;0;1;1.0;mitUnentschieden
6a9cdf15ab080c8c957fb8af;2026-09-07;TEF-PBL;mega-darkrai-ex;dragapult-dusknoir;0;1;0;1;0.0;mitUnentschieden
6a9cdf15ab080c8c957fb8af;2026-09-07;TEF-PBL;dragapult-dusknoir;seaking-pre;1;0;0;1;1.0;mitUnentschieden
6a9cdf15ab080c8c957fb8af;2026-09-07;TEF-PBL;seaking-pre;dragapult-dusknoir;0;1;0;1;0.0;mitUnentschieden
6a9cdf15ab080c8c957fb8af;2026-09-07;TEF-PBL;lucario-hariyama;dragapult-blaziken;3;1;0;4;0.75;mitUnentschieden
6a9cdf15ab080c8c957fb8af;2026-09-07;TEF-PBL;dragapult-blaziken;lucario-hariyama;1;3;0;4;0.25;mitUnentschieden
6a9cdf15ab080c8c957fb8af;2026-09-07;TEF-PBL;festival-lead;archaludon-dudunsparce;0;1;0;1;0.0;mitUnentschieden
6a9cdf15ab080c8c957fb8af;2026-09-07;TEF-PBL;archaludon-dudunsparce;festival-lead;0;1;0;1;0.0;mitUnentschieden
6a9cdf15ab080c8c957fb8af;2026-09-07;TEF-PBL;hydreigon-ex;crustle-dri;0;1;0;1;0.0;mitUnentschieden
6a9cdf15ab080c8c957fb8af;2026-09-07;TEF-PBL;crustle-dri;hydreigon-ex;1;0;0;1;1.0;mitUnentschieden
6a9cdf15ab080c8c957fb8af;2026-09-07;TEF-PBL;decidueye-ex;n-zoroark;0;1;0;1;0.0;mitUnentschieden
6a9cdf15ab080c8c957fb8af;2026-09-07;TEF-PBL;n-zoroark;decidueye-ex;1;0;0;1;1.0;mitUnentschieden
6a9cdf15ab080c8c957fb8af;2026-09-07;TEF-PBL;mega-excadrill-ex;mega-excadrill-ex;1;1;0;2;0.5;mitUnentschieden
6a9cdf15ab080c8c957fb8af;2026-09-07;TEF-PBL;ethan-magcargo;slowking-scr;0;2;0;2;0.0;mitUnentschieden
6a9cdf15ab080c8c957fb8af;2026-09-07;TEF-PBL;slowking-scr;ethan-magcargo;0;2;0;2;0.0;mitUnentschieden
6a9cdf15ab080c8c957fb8af;2026-09-07;TEF-PBL;grimmsnarl-froslass;crustle-dri;0;1;0;1;0.0;mitUnentschieden
6a9cdf15ab080c8c957fb8af;2026-09-07;TEF-PBL;crustle-dri;grimmsnarl-froslass;1;0;0;1;1.0;mitUnentschieden
6a9cdf15ab080c8c957fb8af;2026-09-07;TEF-PBL;yanmega-ex;dragapult-dusknoir;0;1;0;1;0.0;mitUnentschieden
6a9cdf15ab080c8c957fb8af;2026-09-07;TEF-PBL;dragapult-dusknoir;yanmega-ex;1;0;0;1;1.0;mitUnentschieden
6a9cdf15ab080c8c957fb8af;2026-09-07;TEF-PBL;n-zoroark;toxtricity-box;1;1;0;2;0.5;mitUnentschieden
6a9cdf15ab080c8c957fb8af;2026-09-07;TEF-PBL;toxtricity-box;n-zoroark;1;1;0;2;0.5;mitUnentschieden
6a9cdf15ab080c8c957fb8af;2026-09-07;TEF-PBL;toxtricity-box;basic-box-m;2;0;0;2;1.0;mitUnentschieden
6a9cdf15ab080c8c957fb8af;2026-09-07;TEF-PBL;basic-box-m;toxtricity-box;0;2;0;2;0.0;mitUnentschieden
6a9cdf15ab080c8c957fb8af;2026-09-07;TEF-PBL;toucannon-pbl;rockets-honchkrow;1;0;0;1;1.0;mitUnentschieden
6a9cdf15ab080c8c957fb8af;2026-09-07;TEF-PBL;rockets-honchkrow;toucannon-pbl;0;1;0;1;0.0;mitUnentschieden
6a9cdf15ab080c8c957fb8af;2026-09-07;TEF-PBL;dragapult-ex;grimmsnarl-froslass;1;1;0;2;0.5;mitUnentschieden
6a9cdf15ab080c8c957fb8af;2026-09-07;TEF-PBL;grimmsnarl-froslass;dragapult-ex;1;1;0;2;0.5;mitUnentschieden
6a9cdf15ab080c8c957fb8af;2026-09-07;TEF-PBL;kangaskhan-bouffalant;dragapult-ex;1;0;0;1;1.0;mitUnentschieden
6a9cdf15ab080c8c957fb8af;2026-09-07;TEF-PBL;dragapult-ex;kangaskhan-bouffalant;0;1;0;1;0.0;mitUnentschieden
6a9cdf15ab080c8c957fb8af;2026-09-07;TEF-PBL;n-zoroark;dragapult-dudunsparce;0;2;0;2;0.0;mitUnentschieden
6a9cdf15ab080c8c957fb8af;2026-09-07;TEF-PBL;dragapult-dudunsparce;n-zoroark;2;0;0;2;1.0;mitUnentschieden
6a9cdf15ab080c8c957fb8af;2026-09-07;TEF-PBL;mega-lucario-ex;grimmsnarl-froslass;1;0;0;1;1.0;mitUnentschieden
6a9cdf15ab080c8c957fb8af;2026-09-07;TEF-PBL;grimmsnarl-froslass;mega-lucario-ex;0;1;0;1;0.0;mitUnentschieden
6a9cdf15ab080c8c957fb8af;2026-09-07;TEF-PBL;starmie-froslass;rockets-honchkrow;1;0;0;1;1.0;mitUnentschieden
6a9cdf15ab080c8c957fb8af;2026-09-07;TEF-PBL;rockets-honchkrow;starmie-froslass;0;1;0;1;0.0;mitUnentschieden
6a9cdf15ab080c8c957fb8af;2026-09-07;TEF-PBL;alakazam-dudunsparce;crustle-dri;0;1;0;1;0.0;mitUnentschieden
6a9cdf15ab080c8c957fb8af;2026-09-07;TEF-PBL;crustle-dri;alakazam-dudunsparce;1;0;0;1;1.0;mitUnentschieden
6a9cdf15ab080c8c957fb8af;2026-09-07;TEF-PBL;rockets-honchkrow;ogerpon-meganium-hydrapple;0;1;0;1;0.0;mitUnentschieden
6a9cdf15ab080c8c957fb8af;2026-09-07;TEF-PBL;ogerpon-meganium-hydrapple;rockets-honchkrow;1;0;0;1;1.0;mitUnentschieden
6a9cdf15ab080c8c957fb8af;2026-09-07;TEF-PBL;alakazam-dudunsparce;mega-starmie-ex;1;0;0;1;1.0;mitUnentschieden
6a9cdf15ab080c8c957fb8af;2026-09-07;TEF-PBL;mega-starmie-ex;alakazam-dudunsparce;0;1;0;1;0.0;mitUnentschieden
6a9cdf15ab080c8c957fb8af;2026-09-07;TEF-PBL;basic-box-m;alakazam-dusknoir;0;1;0;1;0.0;mitUnentschieden
6a9cdf15ab080c8c957fb8af;2026-09-07;TEF-PBL;alakazam-dusknoir;basic-box-m;1;0;0;1;1.0;mitUnentschieden
6a9cdf15ab080c8c957fb8af;2026-09-07;TEF-PBL;toxtricity-box;dragapult-dudunsparce;1;1;0;2;0.5;mitUnentschieden
6a9cdf15ab080c8c957fb8af;2026-09-07;TEF-PBL;dragapult-dudunsparce;toxtricity-box;1;1;0;2;0.5;mitUnentschieden
6a9cdf15ab080c8c957fb8af;2026-09-07;TEF-PBL;mega-excadrill-ex;joltik-box;1;0;0;1;1.0;mitUnentschieden
6a9cdf15ab080c8c957fb8af;2026-09-07;TEF-PBL;joltik-box;mega-excadrill-ex;0;1;0;1;0.0;mitUnentschieden
6a9cdf15ab080c8c957fb8af;2026-09-07;TEF-PBL;crustle-dri;rockets-honchkrow;0;3;0;3;0.0;mitUnentschieden
6a9cdf15ab080c8c957fb8af;2026-09-07;TEF-PBL;rockets-honchkrow;crustle-dri;3;0;0;3;1.0;mitUnentschieden
6a9cdf15ab080c8c957fb8af;2026-09-07;TEF-PBL;mega-excadrill-ex;alakazam-dudunsparce;0;1;0;1;0.0;mitUnentschieden
6a9cdf15ab080c8c957fb8af;2026-09-07;TEF-PBL;alakazam-dudunsparce;mega-excadrill-ex;1;0;0;1;1.0;mitUnentschieden
6a9cdf15ab080c8c957fb8af;2026-09-07;TEF-PBL;n-zoroark;manectric-eelektrik;0;1;0;1;0.0;mitUnentschieden
6a9cdf15ab080c8c957fb8af;2026-09-07;TEF-PBL;manectric-eelektrik;n-zoroark;1;0;0;1;1.0;mitUnentschieden
6a9cdf15ab080c8c957fb8af;2026-09-07;TEF-PBL;seaking-pre;basic-box-m;0;1;0;1;0.0;mitUnentschieden
6a9cdf15ab080c8c957fb8af;2026-09-07;TEF-PBL;basic-box-m;seaking-pre;1;0;0;1;1.0;mitUnentschieden
6a9cdf15ab080c8c957fb8af;2026-09-07;TEF-PBL;dragapult-dusknoir;blaziken-zoroark;0;1;0;1;0.0;mitUnentschieden
6a9cdf15ab080c8c957fb8af;2026-09-07;TEF-PBL;blaziken-zoroark;dragapult-dusknoir;1;0;0;1;1.0;mitUnentschieden
6a9cdf15ab080c8c957fb8af;2026-09-07;TEF-PBL;toucannon-pbl;slowking-scr;0;1;0;1;0.0;mitUnentschieden
6a9cdf15ab080c8c957fb8af;2026-09-07;TEF-PBL;slowking-scr;toucannon-pbl;1;0;0;1;1.0;mitUnentschieden
6a9cdf15ab080c8c957fb8af;2026-09-07;TEF-PBL;greninja-ex;dragapult-ex;0;1;0;1;0.0;mitUnentschieden
6a9cdf15ab080c8c957fb8af;2026-09-07;TEF-PBL;dragapult-ex;greninja-ex;1;0;0;1;1.0;mitUnentschieden
6a9cdf15ab080c8c957fb8af;2026-09-07;TEF-PBL;sharpedo-toxtricity;crustle-dri;0;1;0;1;0.0;mitUnentschieden
6a9cdf15ab080c8c957fb8af;2026-09-07;TEF-PBL;crustle-dri;sharpedo-toxtricity;1;0;0;1;1.0;mitUnentschieden
6a9cdf15ab080c8c957fb8af;2026-09-07;TEF-PBL;dragapult-ex;alakazam-dudunsparce;1;1;0;2;0.5;mitUnentschieden
6a9cdf15ab080c8c957fb8af;2026-09-07;TEF-PBL;alakazam-dudunsparce;dragapult-ex;0;2;0;2;0.0;mitUnentschieden
6a9cdf15ab080c8c957fb8af;2026-09-07;TEF-PBL;okidogi-barbaracle;slowking-scr;0;1;0;1;0.0;mitUnentschieden
6a9cdf15ab080c8c957fb8af;2026-09-07;TEF-PBL;slowking-scr;okidogi-barbaracle;0;1;0;1;0.0;mitUnentschieden
6a9cdf15ab080c8c957fb8af;2026-09-07;TEF-PBL;festival-lead;rocket-mewtwo-ex;0;1;0;1;0.0;mitUnentschieden
6a9cdf15ab080c8c957fb8af;2026-09-07;TEF-PBL;rocket-mewtwo-ex;festival-lead;0;1;0;1;0.0;mitUnentschieden
6a9cdf15ab080c8c957fb8af;2026-09-07;TEF-PBL;dragapult-blaziken;ethan-magcargo;1;0;0;1;1.0;mitUnentschieden
6a9cdf15ab080c8c957fb8af;2026-09-07;TEF-PBL;ethan-magcargo;dragapult-blaziken;0;1;0;1;0.0;mitUnentschieden
6a9cdf15ab080c8c957fb8af;2026-09-07;TEF-PBL;hydreigon-ex;decidueye-ex;1;0;0;1;1.0;mitUnentschieden
6a9cdf15ab080c8c957fb8af;2026-09-07;TEF-PBL;decidueye-ex;hydreigon-ex;0;1;0;1;0.0;mitUnentschieden
6a9cdf15ab080c8c957fb8af;2026-09-07;TEF-PBL;n-zoroark;ogerpon-meganium-hydrapple;0;2;0;2;0.0;mitUnentschieden
6a9cdf15ab080c8c957fb8af;2026-09-07;TEF-PBL;ogerpon-meganium-hydrapple;n-zoroark;2;0;0;2;1.0;mitUnentschieden
6a9cdf15ab080c8c957fb8af;2026-09-07;TEF-PBL;crustle-dri;mega-excadrill-ex;1;0;0;1;1.0;mitUnentschieden
6a9cdf15ab080c8c957fb8af;2026-09-07;TEF-PBL;mega-excadrill-ex;crustle-dri;0;1;0;1;0.0;mitUnentschieden
6a9cdf15ab080c8c957fb8af;2026-09-07;TEF-PBL;grimmsnarl-froslass;ogerpon-meganium-hydrapple;0;1;0;1;0.0;mitUnentschieden
6a9cdf15ab080c8c957fb8af;2026-09-07;TEF-PBL;ogerpon-meganium-hydrapple;grimmsnarl-froslass;1;0;0;1;1.0;mitUnentschieden
6a9cdf15ab080c8c957fb8af;2026-09-07;TEF-PBL;dragapult-blaziken;toxtricity-box;0;1;0;1;0.0;mitUnentschieden
6a9cdf15ab080c8c957fb8af;2026-09-07;TEF-PBL;toxtricity-box;dragapult-blaziken;1;0;0;1;1.0;mitUnentschieden
6a9cdf15ab080c8c957fb8af;2026-09-07;TEF-PBL;rockets-honchkrow;yanmega-ex;0;1;0;1;0.0;mitUnentschieden
6a9cdf15ab080c8c957fb8af;2026-09-07;TEF-PBL;yanmega-ex;rockets-honchkrow;1;0;0;1;1.0;mitUnentschieden
6a9cdf15ab080c8c957fb8af;2026-09-07;TEF-PBL;alakazam-dusknoir;starmie-froslass;0;1;0;1;0.0;mitUnentschieden
6a9cdf15ab080c8c957fb8af;2026-09-07;TEF-PBL;starmie-froslass;alakazam-dusknoir;1;0;0;1;1.0;mitUnentschieden
6a9cdf15ab080c8c957fb8af;2026-09-07;TEF-PBL;kangaskhan-bouffalant;basic-box-m;0;1;0;1;0.0;mitUnentschieden
6a9cdf15ab080c8c957fb8af;2026-09-07;TEF-PBL;basic-box-m;kangaskhan-bouffalant;1;0;0;1;1.0;mitUnentschieden
6a9cdf15ab080c8c957fb8af;2026-09-07;TEF-PBL;mega-excadrill-ex;slowking-scr;1;0;0;1;1.0;mitUnentschieden
6a9cdf15ab080c8c957fb8af;2026-09-07;TEF-PBL;slowking-scr;mega-excadrill-ex;0;1;0;1;0.0;mitUnentschieden
6a9cdf15ab080c8c957fb8af;2026-09-07;TEF-PBL;dragapult-dusknoir;alakazam-dudunsparce;1;1;0;2;0.5;mitUnentschieden
6a9cdf15ab080c8c957fb8af;2026-09-07;TEF-PBL;alakazam-dudunsparce;dragapult-dusknoir;1;1;0;2;0.5;mitUnentschieden
6a9cdf15ab080c8c957fb8af;2026-09-07;TEF-PBL;dragapult-blaziken;rockets-honchkrow;0;3;0;3;0.0;mitUnentschieden
6a9cdf15ab080c8c957fb8af;2026-09-07;TEF-PBL;rockets-honchkrow;dragapult-blaziken;3;0;0;3;1.0;mitUnentschieden
6a9cdf15ab080c8c957fb8af;2026-09-07;TEF-PBL;alakazam-dudunsparce;blaziken-zoroark;1;0;0;1;1.0;mitUnentschieden
6a9cdf15ab080c8c957fb8af;2026-09-07;TEF-PBL;blaziken-zoroark;alakazam-dudunsparce;0;1;0;1;0.0;mitUnentschieden
6a9cdf15ab080c8c957fb8af;2026-09-07;TEF-PBL;lucario-hariyama;hydreigon-ex;1;0;0;1;1.0;mitUnentschieden
6a9cdf15ab080c8c957fb8af;2026-09-07;TEF-PBL;hydreigon-ex;lucario-hariyama;0;1;0;1;0.0;mitUnentschieden
6a9cdf15ab080c8c957fb8af;2026-09-07;TEF-PBL;ursaluna-lunatone;sharpedo-toxtricity;0;1;0;1;0.0;mitUnentschieden
6a9cdf15ab080c8c957fb8af;2026-09-07;TEF-PBL;sharpedo-toxtricity;ursaluna-lunatone;0;1;0;1;0.0;mitUnentschieden
6a9cdf15ab080c8c957fb8af;2026-09-07;TEF-PBL;mega-darkrai-ex;greninja-ex;0;1;0;1;0.0;mitUnentschieden
6a9cdf15ab080c8c957fb8af;2026-09-07;TEF-PBL;greninja-ex;mega-darkrai-ex;0;1;0;1;0.0;mitUnentschieden
6a9cdf15ab080c8c957fb8af;2026-09-07;TEF-PBL;festival-lead;ethan-magcargo;0;1;0;1;0.0;mitUnentschieden
6a9cdf15ab080c8c957fb8af;2026-09-07;TEF-PBL;ethan-magcargo;festival-lead;0;1;0;1;0.0;mitUnentschieden
6a9cdf15ab080c8c957fb8af;2026-09-07;TEF-PBL;rocket-mewtwo-ex;okidogi-barbaracle;0;1;0;1;0.0;mitUnentschieden
6a9cdf15ab080c8c957fb8af;2026-09-07;TEF-PBL;okidogi-barbaracle;rocket-mewtwo-ex;0;1;0;1;0.0;mitUnentschieden
6a9cdf15ab080c8c957fb8af;2026-09-07;TEF-PBL;ogerpon-meganium-hydrapple;toucannon-pbl;0;1;0;1;0.0;mitUnentschieden
6a9cdf15ab080c8c957fb8af;2026-09-07;TEF-PBL;toucannon-pbl;ogerpon-meganium-hydrapple;1;0;0;1;1.0;mitUnentschieden
6a9cdf15ab080c8c957fb8af;2026-09-07;TEF-PBL;basic-box-m;crustle-dri;1;1;1;3;0.333333;mitUnentschieden
6a9cdf15ab080c8c957fb8af;2026-09-07;TEF-PBL;crustle-dri;basic-box-m;1;1;1;3;0.333333;mitUnentschieden
6a9cdf15ab080c8c957fb8af;2026-09-07;TEF-PBL;yanmega-ex;crustle-dri;1;1;0;2;0.5;mitUnentschieden
6a9cdf15ab080c8c957fb8af;2026-09-07;TEF-PBL;crustle-dri;yanmega-ex;1;1;0;2;0.5;mitUnentschieden
6a9cdf15ab080c8c957fb8af;2026-09-07;TEF-PBL;mega-excadrill-ex;alakazam-dusknoir;0;1;0;1;0.0;mitUnentschieden
6a9cdf15ab080c8c957fb8af;2026-09-07;TEF-PBL;alakazam-dusknoir;mega-excadrill-ex;1;0;0;1;1.0;mitUnentschieden
6a9cdf15ab080c8c957fb8af;2026-09-07;TEF-PBL;alakazam-dudunsparce;alakazam-dudunsparce;1;1;0;2;0.5;mitUnentschieden
6a9cdf15ab080c8c957fb8af;2026-09-07;TEF-PBL;manectric-eelektrik;dragapult-dusknoir;0;1;0;1;0.0;mitUnentschieden
6a9cdf15ab080c8c957fb8af;2026-09-07;TEF-PBL;dragapult-dusknoir;manectric-eelektrik;1;0;0;1;1.0;mitUnentschieden
6a9cdf15ab080c8c957fb8af;2026-09-07;TEF-PBL;grimmsnarl-froslass;lucario-hariyama;0;1;0;1;0.0;mitUnentschieden
6a9cdf15ab080c8c957fb8af;2026-09-07;TEF-PBL;lucario-hariyama;grimmsnarl-froslass;1;0;0;1;1.0;mitUnentschieden
6a9cdf15ab080c8c957fb8af;2026-09-07;TEF-PBL;sharpedo-toxtricity;n-zoroark;0;1;0;1;0.0;mitUnentschieden
6a9cdf15ab080c8c957fb8af;2026-09-07;TEF-PBL;n-zoroark;sharpedo-toxtricity;0;1;0;1;0.0;mitUnentschieden
6a9cdf15ab080c8c957fb8af;2026-09-07;TEF-PBL;dragapult-ex;ursaluna-lunatone;0;2;0;2;0.0;mitUnentschieden
6a9cdf15ab080c8c957fb8af;2026-09-07;TEF-PBL;ursaluna-lunatone;dragapult-ex;0;2;0;2;0.0;mitUnentschieden
6a9cdf15ab080c8c957fb8af;2026-09-07;TEF-PBL;greninja-ex;rocket-mewtwo-ex;0;1;0;1;0.0;mitUnentschieden
6a9cdf15ab080c8c957fb8af;2026-09-07;TEF-PBL;rocket-mewtwo-ex;greninja-ex;0;1;0;1;0.0;mitUnentschieden
6a9cdf15ab080c8c957fb8af;2026-09-07;TEF-PBL;okidogi-barbaracle;festival-lead;0;1;0;1;0.0;mitUnentschieden
6a9cdf15ab080c8c957fb8af;2026-09-07;TEF-PBL;festival-lead;okidogi-barbaracle;0;1;0;1;0.0;mitUnentschieden
6a9cdf15ab080c8c957fb8af;2026-09-07;TEF-PBL;toucannon-pbl;toxtricity-box;1;0;0;1;1.0;mitUnentschieden
6a9cdf15ab080c8c957fb8af;2026-09-07;TEF-PBL;toxtricity-box;toucannon-pbl;0;1;0;1;0.0;mitUnentschieden
6a9cdf15ab080c8c957fb8af;2026-09-07;TEF-PBL;dragapult-ex;ogerpon-meganium-hydrapple;2;0;0;2;1.0;mitUnentschieden
6a9cdf15ab080c8c957fb8af;2026-09-07;TEF-PBL;ogerpon-meganium-hydrapple;dragapult-ex;0;2;0;2;0.0;mitUnentschieden
6a9cdf15ab080c8c957fb8af;2026-09-07;TEF-PBL;dragapult-dusknoir;basic-box-m;0;1;0;1;0.0;mitUnentschieden
6a9cdf15ab080c8c957fb8af;2026-09-07;TEF-PBL;basic-box-m;dragapult-dusknoir;1;0;0;1;1.0;mitUnentschieden
6a9cdf15ab080c8c957fb8af;2026-09-07;TEF-PBL;starmie-froslass;ogerpon-meganium-hydrapple;0;1;0;1;0.0;mitUnentschieden
6a9cdf15ab080c8c957fb8af;2026-09-07;TEF-PBL;ogerpon-meganium-hydrapple;starmie-froslass;1;0;0;1;1.0;mitUnentschieden
6a9cdf15ab080c8c957fb8af;2026-09-07;TEF-PBL;dragapult-dudunsparce;crustle-dri;0;1;0;1;0.0;mitUnentschieden
6a9cdf15ab080c8c957fb8af;2026-09-07;TEF-PBL;crustle-dri;dragapult-dudunsparce;1;0;0;1;1.0;mitUnentschieden
6a9cdf15ab080c8c957fb8af;2026-09-07;TEF-PBL;rockets-honchkrow;lucario-hariyama;1;0;0;1;1.0;mitUnentschieden
6a9cdf15ab080c8c957fb8af;2026-09-07;TEF-PBL;lucario-hariyama;rockets-honchkrow;0;1;0;1;0.0;mitUnentschieden
6a9cdf15ab080c8c957fb8af;2026-09-07;TEF-PBL;yanmega-ex;basic-box-m;1;0;0;1;1.0;mitUnentschieden
6a9cdf15ab080c8c957fb8af;2026-09-07;TEF-PBL;basic-box-m;yanmega-ex;0;1;0;1;0.0;mitUnentschieden
6a9cdf15ab080c8c957fb8af;2026-09-07;TEF-PBL;toucannon-pbl;dragapult-dusknoir;1;1;0;2;0.5;mitUnentschieden
6a9cdf15ab080c8c957fb8af;2026-09-07;TEF-PBL;dragapult-dusknoir;toucannon-pbl;1;1;0;2;0.5;mitUnentschieden
6a9cdf15ab080c8c957fb8af;2026-09-07;TEF-PBL;kangaskhan-bouffalant;slowking-scr;0;1;0;1;0.0;mitUnentschieden
6a9cdf15ab080c8c957fb8af;2026-09-07;TEF-PBL;slowking-scr;kangaskhan-bouffalant;1;0;0;1;1.0;mitUnentschieden
6a9cdf15ab080c8c957fb8af;2026-09-07;TEF-PBL;n-zoroark;ogerpon-meganium-arboliva;0;1;0;1;0.0;mitUnentschieden
6a9cdf15ab080c8c957fb8af;2026-09-07;TEF-PBL;ogerpon-meganium-arboliva;n-zoroark;1;0;0;1;1.0;mitUnentschieden
6a9cdf15ab080c8c957fb8af;2026-09-07;TEF-PBL;sharpedo-toxtricity;mega-darkrai-ex;0;1;0;1;0.0;mitUnentschieden
6a9cdf15ab080c8c957fb8af;2026-09-07;TEF-PBL;mega-darkrai-ex;sharpedo-toxtricity;0;1;0;1;0.0;mitUnentschieden
6a9cdf15ab080c8c957fb8af;2026-09-07;TEF-PBL;festival-lead;slowking-scr;0;1;0;1;0.0;mitUnentschieden
6a9cdf15ab080c8c957fb8af;2026-09-07;TEF-PBL;slowking-scr;festival-lead;0;1;0;1;0.0;mitUnentschieden
6a9cdf15ab080c8c957fb8af;2026-09-07;TEF-PBL;toucannon-pbl;dragapult-ex;0;2;0;2;0.0;mitUnentschieden
6a9cdf15ab080c8c957fb8af;2026-09-07;TEF-PBL;dragapult-ex;toucannon-pbl;2;0;0;2;1.0;mitUnentschieden
6a9cdf15ab080c8c957fb8af;2026-09-07;TEF-PBL;ogerpon-meganium-hydrapple;toxtricity-box;0;1;0;1;0.0;mitUnentschieden
6a9cdf15ab080c8c957fb8af;2026-09-07;TEF-PBL;toxtricity-box;ogerpon-meganium-hydrapple;1;0;0;1;1.0;mitUnentschieden
6a9cdf15ab080c8c957fb8af;2026-09-07;TEF-PBL;alakazam-dudunsparce;dragapult-dudunsparce;1;0;0;1;1.0;mitUnentschieden
6a9cdf15ab080c8c957fb8af;2026-09-07;TEF-PBL;dragapult-dudunsparce;alakazam-dudunsparce;0;1;0;1;0.0;mitUnentschieden
6a9cdf15ab080c8c957fb8af;2026-09-07;TEF-PBL;toxtricity-box;starmie-froslass;0;1;0;1;0.0;mitUnentschieden
6a9cdf15ab080c8c957fb8af;2026-09-07;TEF-PBL;starmie-froslass;toxtricity-box;1;0;0;1;1.0;mitUnentschieden
6a9cdf15ab080c8c957fb8af;2026-09-07;TEF-PBL;ogerpon-meganium-hydrapple;mega-lucario-ex;0;1;0;1;0.0;mitUnentschieden
6a9cdf15ab080c8c957fb8af;2026-09-07;TEF-PBL;mega-lucario-ex;ogerpon-meganium-hydrapple;1;0;0;1;1.0;mitUnentschieden
6a9cdf15ab080c8c957fb8af;2026-09-07;TEF-PBL;dragapult-dusknoir;ogerpon-meganium-arboliva;1;0;0;1;1.0;mitUnentschieden
6a9cdf15ab080c8c957fb8af;2026-09-07;TEF-PBL;ogerpon-meganium-arboliva;dragapult-dusknoir;0;1;0;1;0.0;mitUnentschieden
6a9cdf15ab080c8c957fb8af;2026-09-07;TEF-PBL;basic-box-m;slowking-scr;0;1;0;1;0.0;mitUnentschieden
6a9cdf15ab080c8c957fb8af;2026-09-07;TEF-PBL;slowking-scr;basic-box-m;1;0;0;1;1.0;mitUnentschieden
6a9cdf15ab080c8c957fb8af;2026-09-07;TEF-PBL;dragapult-dusknoir;lucario-hariyama;0;1;0;1;0.0;mitUnentschieden
6a9cdf15ab080c8c957fb8af;2026-09-07;TEF-PBL;lucario-hariyama;dragapult-dusknoir;0;1;0;1;0.0;mitUnentschieden
6a9cdf15ab080c8c957fb8af;2026-09-07;TEF-PBL;kangaskhan-bouffalant;kangaskhan-bouffalant;1;1;0;2;0.5;mitUnentschieden
6a9cdf15ab080c8c957fb8af;2026-09-07;TEF-PBL;mega-darkrai-ex;rocket-mewtwo-ex;0;1;0;1;0.0;mitUnentschieden
6a9cdf15ab080c8c957fb8af;2026-09-07;TEF-PBL;rocket-mewtwo-ex;mega-darkrai-ex;0;1;0;1;0.0;mitUnentschieden
6a9cdf15ab080c8c957fb8af;2026-09-07;TEF-PBL;ursaluna-lunatone;n-zoroark;0;1;0;1;0.0;mitUnentschieden
6a9cdf15ab080c8c957fb8af;2026-09-07;TEF-PBL;n-zoroark;ursaluna-lunatone;0;1;0;1;0.0;mitUnentschieden
6a9cdf15ab080c8c957fb8af;2026-09-07;TEF-PBL;greninja-ex;sharpedo-toxtricity;0;1;0;1;0.0;mitUnentschieden
6a9cdf15ab080c8c957fb8af;2026-09-07;TEF-PBL;sharpedo-toxtricity;greninja-ex;0;1;0;1;0.0;mitUnentschieden
6a978d0fab080c8c957f79ac;2026-09-07;TEF-PBL;mega-darkrai-ex;lopunny-dudunsparce;1;1;0;2;0.5;mitUnentschieden
6a978d0fab080c8c957f79ac;2026-09-07;TEF-PBL;lopunny-dudunsparce;mega-darkrai-ex;1;1;0;2;0.5;mitUnentschieden
6a978d0fab080c8c957f79ac;2026-09-07;TEF-PBL;dragapult-ex;dhelmise-pbl;2;0;0;2;1.0;mitUnentschieden
6a978d0fab080c8c957f79ac;2026-09-07;TEF-PBL;dhelmise-pbl;dragapult-ex;0;2;0;2;0.0;mitUnentschieden
6a978d0fab080c8c957f79ac;2026-09-07;TEF-PBL;basic-box-m;greninja-ex;1;0;0;1;1.0;mitUnentschieden
6a978d0fab080c8c957f79ac;2026-09-07;TEF-PBL;greninja-ex;basic-box-m;0;1;0;1;0.0;mitUnentschieden
6a978d0fab080c8c957f79ac;2026-09-07;TEF-PBL;basic-box-m;slowking-scr;3;2;0;5;0.6;mitUnentschieden
6a978d0fab080c8c957f79ac;2026-09-07;TEF-PBL;slowking-scr;basic-box-m;0;5;0;5;0.0;mitUnentschieden
6a978d0fab080c8c957f79ac;2026-09-07;TEF-PBL;lucario-hariyama;ogerpon-meganium-arboliva;1;0;0;1;1.0;mitUnentschieden
6a978d0fab080c8c957f79ac;2026-09-07;TEF-PBL;ogerpon-meganium-arboliva;lucario-hariyama;0;1;0;1;0.0;mitUnentschieden
6a978d0fab080c8c957f79ac;2026-09-07;TEF-PBL;rocket-mewtwo-ex;ogerpon-meganium-hydrapple;1;0;0;1;1.0;mitUnentschieden
6a978d0fab080c8c957f79ac;2026-09-07;TEF-PBL;ogerpon-meganium-hydrapple;rocket-mewtwo-ex;0;1;0;1;0.0;mitUnentschieden
6a978d0fab080c8c957f79ac;2026-09-07;TEF-PBL;slowking-scr;dragapult-ex;2;5;0;7;0.285714;mitUnentschieden
6a978d0fab080c8c957f79ac;2026-09-07;TEF-PBL;dragapult-ex;slowking-scr;4;3;0;7;0.571429;mitUnentschieden
6a978d0fab080c8c957f79ac;2026-09-07;TEF-PBL;dragapult-ex;basic-box-m;1;3;0;4;0.25;mitUnentschieden
6a978d0fab080c8c957f79ac;2026-09-07;TEF-PBL;basic-box-m;dragapult-ex;3;1;0;4;0.75;mitUnentschieden
6a978d0fab080c8c957f79ac;2026-09-07;TEF-PBL;grimmsnarl-froslass;dragapult-ex;1;1;0;2;0.5;mitUnentschieden
6a978d0fab080c8c957f79ac;2026-09-07;TEF-PBL;dragapult-ex;grimmsnarl-froslass;1;1;0;2;0.5;mitUnentschieden
6a978d0fab080c8c957f79ac;2026-09-07;TEF-PBL;festival-lead;dragapult-ex;3;2;0;5;0.6;mitUnentschieden
6a978d0fab080c8c957f79ac;2026-09-07;TEF-PBL;dragapult-ex;festival-lead;2;3;0;5;0.4;mitUnentschieden
6a978d0fab080c8c957f79ac;2026-09-07;TEF-PBL;misty-gyarados;mega-excadrill-ex;1;1;0;2;0.5;mitUnentschieden
6a978d0fab080c8c957f79ac;2026-09-07;TEF-PBL;mega-excadrill-ex;misty-gyarados;1;1;0;2;0.5;mitUnentschieden
6a978d0fab080c8c957f79ac;2026-09-07;TEF-PBL;lucario-hariyama;dragapult-blaziken;1;1;0;2;0.5;mitUnentschieden
6a978d0fab080c8c957f79ac;2026-09-07;TEF-PBL;dragapult-blaziken;lucario-hariyama;1;1;0;2;0.5;mitUnentschieden
6a978d0fab080c8c957f79ac;2026-09-07;TEF-PBL;n-zoroark;basic-box-m;1;3;0;4;0.25;mitUnentschieden
6a978d0fab080c8c957f79ac;2026-09-07;TEF-PBL;basic-box-m;n-zoroark;3;1;0;4;0.75;mitUnentschieden
6a978d0fab080c8c957f79ac;2026-09-07;TEF-PBL;basic-box-m;lopunny-dudunsparce;0;1;0;1;0.0;mitUnentschieden
6a978d0fab080c8c957f79ac;2026-09-07;TEF-PBL;lopunny-dudunsparce;basic-box-m;1;0;0;1;1.0;mitUnentschieden
6a978d0fab080c8c957f79ac;2026-09-07;TEF-PBL;dhelmise-pbl;dragapult-dusknoir;3;1;0;4;0.75;mitUnentschieden
6a978d0fab080c8c957f79ac;2026-09-07;TEF-PBL;dragapult-dusknoir;dhelmise-pbl;1;3;0;4;0.25;mitUnentschieden
6a978d0fab080c8c957f79ac;2026-09-07;TEF-PBL;mega-excadrill-ex;dragapult-ex;5;9;0;14;0.357143;mitUnentschieden
6a978d0fab080c8c957f79ac;2026-09-07;TEF-PBL;dragapult-ex;mega-excadrill-ex;8;6;0;14;0.571429;mitUnentschieden
6a978d0fab080c8c957f79ac;2026-09-07;TEF-PBL;tyranitar-jtg;dragapult-ex;0;1;0;1;0.0;mitUnentschieden
6a978d0fab080c8c957f79ac;2026-09-07;TEF-PBL;dragapult-ex;tyranitar-jtg;1;0;0;1;1.0;mitUnentschieden
6a978d0fab080c8c957f79ac;2026-09-07;TEF-PBL;okidogi-barbaracle;lopunny-dudunsparce;0;1;0;1;0.0;mitUnentschieden
6a978d0fab080c8c957f79ac;2026-09-07;TEF-PBL;lopunny-dudunsparce;okidogi-barbaracle;1;0;0;1;1.0;mitUnentschieden
6a978d0fab080c8c957f79ac;2026-09-07;TEF-PBL;dragapult-dusknoir;raging-bolt-ogerpon;1;1;0;2;0.5;mitUnentschieden
6a978d0fab080c8c957f79ac;2026-09-07;TEF-PBL;raging-bolt-ogerpon;dragapult-dusknoir;0;2;0;2;0.0;mitUnentschieden
6a978d0fab080c8c957f79ac;2026-09-07;TEF-PBL;dragapult-dusknoir;rockets-honchkrow;1;2;0;3;0.333333;mitUnentschieden
6a978d0fab080c8c957f79ac;2026-09-07;TEF-PBL;rockets-honchkrow;dragapult-dusknoir;2;1;0;3;0.666667;mitUnentschieden
6a978d0fab080c8c957f79ac;2026-09-07;TEF-PBL;ogerpon-meganium;dragapult-blaziken;0;1;0;1;0.0;mitUnentschieden
6a978d0fab080c8c957f79ac;2026-09-07;TEF-PBL;dragapult-blaziken;ogerpon-meganium;1;0;0;1;1.0;mitUnentschieden
6a978d0fab080c8c957f79ac;2026-09-07;TEF-PBL;dragapult-dusknoir;alakazam-dudunsparce;3;2;0;5;0.6;mitUnentschieden
6a978d0fab080c8c957f79ac;2026-09-07;TEF-PBL;alakazam-dudunsparce;dragapult-dusknoir;1;4;0;5;0.2;mitUnentschieden
6a978d0fab080c8c957f79ac;2026-09-07;TEF-PBL;alakazam-dusknoir;alakazam-dudunsparce;1;0;0;1;1.0;mitUnentschieden
6a978d0fab080c8c957f79ac;2026-09-07;TEF-PBL;alakazam-dudunsparce;alakazam-dusknoir;0;1;0;1;0.0;mitUnentschieden
6a978d0fab080c8c957f79ac;2026-09-07;TEF-PBL;greninja-ex;mega-lucario-ex;0;2;0;2;0.0;mitUnentschieden
6a978d0fab080c8c957f79ac;2026-09-07;TEF-PBL;mega-lucario-ex;greninja-ex;2;0;0;2;1.0;mitUnentschieden
6a978d0fab080c8c957f79ac;2026-09-07;TEF-PBL;raging-bolt-ogerpon;lucario-hariyama;0;1;0;1;0.0;mitUnentschieden
6a978d0fab080c8c957f79ac;2026-09-07;TEF-PBL;lucario-hariyama;raging-bolt-ogerpon;1;0;0;1;1.0;mitUnentschieden
6a978d0fab080c8c957f79ac;2026-09-07;TEF-PBL;dragapult-ex;wailord-ex;0;2;0;2;0.0;mitUnentschieden
6a978d0fab080c8c957f79ac;2026-09-07;TEF-PBL;wailord-ex;dragapult-ex;2;0;0;2;1.0;mitUnentschieden
6a978d0fab080c8c957f79ac;2026-09-07;TEF-PBL;beedrill-ex-cri;basic-box-m;2;0;0;2;1.0;mitUnentschieden
6a978d0fab080c8c957f79ac;2026-09-07;TEF-PBL;basic-box-m;beedrill-ex-cri;0;2;0;2;0.0;mitUnentschieden
6a978d0fab080c8c957f79ac;2026-09-07;TEF-PBL;rockets-honchkrow;mega-lucario-ex;0;1;0;1;0.0;mitUnentschieden
6a978d0fab080c8c957f79ac;2026-09-07;TEF-PBL;mega-lucario-ex;rockets-honchkrow;1;0;0;1;1.0;mitUnentschieden
6a978d0fab080c8c957f79ac;2026-09-07;TEF-PBL;hydreigon-ex;crustle-dri;0;1;0;1;0.0;mitUnentschieden
6a978d0fab080c8c957f79ac;2026-09-07;TEF-PBL;crustle-dri;hydreigon-ex;1;0;0;1;1.0;mitUnentschieden
6a978d0fab080c8c957f79ac;2026-09-07;TEF-PBL;dragapult-dusknoir;slowking-scr;0;3;0;3;0.0;mitUnentschieden
6a978d0fab080c8c957f79ac;2026-09-07;TEF-PBL;slowking-scr;dragapult-dusknoir;1;2;0;3;0.333333;mitUnentschieden
6a978d0fab080c8c957f79ac;2026-09-07;TEF-PBL;n-zoroark;alakazam-dudunsparce;5;0;0;5;1.0;mitUnentschieden
6a978d0fab080c8c957f79ac;2026-09-07;TEF-PBL;alakazam-dudunsparce;n-zoroark;0;5;0;5;0.0;mitUnentschieden
6a978d0fab080c8c957f79ac;2026-09-07;TEF-PBL;lucario-hariyama;rockets-honchkrow;0;1;0;1;0.0;mitUnentschieden
6a978d0fab080c8c957f79ac;2026-09-07;TEF-PBL;rockets-honchkrow;lucario-hariyama;1;0;0;1;1.0;mitUnentschieden
6a978d0fab080c8c957f79ac;2026-09-07;TEF-PBL;toucannon-pbl;alakazam-dudunsparce;2;0;0;2;1.0;mitUnentschieden
6a978d0fab080c8c957f79ac;2026-09-07;TEF-PBL;alakazam-dudunsparce;toucannon-pbl;0;2;0;2;0.0;mitUnentschieden
6a978d0fab080c8c957f79ac;2026-09-07;TEF-PBL;dragapult-blaziken;alakazam-dudunsparce;5;1;1;7;0.714286;mitUnentschieden
6a978d0fab080c8c957f79ac;2026-09-07;TEF-PBL;alakazam-dudunsparce;dragapult-blaziken;1;5;1;7;0.142857;mitUnentschieden
6a978d0fab080c8c957f79ac;2026-09-07;TEF-PBL;mega-excadrill-ex;n-zoroark;2;1;0;3;0.666667;mitUnentschieden
6a978d0fab080c8c957f79ac;2026-09-07;TEF-PBL;n-zoroark;mega-excadrill-ex;1;2;0;3;0.333333;mitUnentschieden
6a978d0fab080c8c957f79ac;2026-09-07;TEF-PBL;alakazam-dudunsparce;alakazam-dudunsparce;3;7;0;10;0.3;mitUnentschieden
6a978d0fab080c8c957f79ac;2026-09-07;TEF-PBL;mega-excadrill-ex;dragapult-dusknoir;4;1;0;5;0.8;mitUnentschieden
6a978d0fab080c8c957f79ac;2026-09-07;TEF-PBL;dragapult-dusknoir;mega-excadrill-ex;1;4;0;5;0.2;mitUnentschieden
6a978d0fab080c8c957f79ac;2026-09-07;TEF-PBL;alakazam-dudunsparce;dragapult-ex;1;6;0;7;0.142857;mitUnentschieden
6a978d0fab080c8c957f79ac;2026-09-07;TEF-PBL;dragapult-ex;alakazam-dudunsparce;6;1;0;7;0.857143;mitUnentschieden
6a978d0fab080c8c957f79ac;2026-09-07;TEF-PBL;mega-greninja-ex;blaziken-zoroark;1;0;0;1;1.0;mitUnentschieden
6a978d0fab080c8c957f79ac;2026-09-07;TEF-PBL;blaziken-zoroark;mega-greninja-ex;0;1;0;1;0.0;mitUnentschieden
6a978d0fab080c8c957f79ac;2026-09-07;TEF-PBL;basic-box-m;dragapult-blaziken;2;4;0;6;0.333333;mitUnentschieden
6a978d0fab080c8c957f79ac;2026-09-07;TEF-PBL;dragapult-blaziken;basic-box-m;4;2;0;6;0.666667;mitUnentschieden
6a978d0fab080c8c957f79ac;2026-09-07;TEF-PBL;starmie-froslass;ceruledge-ex;0;1;0;1;0.0;mitUnentschieden
6a978d0fab080c8c957f79ac;2026-09-07;TEF-PBL;ceruledge-ex;starmie-froslass;1;0;0;1;1.0;mitUnentschieden
6a978d0fab080c8c957f79ac;2026-09-07;TEF-PBL;mega-greninja-ex;greninja-ex;1;0;0;1;1.0;mitUnentschieden
6a978d0fab080c8c957f79ac;2026-09-07;TEF-PBL;greninja-ex;mega-greninja-ex;0;1;0;1;0.0;mitUnentschieden
6a978d0fab080c8c957f79ac;2026-09-07;TEF-PBL;dragapult-dusknoir;mega-venusaur-ex;1;1;0;2;0.5;mitUnentschieden
6a978d0fab080c8c957f79ac;2026-09-07;TEF-PBL;mega-venusaur-ex;dragapult-dusknoir;1;1;0;2;0.5;mitUnentschieden
6a978d0fab080c8c957f79ac;2026-09-07;TEF-PBL;lopunny-dudunsparce;dragapult-ex;1;2;0;3;0.333333;mitUnentschieden
6a978d0fab080c8c957f79ac;2026-09-07;TEF-PBL;dragapult-ex;lopunny-dudunsparce;2;1;0;3;0.666667;mitUnentschieden
6a978d0fab080c8c957f79ac;2026-09-07;TEF-PBL;crustle-dri;diancie-dusknoir;1;0;0;1;1.0;mitUnentschieden
6a978d0fab080c8c957f79ac;2026-09-07;TEF-PBL;diancie-dusknoir;crustle-dri;0;1;0;1;0.0;mitUnentschieden
6a978d0fab080c8c957f79ac;2026-09-07;TEF-PBL;dragapult-ex;n-zoroark;3;4;0;7;0.428571;mitUnentschieden
6a978d0fab080c8c957f79ac;2026-09-07;TEF-PBL;n-zoroark;dragapult-ex;4;3;0;7;0.571429;mitUnentschieden
6a978d0fab080c8c957f79ac;2026-09-07;TEF-PBL;dhelmise-pbl;dhelmise-pbl;1;1;0;2;0.5;mitUnentschieden
6a978d0fab080c8c957f79ac;2026-09-07;TEF-PBL;crustle-dri;lucario-hariyama;1;2;0;3;0.333333;mitUnentschieden
6a978d0fab080c8c957f79ac;2026-09-07;TEF-PBL;lucario-hariyama;crustle-dri;2;1;0;3;0.666667;mitUnentschieden
6a978d0fab080c8c957f79ac;2026-09-07;TEF-PBL;grimmsnarl-froslass;alakazam-dudunsparce;2;1;0;3;0.666667;mitUnentschieden
6a978d0fab080c8c957f79ac;2026-09-07;TEF-PBL;alakazam-dudunsparce;grimmsnarl-froslass;1;2;0;3;0.333333;mitUnentschieden
6a978d0fab080c8c957f79ac;2026-09-07;TEF-PBL;dragapult-ex;mega-darkrai-ex;1;0;0;1;1.0;mitUnentschieden
6a978d0fab080c8c957f79ac;2026-09-07;TEF-PBL;mega-darkrai-ex;dragapult-ex;0;1;0;1;0.0;mitUnentschieden
6a978d0fab080c8c957f79ac;2026-09-07;TEF-PBL;alakazam-dudunsparce;jellicent-dusknoir;2;0;0;2;1.0;mitUnentschieden
6a978d0fab080c8c957f79ac;2026-09-07;TEF-PBL;jellicent-dusknoir;alakazam-dudunsparce;0;2;0;2;0.0;mitUnentschieden
6a978d0fab080c8c957f79ac;2026-09-07;TEF-PBL;beedrill-ex-cri;dragapult-ex;2;1;0;3;0.666667;mitUnentschieden
6a978d0fab080c8c957f79ac;2026-09-07;TEF-PBL;dragapult-ex;beedrill-ex-cri;1;2;0;3;0.333333;mitUnentschieden
6a978d0fab080c8c957f79ac;2026-09-07;TEF-PBL;slowking-scr;lopunny-dusknoir;0;1;0;1;0.0;mitUnentschieden
6a978d0fab080c8c957f79ac;2026-09-07;TEF-PBL;lopunny-dusknoir;slowking-scr;1;0;0;1;1.0;mitUnentschieden
6a978d0fab080c8c957f79ac;2026-09-07;TEF-PBL;dragapult-ex;crustle-dri;0;4;0;4;0.0;mitUnentschieden
6a978d0fab080c8c957f79ac;2026-09-07;TEF-PBL;crustle-dri;dragapult-ex;4;0;0;4;1.0;mitUnentschieden
6a978d0fab080c8c957f79ac;2026-09-07;TEF-PBL;dhelmise-pbl;n-zoroark;1;5;0;6;0.166667;mitUnentschieden
6a978d0fab080c8c957f79ac;2026-09-07;TEF-PBL;n-zoroark;dhelmise-pbl;5;1;0;6;0.833333;mitUnentschieden
6a978d0fab080c8c957f79ac;2026-09-07;TEF-PBL;slowking-scr;crustle-dri;3;1;0;4;0.75;mitUnentschieden
6a978d0fab080c8c957f79ac;2026-09-07;TEF-PBL;crustle-dri;slowking-scr;1;3;0;4;0.25;mitUnentschieden
6a978d0fab080c8c957f79ac;2026-09-07;TEF-PBL;dragapult-dusknoir;n-zoroark;1;1;0;2;0.5;mitUnentschieden
6a978d0fab080c8c957f79ac;2026-09-07;TEF-PBL;n-zoroark;dragapult-dusknoir;1;1;0;2;0.5;mitUnentschieden
6a978d0fab080c8c957f79ac;2026-09-07;TEF-PBL;starmie-froslass;mega-excadrill-ex;1;0;0;1;1.0;mitUnentschieden
6a978d0fab080c8c957f79ac;2026-09-07;TEF-PBL;mega-excadrill-ex;starmie-froslass;0;1;0;1;0.0;mitUnentschieden
6a978d0fab080c8c957f79ac;2026-09-07;TEF-PBL;greninja-ex;dragapult-ex;1;3;0;4;0.25;mitUnentschieden
6a978d0fab080c8c957f79ac;2026-09-07;TEF-PBL;dragapult-ex;greninja-ex;3;1;0;4;0.75;mitUnentschieden
6a978d0fab080c8c957f79ac;2026-09-07;TEF-PBL;mega-darkrai-ex;alakazam-dusknoir;0;1;0;1;0.0;mitUnentschieden
6a978d0fab080c8c957f79ac;2026-09-07;TEF-PBL;alakazam-dusknoir;mega-darkrai-ex;1;0;0;1;1.0;mitUnentschieden
6a978d0fab080c8c957f79ac;2026-09-07;TEF-PBL;hydrapple-ex;dhelmise-pbl;0;1;0;1;0.0;mitUnentschieden
6a978d0fab080c8c957f79ac;2026-09-07;TEF-PBL;dhelmise-pbl;hydrapple-ex;1;0;0;1;1.0;mitUnentschieden
6a978d0fab080c8c957f79ac;2026-09-07;TEF-PBL;diancie-dusknoir;alakazam-dusknoir;1;0;0;1;1.0;mitUnentschieden
6a978d0fab080c8c957f79ac;2026-09-07;TEF-PBL;alakazam-dusknoir;diancie-dusknoir;0;1;0;1;0.0;mitUnentschieden
6a978d0fab080c8c957f79ac;2026-09-07;TEF-PBL;sharpedo-toxtricity;n-zoroark;2;0;0;2;1.0;mitUnentschieden
6a978d0fab080c8c957f79ac;2026-09-07;TEF-PBL;n-zoroark;sharpedo-toxtricity;0;2;0;2;0.0;mitUnentschieden
6a978d0fab080c8c957f79ac;2026-09-07;TEF-PBL;mega-lopunny-ex;dragapult-dusknoir;0;1;0;1;0.0;mitUnentschieden
6a978d0fab080c8c957f79ac;2026-09-07;TEF-PBL;dragapult-dusknoir;mega-lopunny-ex;1;0;0;1;1.0;mitUnentschieden
6a978d0fab080c8c957f79ac;2026-09-07;TEF-PBL;dragapult-dusknoir;dragapult-dusknoir;3;3;0;6;0.5;mitUnentschieden
6a978d0fab080c8c957f79ac;2026-09-07;TEF-PBL;slowking-scr;n-zoroark;2;3;0;5;0.4;mitUnentschieden
6a978d0fab080c8c957f79ac;2026-09-07;TEF-PBL;n-zoroark;slowking-scr;3;2;0;5;0.6;mitUnentschieden
6a978d0fab080c8c957f79ac;2026-09-07;TEF-PBL;lucario-hariyama;seaking-pre;0;1;0;1;0.0;mitUnentschieden
6a978d0fab080c8c957f79ac;2026-09-07;TEF-PBL;seaking-pre;lucario-hariyama;1;0;0;1;1.0;mitUnentschieden
6a978d0fab080c8c957f79ac;2026-09-07;TEF-PBL;cinccino-ex;alakazam-dudunsparce;1;0;0;1;1.0;mitUnentschieden
6a978d0fab080c8c957f79ac;2026-09-07;TEF-PBL;alakazam-dudunsparce;cinccino-ex;0;1;0;1;0.0;mitUnentschieden
6a978d0fab080c8c957f79ac;2026-09-07;TEF-PBL;toucannon-pbl;kangaskhan-bouffalant;0;1;0;1;0.0;mitUnentschieden
6a978d0fab080c8c957f79ac;2026-09-07;TEF-PBL;kangaskhan-bouffalant;toucannon-pbl;1;0;0;1;1.0;mitUnentschieden
6a978d0fab080c8c957f79ac;2026-09-07;TEF-PBL;dragapult-dusknoir;dragapult-ex;5;8;0;13;0.384615;mitUnentschieden
6a978d0fab080c8c957f79ac;2026-09-07;TEF-PBL;dragapult-ex;dragapult-dusknoir;7;6;0;13;0.538462;mitUnentschieden
6a978d0fab080c8c957f79ac;2026-09-07;TEF-PBL;ogerpon-meganium;mega-excadrill-ex;0;1;0;1;0.0;mitUnentschieden
6a978d0fab080c8c957f79ac;2026-09-07;TEF-PBL;mega-excadrill-ex;ogerpon-meganium;1;0;0;1;1.0;mitUnentschieden
6a978d0fab080c8c957f79ac;2026-09-07;TEF-PBL;dragapult-ex;cynthia-garchomp-ex;2;1;0;3;0.666667;mitUnentschieden
6a978d0fab080c8c957f79ac;2026-09-07;TEF-PBL;cynthia-garchomp-ex;dragapult-ex;1;2;0;3;0.333333;mitUnentschieden
6a978d0fab080c8c957f79ac;2026-09-07;TEF-PBL;stevens-metagross;festival-lead;1;0;0;1;1.0;mitUnentschieden
6a978d0fab080c8c957f79ac;2026-09-07;TEF-PBL;festival-lead;stevens-metagross;0;1;0;1;0.0;mitUnentschieden
6a978d0fab080c8c957f79ac;2026-09-07;TEF-PBL;dragapult-ex;hops-trevenant;1;0;0;1;1.0;mitUnentschieden
6a978d0fab080c8c957f79ac;2026-09-07;TEF-PBL;hops-trevenant;dragapult-ex;0;1;0;1;0.0;mitUnentschieden
6a978d0fab080c8c957f79ac;2026-09-07;TEF-PBL;rockets-honchkrow;mega-excadrill-ex;1;0;0;1;1.0;mitUnentschieden
6a978d0fab080c8c957f79ac;2026-09-07;TEF-PBL;mega-excadrill-ex;rockets-honchkrow;0;1;0;1;0.0;mitUnentschieden
6a978d0fab080c8c957f79ac;2026-09-07;TEF-PBL;alakazam-dudunsparce;archaludon-dudunsparce;1;0;0;1;1.0;mitUnentschieden
6a978d0fab080c8c957f79ac;2026-09-07;TEF-PBL;archaludon-dudunsparce;alakazam-dudunsparce;0;1;0;1;0.0;mitUnentschieden
6a978d0fab080c8c957f79ac;2026-09-07;TEF-PBL;lopunny-dusknoir;n-zoroark;0;1;0;1;0.0;mitUnentschieden
6a978d0fab080c8c957f79ac;2026-09-07;TEF-PBL;n-zoroark;lopunny-dusknoir;1;0;0;1;1.0;mitUnentschieden
6a978d0fab080c8c957f79ac;2026-09-07;TEF-PBL;dragapult-blaziken;mega-lucario-ex;1;0;0;1;1.0;mitUnentschieden
6a978d0fab080c8c957f79ac;2026-09-07;TEF-PBL;mega-lucario-ex;dragapult-blaziken;0;1;0;1;0.0;mitUnentschieden
6a978d0fab080c8c957f79ac;2026-09-07;TEF-PBL;basic-box-m;yanmega-ex;1;0;0;1;1.0;mitUnentschieden
6a978d0fab080c8c957f79ac;2026-09-07;TEF-PBL;yanmega-ex;basic-box-m;0;1;0;1;0.0;mitUnentschieden
6a978d0fab080c8c957f79ac;2026-09-07;TEF-PBL;alakazam-dudunsparce;slowking-scr;3;4;0;7;0.428571;mitUnentschieden
6a978d0fab080c8c957f79ac;2026-09-07;TEF-PBL;slowking-scr;alakazam-dudunsparce;1;6;0;7;0.142857;mitUnentschieden
6a978d0fab080c8c957f79ac;2026-09-07;TEF-PBL;crustle-dri;mega-chandelure-ex;0;1;0;1;0.0;mitUnentschieden
6a978d0fab080c8c957f79ac;2026-09-07;TEF-PBL;mega-chandelure-ex;crustle-dri;1;0;0;1;1.0;mitUnentschieden
6a978d0fab080c8c957f79ac;2026-09-07;TEF-PBL;hydreigon-ex;cynthia-garchomp-ex;0;1;0;1;0.0;mitUnentschieden
6a978d0fab080c8c957f79ac;2026-09-07;TEF-PBL;cynthia-garchomp-ex;hydreigon-ex;1;0;0;1;1.0;mitUnentschieden
6a978d0fab080c8c957f79ac;2026-09-07;TEF-PBL;seaking-pre;alakazam-dudunsparce;1;1;0;2;0.5;mitUnentschieden
6a978d0fab080c8c957f79ac;2026-09-07;TEF-PBL;alakazam-dudunsparce;seaking-pre;1;1;0;2;0.5;mitUnentschieden
6a978d0fab080c8c957f79ac;2026-09-07;TEF-PBL;ethan-typhlosion;ceruledge-ex;0;1;0;1;0.0;mitUnentschieden
6a978d0fab080c8c957f79ac;2026-09-07;TEF-PBL;ceruledge-ex;ethan-typhlosion;1;0;0;1;1.0;mitUnentschieden
6a978d0fab080c8c957f79ac;2026-09-07;TEF-PBL;ogerpon-meganium-hydrapple;dragapult-dusknoir;0;2;0;2;0.0;mitUnentschieden
6a978d0fab080c8c957f79ac;2026-09-07;TEF-PBL;dragapult-dusknoir;ogerpon-meganium-hydrapple;2;0;0;2;1.0;mitUnentschieden
6a978d0fab080c8c957f79ac;2026-09-07;TEF-PBL;cinccino-ex;slowking-scr;0;2;0;2;0.0;mitUnentschieden
6a978d0fab080c8c957f79ac;2026-09-07;TEF-PBL;slowking-scr;cinccino-ex;1;1;0;2;0.5;mitUnentschieden
6a978d0fab080c8c957f79ac;2026-09-07;TEF-PBL;mega-lucario-ex;mega-excadrill-ex;2;1;0;3;0.666667;mitUnentschieden
6a978d0fab080c8c957f79ac;2026-09-07;TEF-PBL;mega-excadrill-ex;mega-lucario-ex;1;2;0;3;0.333333;mitUnentschieden
6a978d0fab080c8c957f79ac;2026-09-07;TEF-PBL;basic-box-m;dhelmise-pbl;1;1;0;2;0.5;mitUnentschieden
6a978d0fab080c8c957f79ac;2026-09-07;TEF-PBL;dhelmise-pbl;basic-box-m;1;1;0;2;0.5;mitUnentschieden
6a978d0fab080c8c957f79ac;2026-09-07;TEF-PBL;rocket-mewtwo-ex;mega-excadrill-ex;0;1;0;1;0.0;mitUnentschieden
6a978d0fab080c8c957f79ac;2026-09-07;TEF-PBL;mega-excadrill-ex;rocket-mewtwo-ex;1;0;0;1;1.0;mitUnentschieden
6a978d0fab080c8c957f79ac;2026-09-07;TEF-PBL;crustle-dri;lopunny-dusknoir;0;1;0;1;0.0;mitUnentschieden
6a978d0fab080c8c957f79ac;2026-09-07;TEF-PBL;lopunny-dusknoir;crustle-dri;1;0;0;1;1.0;mitUnentschieden
6a978d0fab080c8c957f79ac;2026-09-07;TEF-PBL;seaking-pre;dragapult-ex;1;0;0;1;1.0;mitUnentschieden
6a978d0fab080c8c957f79ac;2026-09-07;TEF-PBL;dragapult-ex;seaking-pre;0;1;0;1;0.0;mitUnentschieden
6a978d0fab080c8c957f79ac;2026-09-07;TEF-PBL;festival-lead;dragapult-dusknoir;1;3;0;4;0.25;mitUnentschieden
6a978d0fab080c8c957f79ac;2026-09-07;TEF-PBL;dragapult-dusknoir;festival-lead;1;3;0;4;0.25;mitUnentschieden
6a978d0fab080c8c957f79ac;2026-09-07;TEF-PBL;slowking-scr;rockets-honchkrow;1;1;0;2;0.5;mitUnentschieden
6a978d0fab080c8c957f79ac;2026-09-07;TEF-PBL;rockets-honchkrow;slowking-scr;1;1;0;2;0.5;mitUnentschieden
6a978d0fab080c8c957f79ac;2026-09-07;TEF-PBL;dragapult-blaziken;dragapult-ex;2;4;0;6;0.333333;mitUnentschieden
6a978d0fab080c8c957f79ac;2026-09-07;TEF-PBL;dragapult-ex;dragapult-blaziken;4;2;0;6;0.666667;mitUnentschieden
6a978d0fab080c8c957f79ac;2026-09-07;TEF-PBL;lopunny-dudunsparce;dragapult-blaziken;1;1;0;2;0.5;mitUnentschieden
6a978d0fab080c8c957f79ac;2026-09-07;TEF-PBL;dragapult-blaziken;lopunny-dudunsparce;1;1;0;2;0.5;mitUnentschieden
6a978d0fab080c8c957f79ac;2026-09-07;TEF-PBL;grimmsnarl-froslass;dragapult-dusknoir;1;1;0;2;0.5;mitUnentschieden
6a978d0fab080c8c957f79ac;2026-09-07;TEF-PBL;dragapult-dusknoir;grimmsnarl-froslass;1;1;0;2;0.5;mitUnentschieden
6a978d0fab080c8c957f79ac;2026-09-07;TEF-PBL;dhelmise-pbl;mega-chandelure-ex;1;1;0;2;0.5;mitUnentschieden
6a978d0fab080c8c957f79ac;2026-09-07;TEF-PBL;mega-chandelure-ex;dhelmise-pbl;1;1;0;2;0.5;mitUnentschieden
6a978d0fab080c8c957f79ac;2026-09-07;TEF-PBL;starmie-froslass;n-zoroark;1;2;0;3;0.333333;mitUnentschieden
6a978d0fab080c8c957f79ac;2026-09-07;TEF-PBL;n-zoroark;starmie-froslass;2;1;0;3;0.666667;mitUnentschieden
6a978d0fab080c8c957f79ac;2026-09-07;TEF-PBL;basic-box-m;alakazam-dudunsparce;1;5;0;6;0.166667;mitUnentschieden
6a978d0fab080c8c957f79ac;2026-09-07;TEF-PBL;alakazam-dudunsparce;basic-box-m;3;3;0;6;0.5;mitUnentschieden
6a978d0fab080c8c957f79ac;2026-09-07;TEF-PBL;lucario-hariyama;dragapult-ex;3;3;0;6;0.5;mitUnentschieden
6a978d0fab080c8c957f79ac;2026-09-07;TEF-PBL;dragapult-ex;lucario-hariyama;3;3;0;6;0.5;mitUnentschieden
6a978d0fab080c8c957f79ac;2026-09-07;TEF-PBL;mega-venusaur-ex;alakazam-dudunsparce;0;1;0;1;0.0;mitUnentschieden
6a978d0fab080c8c957f79ac;2026-09-07;TEF-PBL;alakazam-dudunsparce;mega-venusaur-ex;1;0;0;1;1.0;mitUnentschieden
6a978d0fab080c8c957f79ac;2026-09-07;TEF-PBL;mega-excadrill-ex;basic-box-m;1;2;0;3;0.333333;mitUnentschieden
6a978d0fab080c8c957f79ac;2026-09-07;TEF-PBL;basic-box-m;mega-excadrill-ex;1;2;0;3;0.333333;mitUnentschieden
6a978d0fab080c8c957f79ac;2026-09-07;TEF-PBL;seaking-pre;diancie-dusknoir;1;0;0;1;1.0;mitUnentschieden
6a978d0fab080c8c957f79ac;2026-09-07;TEF-PBL;diancie-dusknoir;seaking-pre;0;1;0;1;0.0;mitUnentschieden
6a978d0fab080c8c957f79ac;2026-09-07;TEF-PBL;cinccino-ex;dragapult-blaziken;0;1;0;1;0.0;mitUnentschieden
6a978d0fab080c8c957f79ac;2026-09-07;TEF-PBL;dragapult-blaziken;cinccino-ex;1;0;0;1;1.0;mitUnentschieden
6a978d0fab080c8c957f79ac;2026-09-07;TEF-PBL;dragapult-blaziken;mega-excadrill-ex;1;2;0;3;0.333333;mitUnentschieden
6a978d0fab080c8c957f79ac;2026-09-07;TEF-PBL;mega-excadrill-ex;dragapult-blaziken;2;1;0;3;0.666667;mitUnentschieden
6a978d0fab080c8c957f79ac;2026-09-07;TEF-PBL;basic-box-m;ceruledge-ex;0;1;0;1;0.0;mitUnentschieden
6a978d0fab080c8c957f79ac;2026-09-07;TEF-PBL;ceruledge-ex;basic-box-m;1;0;0;1;1.0;mitUnentschieden
6a978d0fab080c8c957f79ac;2026-09-07;TEF-PBL;lucario-hariyama;alakazam-dusknoir;0;2;0;2;0.0;mitUnentschieden
6a978d0fab080c8c957f79ac;2026-09-07;TEF-PBL;alakazam-dusknoir;lucario-hariyama;2;0;0;2;1.0;mitUnentschieden
6a978d0fab080c8c957f79ac;2026-09-07;TEF-PBL;slowking-scr;lopunny-dudunsparce;0;1;1;2;0.0;mitUnentschieden
6a978d0fab080c8c957f79ac;2026-09-07;TEF-PBL;lopunny-dudunsparce;slowking-scr;1;0;1;2;0.5;mitUnentschieden
6a978d0fab080c8c957f79ac;2026-09-07;TEF-PBL;dragapult-ex;rocket-mewtwo-ex;1;1;0;2;0.5;mitUnentschieden
6a978d0fab080c8c957f79ac;2026-09-07;TEF-PBL;rocket-mewtwo-ex;dragapult-ex;1;1;0;2;0.5;mitUnentschieden
6a978d0fab080c8c957f79ac;2026-09-07;TEF-PBL;crustle-dri;basic-box-m;3;0;0;3;1.0;mitUnentschieden
6a978d0fab080c8c957f79ac;2026-09-07;TEF-PBL;basic-box-m;crustle-dri;0;3;0;3;0.0;mitUnentschieden
6a978d0fab080c8c957f79ac;2026-09-07;TEF-PBL;mega-greninja-ex;dragapult-ex;0;1;0;1;0.0;mitUnentschieden
6a978d0fab080c8c957f79ac;2026-09-07;TEF-PBL;dragapult-ex;mega-greninja-ex;1;0;0;1;1.0;mitUnentschieden
6a978d0fab080c8c957f79ac;2026-09-07;TEF-PBL;festival-lead;mega-darkrai-ex;0;1;0;1;0.0;mitUnentschieden
6a978d0fab080c8c957f79ac;2026-09-07;TEF-PBL;mega-darkrai-ex;festival-lead;1;0;0;1;1.0;mitUnentschieden
6a978d0fab080c8c957f79ac;2026-09-07;TEF-PBL;lucario-hariyama;alakazam-dudunsparce;2;0;0;2;1.0;mitUnentschieden
6a978d0fab080c8c957f79ac;2026-09-07;TEF-PBL;alakazam-dudunsparce;lucario-hariyama;0;2;0;2;0.0;mitUnentschieden
6a978d0fab080c8c957f79ac;2026-09-07;TEF-PBL;rockets-honchkrow;crustle-dri;3;0;0;3;1.0;mitUnentschieden
6a978d0fab080c8c957f79ac;2026-09-07;TEF-PBL;crustle-dri;rockets-honchkrow;0;3;0;3;0.0;mitUnentschieden
6a978d0fab080c8c957f79ac;2026-09-07;TEF-PBL;dragapult-ex;mega-lucario-ex;1;3;0;4;0.25;mitUnentschieden
6a978d0fab080c8c957f79ac;2026-09-07;TEF-PBL;mega-lucario-ex;dragapult-ex;3;1;0;4;0.75;mitUnentschieden
6a978d0fab080c8c957f79ac;2026-09-07;TEF-PBL;dragapult-ex;dragapult-ex;13;13;0;26;0.5;mitUnentschieden
6a978d0fab080c8c957f79ac;2026-09-07;TEF-PBL;ceruledge-ex;crustle-dri;0;3;0;3;0.0;mitUnentschieden
6a978d0fab080c8c957f79ac;2026-09-07;TEF-PBL;crustle-dri;ceruledge-ex;3;0;0;3;1.0;mitUnentschieden
6a978d0fab080c8c957f79ac;2026-09-07;TEF-PBL;toucannon-pbl;dhelmise-pbl;1;0;0;1;1.0;mitUnentschieden
6a978d0fab080c8c957f79ac;2026-09-07;TEF-PBL;dhelmise-pbl;toucannon-pbl;0;1;0;1;0.0;mitUnentschieden
6a978d0fab080c8c957f79ac;2026-09-07;TEF-PBL;wailord-ex;dragapult-dusknoir;0;2;0;2;0.0;mitUnentschieden
6a978d0fab080c8c957f79ac;2026-09-07;TEF-PBL;dragapult-dusknoir;wailord-ex;2;0;0;2;1.0;mitUnentschieden
6a978d0fab080c8c957f79ac;2026-09-07;TEF-PBL;basic-box-m;dragapult-dusknoir;2;1;0;3;0.666667;mitUnentschieden
6a978d0fab080c8c957f79ac;2026-09-07;TEF-PBL;dragapult-dusknoir;basic-box-m;1;2;0;3;0.333333;mitUnentschieden
6a978d0fab080c8c957f79ac;2026-09-07;TEF-PBL;stevens-metagross;beedrill-ex-cri;1;0;0;1;1.0;mitUnentschieden
6a978d0fab080c8c957f79ac;2026-09-07;TEF-PBL;beedrill-ex-cri;stevens-metagross;0;1;0;1;0.0;mitUnentschieden
6a978d0fab080c8c957f79ac;2026-09-07;TEF-PBL;mega-lucario-ex;slowking-scr;1;0;0;1;1.0;mitUnentschieden
6a978d0fab080c8c957f79ac;2026-09-07;TEF-PBL;slowking-scr;mega-lucario-ex;0;1;0;1;0.0;mitUnentschieden
6a978d0fab080c8c957f79ac;2026-09-07;TEF-PBL;mega-excadrill-ex;slowking-scr;1;1;0;2;0.5;mitUnentschieden
6a978d0fab080c8c957f79ac;2026-09-07;TEF-PBL;slowking-scr;mega-excadrill-ex;0;2;0;2;0.0;mitUnentschieden
6a978d0fab080c8c957f79ac;2026-09-07;TEF-PBL;dragapult-blaziken;greninja-ex;0;1;0;1;0.0;mitUnentschieden
6a978d0fab080c8c957f79ac;2026-09-07;TEF-PBL;greninja-ex;dragapult-blaziken;1;0;0;1;1.0;mitUnentschieden
6a978d0fab080c8c957f79ac;2026-09-07;TEF-PBL;alakazam-dusknoir;crustle-dri;0;4;0;4;0.0;mitUnentschieden
6a978d0fab080c8c957f79ac;2026-09-07;TEF-PBL;crustle-dri;alakazam-dusknoir;4;0;0;4;1.0;mitUnentschieden
6a978d0fab080c8c957f79ac;2026-09-07;TEF-PBL;mega-greninja-ex;slowking-scr;0;2;0;2;0.0;mitUnentschieden
6a978d0fab080c8c957f79ac;2026-09-07;TEF-PBL;slowking-scr;mega-greninja-ex;2;0;0;2;1.0;mitUnentschieden
6a978d0fab080c8c957f79ac;2026-09-07;TEF-PBL;kangaskhan-bouffalant;slowking-scr;1;0;0;1;1.0;mitUnentschieden
6a978d0fab080c8c957f79ac;2026-09-07;TEF-PBL;slowking-scr;kangaskhan-bouffalant;0;1;0;1;0.0;mitUnentschieden
6a978d0fab080c8c957f79ac;2026-09-07;TEF-PBL;mega-abomasnow-ex;lopunny-dudunsparce;1;0;0;1;1.0;mitUnentschieden
6a978d0fab080c8c957f79ac;2026-09-07;TEF-PBL;lopunny-dudunsparce;mega-abomasnow-ex;0;1;0;1;0.0;mitUnentschieden
6a978d0fab080c8c957f79ac;2026-09-07;TEF-PBL;mega-darkrai-ex;alakazam-dudunsparce;0;2;0;2;0.0;mitUnentschieden
6a978d0fab080c8c957f79ac;2026-09-07;TEF-PBL;alakazam-dudunsparce;mega-darkrai-ex;2;0;0;2;1.0;mitUnentschieden
6a978d0fab080c8c957f79ac;2026-09-07;TEF-PBL;dhelmise-pbl;mega-lucario-ex;2;0;0;2;1.0;mitUnentschieden
6a978d0fab080c8c957f79ac;2026-09-07;TEF-PBL;mega-lucario-ex;dhelmise-pbl;0;2;0;2;0.0;mitUnentschieden
6a978d0fab080c8c957f79ac;2026-09-07;TEF-PBL;basic-box-m;basic-box-m;1;1;0;2;0.5;mitUnentschieden
6a978d0fab080c8c957f79ac;2026-09-07;TEF-PBL;alakazam-dudunsparce;ogerpon-meganium;1;0;0;1;1.0;mitUnentschieden
6a978d0fab080c8c957f79ac;2026-09-07;TEF-PBL;ogerpon-meganium;alakazam-dudunsparce;0;1;0;1;0.0;mitUnentschieden
6a978d0fab080c8c957f79ac;2026-09-07;TEF-PBL;raging-bolt-ogerpon;starmie-froslass;0;1;0;1;0.0;mitUnentschieden
6a978d0fab080c8c957f79ac;2026-09-07;TEF-PBL;starmie-froslass;raging-bolt-ogerpon;1;0;0;1;1.0;mitUnentschieden
6a978d0fab080c8c957f79ac;2026-09-07;TEF-PBL;greninja-ex;dhelmise-pbl;0;1;0;1;0.0;mitUnentschieden
6a978d0fab080c8c957f79ac;2026-09-07;TEF-PBL;dhelmise-pbl;greninja-ex;1;0;0;1;1.0;mitUnentschieden
6a978d0fab080c8c957f79ac;2026-09-07;TEF-PBL;hydrapple-ex;n-zoroark;0;1;0;1;0.0;mitUnentschieden
6a978d0fab080c8c957f79ac;2026-09-07;TEF-PBL;n-zoroark;hydrapple-ex;1;0;0;1;1.0;mitUnentschieden
6a978d0fab080c8c957f79ac;2026-09-07;TEF-PBL;dragapult-ex;mega-lopunny-ex;0;1;0;1;0.0;mitUnentschieden
6a978d0fab080c8c957f79ac;2026-09-07;TEF-PBL;mega-lopunny-ex;dragapult-ex;1;0;0;1;1.0;mitUnentschieden
6a978d0fab080c8c957f79ac;2026-09-07;TEF-PBL;alakazam-dudunsparce;cynthia-garchomp-ex;0;2;0;2;0.0;mitUnentschieden
6a978d0fab080c8c957f79ac;2026-09-07;TEF-PBL;cynthia-garchomp-ex;alakazam-dudunsparce;2;0;0;2;1.0;mitUnentschieden
6a978d0fab080c8c957f79ac;2026-09-07;TEF-PBL;lopunny-dusknoir;hydreigon-ex;1;0;0;1;1.0;mitUnentschieden
6a978d0fab080c8c957f79ac;2026-09-07;TEF-PBL;hydreigon-ex;lopunny-dusknoir;0;1;0;1;0.0;mitUnentschieden
6a978d0fab080c8c957f79ac;2026-09-07;TEF-PBL;festival-lead;dragapult-blaziken;1;1;0;2;0.5;mitUnentschieden
6a978d0fab080c8c957f79ac;2026-09-07;TEF-PBL;dragapult-blaziken;festival-lead;1;1;0;2;0.5;mitUnentschieden
6a978d0fab080c8c957f79ac;2026-09-07;TEF-PBL;ogerpon-meganium;mega-lucario-ex;1;0;0;1;1.0;mitUnentschieden
6a978d0fab080c8c957f79ac;2026-09-07;TEF-PBL;mega-lucario-ex;ogerpon-meganium;0;1;0;1;0.0;mitUnentschieden
6a978d0fab080c8c957f79ac;2026-09-07;TEF-PBL;alakazam-dudunsparce;mega-excadrill-ex;2;2;0;4;0.5;mitUnentschieden
6a978d0fab080c8c957f79ac;2026-09-07;TEF-PBL;mega-excadrill-ex;alakazam-dudunsparce;0;4;0;4;0.0;mitUnentschieden
6a978d0fab080c8c957f79ac;2026-09-07;TEF-PBL;mega-darkrai-ex;mega-darkrai-ex;1;1;0;2;0.5;mitUnentschieden
6a978d0fab080c8c957f79ac;2026-09-07;TEF-PBL;dragapult-dusknoir;mega-lucario-ex;1;1;0;2;0.5;mitUnentschieden
6a978d0fab080c8c957f79ac;2026-09-07;TEF-PBL;mega-lucario-ex;dragapult-dusknoir;1;1;0;2;0.5;mitUnentschieden
6a978d0fab080c8c957f79ac;2026-09-07;TEF-PBL;grimmsnarl-froslass;crustle-dri;0;1;0;1;0.0;mitUnentschieden
6a978d0fab080c8c957f79ac;2026-09-07;TEF-PBL;crustle-dri;grimmsnarl-froslass;1;0;0;1;1.0;mitUnentschieden
6a978d0fab080c8c957f79ac;2026-09-07;TEF-PBL;n-zoroark;lucario-hariyama;2;2;0;4;0.5;mitUnentschieden
6a978d0fab080c8c957f79ac;2026-09-07;TEF-PBL;lucario-hariyama;n-zoroark;2;2;0;4;0.5;mitUnentschieden
6a978d0fab080c8c957f79ac;2026-09-07;TEF-PBL;greninja-ex;lopunny-dusknoir;1;0;0;1;1.0;mitUnentschieden
6a978d0fab080c8c957f79ac;2026-09-07;TEF-PBL;lopunny-dusknoir;greninja-ex;0;1;0;1;0.0;mitUnentschieden
6a978d0fab080c8c957f79ac;2026-09-07;TEF-PBL;slowking-scr;cynthia-garchomp-ex;0;1;0;1;0.0;mitUnentschieden
6a978d0fab080c8c957f79ac;2026-09-07;TEF-PBL;cynthia-garchomp-ex;slowking-scr;1;0;0;1;1.0;mitUnentschieden
6a978d0fab080c8c957f79ac;2026-09-07;TEF-PBL;lucario-hariyama;blaziken-zoroark;1;0;0;1;1.0;mitUnentschieden
6a978d0fab080c8c957f79ac;2026-09-07;TEF-PBL;blaziken-zoroark;lucario-hariyama;0;1;0;1;0.0;mitUnentschieden
6a978d0fab080c8c957f79ac;2026-09-07;TEF-PBL;basic-box-m;kangaskhan-bouffalant;0;2;0;2;0.0;mitUnentschieden
6a978d0fab080c8c957f79ac;2026-09-07;TEF-PBL;kangaskhan-bouffalant;basic-box-m;2;0;0;2;1.0;mitUnentschieden
6a978d0fab080c8c957f79ac;2026-09-07;TEF-PBL;cinccino-ex;n-zoroark;0;1;0;1;0.0;mitUnentschieden
6a978d0fab080c8c957f79ac;2026-09-07;TEF-PBL;n-zoroark;cinccino-ex;1;0;0;1;1.0;mitUnentschieden
6a978d0fab080c8c957f79ac;2026-09-07;TEF-PBL;dudunsparce-control;diancie-dusknoir;1;0;0;1;1.0;mitUnentschieden
6a978d0fab080c8c957f79ac;2026-09-07;TEF-PBL;diancie-dusknoir;dudunsparce-control;0;1;0;1;0.0;mitUnentschieden
6a978d0fab080c8c957f79ac;2026-09-07;TEF-PBL;misty-gyarados;slowking-scr;0;1;0;1;0.0;mitUnentschieden
6a978d0fab080c8c957f79ac;2026-09-07;TEF-PBL;slowking-scr;misty-gyarados;1;0;0;1;1.0;mitUnentschieden
6a978d0fab080c8c957f79ac;2026-09-07;TEF-PBL;alakazam-dusknoir;dragapult-dusknoir;1;0;0;1;1.0;mitUnentschieden
6a978d0fab080c8c957f79ac;2026-09-07;TEF-PBL;dragapult-dusknoir;alakazam-dusknoir;0;1;0;1;0.0;mitUnentschieden
6a978d0fab080c8c957f79ac;2026-09-07;TEF-PBL;alakazam-dusknoir;dragapult-ex;1;1;0;2;0.5;mitUnentschieden
6a978d0fab080c8c957f79ac;2026-09-07;TEF-PBL;dragapult-ex;alakazam-dusknoir;1;1;0;2;0.5;mitUnentschieden
6a978d0fab080c8c957f79ac;2026-09-07;TEF-PBL;dragapult-dusknoir;starmie-froslass;0;3;0;3;0.0;mitUnentschieden
6a978d0fab080c8c957f79ac;2026-09-07;TEF-PBL;starmie-froslass;dragapult-dusknoir;3;0;0;3;1.0;mitUnentschieden
6a978d0fab080c8c957f79ac;2026-09-07;TEF-PBL;dhelmise-pbl;alakazam-dudunsparce;2;0;1;3;0.666667;mitUnentschieden
6a978d0fab080c8c957f79ac;2026-09-07;TEF-PBL;alakazam-dudunsparce;dhelmise-pbl;0;2;1;3;0.0;mitUnentschieden
6a978d0fab080c8c957f79ac;2026-09-07;TEF-PBL;hydreigon-ex;lopunny-dudunsparce;1;0;0;1;1.0;mitUnentschieden
6a978d0fab080c8c957f79ac;2026-09-07;TEF-PBL;lopunny-dudunsparce;hydreigon-ex;0;1;0;1;0.0;mitUnentschieden
6a978d0fab080c8c957f79ac;2026-09-07;TEF-PBL;beedrill-ex-cri;archaludon-dudunsparce;1;0;0;1;1.0;mitUnentschieden
6a978d0fab080c8c957f79ac;2026-09-07;TEF-PBL;archaludon-dudunsparce;beedrill-ex-cri;0;1;0;1;0.0;mitUnentschieden
6a978d0fab080c8c957f79ac;2026-09-07;TEF-PBL;ogerpon-meganium-hydrapple;alakazam-dudunsparce;0;1;0;1;0.0;mitUnentschieden
6a978d0fab080c8c957f79ac;2026-09-07;TEF-PBL;alakazam-dudunsparce;ogerpon-meganium-hydrapple;1;0;0;1;1.0;mitUnentschieden
6a978d0fab080c8c957f79ac;2026-09-07;TEF-PBL;dragapult-dudunsparce;tyranitar-jtg;1;0;0;1;1.0;mitUnentschieden
6a978d0fab080c8c957f79ac;2026-09-07;TEF-PBL;tyranitar-jtg;dragapult-dudunsparce;0;1;0;1;0.0;mitUnentschieden
6a978d0fab080c8c957f79ac;2026-09-07;TEF-PBL;festival-lead;toucannon-pbl;1;0;0;1;1.0;mitUnentschieden
6a978d0fab080c8c957f79ac;2026-09-07;TEF-PBL;toucannon-pbl;festival-lead;0;1;0;1;0.0;mitUnentschieden
6a978d0fab080c8c957f79ac;2026-09-07;TEF-PBL;ceruledge-ex;seaking-pre;0;1;0;1;0.0;mitUnentschieden
6a978d0fab080c8c957f79ac;2026-09-07;TEF-PBL;seaking-pre;ceruledge-ex;1;0;0;1;1.0;mitUnentschieden
6a978d0fab080c8c957f79ac;2026-09-07;TEF-PBL;kangaskhan-bouffalant;stevens-metagross;1;0;0;1;1.0;mitUnentschieden
6a978d0fab080c8c957f79ac;2026-09-07;TEF-PBL;stevens-metagross;kangaskhan-bouffalant;0;1;0;1;0.0;mitUnentschieden
6a978d0fab080c8c957f79ac;2026-09-07;TEF-PBL;rockets-honchkrow;dragapult-blaziken;0;1;0;1;0.0;mitUnentschieden
6a978d0fab080c8c957f79ac;2026-09-07;TEF-PBL;dragapult-blaziken;rockets-honchkrow;1;0;0;1;1.0;mitUnentschieden
6a978d0fab080c8c957f79ac;2026-09-07;TEF-PBL;alakazam-dudunsparce;lopunny-dusknoir;1;0;0;1;1.0;mitUnentschieden
6a978d0fab080c8c957f79ac;2026-09-07;TEF-PBL;lopunny-dusknoir;alakazam-dudunsparce;0;1;0;1;0.0;mitUnentschieden
6a978d0fab080c8c957f79ac;2026-09-07;TEF-PBL;rockets-honchkrow;basic-box-m;1;0;0;1;1.0;mitUnentschieden
6a978d0fab080c8c957f79ac;2026-09-07;TEF-PBL;basic-box-m;rockets-honchkrow;0;1;0;1;0.0;mitUnentschieden
6a978d0fab080c8c957f79ac;2026-09-07;TEF-PBL;alakazam-dusknoir;seaking-pre;1;1;0;2;0.5;mitUnentschieden
6a978d0fab080c8c957f79ac;2026-09-07;TEF-PBL;seaking-pre;alakazam-dusknoir;1;1;0;2;0.5;mitUnentschieden
6a978d0fab080c8c957f79ac;2026-09-07;TEF-PBL;toucannon-pbl;dragapult-ex;0;1;0;1;0.0;mitUnentschieden
6a978d0fab080c8c957f79ac;2026-09-07;TEF-PBL;dragapult-ex;toucannon-pbl;1;0;0;1;1.0;mitUnentschieden
6a978d0fab080c8c957f79ac;2026-09-07;TEF-PBL;crustle-dri;mega-excadrill-ex;0;1;0;1;0.0;mitUnentschieden
6a978d0fab080c8c957f79ac;2026-09-07;TEF-PBL;mega-excadrill-ex;crustle-dri;1;0;0;1;1.0;mitUnentschieden
6a978d0fab080c8c957f79ac;2026-09-07;TEF-PBL;sharpedo-toxtricity;dragapult-blaziken;3;0;0;3;1.0;mitUnentschieden
6a978d0fab080c8c957f79ac;2026-09-07;TEF-PBL;dragapult-blaziken;sharpedo-toxtricity;0;3;0;3;0.0;mitUnentschieden
6a978d0fab080c8c957f79ac;2026-09-07;TEF-PBL;mega-darkrai-ex;lucario-hariyama;0;1;0;1;0.0;mitUnentschieden
6a978d0fab080c8c957f79ac;2026-09-07;TEF-PBL;lucario-hariyama;mega-darkrai-ex;1;0;0;1;1.0;mitUnentschieden
6a978d0fab080c8c957f79ac;2026-09-07;TEF-PBL;lopunny-dudunsparce;festival-lead;1;0;0;1;1.0;mitUnentschieden
6a978d0fab080c8c957f79ac;2026-09-07;TEF-PBL;festival-lead;lopunny-dudunsparce;0;1;0;1;0.0;mitUnentschieden
6a978d0fab080c8c957f79ac;2026-09-07;TEF-PBL;diancie-dusknoir;raging-bolt-ogerpon;1;0;0;1;1.0;mitUnentschieden
6a978d0fab080c8c957f79ac;2026-09-07;TEF-PBL;raging-bolt-ogerpon;diancie-dusknoir;0;1;0;1;0.0;mitUnentschieden
6a978d0fab080c8c957f79ac;2026-09-07;TEF-PBL;crustle-dri;n-zoroark;3;0;0;3;1.0;mitUnentschieden
6a978d0fab080c8c957f79ac;2026-09-07;TEF-PBL;n-zoroark;crustle-dri;0;3;0;3;0.0;mitUnentschieden
6a978d0fab080c8c957f79ac;2026-09-07;TEF-PBL;n-zoroark;mega-chandelure-ex;1;0;0;1;1.0;mitUnentschieden
6a978d0fab080c8c957f79ac;2026-09-07;TEF-PBL;mega-chandelure-ex;n-zoroark;0;1;0;1;0.0;mitUnentschieden
6a978d0fab080c8c957f79ac;2026-09-07;TEF-PBL;dhelmise-pbl;cynthia-garchomp-ex;0;2;0;2;0.0;mitUnentschieden
6a978d0fab080c8c957f79ac;2026-09-07;TEF-PBL;cynthia-garchomp-ex;dhelmise-pbl;2;0;0;2;1.0;mitUnentschieden
6a978d0fab080c8c957f79ac;2026-09-07;TEF-PBL;cinccino-ex;dragapult-ex;0;1;0;1;0.0;mitUnentschieden
6a978d0fab080c8c957f79ac;2026-09-07;TEF-PBL;dragapult-ex;cinccino-ex;1;0;0;1;1.0;mitUnentschieden
6a978d0fab080c8c957f79ac;2026-09-07;TEF-PBL;starmie-froslass;mega-lucario-ex;1;0;0;1;1.0;mitUnentschieden
6a978d0fab080c8c957f79ac;2026-09-07;TEF-PBL;mega-lucario-ex;starmie-froslass;0;1;0;1;0.0;mitUnentschieden
6a978d0fab080c8c957f79ac;2026-09-07;TEF-PBL;slowking-scr;beedrill-ex-cri;0;1;0;1;0.0;mitUnentschieden
6a978d0fab080c8c957f79ac;2026-09-07;TEF-PBL;beedrill-ex-cri;slowking-scr;1;0;0;1;1.0;mitUnentschieden
6a978d0fab080c8c957f79ac;2026-09-07;TEF-PBL;dragapult-dusknoir;cynthia-garchomp-ex;1;1;0;2;0.5;mitUnentschieden
6a978d0fab080c8c957f79ac;2026-09-07;TEF-PBL;cynthia-garchomp-ex;dragapult-dusknoir;1;1;0;2;0.5;mitUnentschieden
6a978d0fab080c8c957f79ac;2026-09-07;TEF-PBL;basic-box-m;mega-lucario-ex;1;1;0;2;0.5;mitUnentschieden
6a978d0fab080c8c957f79ac;2026-09-07;TEF-PBL;mega-lucario-ex;basic-box-m;1;1;0;2;0.5;mitUnentschieden
6a978d0fab080c8c957f79ac;2026-09-07;TEF-PBL;mega-chandelure-ex;dragapult-dusknoir;0;1;0;1;0.0;mitUnentschieden
6a978d0fab080c8c957f79ac;2026-09-07;TEF-PBL;dragapult-dusknoir;mega-chandelure-ex;1;0;0;1;1.0;mitUnentschieden
6a978d0fab080c8c957f79ac;2026-09-07;TEF-PBL;greninja-ex;ogerpon-meganium;0;1;0;1;0.0;mitUnentschieden
6a978d0fab080c8c957f79ac;2026-09-07;TEF-PBL;ogerpon-meganium;greninja-ex;1;0;0;1;1.0;mitUnentschieden
6a978d0fab080c8c957f79ac;2026-09-07;TEF-PBL;festival-lead;mega-abomasnow-ex;0;1;0;1;0.0;mitUnentschieden
6a978d0fab080c8c957f79ac;2026-09-07;TEF-PBL;mega-abomasnow-ex;festival-lead;1;0;0;1;1.0;mitUnentschieden
6a978d0fab080c8c957f79ac;2026-09-07;TEF-PBL;mega-lopunny-ex;alakazam-dusknoir;0;1;0;1;0.0;mitUnentschieden
6a978d0fab080c8c957f79ac;2026-09-07;TEF-PBL;alakazam-dusknoir;mega-lopunny-ex;1;0;0;1;1.0;mitUnentschieden
6a978d0fab080c8c957f79ac;2026-09-07;TEF-PBL;dragapult-blaziken;okidogi-barbaracle;1;0;0;1;1.0;mitUnentschieden
6a978d0fab080c8c957f79ac;2026-09-07;TEF-PBL;okidogi-barbaracle;dragapult-blaziken;0;1;0;1;0.0;mitUnentschieden
6a978d0fab080c8c957f79ac;2026-09-07;TEF-PBL;starmie-froslass;dragapult-ex;0;2;0;2;0.0;mitUnentschieden
6a978d0fab080c8c957f79ac;2026-09-07;TEF-PBL;dragapult-ex;starmie-froslass;2;0;0;2;1.0;mitUnentschieden
6a978d0fab080c8c957f79ac;2026-09-07;TEF-PBL;alakazam-dudunsparce;rocket-mewtwo-ex;0;1;0;1;0.0;mitUnentschieden
6a978d0fab080c8c957f79ac;2026-09-07;TEF-PBL;rocket-mewtwo-ex;alakazam-dudunsparce;1;0;0;1;1.0;mitUnentschieden
6a978d0fab080c8c957f79ac;2026-09-07;TEF-PBL;slowking-scr;dhelmise-pbl;1;1;0;2;0.5;mitUnentschieden
6a978d0fab080c8c957f79ac;2026-09-07;TEF-PBL;dhelmise-pbl;slowking-scr;0;2;0;2;0.0;mitUnentschieden
6a978d0fab080c8c957f79ac;2026-09-07;TEF-PBL;dudunsparce-control;lopunny-dusknoir;0;1;0;1;0.0;mitUnentschieden
6a978d0fab080c8c957f79ac;2026-09-07;TEF-PBL;lopunny-dusknoir;dudunsparce-control;1;0;0;1;1.0;mitUnentschieden
6a978d0fab080c8c957f79ac;2026-09-07;TEF-PBL;festival-lead;cynthia-garchomp-ex;3;0;0;3;1.0;mitUnentschieden
6a978d0fab080c8c957f79ac;2026-09-07;TEF-PBL;cynthia-garchomp-ex;festival-lead;0;3;0;3;0.0;mitUnentschieden
6a978d0fab080c8c957f79ac;2026-09-07;TEF-PBL;cynthia-garchomp-ex;dragapult-dudunsparce;1;0;0;1;1.0;mitUnentschieden
6a978d0fab080c8c957f79ac;2026-09-07;TEF-PBL;dragapult-dudunsparce;cynthia-garchomp-ex;0;1;0;1;0.0;mitUnentschieden
6a978d0fab080c8c957f79ac;2026-09-07;TEF-PBL;hydreigon-ex;festival-lead;1;0;0;1;1.0;mitUnentschieden
6a978d0fab080c8c957f79ac;2026-09-07;TEF-PBL;festival-lead;hydreigon-ex;0;1;0;1;0.0;mitUnentschieden
6a978d0fab080c8c957f79ac;2026-09-07;TEF-PBL;beedrill-ex-cri;lucario-hariyama;0;1;0;1;0.0;mitUnentschieden
6a978d0fab080c8c957f79ac;2026-09-07;TEF-PBL;lucario-hariyama;beedrill-ex-cri;1;0;0;1;1.0;mitUnentschieden
6a978d0fab080c8c957f79ac;2026-09-07;TEF-PBL;mega-greninja-ex;dhelmise-pbl;0;2;0;2;0.0;mitUnentschieden
6a978d0fab080c8c957f79ac;2026-09-07;TEF-PBL;dhelmise-pbl;mega-greninja-ex;1;1;0;2;0.5;mitUnentschieden
6a978d0fab080c8c957f79ac;2026-09-07;TEF-PBL;mega-excadrill-ex;kangaskhan-bouffalant;0;2;0;2;0.0;mitUnentschieden
6a978d0fab080c8c957f79ac;2026-09-07;TEF-PBL;kangaskhan-bouffalant;mega-excadrill-ex;2;0;0;2;1.0;mitUnentschieden
6a978d0fab080c8c957f79ac;2026-09-07;TEF-PBL;crustle-dri;alakazam-dudunsparce;3;1;0;4;0.75;mitUnentschieden
6a978d0fab080c8c957f79ac;2026-09-07;TEF-PBL;alakazam-dudunsparce;crustle-dri;1;3;0;4;0.25;mitUnentschieden
6a978d0fab080c8c957f79ac;2026-09-07;TEF-PBL;alakazam-dudunsparce;greninja-ex;0;1;0;1;0.0;mitUnentschieden
6a978d0fab080c8c957f79ac;2026-09-07;TEF-PBL;greninja-ex;alakazam-dudunsparce;1;0;0;1;1.0;mitUnentschieden
6a978d0fab080c8c957f79ac;2026-09-07;TEF-PBL;basic-box-m;sharpedo-toxtricity;0;1;0;1;0.0;mitUnentschieden
6a978d0fab080c8c957f79ac;2026-09-07;TEF-PBL;sharpedo-toxtricity;basic-box-m;1;0;0;1;1.0;mitUnentschieden
6a978d0fab080c8c957f79ac;2026-09-07;TEF-PBL;cinccino-ex;hydreigon-ex;0;1;0;1;0.0;mitUnentschieden
6a978d0fab080c8c957f79ac;2026-09-07;TEF-PBL;hydreigon-ex;cinccino-ex;1;0;0;1;1.0;mitUnentschieden
6a978d0fab080c8c957f79ac;2026-09-07;TEF-PBL;mega-excadrill-ex;festival-lead;1;1;0;2;0.5;mitUnentschieden
6a978d0fab080c8c957f79ac;2026-09-07;TEF-PBL;festival-lead;mega-excadrill-ex;1;1;0;2;0.5;mitUnentschieden
6a978d0fab080c8c957f79ac;2026-09-07;TEF-PBL;lopunny-dudunsparce;dragapult-dusknoir;1;0;0;1;1.0;mitUnentschieden
6a978d0fab080c8c957f79ac;2026-09-07;TEF-PBL;dragapult-dusknoir;lopunny-dudunsparce;0;1;0;1;0.0;mitUnentschieden
6a978d0fab080c8c957f79ac;2026-09-07;TEF-PBL;n-zoroark;misty-gyarados;0;2;0;2;0.0;mitUnentschieden
6a978d0fab080c8c957f79ac;2026-09-07;TEF-PBL;misty-gyarados;n-zoroark;2;0;0;2;1.0;mitUnentschieden
6a978d0fab080c8c957f79ac;2026-09-07;TEF-PBL;jellicent-dusknoir;n-zoroark;0;1;0;1;0.0;mitUnentschieden
6a978d0fab080c8c957f79ac;2026-09-07;TEF-PBL;n-zoroark;jellicent-dusknoir;1;0;0;1;1.0;mitUnentschieden
6a978d0fab080c8c957f79ac;2026-09-07;TEF-PBL;ursaluna-lunatone;greninja-ex;2;0;0;2;1.0;mitUnentschieden
6a978d0fab080c8c957f79ac;2026-09-07;TEF-PBL;greninja-ex;ursaluna-lunatone;0;2;0;2;0.0;mitUnentschieden
6a978d0fab080c8c957f79ac;2026-09-07;TEF-PBL;mega-lucario-ex;lucario-hariyama;2;0;0;2;1.0;mitUnentschieden
6a978d0fab080c8c957f79ac;2026-09-07;TEF-PBL;lucario-hariyama;mega-lucario-ex;0;2;0;2;0.0;mitUnentschieden
6a978d0fab080c8c957f79ac;2026-09-07;TEF-PBL;mega-lucario-ex;crustle-dri;0;2;0;2;0.0;mitUnentschieden
6a978d0fab080c8c957f79ac;2026-09-07;TEF-PBL;crustle-dri;mega-lucario-ex;2;0;0;2;1.0;mitUnentschieden
6a978d0fab080c8c957f79ac;2026-09-07;TEF-PBL;mega-excadrill-ex;lucario-hariyama;1;0;0;1;1.0;mitUnentschieden
6a978d0fab080c8c957f79ac;2026-09-07;TEF-PBL;lucario-hariyama;mega-excadrill-ex;0;1;0;1;0.0;mitUnentschieden
6a978d0fab080c8c957f79ac;2026-09-07;TEF-PBL;starmie-froslass;dragapult-blaziken;0;2;0;2;0.0;mitUnentschieden
6a978d0fab080c8c957f79ac;2026-09-07;TEF-PBL;dragapult-blaziken;starmie-froslass;2;0;0;2;1.0;mitUnentschieden
6a978d0fab080c8c957f79ac;2026-09-07;TEF-PBL;dragapult-ex;kangaskhan-bouffalant;1;0;0;1;1.0;mitUnentschieden
6a978d0fab080c8c957f79ac;2026-09-07;TEF-PBL;kangaskhan-bouffalant;dragapult-ex;0;1;0;1;0.0;mitUnentschieden
6a978d0fab080c8c957f79ac;2026-09-07;TEF-PBL;n-zoroark;rockets-honchkrow;0;1;0;1;0.0;mitUnentschieden
6a978d0fab080c8c957f79ac;2026-09-07;TEF-PBL;rockets-honchkrow;n-zoroark;1;0;0;1;1.0;mitUnentschieden
6a978d0fab080c8c957f79ac;2026-09-07;TEF-PBL;mega-excadrill-ex;dhelmise-pbl;0;1;0;1;0.0;mitUnentschieden
6a978d0fab080c8c957f79ac;2026-09-07;TEF-PBL;dhelmise-pbl;mega-excadrill-ex;1;0;0;1;1.0;mitUnentschieden
6a978d0fab080c8c957f79ac;2026-09-07;TEF-PBL;rocket-mewtwo-ex;crustle-dri;0;1;0;1;0.0;mitUnentschieden
6a978d0fab080c8c957f79ac;2026-09-07;TEF-PBL;crustle-dri;rocket-mewtwo-ex;1;0;0;1;1.0;mitUnentschieden
6a978d0fab080c8c957f79ac;2026-09-07;TEF-PBL;dragapult-dusknoir;lopunny-dusknoir;0;1;0;1;0.0;mitUnentschieden
6a978d0fab080c8c957f79ac;2026-09-07;TEF-PBL;lopunny-dusknoir;dragapult-dusknoir;1;0;0;1;1.0;mitUnentschieden
6a978d0fab080c8c957f79ac;2026-09-07;TEF-PBL;hydreigon-ex;lucario-hariyama;0;1;0;1;0.0;mitUnentschieden
6a978d0fab080c8c957f79ac;2026-09-07;TEF-PBL;lucario-hariyama;hydreigon-ex;1;0;0;1;1.0;mitUnentschieden
6a978d0fab080c8c957f79ac;2026-09-07;TEF-PBL;seaking-pre;mega-excadrill-ex;1;2;0;3;0.333333;mitUnentschieden
6a978d0fab080c8c957f79ac;2026-09-07;TEF-PBL;mega-excadrill-ex;seaking-pre;1;2;0;3;0.333333;mitUnentschieden
6a978d0fab080c8c957f79ac;2026-09-07;TEF-PBL;ceruledge-ex;stevens-metagross;1;0;0;1;1.0;mitUnentschieden
6a978d0fab080c8c957f79ac;2026-09-07;TEF-PBL;stevens-metagross;ceruledge-ex;0;1;0;1;0.0;mitUnentschieden
6a978d0fab080c8c957f79ac;2026-09-07;TEF-PBL;ogerpon-meganium;cynthia-garchomp-ex;0;1;0;1;0.0;mitUnentschieden
6a978d0fab080c8c957f79ac;2026-09-07;TEF-PBL;cynthia-garchomp-ex;ogerpon-meganium;1;0;0;1;1.0;mitUnentschieden
6a978d0fab080c8c957f79ac;2026-09-07;TEF-PBL;cynthia-garchomp-ex;n-zoroark;1;1;0;2;0.5;mitUnentschieden
6a978d0fab080c8c957f79ac;2026-09-07;TEF-PBL;n-zoroark;cynthia-garchomp-ex;1;1;0;2;0.5;mitUnentschieden
6a978d0fab080c8c957f79ac;2026-09-07;TEF-PBL;kangaskhan-bouffalant;mega-lucario-ex;0;1;0;1;0.0;mitUnentschieden
6a978d0fab080c8c957f79ac;2026-09-07;TEF-PBL;mega-lucario-ex;kangaskhan-bouffalant;1;0;0;1;1.0;mitUnentschieden
6a978d0fab080c8c957f79ac;2026-09-07;TEF-PBL;toucannon-pbl;dragapult-dusknoir;0;1;0;1;0.0;mitUnentschieden
6a978d0fab080c8c957f79ac;2026-09-07;TEF-PBL;dragapult-dusknoir;toucannon-pbl;1;0;0;1;1.0;mitUnentschieden
6a978d0fab080c8c957f79ac;2026-09-07;TEF-PBL;dragapult-dusknoir;lucario-hariyama;1;2;0;3;0.333333;mitUnentschieden
6a978d0fab080c8c957f79ac;2026-09-07;TEF-PBL;lucario-hariyama;dragapult-dusknoir;2;1;0;3;0.666667;mitUnentschieden
6a978d0fab080c8c957f79ac;2026-09-07;TEF-PBL;dhelmise-pbl;crustle-dri;2;1;0;3;0.666667;mitUnentschieden
6a978d0fab080c8c957f79ac;2026-09-07;TEF-PBL;crustle-dri;dhelmise-pbl;1;2;0;3;0.333333;mitUnentschieden
6a978d0fab080c8c957f79ac;2026-09-07;TEF-PBL;rocket-mewtwo-ex;lucario-hariyama;1;0;0;1;1.0;mitUnentschieden
6a978d0fab080c8c957f79ac;2026-09-07;TEF-PBL;lucario-hariyama;rocket-mewtwo-ex;0;1;0;1;0.0;mitUnentschieden
6a978d0fab080c8c957f79ac;2026-09-07;TEF-PBL;dhelmise-pbl;lopunny-dusknoir;2;0;0;2;1.0;mitUnentschieden
6a978d0fab080c8c957f79ac;2026-09-07;TEF-PBL;lopunny-dusknoir;dhelmise-pbl;0;2;0;2;0.0;mitUnentschieden
6a978d0fab080c8c957f79ac;2026-09-07;TEF-PBL;alakazam-dudunsparce;diancie-dusknoir;1;0;0;1;1.0;mitUnentschieden
6a978d0fab080c8c957f79ac;2026-09-07;TEF-PBL;diancie-dusknoir;alakazam-dudunsparce;0;1;0;1;0.0;mitUnentschieden
6a978d0fab080c8c957f79ac;2026-09-07;TEF-PBL;mega-abomasnow-ex;greninja-ex;0;1;0;1;0.0;mitUnentschieden
6a978d0fab080c8c957f79ac;2026-09-07;TEF-PBL;greninja-ex;mega-abomasnow-ex;1;0;0;1;1.0;mitUnentschieden
6a978d0fab080c8c957f79ac;2026-09-07;TEF-PBL;okidogi-barbaracle;n-zoroark;1;0;0;1;1.0;mitUnentschieden
6a978d0fab080c8c957f79ac;2026-09-07;TEF-PBL;n-zoroark;okidogi-barbaracle;0;1;0;1;0.0;mitUnentschieden
6a978d0fab080c8c957f79ac;2026-09-07;TEF-PBL;mega-lucario-ex;alakazam-dudunsparce;1;0;0;1;1.0;mitUnentschieden
6a978d0fab080c8c957f79ac;2026-09-07;TEF-PBL;alakazam-dudunsparce;mega-lucario-ex;0;1;0;1;0.0;mitUnentschieden
6a978d0fab080c8c957f79ac;2026-09-07;TEF-PBL;diancie-dusknoir;sharpedo-toxtricity;0;1;0;1;0.0;mitUnentschieden
6a978d0fab080c8c957f79ac;2026-09-07;TEF-PBL;sharpedo-toxtricity;diancie-dusknoir;1;0;0;1;1.0;mitUnentschieden
6a978d0fab080c8c957f79ac;2026-09-07;TEF-PBL;greninja-ex;festival-lead;1;0;0;1;1.0;mitUnentschieden
6a978d0fab080c8c957f79ac;2026-09-07;TEF-PBL;festival-lead;greninja-ex;0;1;0;1;0.0;mitUnentschieden
6a978d0fab080c8c957f79ac;2026-09-07;TEF-PBL;dragapult-blaziken;mega-darkrai-ex;0;1;0;1;0.0;mitUnentschieden
6a978d0fab080c8c957f79ac;2026-09-07;TEF-PBL;mega-darkrai-ex;dragapult-blaziken;0;1;0;1;0.0;mitUnentschieden
6a978d0fab080c8c957f79ac;2026-09-07;TEF-PBL;hydreigon-ex;dragapult-ex;0;1;0;1;0.0;mitUnentschieden
6a978d0fab080c8c957f79ac;2026-09-07;TEF-PBL;dragapult-ex;hydreigon-ex;1;0;0;1;1.0;mitUnentschieden
6a978d0fab080c8c957f79ac;2026-09-07;TEF-PBL;alakazam-dusknoir;toucannon-pbl;0;1;0;1;0.0;mitUnentschieden
6a978d0fab080c8c957f79ac;2026-09-07;TEF-PBL;toucannon-pbl;alakazam-dusknoir;1;0;0;1;1.0;mitUnentschieden
6a978d0fab080c8c957f79ac;2026-09-07;TEF-PBL;tyranitar-jtg;ursaluna-lunatone;0;1;0;1;0.0;mitUnentschieden
6a978d0fab080c8c957f79ac;2026-09-07;TEF-PBL;ursaluna-lunatone;tyranitar-jtg;1;0;0;1;1.0;mitUnentschieden
6a978d0fab080c8c957f79ac;2026-09-07;TEF-PBL;grimmsnarl-froslass;n-zoroark;2;2;0;4;0.5;mitUnentschieden
6a978d0fab080c8c957f79ac;2026-09-07;TEF-PBL;n-zoroark;grimmsnarl-froslass;2;2;0;4;0.5;mitUnentschieden
6a978d0fab080c8c957f79ac;2026-09-07;TEF-PBL;n-zoroark;lopunny-dudunsparce;0;1;0;1;0.0;mitUnentschieden
6a978d0fab080c8c957f79ac;2026-09-07;TEF-PBL;lopunny-dudunsparce;n-zoroark;1;0;0;1;1.0;mitUnentschieden
6a978d0fab080c8c957f79ac;2026-09-07;TEF-PBL;grimmsnarl-froslass;mega-lucario-ex;1;0;0;1;1.0;mitUnentschieden
6a978d0fab080c8c957f79ac;2026-09-07;TEF-PBL;mega-lucario-ex;grimmsnarl-froslass;0;1;0;1;0.0;mitUnentschieden
6a978d0fab080c8c957f79ac;2026-09-07;TEF-PBL;raging-bolt-ogerpon;alakazam-dudunsparce;0;2;0;2;0.0;mitUnentschieden
6a978d0fab080c8c957f79ac;2026-09-07;TEF-PBL;alakazam-dudunsparce;raging-bolt-ogerpon;2;0;0;2;1.0;mitUnentschieden
6a978d0fab080c8c957f79ac;2026-09-07;TEF-PBL;cinccino-ex;basic-box-m;0;1;0;1;0.0;mitUnentschieden
6a978d0fab080c8c957f79ac;2026-09-07;TEF-PBL;basic-box-m;cinccino-ex;0;1;0;1;0.0;mitUnentschieden
6a978d0fab080c8c957f79ac;2026-09-07;TEF-PBL;mega-excadrill-ex;mega-darkrai-ex;0;1;0;1;0.0;mitUnentschieden
6a978d0fab080c8c957f79ac;2026-09-07;TEF-PBL;mega-darkrai-ex;mega-excadrill-ex;1;0;0;1;1.0;mitUnentschieden
6a978d0fab080c8c957f79ac;2026-09-07;TEF-PBL;rockets-honchkrow;alakazam-dudunsparce;2;0;0;2;1.0;mitUnentschieden
6a978d0fab080c8c957f79ac;2026-09-07;TEF-PBL;alakazam-dudunsparce;rockets-honchkrow;0;2;0;2;0.0;mitUnentschieden
6a978d0fab080c8c957f79ac;2026-09-07;TEF-PBL;lopunny-dudunsparce;sharpedo-toxtricity;0;1;0;1;0.0;mitUnentschieden
6a978d0fab080c8c957f79ac;2026-09-07;TEF-PBL;sharpedo-toxtricity;lopunny-dudunsparce;1;0;0;1;1.0;mitUnentschieden
6a978d0fab080c8c957f79ac;2026-09-07;TEF-PBL;dragapult-blaziken;crustle-dri;1;0;0;1;1.0;mitUnentschieden
6a978d0fab080c8c957f79ac;2026-09-07;TEF-PBL;crustle-dri;dragapult-blaziken;0;1;0;1;0.0;mitUnentschieden
6a978d0fab080c8c957f79ac;2026-09-07;TEF-PBL;festival-lead;alakazam-dudunsparce;1;3;0;4;0.25;mitUnentschieden
6a978d0fab080c8c957f79ac;2026-09-07;TEF-PBL;alakazam-dudunsparce;festival-lead;3;1;0;4;0.75;mitUnentschieden
6a978d0fab080c8c957f79ac;2026-09-07;TEF-PBL;lopunny-dusknoir;mega-excadrill-ex;0;2;0;2;0.0;mitUnentschieden
6a978d0fab080c8c957f79ac;2026-09-07;TEF-PBL;mega-excadrill-ex;lopunny-dusknoir;2;0;0;2;1.0;mitUnentschieden
6a978d0fab080c8c957f79ac;2026-09-07;TEF-PBL;dhelmise-pbl;dragapult-blaziken;0;1;0;1;0.0;mitUnentschieden
6a978d0fab080c8c957f79ac;2026-09-07;TEF-PBL;dragapult-blaziken;dhelmise-pbl;1;0;0;1;1.0;mitUnentschieden
6a978d0fab080c8c957f79ac;2026-09-07;TEF-PBL;greninja-ex;crustle-dri;1;0;0;1;1.0;mitUnentschieden
6a978d0fab080c8c957f79ac;2026-09-07;TEF-PBL;crustle-dri;greninja-ex;0;1;0;1;0.0;mitUnentschieden
6a978d0fab080c8c957f79ac;2026-09-07;TEF-PBL;ceruledge-ex;dragapult-ex;1;0;0;1;1.0;mitUnentschieden
6a978d0fab080c8c957f79ac;2026-09-07;TEF-PBL;dragapult-ex;ceruledge-ex;0;1;0;1;0.0;mitUnentschieden
6a978d0fab080c8c957f79ac;2026-09-07;TEF-PBL;n-zoroark;rocket-mewtwo-ex;0;1;0;1;0.0;mitUnentschieden
6a978d0fab080c8c957f79ac;2026-09-07;TEF-PBL;rocket-mewtwo-ex;n-zoroark;1;0;0;1;1.0;mitUnentschieden
6a978d0fab080c8c957f79ac;2026-09-07;TEF-PBL;mega-abomasnow-ex;n-zoroark;0;1;0;1;0.0;mitUnentschieden
6a978d0fab080c8c957f79ac;2026-09-07;TEF-PBL;n-zoroark;mega-abomasnow-ex;1;0;0;1;1.0;mitUnentschieden
6a978d0fab080c8c957f79ac;2026-09-07;TEF-PBL;greninja-ex;alakazam-dusknoir;1;0;0;1;1.0;mitUnentschieden
6a978d0fab080c8c957f79ac;2026-09-07;TEF-PBL;alakazam-dusknoir;greninja-ex;0;1;0;1;0.0;mitUnentschieden
6a978d0fab080c8c957f79ac;2026-09-07;TEF-PBL;misty-gyarados;cynthia-garchomp-ex;0;1;0;1;0.0;mitUnentschieden
6a978d0fab080c8c957f79ac;2026-09-07;TEF-PBL;cynthia-garchomp-ex;misty-gyarados;1;0;0;1;1.0;mitUnentschieden
6a978d0fab080c8c957f79ac;2026-09-07;TEF-PBL;beedrill-ex-cri;ogerpon-meganium;1;0;0;1;1.0;mitUnentschieden
6a978d0fab080c8c957f79ac;2026-09-07;TEF-PBL;ogerpon-meganium;beedrill-ex-cri;0;1;0;1;0.0;mitUnentschieden
6a978d0fab080c8c957f79ac;2026-09-07;TEF-PBL;toucannon-pbl;okidogi-barbaracle;0;1;0;1;0.0;mitUnentschieden
6a978d0fab080c8c957f79ac;2026-09-07;TEF-PBL;okidogi-barbaracle;toucannon-pbl;1;0;0;1;1.0;mitUnentschieden
6a978d0fab080c8c957f79ac;2026-09-07;TEF-PBL;slowking-scr;wailord-ex;0;1;0;1;0.0;mitUnentschieden
6a978d0fab080c8c957f79ac;2026-09-07;TEF-PBL;wailord-ex;slowking-scr;1;0;0;1;1.0;mitUnentschieden
6a978d0fab080c8c957f79ac;2026-09-07;TEF-PBL;hydreigon-ex;toucannon-pbl;0;1;0;1;0.0;mitUnentschieden
6a978d0fab080c8c957f79ac;2026-09-07;TEF-PBL;toucannon-pbl;hydreigon-ex;1;0;0;1;1.0;mitUnentschieden
6a978d0fab080c8c957f79ac;2026-09-07;TEF-PBL;lucario-hariyama;slowking-scr;1;0;0;1;1.0;mitUnentschieden
6a978d0fab080c8c957f79ac;2026-09-07;TEF-PBL;slowking-scr;lucario-hariyama;0;1;0;1;0.0;mitUnentschieden
6a978d0fab080c8c957f79ac;2026-09-07;TEF-PBL;dragapult-blaziken;hydreigon-ex;1;0;0;1;1.0;mitUnentschieden
6a978d0fab080c8c957f79ac;2026-09-07;TEF-PBL;hydreigon-ex;dragapult-blaziken;0;1;0;1;0.0;mitUnentschieden
6a978d0fab080c8c957f79ac;2026-09-07;TEF-PBL;raging-bolt-ogerpon;slowking-scr;1;0;0;1;1.0;mitUnentschieden
6a978d0fab080c8c957f79ac;2026-09-07;TEF-PBL;slowking-scr;raging-bolt-ogerpon;0;1;0;1;0.0;mitUnentschieden
6a978d0fab080c8c957f79ac;2026-09-07;TEF-PBL;diancie-dusknoir;dragapult-dusknoir;0;1;0;1;0.0;mitUnentschieden
6a978d0fab080c8c957f79ac;2026-09-07;TEF-PBL;dragapult-dusknoir;diancie-dusknoir;0;1;0;1;0.0;mitUnentschieden
6a978d0fab080c8c957f79ac;2026-09-07;TEF-PBL;mega-greninja-ex;mega-darkrai-ex;0;1;0;1;0.0;mitUnentschieden
6a978d0fab080c8c957f79ac;2026-09-07;TEF-PBL;mega-darkrai-ex;mega-greninja-ex;1;0;0;1;1.0;mitUnentschieden
6a978d0fab080c8c957f79ac;2026-09-07;TEF-PBL;n-zoroark;alakazam-dusknoir;1;0;0;1;1.0;mitUnentschieden
6a978d0fab080c8c957f79ac;2026-09-07;TEF-PBL;alakazam-dusknoir;n-zoroark;0;1;0;1;0.0;mitUnentschieden
6a978d0fab080c8c957f79ac;2026-09-07;TEF-PBL;dragapult-dusknoir;cinccino-ex;0;2;0;2;0.0;mitUnentschieden
6a978d0fab080c8c957f79ac;2026-09-07;TEF-PBL;cinccino-ex;dragapult-dusknoir;0;2;0;2;0.0;mitUnentschieden
6a978d0fab080c8c957f79ac;2026-09-07;TEF-PBL;sharpedo-toxtricity;rockets-honchkrow;0;2;0;2;0.0;mitUnentschieden
6a978d0fab080c8c957f79ac;2026-09-07;TEF-PBL;rockets-honchkrow;sharpedo-toxtricity;2;0;0;2;1.0;mitUnentschieden
6a978d0fab080c8c957f79ac;2026-09-07;TEF-PBL;alakazam-dusknoir;rocket-mewtwo-ex;1;0;0;1;1.0;mitUnentschieden
6a978d0fab080c8c957f79ac;2026-09-07;TEF-PBL;rocket-mewtwo-ex;alakazam-dusknoir;0;1;0;1;0.0;mitUnentschieden
6a978d0fab080c8c957f79ac;2026-09-07;TEF-PBL;dragapult-blaziken;slowking-scr;0;1;0;1;0.0;mitUnentschieden
6a978d0fab080c8c957f79ac;2026-09-07;TEF-PBL;slowking-scr;dragapult-blaziken;1;0;0;1;1.0;mitUnentschieden
6a978d0fab080c8c957f79ac;2026-09-07;TEF-PBL;dragapult-blaziken;cynthia-garchomp-ex;1;0;0;1;1.0;mitUnentschieden
6a978d0fab080c8c957f79ac;2026-09-07;TEF-PBL;cynthia-garchomp-ex;dragapult-blaziken;0;1;0;1;0.0;mitUnentschieden
6a978d0fab080c8c957f79ac;2026-09-07;TEF-PBL;lopunny-dudunsparce;alakazam-dudunsparce;1;0;0;1;1.0;mitUnentschieden
6a978d0fab080c8c957f79ac;2026-09-07;TEF-PBL;alakazam-dudunsparce;lopunny-dudunsparce;0;1;0;1;0.0;mitUnentschieden
6a978d0fab080c8c957f79ac;2026-09-07;TEF-PBL;mega-excadrill-ex;greninja-ex;0;1;0;1;0.0;mitUnentschieden
6a978d0fab080c8c957f79ac;2026-09-07;TEF-PBL;greninja-ex;mega-excadrill-ex;1;0;0;1;1.0;mitUnentschieden
6a978d0fab080c8c957f79ac;2026-09-07;TEF-PBL;crustle-dri;kangaskhan-bouffalant;1;0;0;1;1.0;mitUnentschieden
6a978d0fab080c8c957f79ac;2026-09-07;TEF-PBL;kangaskhan-bouffalant;crustle-dri;0;1;0;1;0.0;mitUnentschieden
6a978d0fab080c8c957f79ac;2026-09-07;TEF-PBL;beedrill-ex-cri;dragapult-blaziken;1;0;0;1;1.0;mitUnentschieden
6a978d0fab080c8c957f79ac;2026-09-07;TEF-PBL;dragapult-blaziken;beedrill-ex-cri;0;1;0;1;0.0;mitUnentschieden
6a978d0fab080c8c957f79ac;2026-09-07;TEF-PBL;lopunny-dudunsparce;mega-lucario-ex;0;1;0;1;0.0;mitUnentschieden
6a978d0fab080c8c957f79ac;2026-09-07;TEF-PBL;mega-lucario-ex;lopunny-dudunsparce;1;0;0;1;1.0;mitUnentschieden
6a978d0fab080c8c957f79ac;2026-09-07;TEF-PBL;sharpedo-toxtricity;alakazam-dudunsparce;1;0;0;1;1.0;mitUnentschieden
6a978d0fab080c8c957f79ac;2026-09-07;TEF-PBL;alakazam-dudunsparce;sharpedo-toxtricity;0;1;0;1;0.0;mitUnentschieden
6a978d0fab080c8c957f79ac;2026-09-07;TEF-PBL;dragapult-dusknoir;ursaluna-lunatone;1;1;0;2;0.5;mitUnentschieden
6a978d0fab080c8c957f79ac;2026-09-07;TEF-PBL;ursaluna-lunatone;dragapult-dusknoir;1;1;0;2;0.5;mitUnentschieden
6a978d0fab080c8c957f79ac;2026-09-07;TEF-PBL;crustle-dri;wailord-ex;1;0;0;1;1.0;mitUnentschieden
6a978d0fab080c8c957f79ac;2026-09-07;TEF-PBL;wailord-ex;crustle-dri;0;1;0;1;0.0;mitUnentschieden
6a978d0fab080c8c957f79ac;2026-09-07;TEF-PBL;greninja-ex;toucannon-pbl;0;1;0;1;0.0;mitUnentschieden
6a978d0fab080c8c957f79ac;2026-09-07;TEF-PBL;toucannon-pbl;greninja-ex;1;0;0;1;1.0;mitUnentschieden
6a978d0fab080c8c957f79ac;2026-09-07;TEF-PBL;okidogi-barbaracle;crustle-dri;0;1;0;1;0.0;mitUnentschieden
6a978d0fab080c8c957f79ac;2026-09-07;TEF-PBL;crustle-dri;okidogi-barbaracle;1;0;0;1;1.0;mitUnentschieden
6a978d0fab080c8c957f79ac;2026-09-07;TEF-PBL;dragapult-blaziken;toucannon-pbl;1;0;0;1;1.0;mitUnentschieden
6a978d0fab080c8c957f79ac;2026-09-07;TEF-PBL;toucannon-pbl;dragapult-blaziken;0;1;0;1;0.0;mitUnentschieden
6a978d0fab080c8c957f79ac;2026-09-07;TEF-PBL;starmie-froslass;mega-darkrai-ex;1;0;0;1;1.0;mitUnentschieden
6a978d0fab080c8c957f79ac;2026-09-07;TEF-PBL;mega-darkrai-ex;starmie-froslass;0;1;0;1;0.0;mitUnentschieden
6a978d0fab080c8c957f79ac;2026-09-07;TEF-PBL;lucario-hariyama;cynthia-garchomp-ex;0;1;0;1;0.0;mitUnentschieden
6a978d0fab080c8c957f79ac;2026-09-07;TEF-PBL;cynthia-garchomp-ex;lucario-hariyama;1;0;0;1;1.0;mitUnentschieden
6a978d0fab080c8c957f79ac;2026-09-07;TEF-PBL;seaking-pre;basic-box-m;0;1;0;1;0.0;mitUnentschieden
6a978d0fab080c8c957f79ac;2026-09-07;TEF-PBL;basic-box-m;seaking-pre;0;1;0;1;0.0;mitUnentschieden
6a978d0fab080c8c957f79ac;2026-09-07;TEF-PBL;diancie-dusknoir;hydreigon-ex;0;1;0;1;0.0;mitUnentschieden
6a978d0fab080c8c957f79ac;2026-09-07;TEF-PBL;hydreigon-ex;diancie-dusknoir;0;1;0;1;0.0;mitUnentschieden
6a978d0fab080c8c957f79ac;2026-09-07;TEF-PBL;festival-lead;alakazam-dusknoir;0;1;0;1;0.0;mitUnentschieden
6a978d0fab080c8c957f79ac;2026-09-07;TEF-PBL;alakazam-dusknoir;festival-lead;0;1;0;1;0.0;mitUnentschieden
6a978d0fab080c8c957f79ac;2026-09-07;TEF-PBL;rockets-honchkrow;alakazam-dusknoir;1;0;0;1;1.0;mitUnentschieden
6a978d0fab080c8c957f79ac;2026-09-07;TEF-PBL;alakazam-dusknoir;rockets-honchkrow;0;1;0;1;0.0;mitUnentschieden
6a978d0fab080c8c957f79ac;2026-09-07;TEF-PBL;lopunny-dudunsparce;lucario-hariyama;1;0;0;1;1.0;mitUnentschieden
6a978d0fab080c8c957f79ac;2026-09-07;TEF-PBL;lucario-hariyama;lopunny-dudunsparce;0;1;0;1;0.0;mitUnentschieden
6a978d0fab080c8c957f79ac;2026-09-07;TEF-PBL;greninja-ex;seaking-pre;1;0;0;1;1.0;mitUnentschieden
6a978d0fab080c8c957f79ac;2026-09-07;TEF-PBL;seaking-pre;greninja-ex;0;1;0;1;0.0;mitUnentschieden
6a978d0fab080c8c957f79ac;2026-09-07;TEF-PBL;n-zoroark;dragapult-blaziken;1;0;0;1;1.0;mitUnentschieden
6a978d0fab080c8c957f79ac;2026-09-07;TEF-PBL;dragapult-blaziken;n-zoroark;0;1;0;1;0.0;mitUnentschieden
6a978d0fab080c8c957f79ac;2026-09-07;TEF-PBL;dhelmise-pbl;sharpedo-toxtricity;0;1;0;1;0.0;mitUnentschieden
6a978d0fab080c8c957f79ac;2026-09-07;TEF-PBL;sharpedo-toxtricity;dhelmise-pbl;1;0;0;1;1.0;mitUnentschieden
6a978d0fab080c8c957f79ac;2026-09-07;TEF-PBL;festival-lead;crustle-dri;0;1;0;1;0.0;mitUnentschieden
6a978d0fab080c8c957f79ac;2026-09-07;TEF-PBL;crustle-dri;festival-lead;1;0;0;1;1.0;mitUnentschieden
6a978d0fab080c8c957f79ac;2026-09-07;TEF-PBL;mega-lucario-ex;cynthia-garchomp-ex;1;0;0;1;1.0;mitUnentschieden
6a978d0fab080c8c957f79ac;2026-09-07;TEF-PBL;cynthia-garchomp-ex;mega-lucario-ex;0;1;0;1;0.0;mitUnentschieden
6a978d0fab080c8c957f79ac;2026-09-07;TEF-PBL;sharpedo-toxtricity;mega-excadrill-ex;0;1;1;2;0.0;mitUnentschieden
6a978d0fab080c8c957f79ac;2026-09-07;TEF-PBL;mega-excadrill-ex;sharpedo-toxtricity;1;0;1;2;0.5;mitUnentschieden
6a978d0fab080c8c957f79ac;2026-09-07;TEF-PBL;cynthia-garchomp-ex;beedrill-ex-cri;0;1;0;1;0.0;mitUnentschieden
6a978d0fab080c8c957f79ac;2026-09-07;TEF-PBL;beedrill-ex-cri;cynthia-garchomp-ex;1;0;0;1;1.0;mitUnentschieden
6a978d0fab080c8c957f79ac;2026-09-07;TEF-PBL;kangaskhan-bouffalant;n-zoroark;1;0;0;1;1.0;mitUnentschieden
6a978d0fab080c8c957f79ac;2026-09-07;TEF-PBL;n-zoroark;kangaskhan-bouffalant;0;1;0;1;0.0;mitUnentschieden
6a978d0fab080c8c957f79ac;2026-09-07;TEF-PBL;lopunny-dudunsparce;wailord-ex;1;0;0;1;1.0;mitUnentschieden
6a978d0fab080c8c957f79ac;2026-09-07;TEF-PBL;wailord-ex;lopunny-dudunsparce;0;1;0;1;0.0;mitUnentschieden
6a978d0fab080c8c957f79ac;2026-09-07;TEF-PBL;starmie-froslass;alakazam-dudunsparce;0;1;0;1;0.0;mitUnentschieden
6a978d0fab080c8c957f79ac;2026-09-07;TEF-PBL;alakazam-dudunsparce;starmie-froslass;1;0;0;1;1.0;mitUnentschieden
6a978d0fab080c8c957f79ac;2026-09-07;TEF-PBL;lopunny-dusknoir;dragapult-ex;0;1;0;1;0.0;mitUnentschieden
6a978d0fab080c8c957f79ac;2026-09-07;TEF-PBL;dragapult-ex;lopunny-dusknoir;1;0;0;1;1.0;mitUnentschieden
6a978d0fab080c8c957f79ac;2026-09-07;TEF-PBL;dragapult-blaziken;dragapult-dusknoir;1;0;0;1;1.0;mitUnentschieden
6a978d0fab080c8c957f79ac;2026-09-07;TEF-PBL;dragapult-dusknoir;dragapult-blaziken;0;1;0;1;0.0;mitUnentschieden
6a978d0fab080c8c957f79ac;2026-09-07;TEF-PBL;starmie-froslass;ursaluna-lunatone;1;0;0;1;1.0;mitUnentschieden
6a978d0fab080c8c957f79ac;2026-09-07;TEF-PBL;ursaluna-lunatone;starmie-froslass;0;1;0;1;0.0;mitUnentschieden
6a978d0fab080c8c957f79ac;2026-09-07;TEF-PBL;seaking-pre;raging-bolt-ogerpon;0;1;0;1;0.0;mitUnentschieden
6a978d0fab080c8c957f79ac;2026-09-07;TEF-PBL;raging-bolt-ogerpon;seaking-pre;0;1;0;1;0.0;mitUnentschieden
6a978d0fab080c8c957f79ac;2026-09-07;TEF-PBL;mega-darkrai-ex;dragapult-dusknoir;1;0;0;1;1.0;mitUnentschieden
6a978d0fab080c8c957f79ac;2026-09-07;TEF-PBL;dragapult-dusknoir;mega-darkrai-ex;0;1;0;1;0.0;mitUnentschieden
6a978d0fab080c8c957f79ac;2026-09-07;TEF-PBL;mega-greninja-ex;dragapult-dusknoir;0;2;0;2;0.0;mitUnentschieden
6a978d0fab080c8c957f79ac;2026-09-07;TEF-PBL;dragapult-dusknoir;mega-greninja-ex;0;2;0;2;0.0;mitUnentschieden
6a978d0fab080c8c957f79ac;2026-09-07;TEF-PBL;diancie-dusknoir;festival-lead;0;1;0;1;0.0;mitUnentschieden
6a978d0fab080c8c957f79ac;2026-09-07;TEF-PBL;festival-lead;diancie-dusknoir;0;1;0;1;0.0;mitUnentschieden
6a978d0fab080c8c957f79ac;2026-09-07;TEF-PBL;alakazam-dusknoir;dhelmise-pbl;0;1;0;1;0.0;mitUnentschieden
6a978d0fab080c8c957f79ac;2026-09-07;TEF-PBL;dhelmise-pbl;alakazam-dusknoir;0;1;0;1;0.0;mitUnentschieden
6a978d0fab080c8c957f79ac;2026-09-07;TEF-PBL;rockets-honchkrow;dragapult-ex;3;0;1;4;0.75;mitUnentschieden
6a978d0fab080c8c957f79ac;2026-09-07;TEF-PBL;dragapult-ex;rockets-honchkrow;0;3;1;4;0.0;mitUnentschieden
6a978d0fab080c8c957f79ac;2026-09-07;TEF-PBL;crustle-dri;crustle-dri;1;1;0;2;0.5;mitUnentschieden
6a978d0fab080c8c957f79ac;2026-09-07;TEF-PBL;crustle-dri;cynthia-garchomp-ex;0;1;0;1;0.0;mitUnentschieden
6a978d0fab080c8c957f79ac;2026-09-07;TEF-PBL;cynthia-garchomp-ex;crustle-dri;1;0;0;1;1.0;mitUnentschieden
6a978d0fab080c8c957f79ac;2026-09-07;TEF-PBL;misty-gyarados;dragapult-ex;1;0;0;1;1.0;mitUnentschieden
6a978d0fab080c8c957f79ac;2026-09-07;TEF-PBL;dragapult-ex;misty-gyarados;0;1;0;1;0.0;mitUnentschieden
6a978d0fab080c8c957f79ac;2026-09-07;TEF-PBL;wailord-ex;mega-excadrill-ex;0;1;0;1;0.0;mitUnentschieden
6a978d0fab080c8c957f79ac;2026-09-07;TEF-PBL;mega-excadrill-ex;wailord-ex;1;0;0;1;1.0;mitUnentschieden
6a978d0fab080c8c957f79ac;2026-09-07;TEF-PBL;seaking-pre;dragapult-dusknoir;0;1;0;1;0.0;mitUnentschieden
6a978d0fab080c8c957f79ac;2026-09-07;TEF-PBL;dragapult-dusknoir;seaking-pre;0;1;0;1;0.0;mitUnentschieden
6a978d0fab080c8c957f79ac;2026-09-07;TEF-PBL;diancie-dusknoir;dragapult-ex;0;1;0;1;0.0;mitUnentschieden
6a978d0fab080c8c957f79ac;2026-09-07;TEF-PBL;dragapult-ex;diancie-dusknoir;0;1;0;1;0.0;mitUnentschieden
6a978d0fab080c8c957f79ac;2026-09-07;TEF-PBL;dhelmise-pbl;festival-lead;0;1;0;1;0.0;mitUnentschieden
6a978d0fab080c8c957f79ac;2026-09-07;TEF-PBL;festival-lead;dhelmise-pbl;0;1;0;1;0.0;mitUnentschieden
6a978d0fab080c8c957f79ac;2026-09-07;TEF-PBL;rockets-honchkrow;rockets-honchkrow;1;1;0;2;0.5;mitUnentschieden
6a6f72c3cdc0391d7fa5a4fa;2026-09-06;TEF-PBL;grimmsnarl-froslass;dhelmise-pbl;2;2;0;4;0.5;mitUnentschieden
6a6f72c3cdc0391d7fa5a4fa;2026-09-06;TEF-PBL;dhelmise-pbl;grimmsnarl-froslass;2;2;0;4;0.5;mitUnentschieden
6a6f72c3cdc0391d7fa5a4fa;2026-09-06;TEF-PBL;beedrill-ex-cri;ogerpon-meganium;1;0;0;1;1.0;mitUnentschieden
6a6f72c3cdc0391d7fa5a4fa;2026-09-06;TEF-PBL;ogerpon-meganium;beedrill-ex-cri;0;1;0;1;0.0;mitUnentschieden
6a6f72c3cdc0391d7fa5a4fa;2026-09-06;TEF-PBL;lopunny-dusknoir;dragapult-ex;2;1;0;3;0.666667;mitUnentschieden
6a6f72c3cdc0391d7fa5a4fa;2026-09-06;TEF-PBL;dragapult-ex;lopunny-dusknoir;1;2;0;3;0.333333;mitUnentschieden
6a6f72c3cdc0391d7fa5a4fa;2026-09-06;TEF-PBL;mega-venusaur-ex;alakazam-dusknoir;1;0;0;1;1.0;mitUnentschieden
6a6f72c3cdc0391d7fa5a4fa;2026-09-06;TEF-PBL;alakazam-dusknoir;mega-venusaur-ex;0;1;0;1;0.0;mitUnentschieden
6a6f72c3cdc0391d7fa5a4fa;2026-09-06;TEF-PBL;basic-box-m;alakazam-dusknoir;1;2;0;3;0.333333;mitUnentschieden
6a6f72c3cdc0391d7fa5a4fa;2026-09-06;TEF-PBL;alakazam-dusknoir;basic-box-m;2;1;0;3;0.666667;mitUnentschieden
6a6f72c3cdc0391d7fa5a4fa;2026-09-06;TEF-PBL;mega-camerupt-ex;dhelmise-pbl;0;1;0;1;0.0;mitUnentschieden
6a6f72c3cdc0391d7fa5a4fa;2026-09-06;TEF-PBL;dhelmise-pbl;mega-camerupt-ex;1;0;0;1;1.0;mitUnentschieden
6a6f72c3cdc0391d7fa5a4fa;2026-09-06;TEF-PBL;slowking-scr;dragapult-dusknoir;2;4;0;6;0.333333;mitUnentschieden
6a6f72c3cdc0391d7fa5a4fa;2026-09-06;TEF-PBL;dragapult-dusknoir;slowking-scr;4;2;0;6;0.666667;mitUnentschieden
6a6f72c3cdc0391d7fa5a4fa;2026-09-06;TEF-PBL;dhelmise-pbl;dragapult-dusknoir;4;3;0;7;0.571429;mitUnentschieden
6a6f72c3cdc0391d7fa5a4fa;2026-09-06;TEF-PBL;dragapult-dusknoir;dhelmise-pbl;3;4;0;7;0.428571;mitUnentschieden
6a6f72c3cdc0391d7fa5a4fa;2026-09-06;TEF-PBL;grimmsnarl-froslass;dragapult-ex;2;2;0;4;0.5;mitUnentschieden
6a6f72c3cdc0391d7fa5a4fa;2026-09-06;TEF-PBL;dragapult-ex;grimmsnarl-froslass;2;2;0;4;0.5;mitUnentschieden
6a6f72c3cdc0391d7fa5a4fa;2026-09-06;TEF-PBL;festival-lead;mega-chandelure-ex;2;0;0;2;1.0;mitUnentschieden
6a6f72c3cdc0391d7fa5a4fa;2026-09-06;TEF-PBL;mega-chandelure-ex;festival-lead;0;2;0;2;0.0;mitUnentschieden
6a6f72c3cdc0391d7fa5a4fa;2026-09-06;TEF-PBL;dragapult-blaziken;mega-excadrill-ex;1;0;0;1;1.0;mitUnentschieden
6a6f72c3cdc0391d7fa5a4fa;2026-09-06;TEF-PBL;mega-excadrill-ex;dragapult-blaziken;0;1;0;1;0.0;mitUnentschieden
6a6f72c3cdc0391d7fa5a4fa;2026-09-06;TEF-PBL;mega-excadrill-ex;festival-lead;1;0;0;1;1.0;mitUnentschieden
6a6f72c3cdc0391d7fa5a4fa;2026-09-06;TEF-PBL;festival-lead;mega-excadrill-ex;0;1;0;1;0.0;mitUnentschieden
6a6f72c3cdc0391d7fa5a4fa;2026-09-06;TEF-PBL;n-zoroark;dragapult-blaziken;0;1;0;1;0.0;mitUnentschieden
6a6f72c3cdc0391d7fa5a4fa;2026-09-06;TEF-PBL;dragapult-blaziken;n-zoroark;1;0;0;1;1.0;mitUnentschieden
6a6f72c3cdc0391d7fa5a4fa;2026-09-06;TEF-PBL;mega-feraligatr-ex;alakazam-dudunsparce;0;1;0;1;0.0;mitUnentschieden
6a6f72c3cdc0391d7fa5a4fa;2026-09-06;TEF-PBL;alakazam-dudunsparce;mega-feraligatr-ex;1;0;0;1;1.0;mitUnentschieden
6a6f72c3cdc0391d7fa5a4fa;2026-09-06;TEF-PBL;dragapult-ex;dragapult-dusknoir;5;4;0;9;0.555556;mitUnentschieden
6a6f72c3cdc0391d7fa5a4fa;2026-09-06;TEF-PBL;dragapult-dusknoir;dragapult-ex;4;5;0;9;0.444444;mitUnentschieden
6a6f72c3cdc0391d7fa5a4fa;2026-09-06;TEF-PBL;mega-greninja-ex;alakazam-dudunsparce;0;2;0;2;0.0;mitUnentschieden
6a6f72c3cdc0391d7fa5a4fa;2026-09-06;TEF-PBL;alakazam-dudunsparce;mega-greninja-ex;2;0;0;2;1.0;mitUnentschieden
6a6f72c3cdc0391d7fa5a4fa;2026-09-06;TEF-PBL;grimmsnarl-froslass;cynthia-garchomp-ex;1;0;0;1;1.0;mitUnentschieden
6a6f72c3cdc0391d7fa5a4fa;2026-09-06;TEF-PBL;cynthia-garchomp-ex;grimmsnarl-froslass;0;1;0;1;0.0;mitUnentschieden
6a6f72c3cdc0391d7fa5a4fa;2026-09-06;TEF-PBL;toxtricity-pfl;lopunny-dudunsparce;0;1;0;1;0.0;mitUnentschieden
6a6f72c3cdc0391d7fa5a4fa;2026-09-06;TEF-PBL;lopunny-dudunsparce;toxtricity-pfl;1;0;0;1;1.0;mitUnentschieden
6a6f72c3cdc0391d7fa5a4fa;2026-09-06;TEF-PBL;slowking-scr;raging-bolt-ogerpon;0;1;0;1;0.0;mitUnentschieden
6a6f72c3cdc0391d7fa5a4fa;2026-09-06;TEF-PBL;raging-bolt-ogerpon;slowking-scr;1;0;0;1;1.0;mitUnentschieden
6a6f72c3cdc0391d7fa5a4fa;2026-09-06;TEF-PBL;dragapult-dudunsparce;lopunny-dudunsparce;2;0;0;2;1.0;mitUnentschieden
6a6f72c3cdc0391d7fa5a4fa;2026-09-06;TEF-PBL;lopunny-dudunsparce;dragapult-dudunsparce;0;2;0;2;0.0;mitUnentschieden
6a6f72c3cdc0391d7fa5a4fa;2026-09-06;TEF-PBL;mega-darkrai-ex;lucario-hariyama;0;1;0;1;0.0;mitUnentschieden
6a6f72c3cdc0391d7fa5a4fa;2026-09-06;TEF-PBL;lucario-hariyama;mega-darkrai-ex;1;0;0;1;1.0;mitUnentschieden
6a6f72c3cdc0391d7fa5a4fa;2026-09-06;TEF-PBL;slowking-scr;mega-darkrai-ex;1;1;0;2;0.5;mitUnentschieden
6a6f72c3cdc0391d7fa5a4fa;2026-09-06;TEF-PBL;mega-darkrai-ex;slowking-scr;1;1;0;2;0.5;mitUnentschieden
6a6f72c3cdc0391d7fa5a4fa;2026-09-06;TEF-PBL;hops-trevenant;dragapult-ex;0;1;0;1;0.0;mitUnentschieden
6a6f72c3cdc0391d7fa5a4fa;2026-09-06;TEF-PBL;dragapult-ex;hops-trevenant;1;0;0;1;1.0;mitUnentschieden
6a6f72c3cdc0391d7fa5a4fa;2026-09-06;TEF-PBL;basic-box-m;dragapult-blaziken;1;0;0;1;1.0;mitUnentschieden
6a6f72c3cdc0391d7fa5a4fa;2026-09-06;TEF-PBL;dragapult-blaziken;basic-box-m;0;1;0;1;0.0;mitUnentschieden
6a6f72c3cdc0391d7fa5a4fa;2026-09-06;TEF-PBL;basic-box-m;dragapult-dusknoir;3;1;0;4;0.75;mitUnentschieden
6a6f72c3cdc0391d7fa5a4fa;2026-09-06;TEF-PBL;dragapult-dusknoir;basic-box-m;1;3;0;4;0.25;mitUnentschieden
6a6f72c3cdc0391d7fa5a4fa;2026-09-06;TEF-PBL;dragapult-dusknoir;crustle-dri;1;2;0;3;0.333333;mitUnentschieden
6a6f72c3cdc0391d7fa5a4fa;2026-09-06;TEF-PBL;crustle-dri;dragapult-dusknoir;2;1;0;3;0.666667;mitUnentschieden
6a6f72c3cdc0391d7fa5a4fa;2026-09-06;TEF-PBL;seaking-pre;stevens-metagross;1;0;0;1;1.0;mitUnentschieden
6a6f72c3cdc0391d7fa5a4fa;2026-09-06;TEF-PBL;stevens-metagross;seaking-pre;0;1;0;1;0.0;mitUnentschieden
6a6f72c3cdc0391d7fa5a4fa;2026-09-06;TEF-PBL;dragapult-dusknoir;cynthia-garchomp-ex;1;0;0;1;1.0;mitUnentschieden
6a6f72c3cdc0391d7fa5a4fa;2026-09-06;TEF-PBL;cynthia-garchomp-ex;dragapult-dusknoir;0;1;0;1;0.0;mitUnentschieden
6a6f72c3cdc0391d7fa5a4fa;2026-09-06;TEF-PBL;greninja-ex;alakazam-dusknoir;0;1;0;1;0.0;mitUnentschieden
6a6f72c3cdc0391d7fa5a4fa;2026-09-06;TEF-PBL;alakazam-dusknoir;greninja-ex;1;0;0;1;1.0;mitUnentschieden
6a6f72c3cdc0391d7fa5a4fa;2026-09-06;TEF-PBL;rockets-honchkrow;n-zoroark;1;0;0;1;1.0;mitUnentschieden
6a6f72c3cdc0391d7fa5a4fa;2026-09-06;TEF-PBL;n-zoroark;rockets-honchkrow;0;1;0;1;0.0;mitUnentschieden
6a6f72c3cdc0391d7fa5a4fa;2026-09-06;TEF-PBL;dragapult-ex;rocket-mewtwo-ex;1;0;0;1;1.0;mitUnentschieden
6a6f72c3cdc0391d7fa5a4fa;2026-09-06;TEF-PBL;rocket-mewtwo-ex;dragapult-ex;0;1;0;1;0.0;mitUnentschieden
6a6f72c3cdc0391d7fa5a4fa;2026-09-06;TEF-PBL;dragapult-ex;alakazam-dudunsparce;6;2;0;8;0.75;mitUnentschieden
6a6f72c3cdc0391d7fa5a4fa;2026-09-06;TEF-PBL;alakazam-dudunsparce;dragapult-ex;2;6;0;8;0.25;mitUnentschieden
6a6f72c3cdc0391d7fa5a4fa;2026-09-06;TEF-PBL;toucannon-pbl;dragapult-ex;0;2;0;2;0.0;mitUnentschieden
6a6f72c3cdc0391d7fa5a4fa;2026-09-06;TEF-PBL;dragapult-ex;toucannon-pbl;2;0;0;2;1.0;mitUnentschieden
6a6f72c3cdc0391d7fa5a4fa;2026-09-06;TEF-PBL;dhelmise-pbl;sharpedo-toxtricity;1;0;0;1;1.0;mitUnentschieden
6a6f72c3cdc0391d7fa5a4fa;2026-09-06;TEF-PBL;sharpedo-toxtricity;dhelmise-pbl;0;1;0;1;0.0;mitUnentschieden
6a6f72c3cdc0391d7fa5a4fa;2026-09-06;TEF-PBL;dhelmise-pbl;basic-box-m;2;3;0;5;0.4;mitUnentschieden
6a6f72c3cdc0391d7fa5a4fa;2026-09-06;TEF-PBL;basic-box-m;dhelmise-pbl;3;2;0;5;0.6;mitUnentschieden
6a6f72c3cdc0391d7fa5a4fa;2026-09-06;TEF-PBL;clefairy-ogerpon;dragapult-ex;1;0;0;1;1.0;mitUnentschieden
6a6f72c3cdc0391d7fa5a4fa;2026-09-06;TEF-PBL;dragapult-ex;clefairy-ogerpon;0;1;0;1;0.0;mitUnentschieden
6a6f72c3cdc0391d7fa5a4fa;2026-09-06;TEF-PBL;lucario-hariyama;stevens-metagross;1;1;0;2;0.5;mitUnentschieden
6a6f72c3cdc0391d7fa5a4fa;2026-09-06;TEF-PBL;stevens-metagross;lucario-hariyama;1;1;0;2;0.5;mitUnentschieden
6a6f72c3cdc0391d7fa5a4fa;2026-09-06;TEF-PBL;alakazam-dudunsparce;slowking-scr;2;0;0;2;1.0;mitUnentschieden
6a6f72c3cdc0391d7fa5a4fa;2026-09-06;TEF-PBL;slowking-scr;alakazam-dudunsparce;0;2;0;2;0.0;mitUnentschieden
6a6f72c3cdc0391d7fa5a4fa;2026-09-06;TEF-PBL;slowking-scr;slowking-scr;1;3;0;4;0.25;mitUnentschieden
6a6f72c3cdc0391d7fa5a4fa;2026-09-06;TEF-PBL;basic-box-m;lucario-hariyama;1;0;0;1;1.0;mitUnentschieden
6a6f72c3cdc0391d7fa5a4fa;2026-09-06;TEF-PBL;lucario-hariyama;basic-box-m;0;1;0;1;0.0;mitUnentschieden
6a6f72c3cdc0391d7fa5a4fa;2026-09-06;TEF-PBL;basic-box-m;mega-lucario-ex;2;1;0;3;0.666667;mitUnentschieden
6a6f72c3cdc0391d7fa5a4fa;2026-09-06;TEF-PBL;mega-lucario-ex;basic-box-m;1;2;0;3;0.333333;mitUnentschieden
6a6f72c3cdc0391d7fa5a4fa;2026-09-06;TEF-PBL;mega-lucario-ex;archaludon-dudunsparce;1;0;0;1;1.0;mitUnentschieden
6a6f72c3cdc0391d7fa5a4fa;2026-09-06;TEF-PBL;archaludon-dudunsparce;mega-lucario-ex;0;1;0;1;0.0;mitUnentschieden
6a6f72c3cdc0391d7fa5a4fa;2026-09-06;TEF-PBL;n-zoroark;dhelmise-pbl;1;1;0;2;0.5;mitUnentschieden
6a6f72c3cdc0391d7fa5a4fa;2026-09-06;TEF-PBL;dhelmise-pbl;n-zoroark;1;1;0;2;0.5;mitUnentschieden
6a6f72c3cdc0391d7fa5a4fa;2026-09-06;TEF-PBL;dragapult-dusknoir;lillie-clefairy;0;1;0;1;0.0;mitUnentschieden
6a6f72c3cdc0391d7fa5a4fa;2026-09-06;TEF-PBL;lillie-clefairy;dragapult-dusknoir;1;0;0;1;1.0;mitUnentschieden
6a6f72c3cdc0391d7fa5a4fa;2026-09-06;TEF-PBL;marnie-grimmsnarl-ex;alakazam-dudunsparce;0;1;0;1;0.0;mitUnentschieden
6a6f72c3cdc0391d7fa5a4fa;2026-09-06;TEF-PBL;alakazam-dudunsparce;marnie-grimmsnarl-ex;1;0;0;1;1.0;mitUnentschieden
6a6f72c3cdc0391d7fa5a4fa;2026-09-06;TEF-PBL;mega-excadrill-ex;mega-lucario-ex;1;1;0;2;0.5;mitUnentschieden
6a6f72c3cdc0391d7fa5a4fa;2026-09-06;TEF-PBL;mega-lucario-ex;mega-excadrill-ex;1;1;0;2;0.5;mitUnentschieden
6a6f72c3cdc0391d7fa5a4fa;2026-09-06;TEF-PBL;rocket-mewtwo-ex;greninja-ex;0;1;0;1;0.0;mitUnentschieden
6a6f72c3cdc0391d7fa5a4fa;2026-09-06;TEF-PBL;greninja-ex;rocket-mewtwo-ex;1;0;0;1;1.0;mitUnentschieden
6a6f72c3cdc0391d7fa5a4fa;2026-09-06;TEF-PBL;mega-excadrill-ex;slowking-scr;2;0;0;2;1.0;mitUnentschieden
6a6f72c3cdc0391d7fa5a4fa;2026-09-06;TEF-PBL;slowking-scr;mega-excadrill-ex;0;2;0;2;0.0;mitUnentschieden
6a6f72c3cdc0391d7fa5a4fa;2026-09-06;TEF-PBL;crustle-dri;dragapult-ex;4;2;1;7;0.571429;mitUnentschieden
6a6f72c3cdc0391d7fa5a4fa;2026-09-06;TEF-PBL;dragapult-ex;crustle-dri;2;4;1;7;0.285714;mitUnentschieden
6a6f72c3cdc0391d7fa5a4fa;2026-09-06;TEF-PBL;n-zoroark;ogerpon-meganium-hydrapple;0;1;0;1;0.0;mitUnentschieden
6a6f72c3cdc0391d7fa5a4fa;2026-09-06;TEF-PBL;ogerpon-meganium-hydrapple;n-zoroark;1;0;0;1;1.0;mitUnentschieden
6a6f72c3cdc0391d7fa5a4fa;2026-09-06;TEF-PBL;lopunny-dudunsparce;mega-froslass-dudunsparce;0;1;0;1;0.0;mitUnentschieden
6a6f72c3cdc0391d7fa5a4fa;2026-09-06;TEF-PBL;mega-froslass-dudunsparce;lopunny-dudunsparce;1;0;0;1;1.0;mitUnentschieden
6a6f72c3cdc0391d7fa5a4fa;2026-09-06;TEF-PBL;basic-box-m;dragapult-ex;0;4;0;4;0.0;mitUnentschieden
6a6f72c3cdc0391d7fa5a4fa;2026-09-06;TEF-PBL;dragapult-ex;basic-box-m;4;0;0;4;1.0;mitUnentschieden
6a6f72c3cdc0391d7fa5a4fa;2026-09-06;TEF-PBL;alakazam-dudunsparce;lopunny-dudunsparce;0;2;0;2;0.0;mitUnentschieden
6a6f72c3cdc0391d7fa5a4fa;2026-09-06;TEF-PBL;lopunny-dudunsparce;alakazam-dudunsparce;2;0;0;2;1.0;mitUnentschieden
6a6f72c3cdc0391d7fa5a4fa;2026-09-06;TEF-PBL;alakazam-dudunsparce;festival-lead;0;1;0;1;0.0;mitUnentschieden
6a6f72c3cdc0391d7fa5a4fa;2026-09-06;TEF-PBL;festival-lead;alakazam-dudunsparce;1;0;0;1;1.0;mitUnentschieden
6a6f72c3cdc0391d7fa5a4fa;2026-09-06;TEF-PBL;dragapult-dusknoir;mega-froslass-dudunsparce;1;0;0;1;1.0;mitUnentschieden
6a6f72c3cdc0391d7fa5a4fa;2026-09-06;TEF-PBL;mega-froslass-dudunsparce;dragapult-dusknoir;0;1;0;1;0.0;mitUnentschieden
6a6f72c3cdc0391d7fa5a4fa;2026-09-06;TEF-PBL;alakazam-dudunsparce;dhelmise-pbl;0;2;0;2;0.0;mitUnentschieden
6a6f72c3cdc0391d7fa5a4fa;2026-09-06;TEF-PBL;dhelmise-pbl;alakazam-dudunsparce;2;0;0;2;1.0;mitUnentschieden
6a6f72c3cdc0391d7fa5a4fa;2026-09-06;TEF-PBL;lucario-hariyama;beedrill-ex-cri;1;0;0;1;1.0;mitUnentschieden
6a6f72c3cdc0391d7fa5a4fa;2026-09-06;TEF-PBL;beedrill-ex-cri;lucario-hariyama;0;1;0;1;0.0;mitUnentschieden
6a6f72c3cdc0391d7fa5a4fa;2026-09-06;TEF-PBL;mega-lucario-ex;dragapult-ex;3;2;0;5;0.6;mitUnentschieden
6a6f72c3cdc0391d7fa5a4fa;2026-09-06;TEF-PBL;dragapult-ex;mega-lucario-ex;2;3;0;5;0.4;mitUnentschieden
6a6f72c3cdc0391d7fa5a4fa;2026-09-06;TEF-PBL;lopunny-dusknoir;n-zoroark;1;0;0;1;1.0;mitUnentschieden
6a6f72c3cdc0391d7fa5a4fa;2026-09-06;TEF-PBL;n-zoroark;lopunny-dusknoir;0;1;0;1;0.0;mitUnentschieden
6a6f72c3cdc0391d7fa5a4fa;2026-09-06;TEF-PBL;clefairy-ogerpon;lucario-hariyama;0;1;0;1;0.0;mitUnentschieden
6a6f72c3cdc0391d7fa5a4fa;2026-09-06;TEF-PBL;lucario-hariyama;clefairy-ogerpon;1;0;0;1;1.0;mitUnentschieden
6a6f72c3cdc0391d7fa5a4fa;2026-09-06;TEF-PBL;festival-lead;dragapult-blaziken;0;1;0;1;0.0;mitUnentschieden
6a6f72c3cdc0391d7fa5a4fa;2026-09-06;TEF-PBL;dragapult-blaziken;festival-lead;1;0;0;1;1.0;mitUnentschieden
6a6f72c3cdc0391d7fa5a4fa;2026-09-06;TEF-PBL;mega-lucario-ex;dragapult-dusknoir;4;0;0;4;1.0;mitUnentschieden
6a6f72c3cdc0391d7fa5a4fa;2026-09-06;TEF-PBL;dragapult-dusknoir;mega-lucario-ex;0;4;0;4;0.0;mitUnentschieden
6a6f72c3cdc0391d7fa5a4fa;2026-09-06;TEF-PBL;mega-lucario-ex;dhelmise-pbl;1;3;0;4;0.25;mitUnentschieden
6a6f72c3cdc0391d7fa5a4fa;2026-09-06;TEF-PBL;dhelmise-pbl;mega-lucario-ex;3;1;0;4;0.75;mitUnentschieden
6a6f72c3cdc0391d7fa5a4fa;2026-09-06;TEF-PBL;seaking-pre;dragapult-dusknoir;0;2;0;2;0.0;mitUnentschieden
6a6f72c3cdc0391d7fa5a4fa;2026-09-06;TEF-PBL;dragapult-dusknoir;seaking-pre;2;0;0;2;1.0;mitUnentschieden
6a6f72c3cdc0391d7fa5a4fa;2026-09-06;TEF-PBL;dragapult-ex;dhelmise-pbl;4;1;0;5;0.8;mitUnentschieden
6a6f72c3cdc0391d7fa5a4fa;2026-09-06;TEF-PBL;dhelmise-pbl;dragapult-ex;0;5;0;5;0.0;mitUnentschieden
6a6f72c3cdc0391d7fa5a4fa;2026-09-06;TEF-PBL;mega-excadrill-ex;mega-darkrai-ex;1;0;0;1;1.0;mitUnentschieden
6a6f72c3cdc0391d7fa5a4fa;2026-09-06;TEF-PBL;mega-darkrai-ex;mega-excadrill-ex;0;1;0;1;0.0;mitUnentschieden
6a6f72c3cdc0391d7fa5a4fa;2026-09-06;TEF-PBL;mega-venusaur-ex;raging-bolt-ogerpon;0;1;0;1;0.0;mitUnentschieden
6a6f72c3cdc0391d7fa5a4fa;2026-09-06;TEF-PBL;raging-bolt-ogerpon;mega-venusaur-ex;1;0;0;1;1.0;mitUnentschieden
6a6f72c3cdc0391d7fa5a4fa;2026-09-06;TEF-PBL;basic-box-m;dragapult-dudunsparce;0;1;0;1;0.0;mitUnentschieden
6a6f72c3cdc0391d7fa5a4fa;2026-09-06;TEF-PBL;dragapult-dudunsparce;basic-box-m;1;0;0;1;1.0;mitUnentschieden
6a6f72c3cdc0391d7fa5a4fa;2026-09-06;TEF-PBL;lillie-clefairy;dhelmise-pbl;1;0;0;1;1.0;mitUnentschieden
6a6f72c3cdc0391d7fa5a4fa;2026-09-06;TEF-PBL;dhelmise-pbl;lillie-clefairy;0;1;0;1;0.0;mitUnentschieden
6a6f72c3cdc0391d7fa5a4fa;2026-09-06;TEF-PBL;dragapult-dusknoir;alakazam-dudunsparce;1;1;0;2;0.5;mitUnentschieden
6a6f72c3cdc0391d7fa5a4fa;2026-09-06;TEF-PBL;alakazam-dudunsparce;dragapult-dusknoir;1;1;0;2;0.5;mitUnentschieden
6a6f72c3cdc0391d7fa5a4fa;2026-09-06;TEF-PBL;greninja-ex;basic-box-m;0;1;0;1;0.0;mitUnentschieden
6a6f72c3cdc0391d7fa5a4fa;2026-09-06;TEF-PBL;basic-box-m;greninja-ex;1;0;0;1;1.0;mitUnentschieden
6a6f72c3cdc0391d7fa5a4fa;2026-09-06;TEF-PBL;alakazam-dusknoir;mega-excadrill-ex;0;1;0;1;0.0;mitUnentschieden
6a6f72c3cdc0391d7fa5a4fa;2026-09-06;TEF-PBL;mega-excadrill-ex;alakazam-dusknoir;1;0;0;1;1.0;mitUnentschieden
6a6f72c3cdc0391d7fa5a4fa;2026-09-06;TEF-PBL;alakazam-dusknoir;ogerpon-meganium-hydrapple;0;1;0;1;0.0;mitUnentschieden
6a6f72c3cdc0391d7fa5a4fa;2026-09-06;TEF-PBL;ogerpon-meganium-hydrapple;alakazam-dusknoir;1;0;0;1;1.0;mitUnentschieden
6a6f72c3cdc0391d7fa5a4fa;2026-09-06;TEF-PBL;alakazam-dudunsparce;crustle-dri;0;1;0;1;0.0;mitUnentschieden
6a6f72c3cdc0391d7fa5a4fa;2026-09-06;TEF-PBL;crustle-dri;alakazam-dudunsparce;1;0;0;1;1.0;mitUnentschieden
6a6f72c3cdc0391d7fa5a4fa;2026-09-06;TEF-PBL;alakazam-dudunsparce;basic-box-m;1;1;0;2;0.5;mitUnentschieden
6a6f72c3cdc0391d7fa5a4fa;2026-09-06;TEF-PBL;basic-box-m;alakazam-dudunsparce;1;1;0;2;0.5;mitUnentschieden
6a6f72c3cdc0391d7fa5a4fa;2026-09-06;TEF-PBL;dragapult-ex;dragapult-ex;6;6;2;14;0.428571;mitUnentschieden
6a6f72c3cdc0391d7fa5a4fa;2026-09-06;TEF-PBL;alakazam-dusknoir;dhelmise-pbl;1;1;0;2;0.5;mitUnentschieden
6a6f72c3cdc0391d7fa5a4fa;2026-09-06;TEF-PBL;dhelmise-pbl;alakazam-dusknoir;1;1;0;2;0.5;mitUnentschieden
6a6f72c3cdc0391d7fa5a4fa;2026-09-06;TEF-PBL;crustle-dri;ogerpon-meganium;1;0;0;1;1.0;mitUnentschieden
6a6f72c3cdc0391d7fa5a4fa;2026-09-06;TEF-PBL;ogerpon-meganium;crustle-dri;0;1;0;1;0.0;mitUnentschieden
6a6f72c3cdc0391d7fa5a4fa;2026-09-06;TEF-PBL;mega-excadrill-ex;mega-feraligatr-ex;1;0;0;1;1.0;mitUnentschieden
6a6f72c3cdc0391d7fa5a4fa;2026-09-06;TEF-PBL;mega-feraligatr-ex;mega-excadrill-ex;0;1;0;1;0.0;mitUnentschieden
6a6f72c3cdc0391d7fa5a4fa;2026-09-06;TEF-PBL;slowking-scr;stevens-metagross;1;0;0;1;1.0;mitUnentschieden
6a6f72c3cdc0391d7fa5a4fa;2026-09-06;TEF-PBL;stevens-metagross;slowking-scr;0;1;0;1;0.0;mitUnentschieden
6a6f72c3cdc0391d7fa5a4fa;2026-09-06;TEF-PBL;sharpedo-toxtricity;dragapult-dusknoir;0;1;0;1;0.0;mitUnentschieden
6a6f72c3cdc0391d7fa5a4fa;2026-09-06;TEF-PBL;dragapult-dusknoir;sharpedo-toxtricity;1;0;0;1;1.0;mitUnentschieden
6a6f72c3cdc0391d7fa5a4fa;2026-09-06;TEF-PBL;toxtricity-pfl;rocket-mewtwo-ex;0;1;0;1;0.0;mitUnentschieden
6a6f72c3cdc0391d7fa5a4fa;2026-09-06;TEF-PBL;rocket-mewtwo-ex;toxtricity-pfl;0;1;0;1;0.0;mitUnentschieden
6a6f72c3cdc0391d7fa5a4fa;2026-09-06;TEF-PBL;dragapult-ex;alakazam-dusknoir;2;0;0;2;1.0;mitUnentschieden
6a6f72c3cdc0391d7fa5a4fa;2026-09-06;TEF-PBL;alakazam-dusknoir;dragapult-ex;0;2;0;2;0.0;mitUnentschieden
6a6f72c3cdc0391d7fa5a4fa;2026-09-06;TEF-PBL;basic-box-m;mega-chandelure-ex;1;0;0;1;1.0;mitUnentschieden
6a6f72c3cdc0391d7fa5a4fa;2026-09-06;TEF-PBL;mega-chandelure-ex;basic-box-m;0;1;0;1;0.0;mitUnentschieden
6a6f72c3cdc0391d7fa5a4fa;2026-09-06;TEF-PBL;mega-excadrill-ex;lopunny-dudunsparce;0;1;0;1;0.0;mitUnentschieden
6a6f72c3cdc0391d7fa5a4fa;2026-09-06;TEF-PBL;lopunny-dudunsparce;mega-excadrill-ex;1;0;0;1;1.0;mitUnentschieden
6a6f72c3cdc0391d7fa5a4fa;2026-09-06;TEF-PBL;mega-camerupt-ex;basic-box-m;1;0;0;1;1.0;mitUnentschieden
6a6f72c3cdc0391d7fa5a4fa;2026-09-06;TEF-PBL;basic-box-m;mega-camerupt-ex;0;1;0;1;0.0;mitUnentschieden
6a6f72c3cdc0391d7fa5a4fa;2026-09-06;TEF-PBL;n-zoroark;n-zoroark;1;1;0;2;0.5;mitUnentschieden
6a6f72c3cdc0391d7fa5a4fa;2026-09-06;TEF-PBL;dhelmise-pbl;cynthia-garchomp-ex;1;0;0;1;1.0;mitUnentschieden
6a6f72c3cdc0391d7fa5a4fa;2026-09-06;TEF-PBL;cynthia-garchomp-ex;dhelmise-pbl;0;1;0;1;0.0;mitUnentschieden
6a6f72c3cdc0391d7fa5a4fa;2026-09-06;TEF-PBL;slowking-scr;dragapult-blaziken;0;2;0;2;0.0;mitUnentschieden
6a6f72c3cdc0391d7fa5a4fa;2026-09-06;TEF-PBL;dragapult-blaziken;slowking-scr;2;0;0;2;1.0;mitUnentschieden
6a6f72c3cdc0391d7fa5a4fa;2026-09-06;TEF-PBL;grimmsnarl-froslass;festival-lead;1;1;0;2;0.5;mitUnentschieden
6a6f72c3cdc0391d7fa5a4fa;2026-09-06;TEF-PBL;festival-lead;grimmsnarl-froslass;1;1;0;2;0.5;mitUnentschieden
6a6f72c3cdc0391d7fa5a4fa;2026-09-06;TEF-PBL;lucario-hariyama;dragapult-dusknoir;0;2;0;2;0.0;mitUnentschieden
6a6f72c3cdc0391d7fa5a4fa;2026-09-06;TEF-PBL;dragapult-dusknoir;lucario-hariyama;2;0;0;2;1.0;mitUnentschieden
6a6f72c3cdc0391d7fa5a4fa;2026-09-06;TEF-PBL;slowking-scr;dragapult-ex;1;1;0;2;0.5;mitUnentschieden
6a6f72c3cdc0391d7fa5a4fa;2026-09-06;TEF-PBL;dragapult-ex;slowking-scr;1;1;0;2;0.5;mitUnentschieden
6a6f72c3cdc0391d7fa5a4fa;2026-09-06;TEF-PBL;dragapult-dusknoir;greninja-ex;2;0;0;2;1.0;mitUnentschieden
6a6f72c3cdc0391d7fa5a4fa;2026-09-06;TEF-PBL;greninja-ex;dragapult-dusknoir;0;2;0;2;0.0;mitUnentschieden
6a6f72c3cdc0391d7fa5a4fa;2026-09-06;TEF-PBL;mega-darkrai-ex;dragapult-ex;0;1;0;1;0.0;mitUnentschieden
6a6f72c3cdc0391d7fa5a4fa;2026-09-06;TEF-PBL;dragapult-ex;mega-darkrai-ex;1;0;0;1;1.0;mitUnentschieden
6a6f72c3cdc0391d7fa5a4fa;2026-09-06;TEF-PBL;stevens-metagross;toucannon-pbl;1;0;0;1;1.0;mitUnentschieden
6a6f72c3cdc0391d7fa5a4fa;2026-09-06;TEF-PBL;toucannon-pbl;stevens-metagross;0;1;0;1;0.0;mitUnentschieden
6a6f72c3cdc0391d7fa5a4fa;2026-09-06;TEF-PBL;archaludon-dudunsparce;lopunny-dudunsparce;0;1;0;1;0.0;mitUnentschieden
6a6f72c3cdc0391d7fa5a4fa;2026-09-06;TEF-PBL;lopunny-dudunsparce;archaludon-dudunsparce;1;0;0;1;1.0;mitUnentschieden
6a6f72c3cdc0391d7fa5a4fa;2026-09-06;TEF-PBL;mega-chandelure-ex;hops-trevenant;1;0;0;1;1.0;mitUnentschieden
6a6f72c3cdc0391d7fa5a4fa;2026-09-06;TEF-PBL;hops-trevenant;mega-chandelure-ex;0;1;0;1;0.0;mitUnentschieden
6a6f72c3cdc0391d7fa5a4fa;2026-09-06;TEF-PBL;mega-greninja-ex;cynthia-garchomp-ex;1;0;0;1;1.0;mitUnentschieden
6a6f72c3cdc0391d7fa5a4fa;2026-09-06;TEF-PBL;cynthia-garchomp-ex;mega-greninja-ex;0;1;0;1;0.0;mitUnentschieden
6a6f72c3cdc0391d7fa5a4fa;2026-09-06;TEF-PBL;marnie-grimmsnarl-ex;grimmsnarl-froslass;0;1;0;1;0.0;mitUnentschieden
6a6f72c3cdc0391d7fa5a4fa;2026-09-06;TEF-PBL;grimmsnarl-froslass;marnie-grimmsnarl-ex;1;0;0;1;1.0;mitUnentschieden
6a6f72c3cdc0391d7fa5a4fa;2026-09-06;TEF-PBL;lopunny-dudunsparce;dragapult-ex;0;3;0;3;0.0;mitUnentschieden
6a6f72c3cdc0391d7fa5a4fa;2026-09-06;TEF-PBL;dragapult-ex;lopunny-dudunsparce;3;0;0;3;1.0;mitUnentschieden
6a6f72c3cdc0391d7fa5a4fa;2026-09-06;TEF-PBL;dhelmise-pbl;dragapult-blaziken;2;0;0;2;1.0;mitUnentschieden
6a6f72c3cdc0391d7fa5a4fa;2026-09-06;TEF-PBL;dragapult-blaziken;dhelmise-pbl;0;2;0;2;0.0;mitUnentschieden
6a6f72c3cdc0391d7fa5a4fa;2026-09-06;TEF-PBL;lopunny-dusknoir;mega-excadrill-ex;1;1;0;2;0.5;mitUnentschieden
6a6f72c3cdc0391d7fa5a4fa;2026-09-06;TEF-PBL;mega-excadrill-ex;lopunny-dusknoir;1;1;0;2;0.5;mitUnentschieden
6a6f72c3cdc0391d7fa5a4fa;2026-09-06;TEF-PBL;dragapult-dudunsparce;raging-bolt-ogerpon;0;1;0;1;0.0;mitUnentschieden
6a6f72c3cdc0391d7fa5a4fa;2026-09-06;TEF-PBL;raging-bolt-ogerpon;dragapult-dudunsparce;1;0;0;1;1.0;mitUnentschieden
6a6f72c3cdc0391d7fa5a4fa;2026-09-06;TEF-PBL;alakazam-dudunsparce;rockets-honchkrow;0;1;0;1;0.0;mitUnentschieden
6a6f72c3cdc0391d7fa5a4fa;2026-09-06;TEF-PBL;rockets-honchkrow;alakazam-dudunsparce;1;0;0;1;1.0;mitUnentschieden
6a6f72c3cdc0391d7fa5a4fa;2026-09-06;TEF-PBL;ogerpon-meganium-hydrapple;grimmsnarl-froslass;1;0;0;1;1.0;mitUnentschieden
6a6f72c3cdc0391d7fa5a4fa;2026-09-06;TEF-PBL;grimmsnarl-froslass;ogerpon-meganium-hydrapple;0;1;0;1;0.0;mitUnentschieden
6a6f72c3cdc0391d7fa5a4fa;2026-09-06;TEF-PBL;mega-excadrill-ex;lucario-hariyama;0;1;0;1;0.0;mitUnentschieden
6a6f72c3cdc0391d7fa5a4fa;2026-09-06;TEF-PBL;lucario-hariyama;mega-excadrill-ex;1;0;0;1;1.0;mitUnentschieden
6a6f72c3cdc0391d7fa5a4fa;2026-09-06;TEF-PBL;dragapult-dusknoir;festival-lead;1;0;0;1;1.0;mitUnentschieden
6a6f72c3cdc0391d7fa5a4fa;2026-09-06;TEF-PBL;festival-lead;dragapult-dusknoir;0;1;0;1;0.0;mitUnentschieden
6a6f72c3cdc0391d7fa5a4fa;2026-09-06;TEF-PBL;lucario-hariyama;alakazam-dusknoir;1;0;0;1;1.0;mitUnentschieden
6a6f72c3cdc0391d7fa5a4fa;2026-09-06;TEF-PBL;alakazam-dusknoir;lucario-hariyama;0;1;0;1;0.0;mitUnentschieden
6a6f72c3cdc0391d7fa5a4fa;2026-09-06;TEF-PBL;basic-box-m;crustle-dri;1;0;0;1;1.0;mitUnentschieden
6a6f72c3cdc0391d7fa5a4fa;2026-09-06;TEF-PBL;crustle-dri;basic-box-m;0;1;0;1;0.0;mitUnentschieden
6a6f72c3cdc0391d7fa5a4fa;2026-09-06;TEF-PBL;beedrill-ex-cri;dragapult-ex;0;1;0;1;0.0;mitUnentschieden
6a6f72c3cdc0391d7fa5a4fa;2026-09-06;TEF-PBL;dragapult-ex;beedrill-ex-cri;1;0;0;1;1.0;mitUnentschieden
6a6f72c3cdc0391d7fa5a4fa;2026-09-06;TEF-PBL;n-zoroark;clefairy-ogerpon;0;1;0;1;0.0;mitUnentschieden
6a6f72c3cdc0391d7fa5a4fa;2026-09-06;TEF-PBL;clefairy-ogerpon;n-zoroark;1;0;0;1;1.0;mitUnentschieden
6a6f72c3cdc0391d7fa5a4fa;2026-09-06;TEF-PBL;dragapult-dusknoir;grimmsnarl-froslass;2;1;0;3;0.666667;mitUnentschieden
6a6f72c3cdc0391d7fa5a4fa;2026-09-06;TEF-PBL;grimmsnarl-froslass;dragapult-dusknoir;1;2;0;3;0.333333;mitUnentschieden
6a6f72c3cdc0391d7fa5a4fa;2026-09-06;TEF-PBL;n-zoroark;mega-venusaur-ex;1;0;0;1;1.0;mitUnentschieden
6a6f72c3cdc0391d7fa5a4fa;2026-09-06;TEF-PBL;mega-venusaur-ex;n-zoroark;0;1;0;1;0.0;mitUnentschieden
6a6f72c3cdc0391d7fa5a4fa;2026-09-06;TEF-PBL;stevens-metagross;alakazam-dusknoir;1;0;0;1;1.0;mitUnentschieden
6a6f72c3cdc0391d7fa5a4fa;2026-09-06;TEF-PBL;alakazam-dusknoir;stevens-metagross;0;1;0;1;0.0;mitUnentschieden
6a6f72c3cdc0391d7fa5a4fa;2026-09-06;TEF-PBL;mega-excadrill-ex;mega-greninja-ex;1;0;0;1;1.0;mitUnentschieden
6a6f72c3cdc0391d7fa5a4fa;2026-09-06;TEF-PBL;mega-greninja-ex;mega-excadrill-ex;0;1;0;1;0.0;mitUnentschieden
6a6f72c3cdc0391d7fa5a4fa;2026-09-06;TEF-PBL;festival-lead;mega-froslass-dudunsparce;1;0;0;1;1.0;mitUnentschieden
6a6f72c3cdc0391d7fa5a4fa;2026-09-06;TEF-PBL;mega-froslass-dudunsparce;festival-lead;0;1;0;1;0.0;mitUnentschieden
6a6f72c3cdc0391d7fa5a4fa;2026-09-06;TEF-PBL;mega-camerupt-ex;lopunny-dudunsparce;0;1;0;1;0.0;mitUnentschieden
6a6f72c3cdc0391d7fa5a4fa;2026-09-06;TEF-PBL;lopunny-dudunsparce;mega-camerupt-ex;1;0;0;1;1.0;mitUnentschieden
6a6f72c3cdc0391d7fa5a4fa;2026-09-06;TEF-PBL;mega-chandelure-ex;alakazam-dudunsparce;0;1;0;1;0.0;mitUnentschieden
6a6f72c3cdc0391d7fa5a4fa;2026-09-06;TEF-PBL;alakazam-dudunsparce;mega-chandelure-ex;1;0;0;1;1.0;mitUnentschieden
6a6f72c3cdc0391d7fa5a4fa;2026-09-06;TEF-PBL;dragapult-dusknoir;rocket-mewtwo-ex;1;0;0;1;1.0;mitUnentschieden
6a6f72c3cdc0391d7fa5a4fa;2026-09-06;TEF-PBL;rocket-mewtwo-ex;dragapult-dusknoir;0;1;0;1;0.0;mitUnentschieden
6a6f72c3cdc0391d7fa5a4fa;2026-09-06;TEF-PBL;hops-trevenant;sharpedo-toxtricity;0;1;0;1;0.0;mitUnentschieden
6a6f72c3cdc0391d7fa5a4fa;2026-09-06;TEF-PBL;sharpedo-toxtricity;hops-trevenant;0;1;0;1;0.0;mitUnentschieden
6a6f72c3cdc0391d7fa5a4fa;2026-09-06;TEF-PBL;ogerpon-meganium;n-zoroark;0;1;0;1;0.0;mitUnentschieden
6a6f72c3cdc0391d7fa5a4fa;2026-09-06;TEF-PBL;n-zoroark;ogerpon-meganium;1;0;0;1;1.0;mitUnentschieden
6a6f72c3cdc0391d7fa5a4fa;2026-09-06;TEF-PBL;basic-box-m;slowking-scr;0;1;0;1;0.0;mitUnentschieden
6a6f72c3cdc0391d7fa5a4fa;2026-09-06;TEF-PBL;slowking-scr;basic-box-m;0;1;0;1;0.0;mitUnentschieden
6a6f72c3cdc0391d7fa5a4fa;2026-09-06;TEF-PBL;cynthia-garchomp-ex;dragapult-ex;0;1;0;1;0.0;mitUnentschieden
6a6f72c3cdc0391d7fa5a4fa;2026-09-06;TEF-PBL;dragapult-ex;cynthia-garchomp-ex;1;0;0;1;1.0;mitUnentschieden
6a6f72c3cdc0391d7fa5a4fa;2026-09-06;TEF-PBL;basic-box-m;mega-excadrill-ex;1;2;0;3;0.333333;mitUnentschieden
6a6f72c3cdc0391d7fa5a4fa;2026-09-06;TEF-PBL;mega-excadrill-ex;basic-box-m;2;1;0;3;0.666667;mitUnentschieden
6a6f72c3cdc0391d7fa5a4fa;2026-09-06;TEF-PBL;raging-bolt-ogerpon;crustle-dri;0;2;0;2;0.0;mitUnentschieden
6a6f72c3cdc0391d7fa5a4fa;2026-09-06;TEF-PBL;crustle-dri;raging-bolt-ogerpon;2;0;0;2;1.0;mitUnentschieden
6a6f72c3cdc0391d7fa5a4fa;2026-09-06;TEF-PBL;dhelmise-pbl;rockets-honchkrow;3;1;0;4;0.75;mitUnentschieden
6a6f72c3cdc0391d7fa5a4fa;2026-09-06;TEF-PBL;rockets-honchkrow;dhelmise-pbl;1;3;0;4;0.25;mitUnentschieden
6a6f72c3cdc0391d7fa5a4fa;2026-09-06;TEF-PBL;lucario-hariyama;dhelmise-pbl;1;2;0;3;0.333333;mitUnentschieden
6a6f72c3cdc0391d7fa5a4fa;2026-09-06;TEF-PBL;dhelmise-pbl;lucario-hariyama;2;1;0;3;0.666667;mitUnentschieden
6a6f72c3cdc0391d7fa5a4fa;2026-09-06;TEF-PBL;dragapult-ex;ogerpon-meganium-hydrapple;1;1;0;2;0.5;mitUnentschieden
6a6f72c3cdc0391d7fa5a4fa;2026-09-06;TEF-PBL;ogerpon-meganium-hydrapple;dragapult-ex;1;1;0;2;0.5;mitUnentschieden
6a6f72c3cdc0391d7fa5a4fa;2026-09-06;TEF-PBL;basic-box-m;grimmsnarl-froslass;1;0;0;1;1.0;mitUnentschieden
6a6f72c3cdc0391d7fa5a4fa;2026-09-06;TEF-PBL;grimmsnarl-froslass;basic-box-m;0;1;0;1;0.0;mitUnentschieden
6a6f72c3cdc0391d7fa5a4fa;2026-09-06;TEF-PBL;mega-excadrill-ex;alakazam-dudunsparce;1;0;0;1;1.0;mitUnentschieden
6a6f72c3cdc0391d7fa5a4fa;2026-09-06;TEF-PBL;alakazam-dudunsparce;mega-excadrill-ex;0;1;0;1;0.0;mitUnentschieden
6a6f72c3cdc0391d7fa5a4fa;2026-09-06;TEF-PBL;dragapult-blaziken;dragapult-ex;3;0;1;4;0.75;mitUnentschieden
6a6f72c3cdc0391d7fa5a4fa;2026-09-06;TEF-PBL;dragapult-ex;dragapult-blaziken;0;3;1;4;0.0;mitUnentschieden
6a6f72c3cdc0391d7fa5a4fa;2026-09-06;TEF-PBL;stevens-metagross;dhelmise-pbl;1;0;0;1;1.0;mitUnentschieden
6a6f72c3cdc0391d7fa5a4fa;2026-09-06;TEF-PBL;dhelmise-pbl;stevens-metagross;0;1;0;1;0.0;mitUnentschieden
6a6f72c3cdc0391d7fa5a4fa;2026-09-06;TEF-PBL;alakazam-dusknoir;grimmsnarl-froslass;1;0;0;1;1.0;mitUnentschieden
6a6f72c3cdc0391d7fa5a4fa;2026-09-06;TEF-PBL;grimmsnarl-froslass;alakazam-dusknoir;0;1;0;1;0.0;mitUnentschieden
6a6f72c3cdc0391d7fa5a4fa;2026-09-06;TEF-PBL;dragapult-blaziken;alakazam-dudunsparce;1;0;0;1;1.0;mitUnentschieden
6a6f72c3cdc0391d7fa5a4fa;2026-09-06;TEF-PBL;alakazam-dudunsparce;dragapult-blaziken;0;1;0;1;0.0;mitUnentschieden
6a6f72c3cdc0391d7fa5a4fa;2026-09-06;TEF-PBL;lopunny-dusknoir;festival-lead;1;0;0;1;1.0;mitUnentschieden
6a6f72c3cdc0391d7fa5a4fa;2026-09-06;TEF-PBL;festival-lead;lopunny-dusknoir;0;1;0;1;0.0;mitUnentschieden
6a6f72c3cdc0391d7fa5a4fa;2026-09-06;TEF-PBL;n-zoroark;basic-box-m;1;0;0;1;1.0;mitUnentschieden
6a6f72c3cdc0391d7fa5a4fa;2026-09-06;TEF-PBL;basic-box-m;n-zoroark;0;1;0;1;0.0;mitUnentschieden
6a6f72c3cdc0391d7fa5a4fa;2026-09-06;TEF-PBL;clefairy-ogerpon;dragapult-dusknoir;0;1;0;1;0.0;mitUnentschieden
6a6f72c3cdc0391d7fa5a4fa;2026-09-06;TEF-PBL;dragapult-dusknoir;clefairy-ogerpon;1;0;0;1;1.0;mitUnentschieden
6a6f72c3cdc0391d7fa5a4fa;2026-09-06;TEF-PBL;dragapult-dusknoir;mega-camerupt-ex;1;0;0;1;1.0;mitUnentschieden
6a6f72c3cdc0391d7fa5a4fa;2026-09-06;TEF-PBL;mega-camerupt-ex;dragapult-dusknoir;0;1;0;1;0.0;mitUnentschieden
6a6f72c3cdc0391d7fa5a4fa;2026-09-06;TEF-PBL;mega-excadrill-ex;dhelmise-pbl;1;3;0;4;0.25;mitUnentschieden
6a6f72c3cdc0391d7fa5a4fa;2026-09-06;TEF-PBL;dhelmise-pbl;mega-excadrill-ex;3;1;0;4;0.75;mitUnentschieden
6a6f72c3cdc0391d7fa5a4fa;2026-09-06;TEF-PBL;alakazam-dusknoir;mega-darkrai-ex;1;0;0;1;1.0;mitUnentschieden
6a6f72c3cdc0391d7fa5a4fa;2026-09-06;TEF-PBL;mega-darkrai-ex;alakazam-dusknoir;0;1;0;1;0.0;mitUnentschieden
6a6f72c3cdc0391d7fa5a4fa;2026-09-06;TEF-PBL;mega-greninja-ex;mega-darkrai-ex;0;1;0;1;0.0;mitUnentschieden
6a6f72c3cdc0391d7fa5a4fa;2026-09-06;TEF-PBL;mega-darkrai-ex;mega-greninja-ex;1;0;0;1;1.0;mitUnentschieden
6a6f72c3cdc0391d7fa5a4fa;2026-09-06;TEF-PBL;mega-venusaur-ex;dragapult-ex;0;1;0;1;0.0;mitUnentschieden
6a6f72c3cdc0391d7fa5a4fa;2026-09-06;TEF-PBL;dragapult-ex;mega-venusaur-ex;0;1;0;1;0.0;mitUnentschieden
6a6f72c3cdc0391d7fa5a4fa;2026-09-06;TEF-PBL;dragapult-ex;mega-froslass-dudunsparce;1;0;0;1;1.0;mitUnentschieden
6a6f72c3cdc0391d7fa5a4fa;2026-09-06;TEF-PBL;mega-froslass-dudunsparce;dragapult-ex;0;1;0;1;0.0;mitUnentschieden
6a6f72c3cdc0391d7fa5a4fa;2026-09-06;TEF-PBL;dragapult-dusknoir;n-zoroark;2;0;0;2;1.0;mitUnentschieden
6a6f72c3cdc0391d7fa5a4fa;2026-09-06;TEF-PBL;n-zoroark;dragapult-dusknoir;0;2;0;2;0.0;mitUnentschieden
6a6f72c3cdc0391d7fa5a4fa;2026-09-06;TEF-PBL;rocket-mewtwo-ex;cynthia-garchomp-ex;0;1;0;1;0.0;mitUnentschieden
6a6f72c3cdc0391d7fa5a4fa;2026-09-06;TEF-PBL;cynthia-garchomp-ex;rocket-mewtwo-ex;0;1;0;1;0.0;mitUnentschieden
6a6f72c3cdc0391d7fa5a4fa;2026-09-06;TEF-PBL;lucario-hariyama;crustle-dri;0;0;1;1;0.0;mitUnentschieden
6a6f72c3cdc0391d7fa5a4fa;2026-09-06;TEF-PBL;crustle-dri;lucario-hariyama;0;0;1;1;0.0;mitUnentschieden
6a6f72c3cdc0391d7fa5a4fa;2026-09-06;TEF-PBL;lopunny-dusknoir;dragapult-dudunsparce;0;1;0;1;0.0;mitUnentschieden
6a6f72c3cdc0391d7fa5a4fa;2026-09-06;TEF-PBL;dragapult-dudunsparce;lopunny-dusknoir;1;0;0;1;1.0;mitUnentschieden
6a6f72c3cdc0391d7fa5a4fa;2026-09-06;TEF-PBL;raging-bolt-ogerpon;dragapult-blaziken;1;0;0;1;1.0;mitUnentschieden
6a6f72c3cdc0391d7fa5a4fa;2026-09-06;TEF-PBL;dragapult-blaziken;raging-bolt-ogerpon;0;1;0;1;0.0;mitUnentschieden
6a6f72c3cdc0391d7fa5a4fa;2026-09-06;TEF-PBL;dragapult-dusknoir;dragapult-blaziken;0;1;0;1;0.0;mitUnentschieden
6a6f72c3cdc0391d7fa5a4fa;2026-09-06;TEF-PBL;dragapult-blaziken;dragapult-dusknoir;1;0;0;1;1.0;mitUnentschieden
6a6f72c3cdc0391d7fa5a4fa;2026-09-06;TEF-PBL;mega-excadrill-ex;n-zoroark;1;0;0;1;1.0;mitUnentschieden
6a6f72c3cdc0391d7fa5a4fa;2026-09-06;TEF-PBL;n-zoroark;mega-excadrill-ex;0;1;0;1;0.0;mitUnentschieden
6a6f72c3cdc0391d7fa5a4fa;2026-09-06;TEF-PBL;dragapult-dusknoir;mega-excadrill-ex;1;1;0;2;0.5;mitUnentschieden
6a6f72c3cdc0391d7fa5a4fa;2026-09-06;TEF-PBL;mega-excadrill-ex;dragapult-dusknoir;1;1;0;2;0.5;mitUnentschieden
6a6f72c3cdc0391d7fa5a4fa;2026-09-06;TEF-PBL;crustle-dri;alakazam-dusknoir;1;0;0;1;1.0;mitUnentschieden
6a6f72c3cdc0391d7fa5a4fa;2026-09-06;TEF-PBL;alakazam-dusknoir;crustle-dri;0;1;0;1;0.0;mitUnentschieden
6a6f72c3cdc0391d7fa5a4fa;2026-09-06;TEF-PBL;basic-box-m;beedrill-ex-cri;0;1;0;1;0.0;mitUnentschieden
6a6f72c3cdc0391d7fa5a4fa;2026-09-06;TEF-PBL;beedrill-ex-cri;basic-box-m;1;0;0;1;1.0;mitUnentschieden
6a6f72c3cdc0391d7fa5a4fa;2026-09-06;TEF-PBL;dhelmise-pbl;festival-lead;2;0;0;2;1.0;mitUnentschieden
6a6f72c3cdc0391d7fa5a4fa;2026-09-06;TEF-PBL;festival-lead;dhelmise-pbl;0;2;0;2;0.0;mitUnentschieden
6a6f72c3cdc0391d7fa5a4fa;2026-09-06;TEF-PBL;festival-lead;lopunny-dudunsparce;1;0;0;1;1.0;mitUnentschieden
6a6f72c3cdc0391d7fa5a4fa;2026-09-06;TEF-PBL;lopunny-dudunsparce;festival-lead;0;1;0;1;0.0;mitUnentschieden
6a6f72c3cdc0391d7fa5a4fa;2026-09-06;TEF-PBL;dhelmise-pbl;lopunny-dudunsparce;0;1;0;1;0.0;mitUnentschieden
6a6f72c3cdc0391d7fa5a4fa;2026-09-06;TEF-PBL;lopunny-dudunsparce;dhelmise-pbl;1;0;0;1;1.0;mitUnentschieden
6a6f72c3cdc0391d7fa5a4fa;2026-09-06;TEF-PBL;slowking-scr;clefairy-ogerpon;0;1;0;1;0.0;mitUnentschieden
6a6f72c3cdc0391d7fa5a4fa;2026-09-06;TEF-PBL;clefairy-ogerpon;slowking-scr;1;0;0;1;1.0;mitUnentschieden
6a6f72c3cdc0391d7fa5a4fa;2026-09-06;TEF-PBL;basic-box-m;mega-darkrai-ex;0;1;0;1;0.0;mitUnentschieden
6a6f72c3cdc0391d7fa5a4fa;2026-09-06;TEF-PBL;mega-darkrai-ex;basic-box-m;1;0;0;1;1.0;mitUnentschieden
6a6f72c3cdc0391d7fa5a4fa;2026-09-06;TEF-PBL;mega-camerupt-ex;mega-excadrill-ex;1;0;0;1;1.0;mitUnentschieden
6a6f72c3cdc0391d7fa5a4fa;2026-09-06;TEF-PBL;mega-excadrill-ex;mega-camerupt-ex;0;1;0;1;0.0;mitUnentschieden
6a6f72c3cdc0391d7fa5a4fa;2026-09-06;TEF-PBL;mega-venusaur-ex;sharpedo-toxtricity;0;1;0;1;0.0;mitUnentschieden
6a6f72c3cdc0391d7fa5a4fa;2026-09-06;TEF-PBL;sharpedo-toxtricity;mega-venusaur-ex;0;1;0;1;0.0;mitUnentschieden
6a6f72c3cdc0391d7fa5a4fa;2026-09-06;TEF-PBL;n-zoroark;mega-darkrai-ex;0;1;0;1;0.0;mitUnentschieden
6a6f72c3cdc0391d7fa5a4fa;2026-09-06;TEF-PBL;mega-darkrai-ex;n-zoroark;0;1;0;1;0.0;mitUnentschieden
6a6f72c3cdc0391d7fa5a4fa;2026-09-06;TEF-PBL;rocket-mewtwo-ex;slowking-scr;0;1;0;1;0.0;mitUnentschieden
6a6f72c3cdc0391d7fa5a4fa;2026-09-06;TEF-PBL;slowking-scr;rocket-mewtwo-ex;0;1;0;1;0.0;mitUnentschieden
6a6f72c3cdc0391d7fa5a4fa;2026-09-06;TEF-PBL;slowking-scr;cynthia-garchomp-ex;0;2;0;2;0.0;mitUnentschieden
6a6f72c3cdc0391d7fa5a4fa;2026-09-06;TEF-PBL;cynthia-garchomp-ex;slowking-scr;0;2;0;2;0.0;mitUnentschieden
6a6f72c3cdc0391d7fa5a4fa;2026-09-06;TEF-PBL;dragapult-ex;lucario-hariyama;0;2;0;2;0.0;mitUnentschieden
6a6f72c3cdc0391d7fa5a4fa;2026-09-06;TEF-PBL;lucario-hariyama;dragapult-ex;2;0;0;2;1.0;mitUnentschieden
6a6f72c3cdc0391d7fa5a4fa;2026-09-06;TEF-PBL;ogerpon-meganium-hydrapple;basic-box-m;2;0;0;2;1.0;mitUnentschieden
6a6f72c3cdc0391d7fa5a4fa;2026-09-06;TEF-PBL;basic-box-m;ogerpon-meganium-hydrapple;0;2;0;2;0.0;mitUnentschieden
6a6f72c3cdc0391d7fa5a4fa;2026-09-06;TEF-PBL;stevens-metagross;mega-excadrill-ex;0;1;0;1;0.0;mitUnentschieden
6a6f72c3cdc0391d7fa5a4fa;2026-09-06;TEF-PBL;mega-excadrill-ex;stevens-metagross;1;0;0;1;1.0;mitUnentschieden
6a6f72c3cdc0391d7fa5a4fa;2026-09-06;TEF-PBL;raging-bolt-ogerpon;dragapult-dusknoir;1;0;0;1;1.0;mitUnentschieden
6a6f72c3cdc0391d7fa5a4fa;2026-09-06;TEF-PBL;dragapult-dusknoir;raging-bolt-ogerpon;0;1;0;1;0.0;mitUnentschieden
6a6f72c3cdc0391d7fa5a4fa;2026-09-06;TEF-PBL;dragapult-dudunsparce;mega-excadrill-ex;2;0;0;2;1.0;mitUnentschieden
6a6f72c3cdc0391d7fa5a4fa;2026-09-06;TEF-PBL;mega-excadrill-ex;dragapult-dudunsparce;0;2;0;2;0.0;mitUnentschieden
6a6f72c3cdc0391d7fa5a4fa;2026-09-06;TEF-PBL;clefairy-ogerpon;mega-lucario-ex;0;1;0;1;0.0;mitUnentschieden
6a6f72c3cdc0391d7fa5a4fa;2026-09-06;TEF-PBL;mega-lucario-ex;clefairy-ogerpon;1;0;0;1;1.0;mitUnentschieden
6a6f72c3cdc0391d7fa5a4fa;2026-09-06;TEF-PBL;dragapult-blaziken;beedrill-ex-cri;0;1;0;1;0.0;mitUnentschieden
6a6f72c3cdc0391d7fa5a4fa;2026-09-06;TEF-PBL;beedrill-ex-cri;dragapult-blaziken;1;0;0;1;1.0;mitUnentschieden
6a6f72c3cdc0391d7fa5a4fa;2026-09-06;TEF-PBL;slowking-scr;mega-lucario-ex;0;0;1;1;0.0;mitUnentschieden
6a6f72c3cdc0391d7fa5a4fa;2026-09-06;TEF-PBL;mega-lucario-ex;slowking-scr;0;0;1;1;0.0;mitUnentschieden
6a6f72c3cdc0391d7fa5a4fa;2026-09-06;TEF-PBL;alakazam-dusknoir;dragapult-dusknoir;0;1;0;1;0.0;mitUnentschieden
6a6f72c3cdc0391d7fa5a4fa;2026-09-06;TEF-PBL;dragapult-dusknoir;alakazam-dusknoir;1;0;0;1;1.0;mitUnentschieden
6a6f72c3cdc0391d7fa5a4fa;2026-09-06;TEF-PBL;dhelmise-pbl;mega-darkrai-ex;1;0;0;1;1.0;mitUnentschieden
6a6f72c3cdc0391d7fa5a4fa;2026-09-06;TEF-PBL;mega-darkrai-ex;dhelmise-pbl;0;1;0;1;0.0;mitUnentschieden
6a6f72c3cdc0391d7fa5a4fa;2026-09-06;TEF-PBL;dragapult-dusknoir;lopunny-dudunsparce;1;0;0;1;1.0;mitUnentschieden
6a6f72c3cdc0391d7fa5a4fa;2026-09-06;TEF-PBL;lopunny-dudunsparce;dragapult-dusknoir;0;1;0;1;0.0;mitUnentschieden
6a6f72c3cdc0391d7fa5a4fa;2026-09-06;TEF-PBL;basic-box-m;lopunny-dudunsparce;1;0;0;1;1.0;mitUnentschieden
6a6f72c3cdc0391d7fa5a4fa;2026-09-06;TEF-PBL;lopunny-dudunsparce;basic-box-m;0;1;0;1;0.0;mitUnentschieden
6a6f72c3cdc0391d7fa5a4fa;2026-09-06;TEF-PBL;mega-camerupt-ex;grimmsnarl-froslass;1;0;0;1;1.0;mitUnentschieden
6a6f72c3cdc0391d7fa5a4fa;2026-09-06;TEF-PBL;grimmsnarl-froslass;mega-camerupt-ex;0;1;0;1;0.0;mitUnentschieden
6a6f72c3cdc0391d7fa5a4fa;2026-09-06;TEF-PBL;mega-darkrai-ex;sharpedo-toxtricity;0;1;0;1;0.0;mitUnentschieden
6a6f72c3cdc0391d7fa5a4fa;2026-09-06;TEF-PBL;sharpedo-toxtricity;mega-darkrai-ex;0;1;0;1;0.0;mitUnentschieden
6a6f72c3cdc0391d7fa5a4fa;2026-09-06;TEF-PBL;dragapult-ex;mega-excadrill-ex;0;2;0;2;0.0;mitUnentschieden
6a6f72c3cdc0391d7fa5a4fa;2026-09-06;TEF-PBL;mega-excadrill-ex;dragapult-ex;1;1;0;2;0.5;mitUnentschieden
6a6f72c3cdc0391d7fa5a4fa;2026-09-06;TEF-PBL;mega-greninja-ex;n-zoroark;0;1;0;1;0.0;mitUnentschieden
6a6f72c3cdc0391d7fa5a4fa;2026-09-06;TEF-PBL;n-zoroark;mega-greninja-ex;0;1;0;1;0.0;mitUnentschieden
6a6f72c3cdc0391d7fa5a4fa;2026-09-06;TEF-PBL;mega-venusaur-ex;rocket-mewtwo-ex;0;1;0;1;0.0;mitUnentschieden
6a6f72c3cdc0391d7fa5a4fa;2026-09-06;TEF-PBL;rocket-mewtwo-ex;mega-venusaur-ex;0;1;0;1;0.0;mitUnentschieden
6a6f72c3cdc0391d7fa5a4fa;2026-09-06;TEF-PBL;raging-bolt-ogerpon;dragapult-ex;1;1;0;2;0.5;mitUnentschieden
6a6f72c3cdc0391d7fa5a4fa;2026-09-06;TEF-PBL;dragapult-ex;raging-bolt-ogerpon;1;1;0;2;0.5;mitUnentschieden
6a6f72c3cdc0391d7fa5a4fa;2026-09-06;TEF-PBL;crustle-dri;crustle-dri;1;1;0;2;0.5;mitUnentschieden
6a6f72c3cdc0391d7fa5a4fa;2026-09-06;TEF-PBL;beedrill-ex-cri;mega-excadrill-ex;0;1;0;1;0.0;mitUnentschieden
6a6f72c3cdc0391d7fa5a4fa;2026-09-06;TEF-PBL;mega-excadrill-ex;beedrill-ex-cri;1;0;0;1;1.0;mitUnentschieden
6a6f72c3cdc0391d7fa5a4fa;2026-09-06;TEF-PBL;stevens-metagross;mega-lucario-ex;0;1;0;1;0.0;mitUnentschieden
6a6f72c3cdc0391d7fa5a4fa;2026-09-06;TEF-PBL;mega-lucario-ex;stevens-metagross;1;0;0;1;1.0;mitUnentschieden
6a6f72c3cdc0391d7fa5a4fa;2026-09-06;TEF-PBL;lucario-hariyama;dragapult-dudunsparce;1;0;0;1;1.0;mitUnentschieden
6a6f72c3cdc0391d7fa5a4fa;2026-09-06;TEF-PBL;dragapult-dudunsparce;lucario-hariyama;0;1;0;1;0.0;mitUnentschieden
6a6f72c3cdc0391d7fa5a4fa;2026-09-06;TEF-PBL;ogerpon-meganium-hydrapple;dhelmise-pbl;0;1;0;1;0.0;mitUnentschieden
6a6f72c3cdc0391d7fa5a4fa;2026-09-06;TEF-PBL;dhelmise-pbl;ogerpon-meganium-hydrapple;1;0;0;1;1.0;mitUnentschieden
6a6f72c3cdc0391d7fa5a4fa;2026-09-06;TEF-PBL;lopunny-dusknoir;dhelmise-pbl;0;1;0;1;0.0;mitUnentschieden
6a6f72c3cdc0391d7fa5a4fa;2026-09-06;TEF-PBL;dhelmise-pbl;lopunny-dusknoir;1;0;0;1;1.0;mitUnentschieden
6a6f72c3cdc0391d7fa5a4fa;2026-09-06;TEF-PBL;slowking-scr;crustle-dri;1;0;0;1;1.0;mitUnentschieden
6a6f72c3cdc0391d7fa5a4fa;2026-09-06;TEF-PBL;crustle-dri;slowking-scr;0;1;0;1;0.0;mitUnentschieden
6a6f72c3cdc0391d7fa5a4fa;2026-09-06;TEF-PBL;dragapult-dusknoir;stevens-metagross;1;0;0;1;1.0;mitUnentschieden
6a6f72c3cdc0391d7fa5a4fa;2026-09-06;TEF-PBL;stevens-metagross;dragapult-dusknoir;0;1;0;1;0.0;mitUnentschieden
6a6f72c3cdc0391d7fa5a4fa;2026-09-06;TEF-PBL;mega-excadrill-ex;rockets-honchkrow;0;1;0;1;0.0;mitUnentschieden
6a6f72c3cdc0391d7fa5a4fa;2026-09-06;TEF-PBL;rockets-honchkrow;mega-excadrill-ex;1;0;0;1;1.0;mitUnentschieden
6a6f72c3cdc0391d7fa5a4fa;2026-09-06;TEF-PBL;dragapult-dusknoir;dragapult-dudunsparce;0;1;0;1;0.0;mitUnentschieden
6a6f72c3cdc0391d7fa5a4fa;2026-09-06;TEF-PBL;dragapult-dudunsparce;dragapult-dusknoir;1;0;0;1;1.0;mitUnentschieden
6a6f72c3cdc0391d7fa5a4fa;2026-09-06;TEF-PBL;ogerpon-meganium-hydrapple;slowking-scr;1;0;0;1;1.0;mitUnentschieden
6a6f72c3cdc0391d7fa5a4fa;2026-09-06;TEF-PBL;slowking-scr;ogerpon-meganium-hydrapple;0;1;0;1;0.0;mitUnentschieden
6a6f72c3cdc0391d7fa5a4fa;2026-09-06;TEF-PBL;mega-lucario-ex;rockets-honchkrow;1;0;0;1;1.0;mitUnentschieden
6a6f72c3cdc0391d7fa5a4fa;2026-09-06;TEF-PBL;rockets-honchkrow;mega-lucario-ex;0;1;0;1;0.0;mitUnentschieden
6a6f72c3cdc0391d7fa5a4fa;2026-09-06;TEF-PBL;dragapult-ex;dragapult-dudunsparce;0;1;0;1;0.0;mitUnentschieden
6a6f72c3cdc0391d7fa5a4fa;2026-09-06;TEF-PBL;dragapult-dudunsparce;dragapult-ex;1;0;0;1;1.0;mitUnentschieden
6a6f72c3cdc0391d7fa5a4fa;2026-09-06;TEF-PBL;ogerpon-meganium-hydrapple;dragapult-dudunsparce;0;1;0;1;0.0;mitUnentschieden
6a6f72c3cdc0391d7fa5a4fa;2026-09-06;TEF-PBL;dragapult-dudunsparce;ogerpon-meganium-hydrapple;1;0;0;1;1.0;mitUnentschieden
6a6f72c3cdc0391d7fa5a4fa;2026-09-06;TEF-PBL;dragapult-dudunsparce;dhelmise-pbl;1;0;0;1;1.0;mitUnentschieden
6a6f72c3cdc0391d7fa5a4fa;2026-09-06;TEF-PBL;dhelmise-pbl;dragapult-dudunsparce;0;1;0;1;0.0;mitUnentschieden
6a6f72c3cdc0391d7fa5a4fa;2026-09-06;TEF-PBL;crustle-dri;mega-excadrill-ex;0;1;0;1;0.0;mitUnentschieden
6a6f72c3cdc0391d7fa5a4fa;2026-09-06;TEF-PBL;mega-excadrill-ex;crustle-dri;1;0;0;1;1.0;mitUnentschieden
6a958db4629039f77d8a6771;2026-09-06;TEF-PBL;n-zoroark;dragapult-dusknoir;1;1;0;2;0.5;mitUnentschieden
6a958db4629039f77d8a6771;2026-09-06;TEF-PBL;dragapult-dusknoir;n-zoroark;1;1;0;2;0.5;mitUnentschieden
6a958db4629039f77d8a6771;2026-09-06;TEF-PBL;dhelmise-pbl;alakazam-dudunsparce;4;1;0;5;0.8;mitUnentschieden
6a958db4629039f77d8a6771;2026-09-06;TEF-PBL;alakazam-dudunsparce;dhelmise-pbl;1;4;0;5;0.2;mitUnentschieden
6a958db4629039f77d8a6771;2026-09-06;TEF-PBL;alakazam-dudunsparce;mega-greninja-ex;1;1;0;2;0.5;mitUnentschieden
6a958db4629039f77d8a6771;2026-09-06;TEF-PBL;mega-greninja-ex;alakazam-dudunsparce;1;1;0;2;0.5;mitUnentschieden
6a958db4629039f77d8a6771;2026-09-06;TEF-PBL;cynthia-garchomp-ex;dhelmise-pbl;0;1;0;1;0.0;mitUnentschieden
6a958db4629039f77d8a6771;2026-09-06;TEF-PBL;dhelmise-pbl;cynthia-garchomp-ex;1;0;0;1;1.0;mitUnentschieden
6a958db4629039f77d8a6771;2026-09-06;TEF-PBL;starmie-froslass;dhelmise-pbl;0;2;0;2;0.0;mitUnentschieden
6a958db4629039f77d8a6771;2026-09-06;TEF-PBL;dhelmise-pbl;starmie-froslass;1;1;0;2;0.5;mitUnentschieden
6a958db4629039f77d8a6771;2026-09-06;TEF-PBL;alakazam-dudunsparce;mega-excadrill-ex;0;1;0;1;0.0;mitUnentschieden
6a958db4629039f77d8a6771;2026-09-06;TEF-PBL;mega-excadrill-ex;alakazam-dudunsparce;1;0;0;1;1.0;mitUnentschieden
6a958db4629039f77d8a6771;2026-09-06;TEF-PBL;mega-chandelure-ex;dhelmise-pbl;1;1;0;2;0.5;mitUnentschieden
6a958db4629039f77d8a6771;2026-09-06;TEF-PBL;dhelmise-pbl;mega-chandelure-ex;1;1;0;2;0.5;mitUnentschieden
6a958db4629039f77d8a6771;2026-09-06;TEF-PBL;dragapult-dusknoir;seaking-pre;0;2;0;2;0.0;mitUnentschieden
6a958db4629039f77d8a6771;2026-09-06;TEF-PBL;seaking-pre;dragapult-dusknoir;2;0;0;2;1.0;mitUnentschieden
6a958db4629039f77d8a6771;2026-09-06;TEF-PBL;dragapult-dusknoir;flareon-noctowl;1;0;0;1;1.0;mitUnentschieden
6a958db4629039f77d8a6771;2026-09-06;TEF-PBL;flareon-noctowl;dragapult-dusknoir;0;1;0;1;0.0;mitUnentschieden
6a958db4629039f77d8a6771;2026-09-06;TEF-PBL;dragapult-ex;dragapult-ex;2;2;0;4;0.5;mitUnentschieden
6a958db4629039f77d8a6771;2026-09-06;TEF-PBL;lopunny-dusknoir;dragapult-dusknoir;1;0;0;1;1.0;mitUnentschieden
6a958db4629039f77d8a6771;2026-09-06;TEF-PBL;dragapult-dusknoir;lopunny-dusknoir;0;1;0;1;0.0;mitUnentschieden
6a958db4629039f77d8a6771;2026-09-06;TEF-PBL;cynthia-garchomp-ex;hydreigon-ex;0;1;0;1;0.0;mitUnentschieden
6a958db4629039f77d8a6771;2026-09-06;TEF-PBL;hydreigon-ex;cynthia-garchomp-ex;1;0;0;1;1.0;mitUnentschieden
6a958db4629039f77d8a6771;2026-09-06;TEF-PBL;slowking-scr;festival-lead;2;1;0;3;0.666667;mitUnentschieden
6a958db4629039f77d8a6771;2026-09-06;TEF-PBL;festival-lead;slowking-scr;1;2;0;3;0.333333;mitUnentschieden
6a958db4629039f77d8a6771;2026-09-06;TEF-PBL;rockets-honchkrow;crustle-dri;1;0;0;1;1.0;mitUnentschieden
6a958db4629039f77d8a6771;2026-09-06;TEF-PBL;crustle-dri;rockets-honchkrow;0;1;0;1;0.0;mitUnentschieden
6a958db4629039f77d8a6771;2026-09-06;TEF-PBL;marnie-grimmsnarl-ex;beedrill-ex-cri;0;1;0;1;0.0;mitUnentschieden
6a958db4629039f77d8a6771;2026-09-06;TEF-PBL;beedrill-ex-cri;marnie-grimmsnarl-ex;1;0;0;1;1.0;mitUnentschieden
6a958db4629039f77d8a6771;2026-09-06;TEF-PBL;dhelmise-pbl;basic-box-m;0;1;0;1;0.0;mitUnentschieden
6a958db4629039f77d8a6771;2026-09-06;TEF-PBL;basic-box-m;dhelmise-pbl;1;0;0;1;1.0;mitUnentschieden
6a958db4629039f77d8a6771;2026-09-06;TEF-PBL;toucannon-pbl;lucario-hariyama;0;1;0;1;0.0;mitUnentschieden
6a958db4629039f77d8a6771;2026-09-06;TEF-PBL;lucario-hariyama;toucannon-pbl;1;0;0;1;1.0;mitUnentschieden
6a958db4629039f77d8a6771;2026-09-06;TEF-PBL;slowking-scr;dhelmise-pbl;1;3;0;4;0.25;mitUnentschieden
6a958db4629039f77d8a6771;2026-09-06;TEF-PBL;dhelmise-pbl;slowking-scr;2;2;0;4;0.5;mitUnentschieden
6a958db4629039f77d8a6771;2026-09-06;TEF-PBL;alakazam-dudunsparce;slowking-scr;2;1;0;3;0.666667;mitUnentschieden
6a958db4629039f77d8a6771;2026-09-06;TEF-PBL;slowking-scr;alakazam-dudunsparce;1;2;0;3;0.333333;mitUnentschieden
6a958db4629039f77d8a6771;2026-09-06;TEF-PBL;clefairy-ogerpon;mega-zygarde-ex;0;1;0;1;0.0;mitUnentschieden
6a958db4629039f77d8a6771;2026-09-06;TEF-PBL;mega-zygarde-ex;clefairy-ogerpon;1;0;0;1;1.0;mitUnentschieden
6a958db4629039f77d8a6771;2026-09-06;TEF-PBL;dhelmise-pbl;n-zoroark;1;2;0;3;0.333333;mitUnentschieden
6a958db4629039f77d8a6771;2026-09-06;TEF-PBL;n-zoroark;dhelmise-pbl;2;1;0;3;0.666667;mitUnentschieden
6a958db4629039f77d8a6771;2026-09-06;TEF-PBL;n-zoroark;slowking-scr;1;0;0;1;1.0;mitUnentschieden
6a958db4629039f77d8a6771;2026-09-06;TEF-PBL;slowking-scr;n-zoroark;0;1;0;1;0.0;mitUnentschieden
6a958db4629039f77d8a6771;2026-09-06;TEF-PBL;starmie-dusknoir;basic-box-m;1;0;0;1;1.0;mitUnentschieden
6a958db4629039f77d8a6771;2026-09-06;TEF-PBL;basic-box-m;starmie-dusknoir;0;1;0;1;0.0;mitUnentschieden
6a958db4629039f77d8a6771;2026-09-06;TEF-PBL;hops-trevenant;raging-bolt-ogerpon;1;0;0;1;1.0;mitUnentschieden
6a958db4629039f77d8a6771;2026-09-06;TEF-PBL;raging-bolt-ogerpon;hops-trevenant;0;1;0;1;0.0;mitUnentschieden
6a958db4629039f77d8a6771;2026-09-06;TEF-PBL;toucannon-pbl;dragapult-ex;1;0;0;1;1.0;mitUnentschieden
6a958db4629039f77d8a6771;2026-09-06;TEF-PBL;dragapult-ex;toucannon-pbl;0;1;0;1;0.0;mitUnentschieden
6a958db4629039f77d8a6771;2026-09-06;TEF-PBL;dragapult-ex;grimmsnarl-froslass;1;0;0;1;1.0;mitUnentschieden
6a958db4629039f77d8a6771;2026-09-06;TEF-PBL;grimmsnarl-froslass;dragapult-ex;0;1;0;1;0.0;mitUnentschieden
6a958db4629039f77d8a6771;2026-09-06;TEF-PBL;rocket-mewtwo-ex;froslass-munkidori;1;0;0;1;1.0;mitUnentschieden
6a958db4629039f77d8a6771;2026-09-06;TEF-PBL;froslass-munkidori;rocket-mewtwo-ex;0;1;0;1;0.0;mitUnentschieden
6a958db4629039f77d8a6771;2026-09-06;TEF-PBL;mega-excadrill-ex;mamoswine-ex;1;1;0;2;0.5;mitUnentschieden
6a958db4629039f77d8a6771;2026-09-06;TEF-PBL;mamoswine-ex;mega-excadrill-ex;1;1;0;2;0.5;mitUnentschieden
6a958db4629039f77d8a6771;2026-09-06;TEF-PBL;alakazam-dudunsparce;mega-lucario-ex;1;0;0;1;1.0;mitUnentschieden
6a958db4629039f77d8a6771;2026-09-06;TEF-PBL;mega-lucario-ex;alakazam-dudunsparce;0;1;0;1;0.0;mitUnentschieden
6a958db4629039f77d8a6771;2026-09-06;TEF-PBL;stevens-metagross;festival-lead;1;0;0;1;1.0;mitUnentschieden
6a958db4629039f77d8a6771;2026-09-06;TEF-PBL;festival-lead;stevens-metagross;0;1;0;1;0.0;mitUnentschieden
6a958db4629039f77d8a6771;2026-09-06;TEF-PBL;n-zoroark;dragapult-blaziken;0;2;0;2;0.0;mitUnentschieden
6a958db4629039f77d8a6771;2026-09-06;TEF-PBL;dragapult-blaziken;n-zoroark;2;0;0;2;1.0;mitUnentschieden
6a958db4629039f77d8a6771;2026-09-06;TEF-PBL;mega-greninja-ex;lopunny-dudunsparce;1;0;0;1;1.0;mitUnentschieden
6a958db4629039f77d8a6771;2026-09-06;TEF-PBL;lopunny-dudunsparce;mega-greninja-ex;0;1;0;1;0.0;mitUnentschieden
6a958db4629039f77d8a6771;2026-09-06;TEF-PBL;rocket-mewtwo-ex;lucario-hariyama;1;0;0;1;1.0;mitUnentschieden
6a958db4629039f77d8a6771;2026-09-06;TEF-PBL;lucario-hariyama;rocket-mewtwo-ex;0;1;0;1;0.0;mitUnentschieden
6a958db4629039f77d8a6771;2026-09-06;TEF-PBL;ogerpon-meganium-hydrapple;okidogi-barbaracle;0;1;0;1;0.0;mitUnentschieden
6a958db4629039f77d8a6771;2026-09-06;TEF-PBL;okidogi-barbaracle;ogerpon-meganium-hydrapple;1;0;0;1;1.0;mitUnentschieden
6a958db4629039f77d8a6771;2026-09-06;TEF-PBL;toxtricity-pfl;n-zoroark;1;0;0;1;1.0;mitUnentschieden
6a958db4629039f77d8a6771;2026-09-06;TEF-PBL;n-zoroark;toxtricity-pfl;0;1;0;1;0.0;mitUnentschieden
6a958db4629039f77d8a6771;2026-09-06;TEF-PBL;basic-box-m;lucario-hariyama;0;2;0;2;0.0;mitUnentschieden
6a958db4629039f77d8a6771;2026-09-06;TEF-PBL;lucario-hariyama;basic-box-m;2;0;0;2;1.0;mitUnentschieden
6a958db4629039f77d8a6771;2026-09-06;TEF-PBL;n-zoroark;dragapult-dudunsparce;1;0;0;1;1.0;mitUnentschieden
6a958db4629039f77d8a6771;2026-09-06;TEF-PBL;dragapult-dudunsparce;n-zoroark;0;1;0;1;0.0;mitUnentschieden
6a958db4629039f77d8a6771;2026-09-06;TEF-PBL;starmie-froslass;dragapult-dusknoir;1;0;0;1;1.0;mitUnentschieden
6a958db4629039f77d8a6771;2026-09-06;TEF-PBL;dragapult-dusknoir;starmie-froslass;0;1;0;1;0.0;mitUnentschieden
6a958db4629039f77d8a6771;2026-09-06;TEF-PBL;basic-box-m;dragapult-dusknoir;0;2;0;2;0.0;mitUnentschieden
6a958db4629039f77d8a6771;2026-09-06;TEF-PBL;dragapult-dusknoir;basic-box-m;1;1;0;2;0.5;mitUnentschieden
6a958db4629039f77d8a6771;2026-09-06;TEF-PBL;ogerpon-meganium-hydrapple;mega-feraligatr-ex;1;0;0;1;1.0;mitUnentschieden
6a958db4629039f77d8a6771;2026-09-06;TEF-PBL;mega-feraligatr-ex;ogerpon-meganium-hydrapple;0;1;0;1;0.0;mitUnentschieden
6a958db4629039f77d8a6771;2026-09-06;TEF-PBL;dragapult-blaziken;blaziken-ex-jtg;0;1;0;1;0.0;mitUnentschieden
6a958db4629039f77d8a6771;2026-09-06;TEF-PBL;blaziken-ex-jtg;dragapult-blaziken;1;0;0;1;1.0;mitUnentschieden
6a958db4629039f77d8a6771;2026-09-06;TEF-PBL;dragapult-blaziken;cinccino-ex;0;2;0;2;0.0;mitUnentschieden
6a958db4629039f77d8a6771;2026-09-06;TEF-PBL;cinccino-ex;dragapult-blaziken;2;0;0;2;1.0;mitUnentschieden
6a958db4629039f77d8a6771;2026-09-06;TEF-PBL;rocket-mewtwo-ex;festival-lead;0;2;0;2;0.0;mitUnentschieden
6a958db4629039f77d8a6771;2026-09-06;TEF-PBL;festival-lead;rocket-mewtwo-ex;1;1;0;2;0.5;mitUnentschieden
6a958db4629039f77d8a6771;2026-09-06;TEF-PBL;alakazam-dudunsparce;grimmsnarl-froslass;0;2;0;2;0.0;mitUnentschieden
6a958db4629039f77d8a6771;2026-09-06;TEF-PBL;grimmsnarl-froslass;alakazam-dudunsparce;1;1;0;2;0.5;mitUnentschieden
6a958db4629039f77d8a6771;2026-09-06;TEF-PBL;n-zoroark;alakazam-dudunsparce;1;5;0;6;0.166667;mitUnentschieden
6a958db4629039f77d8a6771;2026-09-06;TEF-PBL;alakazam-dudunsparce;n-zoroark;5;1;0;6;0.833333;mitUnentschieden
6a958db4629039f77d8a6771;2026-09-06;TEF-PBL;alakazam-dudunsparce;greninja-ex;1;0;0;1;1.0;mitUnentschieden
6a958db4629039f77d8a6771;2026-09-06;TEF-PBL;greninja-ex;alakazam-dudunsparce;0;1;0;1;0.0;mitUnentschieden
6a958db4629039f77d8a6771;2026-09-06;TEF-PBL;mega-excadrill-ex;slowking-scr;2;0;0;2;1.0;mitUnentschieden
6a958db4629039f77d8a6771;2026-09-06;TEF-PBL;slowking-scr;mega-excadrill-ex;0;2;0;2;0.0;mitUnentschieden
6a958db4629039f77d8a6771;2026-09-06;TEF-PBL;manectric-eelektrik;slowking-scr;0;1;0;1;0.0;mitUnentschieden
6a958db4629039f77d8a6771;2026-09-06;TEF-PBL;slowking-scr;manectric-eelektrik;1;0;0;1;1.0;mitUnentschieden
6a958db4629039f77d8a6771;2026-09-06;TEF-PBL;lucario-hariyama;slowking-scr;1;3;0;4;0.25;mitUnentschieden
6a958db4629039f77d8a6771;2026-09-06;TEF-PBL;slowking-scr;lucario-hariyama;1;3;0;4;0.25;mitUnentschieden
6a958db4629039f77d8a6771;2026-09-06;TEF-PBL;ethan-typhlosion;n-zoroark;1;1;0;2;0.5;mitUnentschieden
6a958db4629039f77d8a6771;2026-09-06;TEF-PBL;n-zoroark;ethan-typhlosion;1;1;0;2;0.5;mitUnentschieden
6a958db4629039f77d8a6771;2026-09-06;TEF-PBL;slowking-scr;crustle-dri;1;1;0;2;0.5;mitUnentschieden
6a958db4629039f77d8a6771;2026-09-06;TEF-PBL;crustle-dri;slowking-scr;1;1;0;2;0.5;mitUnentschieden
6a958db4629039f77d8a6771;2026-09-06;TEF-PBL;dragapult-blaziken;hops-trevenant;1;0;0;1;1.0;mitUnentschieden
6a958db4629039f77d8a6771;2026-09-06;TEF-PBL;hops-trevenant;dragapult-blaziken;0;1;0;1;0.0;mitUnentschieden
6a958db4629039f77d8a6771;2026-09-06;TEF-PBL;dragapult-blaziken;grimmsnarl-froslass;0;2;0;2;0.0;mitUnentschieden
6a958db4629039f77d8a6771;2026-09-06;TEF-PBL;grimmsnarl-froslass;dragapult-blaziken;1;1;0;2;0.5;mitUnentschieden
6a958db4629039f77d8a6771;2026-09-06;TEF-PBL;alakazam-dudunsparce;hops-trevenant;1;1;0;2;0.5;mitUnentschieden
6a958db4629039f77d8a6771;2026-09-06;TEF-PBL;hops-trevenant;alakazam-dudunsparce;0;2;0;2;0.0;mitUnentschieden
6a958db4629039f77d8a6771;2026-09-06;TEF-PBL;alakazam-dudunsparce;festival-lead;3;1;1;5;0.6;mitUnentschieden
6a958db4629039f77d8a6771;2026-09-06;TEF-PBL;festival-lead;alakazam-dudunsparce;0;4;1;5;0.0;mitUnentschieden
6a958db4629039f77d8a6771;2026-09-06;TEF-PBL;rockets-honchkrow;mega-lucario-ex;1;0;0;1;1.0;mitUnentschieden
6a958db4629039f77d8a6771;2026-09-06;TEF-PBL;mega-lucario-ex;rockets-honchkrow;0;1;0;1;0.0;mitUnentschieden
6a958db4629039f77d8a6771;2026-09-06;TEF-PBL;lucario-hariyama;stevens-metagross;0;1;0;1;0.0;mitUnentschieden
6a958db4629039f77d8a6771;2026-09-06;TEF-PBL;stevens-metagross;lucario-hariyama;1;0;0;1;1.0;mitUnentschieden
6a958db4629039f77d8a6771;2026-09-06;TEF-PBL;dragapult-ex;n-zoroark;0;1;0;1;0.0;mitUnentschieden
6a958db4629039f77d8a6771;2026-09-06;TEF-PBL;n-zoroark;dragapult-ex;1;0;0;1;1.0;mitUnentschieden
6a958db4629039f77d8a6771;2026-09-06;TEF-PBL;dragapult-ex;starmie-dusknoir;1;0;0;1;1.0;mitUnentschieden
6a958db4629039f77d8a6771;2026-09-06;TEF-PBL;starmie-dusknoir;dragapult-ex;0;1;0;1;0.0;mitUnentschieden
6a958db4629039f77d8a6771;2026-09-06;TEF-PBL;dhelmise-pbl;seaking-pre;0;1;0;1;0.0;mitUnentschieden
6a958db4629039f77d8a6771;2026-09-06;TEF-PBL;seaking-pre;dhelmise-pbl;1;0;0;1;1.0;mitUnentschieden
6a958db4629039f77d8a6771;2026-09-06;TEF-PBL;seaking-pre;toxtricity-pfl;0;1;0;1;0.0;mitUnentschieden
6a958db4629039f77d8a6771;2026-09-06;TEF-PBL;toxtricity-pfl;seaking-pre;1;0;0;1;1.0;mitUnentschieden
6a958db4629039f77d8a6771;2026-09-06;TEF-PBL;alakazam-dudunsparce;dragapult-ex;0;2;0;2;0.0;mitUnentschieden
6a958db4629039f77d8a6771;2026-09-06;TEF-PBL;dragapult-ex;alakazam-dudunsparce;2;0;0;2;1.0;mitUnentschieden
6a958db4629039f77d8a6771;2026-09-06;TEF-PBL;dhelmise-pbl;mega-excadrill-ex;2;1;0;3;0.666667;mitUnentschieden
6a958db4629039f77d8a6771;2026-09-06;TEF-PBL;mega-excadrill-ex;dhelmise-pbl;1;2;0;3;0.333333;mitUnentschieden
6a958db4629039f77d8a6771;2026-09-06;TEF-PBL;lopunny-dusknoir;rocket-mewtwo-ex;0;1;0;1;0.0;mitUnentschieden
6a958db4629039f77d8a6771;2026-09-06;TEF-PBL;rocket-mewtwo-ex;lopunny-dusknoir;1;0;0;1;1.0;mitUnentschieden
6a958db4629039f77d8a6771;2026-09-06;TEF-PBL;n-zoroark;mega-excadrill-ex;0;2;0;2;0.0;mitUnentschieden
6a958db4629039f77d8a6771;2026-09-06;TEF-PBL;mega-excadrill-ex;n-zoroark;2;0;0;2;1.0;mitUnentschieden
6a958db4629039f77d8a6771;2026-09-06;TEF-PBL;mega-greninja-ex;slowking-scr;1;1;0;2;0.5;mitUnentschieden
6a958db4629039f77d8a6771;2026-09-06;TEF-PBL;slowking-scr;mega-greninja-ex;1;1;0;2;0.5;mitUnentschieden
6a958db4629039f77d8a6771;2026-09-06;TEF-PBL;mega-zygarde-ex;dragapult-dusknoir;0;1;0;1;0.0;mitUnentschieden
6a958db4629039f77d8a6771;2026-09-06;TEF-PBL;dragapult-dusknoir;mega-zygarde-ex;1;0;0;1;1.0;mitUnentschieden
6a958db4629039f77d8a6771;2026-09-06;TEF-PBL;beedrill-ex-cri;okidogi-barbaracle;0;1;0;1;0.0;mitUnentschieden
6a958db4629039f77d8a6771;2026-09-06;TEF-PBL;okidogi-barbaracle;beedrill-ex-cri;1;0;0;1;1.0;mitUnentschieden
6a958db4629039f77d8a6771;2026-09-06;TEF-PBL;rocket-mewtwo-ex;starmie-froslass;1;0;0;1;1.0;mitUnentschieden
6a958db4629039f77d8a6771;2026-09-06;TEF-PBL;starmie-froslass;rocket-mewtwo-ex;0;1;0;1;0.0;mitUnentschieden
6a958db4629039f77d8a6771;2026-09-06;TEF-PBL;ogerpon-meganium-hydrapple;cinccino-ex;1;0;0;1;1.0;mitUnentschieden
6a958db4629039f77d8a6771;2026-09-06;TEF-PBL;cinccino-ex;ogerpon-meganium-hydrapple;0;1;0;1;0.0;mitUnentschieden
6a958db4629039f77d8a6771;2026-09-06;TEF-PBL;toucannon-pbl;dragapult-dusknoir;0;1;0;1;0.0;mitUnentschieden
6a958db4629039f77d8a6771;2026-09-06;TEF-PBL;dragapult-dusknoir;toucannon-pbl;1;0;0;1;1.0;mitUnentschieden
6a958db4629039f77d8a6771;2026-09-06;TEF-PBL;blaziken-ex-jtg;mega-greninja-ex;0;1;0;1;0.0;mitUnentschieden
6a958db4629039f77d8a6771;2026-09-06;TEF-PBL;mega-greninja-ex;blaziken-ex-jtg;1;0;0;1;1.0;mitUnentschieden
6a958db4629039f77d8a6771;2026-09-06;TEF-PBL;dragapult-blaziken;raging-bolt-ogerpon;0;1;0;1;0.0;mitUnentschieden
6a958db4629039f77d8a6771;2026-09-06;TEF-PBL;raging-bolt-ogerpon;dragapult-blaziken;1;0;0;1;1.0;mitUnentschieden
6a958db4629039f77d8a6771;2026-09-06;TEF-PBL;mega-greninja-ex;froslass-munkidori;0;1;0;1;0.0;mitUnentschieden
6a958db4629039f77d8a6771;2026-09-06;TEF-PBL;froslass-munkidori;mega-greninja-ex;1;0;0;1;1.0;mitUnentschieden
6a958db4629039f77d8a6771;2026-09-06;TEF-PBL;toxtricity-pfl;dragapult-ex;1;0;0;1;1.0;mitUnentschieden
6a958db4629039f77d8a6771;2026-09-06;TEF-PBL;dragapult-ex;toxtricity-pfl;0;1;0;1;0.0;mitUnentschieden
6a958db4629039f77d8a6771;2026-09-06;TEF-PBL;hops-trevenant;mega-greninja-ex;0;1;0;1;0.0;mitUnentschieden
6a958db4629039f77d8a6771;2026-09-06;TEF-PBL;mega-greninja-ex;hops-trevenant;1;0;0;1;1.0;mitUnentschieden
6a958db4629039f77d8a6771;2026-09-06;TEF-PBL;lucario-hariyama;dhelmise-pbl;1;1;0;2;0.5;mitUnentschieden
6a958db4629039f77d8a6771;2026-09-06;TEF-PBL;dhelmise-pbl;lucario-hariyama;1;1;0;2;0.5;mitUnentschieden
6a958db4629039f77d8a6771;2026-09-06;TEF-PBL;alakazam-dudunsparce;mega-feraligatr-ex;0;1;0;1;0.0;mitUnentschieden
6a958db4629039f77d8a6771;2026-09-06;TEF-PBL;mega-feraligatr-ex;alakazam-dudunsparce;1;0;0;1;1.0;mitUnentschieden
6a958db4629039f77d8a6771;2026-09-06;TEF-PBL;cynthia-garchomp-ex;ogerpon-meganium-hydrapple;0;1;0;1;0.0;mitUnentschieden
6a958db4629039f77d8a6771;2026-09-06;TEF-PBL;ogerpon-meganium-hydrapple;cynthia-garchomp-ex;1;0;0;1;1.0;mitUnentschieden
6a958db4629039f77d8a6771;2026-09-06;TEF-PBL;basic-box-m;festival-lead;0;1;0;1;0.0;mitUnentschieden
6a958db4629039f77d8a6771;2026-09-06;TEF-PBL;festival-lead;basic-box-m;1;0;0;1;1.0;mitUnentschieden
6a958db4629039f77d8a6771;2026-09-06;TEF-PBL;slowking-scr;basic-box-m;1;1;0;2;0.5;mitUnentschieden
6a958db4629039f77d8a6771;2026-09-06;TEF-PBL;basic-box-m;slowking-scr;1;1;0;2;0.5;mitUnentschieden
6a958db4629039f77d8a6771;2026-09-06;TEF-PBL;basic-box-m;crustle-dri;0;1;0;1;0.0;mitUnentschieden
6a958db4629039f77d8a6771;2026-09-06;TEF-PBL;crustle-dri;basic-box-m;1;0;0;1;1.0;mitUnentschieden
6a958db4629039f77d8a6771;2026-09-06;TEF-PBL;toucannon-pbl;alakazam-dudunsparce;0;1;0;1;0.0;mitUnentschieden
6a958db4629039f77d8a6771;2026-09-06;TEF-PBL;alakazam-dudunsparce;toucannon-pbl;1;0;0;1;1.0;mitUnentschieden
6a958db4629039f77d8a6771;2026-09-06;TEF-PBL;mega-lucario-ex;dragapult-dusknoir;0;2;0;2;0.0;mitUnentschieden
6a958db4629039f77d8a6771;2026-09-06;TEF-PBL;dragapult-dusknoir;mega-lucario-ex;1;1;0;2;0.5;mitUnentschieden
6a958db4629039f77d8a6771;2026-09-06;TEF-PBL;clefairy-ogerpon;dhelmise-pbl;0;1;0;1;0.0;mitUnentschieden
6a958db4629039f77d8a6771;2026-09-06;TEF-PBL;dhelmise-pbl;clefairy-ogerpon;1;0;0;1;1.0;mitUnentschieden
6a958db4629039f77d8a6771;2026-09-06;TEF-PBL;dragapult-dusknoir;slowking-scr;0;3;0;3;0.0;mitUnentschieden
6a958db4629039f77d8a6771;2026-09-06;TEF-PBL;slowking-scr;dragapult-dusknoir;1;2;0;3;0.333333;mitUnentschieden
6a958db4629039f77d8a6771;2026-09-06;TEF-PBL;marnie-grimmsnarl-ex;crustle-dri;0;1;0;1;0.0;mitUnentschieden
6a958db4629039f77d8a6771;2026-09-06;TEF-PBL;crustle-dri;marnie-grimmsnarl-ex;1;0;0;1;1.0;mitUnentschieden
6a958db4629039f77d8a6771;2026-09-06;TEF-PBL;flareon-noctowl;grimmsnarl-froslass;1;0;0;1;1.0;mitUnentschieden
6a958db4629039f77d8a6771;2026-09-06;TEF-PBL;grimmsnarl-froslass;flareon-noctowl;0;1;0;1;0.0;mitUnentschieden
6a958db4629039f77d8a6771;2026-09-06;TEF-PBL;dragapult-dudunsparce;lopunny-dudunsparce;1;0;0;1;1.0;mitUnentschieden
6a958db4629039f77d8a6771;2026-09-06;TEF-PBL;lopunny-dudunsparce;dragapult-dudunsparce;0;1;0;1;0.0;mitUnentschieden
6a958db4629039f77d8a6771;2026-09-06;TEF-PBL;dragapult-dusknoir;rocket-mewtwo-ex;0;1;0;1;0.0;mitUnentschieden
6a958db4629039f77d8a6771;2026-09-06;TEF-PBL;rocket-mewtwo-ex;dragapult-dusknoir;0;1;0;1;0.0;mitUnentschieden
6a958db4629039f77d8a6771;2026-09-06;TEF-PBL;dragapult-blaziken;slowking-scr;1;1;0;2;0.5;mitUnentschieden
6a958db4629039f77d8a6771;2026-09-06;TEF-PBL;slowking-scr;dragapult-blaziken;0;2;0;2;0.0;mitUnentschieden
6a958db4629039f77d8a6771;2026-09-06;TEF-PBL;mega-greninja-ex;n-zoroark;1;0;0;1;1.0;mitUnentschieden
6a958db4629039f77d8a6771;2026-09-06;TEF-PBL;n-zoroark;mega-greninja-ex;0;1;0;1;0.0;mitUnentschieden
6a958db4629039f77d8a6771;2026-09-06;TEF-PBL;grimmsnarl-froslass;mega-greninja-ex;1;0;0;1;1.0;mitUnentschieden
6a958db4629039f77d8a6771;2026-09-06;TEF-PBL;mega-greninja-ex;grimmsnarl-froslass;0;1;0;1;0.0;mitUnentschieden
6a958db4629039f77d8a6771;2026-09-06;TEF-PBL;dragapult-dusknoir;toxtricity-pfl;0;1;0;1;0.0;mitUnentschieden
6a958db4629039f77d8a6771;2026-09-06;TEF-PBL;toxtricity-pfl;dragapult-dusknoir;1;0;0;1;1.0;mitUnentschieden
6a958db4629039f77d8a6771;2026-09-06;TEF-PBL;rockets-honchkrow;ogerpon-meganium-hydrapple;1;0;0;1;1.0;mitUnentschieden
6a958db4629039f77d8a6771;2026-09-06;TEF-PBL;ogerpon-meganium-hydrapple;rockets-honchkrow;0;1;0;1;0.0;mitUnentschieden
6a958db4629039f77d8a6771;2026-09-06;TEF-PBL;seaking-pre;hydreigon-ex;0;1;0;1;0.0;mitUnentschieden
6a958db4629039f77d8a6771;2026-09-06;TEF-PBL;hydreigon-ex;seaking-pre;1;0;0;1;1.0;mitUnentschieden
6a958db4629039f77d8a6771;2026-09-06;TEF-PBL;stevens-metagross;okidogi-barbaracle;1;0;0;1;1.0;mitUnentschieden
6a958db4629039f77d8a6771;2026-09-06;TEF-PBL;okidogi-barbaracle;stevens-metagross;0;1;0;1;0.0;mitUnentschieden
6a958db4629039f77d8a6771;2026-09-06;TEF-PBL;dragapult-dusknoir;dragapult-ex;0;1;0;1;0.0;mitUnentschieden
6a958db4629039f77d8a6771;2026-09-06;TEF-PBL;dragapult-ex;dragapult-dusknoir;1;0;0;1;1.0;mitUnentschieden
6a958db4629039f77d8a6771;2026-09-06;TEF-PBL;alakazam-dudunsparce;dragapult-blaziken;0;3;0;3;0.0;mitUnentschieden
6a958db4629039f77d8a6771;2026-09-06;TEF-PBL;dragapult-blaziken;alakazam-dudunsparce;2;1;0;3;0.666667;mitUnentschieden
6a958db4629039f77d8a6771;2026-09-06;TEF-PBL;alakazam-dudunsparce;rocket-mewtwo-ex;0;2;0;2;0.0;mitUnentschieden
6a958db4629039f77d8a6771;2026-09-06;TEF-PBL;rocket-mewtwo-ex;alakazam-dudunsparce;2;0;0;2;1.0;mitUnentschieden
6a958db4629039f77d8a6771;2026-09-06;TEF-PBL;lucario-hariyama;dragapult-ex;0;3;0;3;0.0;mitUnentschieden
6a958db4629039f77d8a6771;2026-09-06;TEF-PBL;dragapult-ex;lucario-hariyama;1;2;0;3;0.333333;mitUnentschieden
6a958db4629039f77d8a6771;2026-09-06;TEF-PBL;mega-excadrill-ex;rocket-mewtwo-ex;1;0;0;1;1.0;mitUnentschieden
6a958db4629039f77d8a6771;2026-09-06;TEF-PBL;rocket-mewtwo-ex;mega-excadrill-ex;0;1;0;1;0.0;mitUnentschieden
6a958db4629039f77d8a6771;2026-09-06;TEF-PBL;alakazam-dudunsparce;dragapult-dusknoir;2;1;0;3;0.666667;mitUnentschieden
6a958db4629039f77d8a6771;2026-09-06;TEF-PBL;dragapult-dusknoir;alakazam-dudunsparce;1;2;0;3;0.333333;mitUnentschieden
6a958db4629039f77d8a6771;2026-09-06;TEF-PBL;mega-lucario-ex;lucario-hariyama;1;0;0;1;1.0;mitUnentschieden
6a958db4629039f77d8a6771;2026-09-06;TEF-PBL;lucario-hariyama;mega-lucario-ex;0;1;0;1;0.0;mitUnentschieden
6a958db4629039f77d8a6771;2026-09-06;TEF-PBL;crustle-dri;dragapult-ex;1;0;0;1;1.0;mitUnentschieden
6a958db4629039f77d8a6771;2026-09-06;TEF-PBL;dragapult-ex;crustle-dri;0;1;0;1;0.0;mitUnentschieden
6a958db4629039f77d8a6771;2026-09-06;TEF-PBL;dragapult-blaziken;festival-lead;1;0;0;1;1.0;mitUnentschieden
6a958db4629039f77d8a6771;2026-09-06;TEF-PBL;festival-lead;dragapult-blaziken;0;1;0;1;0.0;mitUnentschieden
6a958db4629039f77d8a6771;2026-09-06;TEF-PBL;mega-zygarde-ex;dhelmise-pbl;0;1;0;1;0.0;mitUnentschieden
6a958db4629039f77d8a6771;2026-09-06;TEF-PBL;dhelmise-pbl;mega-zygarde-ex;1;0;0;1;1.0;mitUnentschieden
6a958db4629039f77d8a6771;2026-09-06;TEF-PBL;beedrill-ex-cri;festival-lead;0;1;0;1;0.0;mitUnentschieden
6a958db4629039f77d8a6771;2026-09-06;TEF-PBL;festival-lead;beedrill-ex-cri;1;0;0;1;1.0;mitUnentschieden
6a958db4629039f77d8a6771;2026-09-06;TEF-PBL;ethan-typhlosion;mamoswine-ex;1;0;0;1;1.0;mitUnentschieden
6a958db4629039f77d8a6771;2026-09-06;TEF-PBL;mamoswine-ex;ethan-typhlosion;0;1;0;1;0.0;mitUnentschieden
6a958db4629039f77d8a6771;2026-09-06;TEF-PBL;mega-greninja-ex;toxtricity-pfl;1;0;0;1;1.0;mitUnentschieden
6a958db4629039f77d8a6771;2026-09-06;TEF-PBL;toxtricity-pfl;mega-greninja-ex;0;1;0;1;0.0;mitUnentschieden
6a958db4629039f77d8a6771;2026-09-06;TEF-PBL;lopunny-dusknoir;dhelmise-pbl;0;1;0;1;0.0;mitUnentschieden
6a958db4629039f77d8a6771;2026-09-06;TEF-PBL;dhelmise-pbl;lopunny-dusknoir;0;1;0;1;0.0;mitUnentschieden
6a958db4629039f77d8a6771;2026-09-06;TEF-PBL;starmie-froslass;crustle-dri;0;1;0;1;0.0;mitUnentschieden
6a958db4629039f77d8a6771;2026-09-06;TEF-PBL;crustle-dri;starmie-froslass;1;0;0;1;1.0;mitUnentschieden
6a958db4629039f77d8a6771;2026-09-06;TEF-PBL;cinccino-ex;mega-feraligatr-ex;1;0;0;1;1.0;mitUnentschieden
6a958db4629039f77d8a6771;2026-09-06;TEF-PBL;mega-feraligatr-ex;cinccino-ex;0;1;0;1;0.0;mitUnentschieden
6a958db4629039f77d8a6771;2026-09-06;TEF-PBL;dragapult-dudunsparce;ogerpon-meganium-hydrapple;0;1;0;1;0.0;mitUnentschieden
6a958db4629039f77d8a6771;2026-09-06;TEF-PBL;ogerpon-meganium-hydrapple;dragapult-dudunsparce;1;0;0;1;1.0;mitUnentschieden
6a958db4629039f77d8a6771;2026-09-06;TEF-PBL;flareon-noctowl;mega-excadrill-ex;0;1;0;1;0.0;mitUnentschieden
6a958db4629039f77d8a6771;2026-09-06;TEF-PBL;mega-excadrill-ex;flareon-noctowl;1;0;0;1;1.0;mitUnentschieden
6a958db4629039f77d8a6771;2026-09-06;TEF-PBL;lucario-hariyama;raging-bolt-ogerpon;0;1;0;1;0.0;mitUnentschieden
6a958db4629039f77d8a6771;2026-09-06;TEF-PBL;raging-bolt-ogerpon;lucario-hariyama;1;0;0;1;1.0;mitUnentschieden
6a958db4629039f77d8a6771;2026-09-06;TEF-PBL;alakazam-dudunsparce;starmie-dusknoir;0;1;0;1;0.0;mitUnentschieden
6a958db4629039f77d8a6771;2026-09-06;TEF-PBL;starmie-dusknoir;alakazam-dudunsparce;1;0;0;1;1.0;mitUnentschieden
6a958db4629039f77d8a6771;2026-09-06;TEF-PBL;toucannon-pbl;mega-excadrill-ex;0;1;0;1;0.0;mitUnentschieden
6a958db4629039f77d8a6771;2026-09-06;TEF-PBL;mega-excadrill-ex;toucannon-pbl;1;0;0;1;1.0;mitUnentschieden
6a958db4629039f77d8a6771;2026-09-06;TEF-PBL;dhelmise-pbl;froslass-munkidori;1;0;0;1;1.0;mitUnentschieden
6a958db4629039f77d8a6771;2026-09-06;TEF-PBL;froslass-munkidori;dhelmise-pbl;0;1;0;1;0.0;mitUnentschieden
6a958db4629039f77d8a6771;2026-09-06;TEF-PBL;slowking-scr;hops-trevenant;1;0;0;1;1.0;mitUnentschieden
6a958db4629039f77d8a6771;2026-09-06;TEF-PBL;hops-trevenant;slowking-scr;0;1;0;1;0.0;mitUnentschieden
6a958db4629039f77d8a6771;2026-09-06;TEF-PBL;festival-lead;toucannon-pbl;0;1;0;1;0.0;mitUnentschieden
6a958db4629039f77d8a6771;2026-09-06;TEF-PBL;toucannon-pbl;festival-lead;1;0;0;1;1.0;mitUnentschieden
6a958db4629039f77d8a6771;2026-09-06;TEF-PBL;marnie-grimmsnarl-ex;festival-lead;0;1;0;1;0.0;mitUnentschieden
6a958db4629039f77d8a6771;2026-09-06;TEF-PBL;festival-lead;marnie-grimmsnarl-ex;0;1;0;1;0.0;mitUnentschieden
6a958db4629039f77d8a6771;2026-09-06;TEF-PBL;cynthia-garchomp-ex;rocket-mewtwo-ex;0;1;0;1;0.0;mitUnentschieden
6a958db4629039f77d8a6771;2026-09-06;TEF-PBL;rocket-mewtwo-ex;cynthia-garchomp-ex;0;1;0;1;0.0;mitUnentschieden
6a958db4629039f77d8a6771;2026-09-06;TEF-PBL;clefairy-ogerpon;alakazam-dudunsparce;0;1;0;1;0.0;mitUnentschieden
6a958db4629039f77d8a6771;2026-09-06;TEF-PBL;alakazam-dudunsparce;clefairy-ogerpon;1;0;0;1;1.0;mitUnentschieden
6a958db4629039f77d8a6771;2026-09-06;TEF-PBL;basic-box-m;n-zoroark;2;1;0;3;0.666667;mitUnentschieden
6a958db4629039f77d8a6771;2026-09-06;TEF-PBL;n-zoroark;basic-box-m;1;2;0;3;0.333333;mitUnentschieden
6a958db4629039f77d8a6771;2026-09-06;TEF-PBL;slowking-scr;lopunny-dudunsparce;0;1;0;1;0.0;mitUnentschieden
6a958db4629039f77d8a6771;2026-09-06;TEF-PBL;lopunny-dudunsparce;slowking-scr;1;0;0;1;1.0;mitUnentschieden
6a958db4629039f77d8a6771;2026-09-06;TEF-PBL;stevens-metagross;dragapult-blaziken;1;0;0;1;1.0;mitUnentschieden
6a958db4629039f77d8a6771;2026-09-06;TEF-PBL;dragapult-blaziken;stevens-metagross;0;1;0;1;0.0;mitUnentschieden
6a958db4629039f77d8a6771;2026-09-06;TEF-PBL;dragapult-ex;mega-greninja-ex;1;0;0;1;1.0;mitUnentschieden
6a958db4629039f77d8a6771;2026-09-06;TEF-PBL;mega-greninja-ex;dragapult-ex;0;1;0;1;0.0;mitUnentschieden
6a958db4629039f77d8a6771;2026-09-06;TEF-PBL;rockets-honchkrow;grimmsnarl-froslass;1;0;0;1;1.0;mitUnentschieden
6a958db4629039f77d8a6771;2026-09-06;TEF-PBL;grimmsnarl-froslass;rockets-honchkrow;0;1;0;1;0.0;mitUnentschieden
6a958db4629039f77d8a6771;2026-09-06;TEF-PBL;toxtricity-pfl;dhelmise-pbl;0;1;0;1;0.0;mitUnentschieden
6a958db4629039f77d8a6771;2026-09-06;TEF-PBL;dhelmise-pbl;toxtricity-pfl;1;0;0;1;1.0;mitUnentschieden
6a958db4629039f77d8a6771;2026-09-06;TEF-PBL;dragapult-ex;hydreigon-ex;1;0;0;1;1.0;mitUnentschieden
6a958db4629039f77d8a6771;2026-09-06;TEF-PBL;hydreigon-ex;dragapult-ex;0;1;0;1;0.0;mitUnentschieden
6a958db4629039f77d8a6771;2026-09-06;TEF-PBL;mega-excadrill-ex;festival-lead;0;1;0;1;0.0;mitUnentschieden
6a958db4629039f77d8a6771;2026-09-06;TEF-PBL;festival-lead;mega-excadrill-ex;1;0;0;1;1.0;mitUnentschieden
6a958db4629039f77d8a6771;2026-09-06;TEF-PBL;n-zoroark;raging-bolt-ogerpon;0;1;0;1;0.0;mitUnentschieden
6a958db4629039f77d8a6771;2026-09-06;TEF-PBL;raging-bolt-ogerpon;n-zoroark;1;0;0;1;1.0;mitUnentschieden
6a958db4629039f77d8a6771;2026-09-06;TEF-PBL;dragapult-blaziken;mega-lucario-ex;1;0;0;1;1.0;mitUnentschieden
6a958db4629039f77d8a6771;2026-09-06;TEF-PBL;mega-lucario-ex;dragapult-blaziken;0;1;0;1;0.0;mitUnentschieden
6a958db4629039f77d8a6771;2026-09-06;TEF-PBL;dragapult-blaziken;dhelmise-pbl;0;2;0;2;0.0;mitUnentschieden
6a958db4629039f77d8a6771;2026-09-06;TEF-PBL;dhelmise-pbl;dragapult-blaziken;2;0;0;2;1.0;mitUnentschieden
6a958db4629039f77d8a6771;2026-09-06;TEF-PBL;starmie-dusknoir;crustle-dri;1;0;0;1;1.0;mitUnentschieden
6a958db4629039f77d8a6771;2026-09-06;TEF-PBL;crustle-dri;starmie-dusknoir;0;1;0;1;0.0;mitUnentschieden
6a958db4629039f77d8a6771;2026-09-06;TEF-PBL;mega-excadrill-ex;seaking-pre;0;1;0;1;0.0;mitUnentschieden
6a958db4629039f77d8a6771;2026-09-06;TEF-PBL;seaking-pre;mega-excadrill-ex;1;0;0;1;1.0;mitUnentschieden
6a958db4629039f77d8a6771;2026-09-06;TEF-PBL;mega-greninja-ex;crustle-dri;0;1;0;1;0.0;mitUnentschieden
6a958db4629039f77d8a6771;2026-09-06;TEF-PBL;crustle-dri;mega-greninja-ex;1;0;0;1;1.0;mitUnentschieden
6a958db4629039f77d8a6771;2026-09-06;TEF-PBL;dragapult-dusknoir;ethan-typhlosion;1;0;0;1;1.0;mitUnentschieden
6a958db4629039f77d8a6771;2026-09-06;TEF-PBL;ethan-typhlosion;dragapult-dusknoir;0;1;0;1;0.0;mitUnentschieden
6a958db4629039f77d8a6771;2026-09-06;TEF-PBL;ogerpon-meganium-hydrapple;ogerpon-meganium-hydrapple;1;1;0;2;0.5;mitUnentschieden
6a958db4629039f77d8a6771;2026-09-06;TEF-PBL;okidogi-barbaracle;lucario-hariyama;1;0;0;1;1.0;mitUnentschieden
6a958db4629039f77d8a6771;2026-09-06;TEF-PBL;lucario-hariyama;okidogi-barbaracle;0;1;0;1;0.0;mitUnentschieden
6a958db4629039f77d8a6771;2026-09-06;TEF-PBL;slowking-scr;slowking-scr;1;1;0;2;0.5;mitUnentschieden
6a958db4629039f77d8a6771;2026-09-06;TEF-PBL;cinccino-ex;alakazam-dudunsparce;0;1;0;1;0.0;mitUnentschieden
6a958db4629039f77d8a6771;2026-09-06;TEF-PBL;alakazam-dudunsparce;cinccino-ex;1;0;0;1;1.0;mitUnentschieden
6a958db4629039f77d8a6771;2026-09-06;TEF-PBL;basic-box-m;beedrill-ex-cri;1;0;0;1;1.0;mitUnentschieden
6a958db4629039f77d8a6771;2026-09-06;TEF-PBL;beedrill-ex-cri;basic-box-m;0;1;0;1;0.0;mitUnentschieden
6a958db4629039f77d8a6771;2026-09-06;TEF-PBL;mamoswine-ex;dhelmise-pbl;1;0;0;1;1.0;mitUnentschieden
6a958db4629039f77d8a6771;2026-09-06;TEF-PBL;dhelmise-pbl;mamoswine-ex;0;1;0;1;0.0;mitUnentschieden
6a958db4629039f77d8a6771;2026-09-06;TEF-PBL;alakazam-dudunsparce;lopunny-dusknoir;0;1;0;1;0.0;mitUnentschieden
6a958db4629039f77d8a6771;2026-09-06;TEF-PBL;lopunny-dusknoir;alakazam-dudunsparce;1;0;0;1;1.0;mitUnentschieden
6a958db4629039f77d8a6771;2026-09-06;TEF-PBL;slowking-scr;mega-zygarde-ex;0;1;0;1;0.0;mitUnentschieden
6a958db4629039f77d8a6771;2026-09-06;TEF-PBL;mega-zygarde-ex;slowking-scr;1;0;0;1;1.0;mitUnentschieden
6a958db4629039f77d8a6771;2026-09-06;TEF-PBL;lucario-hariyama;lucario-hariyama;0;2;0;2;0.0;mitUnentschieden
6a958db4629039f77d8a6771;2026-09-06;TEF-PBL;slowking-scr;dragapult-ex;0;1;0;1;0.0;mitUnentschieden
6a958db4629039f77d8a6771;2026-09-06;TEF-PBL;dragapult-ex;slowking-scr;0;1;0;1;0.0;mitUnentschieden
6a958db4629039f77d8a6771;2026-09-06;TEF-PBL;toxtricity-pfl;mega-feraligatr-ex;0;1;0;1;0.0;mitUnentschieden
6a958db4629039f77d8a6771;2026-09-06;TEF-PBL;mega-feraligatr-ex;toxtricity-pfl;1;0;0;1;1.0;mitUnentschieden
6a958db4629039f77d8a6771;2026-09-06;TEF-PBL;starmie-froslass;festival-lead;0;1;0;1;0.0;mitUnentschieden
6a958db4629039f77d8a6771;2026-09-06;TEF-PBL;festival-lead;starmie-froslass;1;0;0;1;1.0;mitUnentschieden
6a958db4629039f77d8a6771;2026-09-06;TEF-PBL;dragapult-dudunsparce;festival-lead;0;1;0;1;0.0;mitUnentschieden
6a958db4629039f77d8a6771;2026-09-06;TEF-PBL;festival-lead;dragapult-dudunsparce;1;0;0;1;1.0;mitUnentschieden
6a958db4629039f77d8a6771;2026-09-06;TEF-PBL;dragapult-dusknoir;dragapult-blaziken;1;1;0;2;0.5;mitUnentschieden
6a958db4629039f77d8a6771;2026-09-06;TEF-PBL;dragapult-blaziken;dragapult-dusknoir;1;1;0;2;0.5;mitUnentschieden
6a958db4629039f77d8a6771;2026-09-06;TEF-PBL;rocket-mewtwo-ex;slowking-scr;0;1;0;1;0.0;mitUnentschieden
6a958db4629039f77d8a6771;2026-09-06;TEF-PBL;slowking-scr;rocket-mewtwo-ex;0;1;0;1;0.0;mitUnentschieden
6a958db4629039f77d8a6771;2026-09-06;TEF-PBL;hops-trevenant;basic-box-m;0;1;0;1;0.0;mitUnentschieden
6a958db4629039f77d8a6771;2026-09-06;TEF-PBL;basic-box-m;hops-trevenant;0;1;0;1;0.0;mitUnentschieden
6a958db4629039f77d8a6771;2026-09-06;TEF-PBL;festival-lead;mega-lucario-ex;0;1;0;1;0.0;mitUnentschieden
6a958db4629039f77d8a6771;2026-09-06;TEF-PBL;mega-lucario-ex;festival-lead;0;1;0;1;0.0;mitUnentschieden
6a958db4629039f77d8a6771;2026-09-06;TEF-PBL;marnie-grimmsnarl-ex;cynthia-garchomp-ex;0;1;0;1;0.0;mitUnentschieden
6a958db4629039f77d8a6771;2026-09-06;TEF-PBL;cynthia-garchomp-ex;marnie-grimmsnarl-ex;0;1;0;1;0.0;mitUnentschieden
6a958db4629039f77d8a6771;2026-09-06;TEF-PBL;rocket-mewtwo-ex;rockets-honchkrow;0;1;0;1;0.0;mitUnentschieden
6a958db4629039f77d8a6771;2026-09-06;TEF-PBL;rockets-honchkrow;rocket-mewtwo-ex;1;0;0;1;1.0;mitUnentschieden
6a958db4629039f77d8a6771;2026-09-06;TEF-PBL;stevens-metagross;dhelmise-pbl;2;0;0;2;1.0;mitUnentschieden
6a958db4629039f77d8a6771;2026-09-06;TEF-PBL;dhelmise-pbl;stevens-metagross;0;2;0;2;0.0;mitUnentschieden
6a958db4629039f77d8a6771;2026-09-06;TEF-PBL;dragapult-ex;dhelmise-pbl;0;1;0;1;0.0;mitUnentschieden
6a958db4629039f77d8a6771;2026-09-06;TEF-PBL;dhelmise-pbl;dragapult-ex;1;0;0;1;1.0;mitUnentschieden
6a958db4629039f77d8a6771;2026-09-06;TEF-PBL;dragapult-ex;mega-excadrill-ex;1;0;0;1;1.0;mitUnentschieden
6a958db4629039f77d8a6771;2026-09-06;TEF-PBL;mega-excadrill-ex;dragapult-ex;0;1;0;1;0.0;mitUnentschieden
6a958db4629039f77d8a6771;2026-09-06;TEF-PBL;grimmsnarl-froslass;toxtricity-pfl;0;1;0;1;0.0;mitUnentschieden
6a958db4629039f77d8a6771;2026-09-06;TEF-PBL;toxtricity-pfl;grimmsnarl-froslass;1;0;0;1;1.0;mitUnentschieden
6a958db4629039f77d8a6771;2026-09-06;TEF-PBL;alakazam-dudunsparce;crustle-dri;0;1;0;1;0.0;mitUnentschieden
6a958db4629039f77d8a6771;2026-09-06;TEF-PBL;crustle-dri;alakazam-dudunsparce;1;0;0;1;1.0;mitUnentschieden
6a958db4629039f77d8a6771;2026-09-06;TEF-PBL;slowking-scr;ogerpon-meganium-hydrapple;0;1;0;1;0.0;mitUnentschieden
6a958db4629039f77d8a6771;2026-09-06;TEF-PBL;ogerpon-meganium-hydrapple;slowking-scr;1;0;0;1;1.0;mitUnentschieden
6a958db4629039f77d8a6771;2026-09-06;TEF-PBL;mega-greninja-ex;dragapult-dusknoir;0;1;0;1;0.0;mitUnentschieden
6a958db4629039f77d8a6771;2026-09-06;TEF-PBL;dragapult-dusknoir;mega-greninja-ex;1;0;0;1;1.0;mitUnentschieden
6a958db4629039f77d8a6771;2026-09-06;TEF-PBL;starmie-dusknoir;hydreigon-ex;0;1;0;1;0.0;mitUnentschieden
6a958db4629039f77d8a6771;2026-09-06;TEF-PBL;hydreigon-ex;starmie-dusknoir;1;0;0;1;1.0;mitUnentschieden
6a958db4629039f77d8a6771;2026-09-06;TEF-PBL;seaking-pre;raging-bolt-ogerpon;0;1;0;1;0.0;mitUnentschieden
6a958db4629039f77d8a6771;2026-09-06;TEF-PBL;raging-bolt-ogerpon;seaking-pre;1;0;0;1;1.0;mitUnentschieden
6a958db4629039f77d8a6771;2026-09-06;TEF-PBL;okidogi-barbaracle;dragapult-blaziken;0;1;0;1;0.0;mitUnentschieden
6a958db4629039f77d8a6771;2026-09-06;TEF-PBL;dragapult-blaziken;okidogi-barbaracle;1;0;0;1;1.0;mitUnentschieden
6a958db4629039f77d8a6771;2026-09-06;TEF-PBL;alakazam-dudunsparce;ogerpon-meganium-hydrapple;0;1;0;1;0.0;mitUnentschieden
6a958db4629039f77d8a6771;2026-09-06;TEF-PBL;ogerpon-meganium-hydrapple;alakazam-dudunsparce;1;0;0;1;1.0;mitUnentschieden
6a958db4629039f77d8a6771;2026-09-06;TEF-PBL;mega-excadrill-ex;mega-greninja-ex;0;1;0;1;0.0;mitUnentschieden
6a958db4629039f77d8a6771;2026-09-06;TEF-PBL;mega-greninja-ex;mega-excadrill-ex;1;0;0;1;1.0;mitUnentschieden
6a958db4629039f77d8a6771;2026-09-06;TEF-PBL;crustle-dri;lucario-hariyama;1;0;0;1;1.0;mitUnentschieden
6a958db4629039f77d8a6771;2026-09-06;TEF-PBL;lucario-hariyama;crustle-dri;0;1;0;1;0.0;mitUnentschieden
6a958db4629039f77d8a6771;2026-09-06;TEF-PBL;mega-feraligatr-ex;festival-lead;0;1;0;1;0.0;mitUnentschieden
6a958db4629039f77d8a6771;2026-09-06;TEF-PBL;festival-lead;mega-feraligatr-ex;1;0;0;1;1.0;mitUnentschieden
6a958db4629039f77d8a6771;2026-09-06;TEF-PBL;mega-lucario-ex;mega-zygarde-ex;1;0;0;1;1.0;mitUnentschieden
6a958db4629039f77d8a6771;2026-09-06;TEF-PBL;mega-zygarde-ex;mega-lucario-ex;0;1;0;1;0.0;mitUnentschieden
6a958db4629039f77d8a6771;2026-09-06;TEF-PBL;mamoswine-ex;slowking-scr;0;1;0;1;0.0;mitUnentschieden
6a958db4629039f77d8a6771;2026-09-06;TEF-PBL;slowking-scr;mamoswine-ex;1;0;0;1;1.0;mitUnentschieden
6a958db4629039f77d8a6771;2026-09-06;TEF-PBL;lopunny-dusknoir;lucario-hariyama;1;0;0;1;1.0;mitUnentschieden
6a958db4629039f77d8a6771;2026-09-06;TEF-PBL;lucario-hariyama;lopunny-dusknoir;0;1;0;1;0.0;mitUnentschieden
6a958db4629039f77d8a6771;2026-09-06;TEF-PBL;toxtricity-pfl;slowking-scr;1;0;0;1;1.0;mitUnentschieden
6a958db4629039f77d8a6771;2026-09-06;TEF-PBL;slowking-scr;toxtricity-pfl;0;1;0;1;0.0;mitUnentschieden
6a958db4629039f77d8a6771;2026-09-06;TEF-PBL;alakazam-dudunsparce;beedrill-ex-cri;0;1;0;1;0.0;mitUnentschieden
6a958db4629039f77d8a6771;2026-09-06;TEF-PBL;beedrill-ex-cri;alakazam-dudunsparce;1;0;0;1;1.0;mitUnentschieden
6a958db4629039f77d8a6771;2026-09-06;TEF-PBL;marnie-grimmsnarl-ex;rocket-mewtwo-ex;0;1;0;1;0.0;mitUnentschieden
6a958db4629039f77d8a6771;2026-09-06;TEF-PBL;rocket-mewtwo-ex;marnie-grimmsnarl-ex;0;1;0;1;0.0;mitUnentschieden
6a958db4629039f77d8a6771;2026-09-06;TEF-PBL;mega-lucario-ex;hops-trevenant;0;1;0;1;0.0;mitUnentschieden
6a958db4629039f77d8a6771;2026-09-06;TEF-PBL;hops-trevenant;mega-lucario-ex;0;1;0;1;0.0;mitUnentschieden
6a958db4629039f77d8a6771;2026-09-06;TEF-PBL;cynthia-garchomp-ex;grimmsnarl-froslass;0;1;0;1;0.0;mitUnentschieden
6a958db4629039f77d8a6771;2026-09-06;TEF-PBL;grimmsnarl-froslass;cynthia-garchomp-ex;0;1;0;1;0.0;mitUnentschieden
6a958db4629039f77d8a6771;2026-09-06;TEF-PBL;dragapult-ex;rockets-honchkrow;1;0;0;1;1.0;mitUnentschieden
6a958db4629039f77d8a6771;2026-09-06;TEF-PBL;rockets-honchkrow;dragapult-ex;0;1;0;1;0.0;mitUnentschieden
6a958db4629039f77d8a6771;2026-09-06;TEF-PBL;toxtricity-pfl;rocket-mewtwo-ex;1;0;0;1;1.0;mitUnentschieden
6a958db4629039f77d8a6771;2026-09-06;TEF-PBL;rocket-mewtwo-ex;toxtricity-pfl;0;1;0;1;0.0;mitUnentschieden
6a958db4629039f77d8a6771;2026-09-06;TEF-PBL;ogerpon-meganium-hydrapple;dragapult-dusknoir;0;1;0;1;0.0;mitUnentschieden
6a958db4629039f77d8a6771;2026-09-06;TEF-PBL;dragapult-dusknoir;ogerpon-meganium-hydrapple;1;0;0;1;1.0;mitUnentschieden
6a958db4629039f77d8a6771;2026-09-06;TEF-PBL;hydreigon-ex;raging-bolt-ogerpon;0;1;0;1;0.0;mitUnentschieden
6a958db4629039f77d8a6771;2026-09-06;TEF-PBL;raging-bolt-ogerpon;hydreigon-ex;1;0;0;1;1.0;mitUnentschieden
6a958db4629039f77d8a6771;2026-09-06;TEF-PBL;mega-greninja-ex;okidogi-barbaracle;1;0;0;1;1.0;mitUnentschieden
6a958db4629039f77d8a6771;2026-09-06;TEF-PBL;okidogi-barbaracle;mega-greninja-ex;0;1;0;1;0.0;mitUnentschieden
6a958db4629039f77d8a6771;2026-09-06;TEF-PBL;alakazam-dudunsparce;alakazam-dudunsparce;1;1;0;2;0.5;mitUnentschieden
6a958db4629039f77d8a6771;2026-09-06;TEF-PBL;grimmsnarl-froslass;slowking-scr;0;2;0;2;0.0;mitUnentschieden
6a958db4629039f77d8a6771;2026-09-06;TEF-PBL;slowking-scr;grimmsnarl-froslass;1;1;0;2;0.5;mitUnentschieden
6a958db4629039f77d8a6771;2026-09-06;TEF-PBL;festival-lead;crustle-dri;1;0;0;1;1.0;mitUnentschieden
6a958db4629039f77d8a6771;2026-09-06;TEF-PBL;crustle-dri;festival-lead;0;1;0;1;0.0;mitUnentschieden
6a958db4629039f77d8a6771;2026-09-06;TEF-PBL;dragapult-dusknoir;festival-lead;1;0;0;1;1.0;mitUnentschieden
6a958db4629039f77d8a6771;2026-09-06;TEF-PBL;festival-lead;dragapult-dusknoir;0;1;0;1;0.0;mitUnentschieden
6a958db4629039f77d8a6771;2026-09-06;TEF-PBL;mega-lucario-ex;slowking-scr;1;0;0;1;1.0;mitUnentschieden
6a958db4629039f77d8a6771;2026-09-06;TEF-PBL;slowking-scr;mega-lucario-ex;0;1;0;1;0.0;mitUnentschieden
6a958db4629039f77d8a6771;2026-09-06;TEF-PBL;lopunny-dusknoir;mega-greninja-ex;1;0;0;1;1.0;mitUnentschieden
6a958db4629039f77d8a6771;2026-09-06;TEF-PBL;mega-greninja-ex;lopunny-dusknoir;0;1;0;1;0.0;mitUnentschieden
6a958db4629039f77d8a6771;2026-09-06;TEF-PBL;ogerpon-meganium-hydrapple;mega-greninja-ex;0;1;0;1;0.0;mitUnentschieden
6a958db4629039f77d8a6771;2026-09-06;TEF-PBL;mega-greninja-ex;ogerpon-meganium-hydrapple;1;0;0;1;1.0;mitUnentschieden
6a958db4629039f77d8a6771;2026-09-06;TEF-PBL;seaking-pre;beedrill-ex-cri;0;1;0;1;0.0;mitUnentschieden
6a958db4629039f77d8a6771;2026-09-06;TEF-PBL;beedrill-ex-cri;seaking-pre;1;0;0;1;1.0;mitUnentschieden
6a958db4629039f77d8a6771;2026-09-06;TEF-PBL;mega-excadrill-ex;mega-feraligatr-ex;0;1;0;1;0.0;mitUnentschieden
6a958db4629039f77d8a6771;2026-09-06;TEF-PBL;mega-feraligatr-ex;mega-excadrill-ex;0;1;0;1;0.0;mitUnentschieden
6a958db4629039f77d8a6771;2026-09-06;TEF-PBL;dragapult-blaziken;lucario-hariyama;0;1;0;1;0.0;mitUnentschieden
6a958db4629039f77d8a6771;2026-09-06;TEF-PBL;lucario-hariyama;dragapult-blaziken;1;0;0;1;1.0;mitUnentschieden
6a958db4629039f77d8a6771;2026-09-06;TEF-PBL;mamoswine-ex;festival-lead;1;0;0;1;1.0;mitUnentschieden
6a958db4629039f77d8a6771;2026-09-06;TEF-PBL;festival-lead;mamoswine-ex;0;1;0;1;0.0;mitUnentschieden
6a958db4629039f77d8a6771;2026-09-06;TEF-PBL;clefairy-ogerpon;marnie-grimmsnarl-ex;0;1;0;1;0.0;mitUnentschieden
6a958db4629039f77d8a6771;2026-09-06;TEF-PBL;marnie-grimmsnarl-ex;clefairy-ogerpon;0;1;0;1;0.0;mitUnentschieden
6a958db4629039f77d8a6771;2026-09-06;TEF-PBL;cynthia-garchomp-ex;mega-lucario-ex;0;1;0;1;0.0;mitUnentschieden
6a958db4629039f77d8a6771;2026-09-06;TEF-PBL;mega-lucario-ex;cynthia-garchomp-ex;0;1;0;1;0.0;mitUnentschieden
6a99d9e5a4272c53be6460ce;2026-09-06;TEF-PBL;slowking-scr;starmie-froslass;1;1;0;2;0.5;mitUnentschieden
6a99d9e5a4272c53be6460ce;2026-09-06;TEF-PBL;starmie-froslass;slowking-scr;1;1;0;2;0.5;mitUnentschieden
6a99d9e5a4272c53be6460ce;2026-09-06;TEF-PBL;basic-box-m;hops-trevenant;1;0;1;2;0.5;mitUnentschieden
6a99d9e5a4272c53be6460ce;2026-09-06;TEF-PBL;hops-trevenant;basic-box-m;0;1;1;2;0.0;mitUnentschieden
6a99d9e5a4272c53be6460ce;2026-09-06;TEF-PBL;alakazam-dusknoir;mega-excadrill-ex;4;0;0;4;1.0;mitUnentschieden
6a99d9e5a4272c53be6460ce;2026-09-06;TEF-PBL;mega-excadrill-ex;alakazam-dusknoir;0;4;0;4;0.0;mitUnentschieden
6a99d9e5a4272c53be6460ce;2026-09-06;TEF-PBL;mega-excadrill-ex;mega-excadrill-ex;3;3;0;6;0.5;mitUnentschieden
6a99d9e5a4272c53be6460ce;2026-09-06;TEF-PBL;alakazam-dudunsparce;lucario-hariyama;2;0;0;2;1.0;mitUnentschieden
6a99d9e5a4272c53be6460ce;2026-09-06;TEF-PBL;lucario-hariyama;alakazam-dudunsparce;0;2;0;2;0.0;mitUnentschieden
6a99d9e5a4272c53be6460ce;2026-09-06;TEF-PBL;cynthia-garchomp-ex;mega-excadrill-ex;1;0;0;1;1.0;mitUnentschieden
6a99d9e5a4272c53be6460ce;2026-09-06;TEF-PBL;mega-excadrill-ex;cynthia-garchomp-ex;0;1;0;1;0.0;mitUnentschieden
6a99d9e5a4272c53be6460ce;2026-09-06;TEF-PBL;dragapult-dusknoir;lopunny-dudunsparce;1;0;0;1;1.0;mitUnentschieden
6a99d9e5a4272c53be6460ce;2026-09-06;TEF-PBL;lopunny-dudunsparce;dragapult-dusknoir;0;1;0;1;0.0;mitUnentschieden
6a99d9e5a4272c53be6460ce;2026-09-06;TEF-PBL;dragapult-ex;mega-excadrill-ex;4;3;0;7;0.571429;mitUnentschieden
6a99d9e5a4272c53be6460ce;2026-09-06;TEF-PBL;mega-excadrill-ex;dragapult-ex;2;5;0;7;0.285714;mitUnentschieden
6a99d9e5a4272c53be6460ce;2026-09-06;TEF-PBL;hop-zacian;starmie-froslass;0;2;0;2;0.0;mitUnentschieden
6a99d9e5a4272c53be6460ce;2026-09-06;TEF-PBL;starmie-froslass;hop-zacian;2;0;0;2;1.0;mitUnentschieden
6a99d9e5a4272c53be6460ce;2026-09-06;TEF-PBL;toxtricity-box;kangaskhan-bouffalant;1;1;0;2;0.5;mitUnentschieden
6a99d9e5a4272c53be6460ce;2026-09-06;TEF-PBL;kangaskhan-bouffalant;toxtricity-box;1;1;0;2;0.5;mitUnentschieden
6a99d9e5a4272c53be6460ce;2026-09-06;TEF-PBL;dragapult-blaziken;ogerpon-meganium-hydrapple;1;0;0;1;1.0;mitUnentschieden
6a99d9e5a4272c53be6460ce;2026-09-06;TEF-PBL;ogerpon-meganium-hydrapple;dragapult-blaziken;0;1;0;1;0.0;mitUnentschieden
6a99d9e5a4272c53be6460ce;2026-09-06;TEF-PBL;alakazam-dudunsparce;raging-bolt-ogerpon;0;1;0;1;0.0;mitUnentschieden
6a99d9e5a4272c53be6460ce;2026-09-06;TEF-PBL;raging-bolt-ogerpon;alakazam-dudunsparce;1;0;0;1;1.0;mitUnentschieden
6a99d9e5a4272c53be6460ce;2026-09-06;TEF-PBL;greninja-ex;dhelmise-pbl;0;2;0;2;0.0;mitUnentschieden
6a99d9e5a4272c53be6460ce;2026-09-06;TEF-PBL;dhelmise-pbl;greninja-ex;2;0;0;2;1.0;mitUnentschieden
6a99d9e5a4272c53be6460ce;2026-09-06;TEF-PBL;mega-darkrai-ex;n-zoroark;0;1;0;1;0.0;mitUnentschieden
6a99d9e5a4272c53be6460ce;2026-09-06;TEF-PBL;n-zoroark;mega-darkrai-ex;1;0;0;1;1.0;mitUnentschieden
6a99d9e5a4272c53be6460ce;2026-09-06;TEF-PBL;crustle-dri;mega-excadrill-ex;0;1;0;1;0.0;mitUnentschieden
6a99d9e5a4272c53be6460ce;2026-09-06;TEF-PBL;mega-excadrill-ex;crustle-dri;1;0;0;1;1.0;mitUnentschieden
6a99d9e5a4272c53be6460ce;2026-09-06;TEF-PBL;alakazam-dusknoir;dhelmise-pbl;0;1;0;1;0.0;mitUnentschieden
6a99d9e5a4272c53be6460ce;2026-09-06;TEF-PBL;dhelmise-pbl;alakazam-dusknoir;1;0;0;1;1.0;mitUnentschieden
6a99d9e5a4272c53be6460ce;2026-09-06;TEF-PBL;lopunny-dudunsparce;n-zoroark;1;1;0;2;0.5;mitUnentschieden
6a99d9e5a4272c53be6460ce;2026-09-06;TEF-PBL;n-zoroark;lopunny-dudunsparce;0;2;0;2;0.0;mitUnentschieden
6a99d9e5a4272c53be6460ce;2026-09-06;TEF-PBL;lucario-hariyama;n-zoroark;1;1;0;2;0.5;mitUnentschieden
6a99d9e5a4272c53be6460ce;2026-09-06;TEF-PBL;n-zoroark;lucario-hariyama;1;1;0;2;0.5;mitUnentschieden
6a99d9e5a4272c53be6460ce;2026-09-06;TEF-PBL;slowking-scr;mega-excadrill-ex;3;3;0;6;0.5;mitUnentschieden
6a99d9e5a4272c53be6460ce;2026-09-06;TEF-PBL;mega-excadrill-ex;slowking-scr;2;4;0;6;0.333333;mitUnentschieden
6a99d9e5a4272c53be6460ce;2026-09-06;TEF-PBL;seaking-pre;alakazam-dudunsparce;1;0;0;1;1.0;mitUnentschieden
6a99d9e5a4272c53be6460ce;2026-09-06;TEF-PBL;alakazam-dudunsparce;seaking-pre;0;1;0;1;0.0;mitUnentschieden
6a99d9e5a4272c53be6460ce;2026-09-06;TEF-PBL;alakazam-dudunsparce;mega-abomasnow-ex;0;1;0;1;0.0;mitUnentschieden
6a99d9e5a4272c53be6460ce;2026-09-06;TEF-PBL;mega-abomasnow-ex;alakazam-dudunsparce;1;0;0;1;1.0;mitUnentschieden
6a99d9e5a4272c53be6460ce;2026-09-06;TEF-PBL;lucario-hariyama;hydreigon-ex;2;0;0;2;1.0;mitUnentschieden
6a99d9e5a4272c53be6460ce;2026-09-06;TEF-PBL;hydreigon-ex;lucario-hariyama;0;2;0;2;0.0;mitUnentschieden
6a99d9e5a4272c53be6460ce;2026-09-06;TEF-PBL;lucario-hariyama;slowking-scr;0;3;0;3;0.0;mitUnentschieden
6a99d9e5a4272c53be6460ce;2026-09-06;TEF-PBL;slowking-scr;lucario-hariyama;3;0;0;3;1.0;mitUnentschieden
6a99d9e5a4272c53be6460ce;2026-09-06;TEF-PBL;alakazam-dusknoir;greninja-ex;2;0;0;2;1.0;mitUnentschieden
6a99d9e5a4272c53be6460ce;2026-09-06;TEF-PBL;greninja-ex;alakazam-dusknoir;0;2;0;2;0.0;mitUnentschieden
6a99d9e5a4272c53be6460ce;2026-09-06;TEF-PBL;ogerpon-meganium-hydrapple;alakazam-dusknoir;1;0;0;1;1.0;mitUnentschieden
6a99d9e5a4272c53be6460ce;2026-09-06;TEF-PBL;alakazam-dusknoir;ogerpon-meganium-hydrapple;0;1;0;1;0.0;mitUnentschieden
6a99d9e5a4272c53be6460ce;2026-09-06;TEF-PBL;clefairy-ogerpon;sylveon-pre;1;0;0;1;1.0;mitUnentschieden
6a99d9e5a4272c53be6460ce;2026-09-06;TEF-PBL;sylveon-pre;clefairy-ogerpon;0;1;0;1;0.0;mitUnentschieden
6a99d9e5a4272c53be6460ce;2026-09-06;TEF-PBL;cinccino-ex;basic-box-m;0;1;0;1;0.0;mitUnentschieden
6a99d9e5a4272c53be6460ce;2026-09-06;TEF-PBL;basic-box-m;cinccino-ex;1;0;0;1;1.0;mitUnentschieden
6a99d9e5a4272c53be6460ce;2026-09-06;TEF-PBL;toxtricity-box;dhelmise-pbl;1;1;0;2;0.5;mitUnentschieden
6a99d9e5a4272c53be6460ce;2026-09-06;TEF-PBL;dhelmise-pbl;toxtricity-box;1;1;0;2;0.5;mitUnentschieden
6a99d9e5a4272c53be6460ce;2026-09-06;TEF-PBL;hops-trevenant;ethan-typhlosion;0;1;0;1;0.0;mitUnentschieden
6a99d9e5a4272c53be6460ce;2026-09-06;TEF-PBL;ethan-typhlosion;hops-trevenant;1;0;0;1;1.0;mitUnentschieden
6a99d9e5a4272c53be6460ce;2026-09-06;TEF-PBL;cinccino-ex;ursaluna-lunatone;1;0;0;1;1.0;mitUnentschieden
6a99d9e5a4272c53be6460ce;2026-09-06;TEF-PBL;ursaluna-lunatone;cinccino-ex;0;1;0;1;0.0;mitUnentschieden
6a99d9e5a4272c53be6460ce;2026-09-06;TEF-PBL;dragapult-ex;mega-lucario-ex;2;1;0;3;0.666667;mitUnentschieden
6a99d9e5a4272c53be6460ce;2026-09-06;TEF-PBL;mega-lucario-ex;dragapult-ex;1;2;0;3;0.333333;mitUnentschieden
6a99d9e5a4272c53be6460ce;2026-09-06;TEF-PBL;hops-trevenant;dragapult-dusknoir;0;1;0;1;0.0;mitUnentschieden
6a99d9e5a4272c53be6460ce;2026-09-06;TEF-PBL;dragapult-dusknoir;hops-trevenant;1;0;0;1;1.0;mitUnentschieden
6a99d9e5a4272c53be6460ce;2026-09-06;TEF-PBL;lopunny-dudunsparce;kangaskhan-bouffalant;0;1;0;1;0.0;mitUnentschieden
6a99d9e5a4272c53be6460ce;2026-09-06;TEF-PBL;kangaskhan-bouffalant;lopunny-dudunsparce;1;0;0;1;1.0;mitUnentschieden
6a99d9e5a4272c53be6460ce;2026-09-06;TEF-PBL;rockets-honchkrow;starmie-dusknoir;1;0;0;1;1.0;mitUnentschieden
6a99d9e5a4272c53be6460ce;2026-09-06;TEF-PBL;starmie-dusknoir;rockets-honchkrow;0;1;0;1;0.0;mitUnentschieden
6a99d9e5a4272c53be6460ce;2026-09-06;TEF-PBL;dragapult-blaziken;basic-box-m;1;0;0;1;1.0;mitUnentschieden
6a99d9e5a4272c53be6460ce;2026-09-06;TEF-PBL;basic-box-m;dragapult-blaziken;0;1;0;1;0.0;mitUnentschieden
6a99d9e5a4272c53be6460ce;2026-09-06;TEF-PBL;stevens-metagross;dhelmise-pbl;0;1;0;1;0.0;mitUnentschieden
6a99d9e5a4272c53be6460ce;2026-09-06;TEF-PBL;dhelmise-pbl;stevens-metagross;1;0;0;1;1.0;mitUnentschieden
6a99d9e5a4272c53be6460ce;2026-09-06;TEF-PBL;dragapult-ex;dragapult-dusknoir;2;0;0;2;1.0;mitUnentschieden
6a99d9e5a4272c53be6460ce;2026-09-06;TEF-PBL;dragapult-dusknoir;dragapult-ex;0;2;0;2;0.0;mitUnentschieden
6a99d9e5a4272c53be6460ce;2026-09-06;TEF-PBL;crustle-dri;raging-bolt-ogerpon;1;0;0;1;1.0;mitUnentschieden
6a99d9e5a4272c53be6460ce;2026-09-06;TEF-PBL;raging-bolt-ogerpon;crustle-dri;0;1;0;1;0.0;mitUnentschieden
6a99d9e5a4272c53be6460ce;2026-09-06;TEF-PBL;grimmsnarl-froslass;n-zoroark;1;4;0;5;0.2;mitUnentschieden
6a99d9e5a4272c53be6460ce;2026-09-06;TEF-PBL;n-zoroark;grimmsnarl-froslass;3;2;0;5;0.6;mitUnentschieden
6a99d9e5a4272c53be6460ce;2026-09-06;TEF-PBL;slowking-scr;crustle-dri;0;1;0;1;0.0;mitUnentschieden
6a99d9e5a4272c53be6460ce;2026-09-06;TEF-PBL;crustle-dri;slowking-scr;1;0;0;1;1.0;mitUnentschieden
6a99d9e5a4272c53be6460ce;2026-09-06;TEF-PBL;dragapult-ex;dragapult-ex;5;5;0;10;0.5;mitUnentschieden
6a99d9e5a4272c53be6460ce;2026-09-06;TEF-PBL;toxtricity-box;toxtricity-box;1;1;0;2;0.5;mitUnentschieden
6a99d9e5a4272c53be6460ce;2026-09-06;TEF-PBL;n-zoroark;beedrill-ex-cri;2;1;0;3;0.666667;mitUnentschieden
6a99d9e5a4272c53be6460ce;2026-09-06;TEF-PBL;beedrill-ex-cri;n-zoroark;1;2;0;3;0.333333;mitUnentschieden
6a99d9e5a4272c53be6460ce;2026-09-06;TEF-PBL;dragapult-dusknoir;mega-excadrill-ex;1;1;0;2;0.5;mitUnentschieden
6a99d9e5a4272c53be6460ce;2026-09-06;TEF-PBL;mega-excadrill-ex;dragapult-dusknoir;1;1;0;2;0.5;mitUnentschieden
6a99d9e5a4272c53be6460ce;2026-09-06;TEF-PBL;rocket-mewtwo-ex;basic-box-m;0;2;0;2;0.0;mitUnentschieden
6a99d9e5a4272c53be6460ce;2026-09-06;TEF-PBL;basic-box-m;rocket-mewtwo-ex;2;0;0;2;1.0;mitUnentschieden
6a99d9e5a4272c53be6460ce;2026-09-06;TEF-PBL;slowking-scr;alakazam-dudunsparce;0;4;0;4;0.0;mitUnentschieden
6a99d9e5a4272c53be6460ce;2026-09-06;TEF-PBL;alakazam-dudunsparce;slowking-scr;4;0;0;4;1.0;mitUnentschieden
6a99d9e5a4272c53be6460ce;2026-09-06;TEF-PBL;alakazam-dudunsparce;starmie-froslass;2;2;0;4;0.5;mitUnentschieden
6a99d9e5a4272c53be6460ce;2026-09-06;TEF-PBL;starmie-froslass;alakazam-dudunsparce;2;2;0;4;0.5;mitUnentschieden
6a99d9e5a4272c53be6460ce;2026-09-06;TEF-PBL;n-zoroark;n-zoroark;7;7;0;14;0.5;mitUnentschieden
6a99d9e5a4272c53be6460ce;2026-09-06;TEF-PBL;dhelmise-pbl;dragapult-dusknoir;1;1;0;2;0.5;mitUnentschieden
6a99d9e5a4272c53be6460ce;2026-09-06;TEF-PBL;dragapult-dusknoir;dhelmise-pbl;1;1;0;2;0.5;mitUnentschieden
6a99d9e5a4272c53be6460ce;2026-09-06;TEF-PBL;alakazam-dudunsparce;toucannon-pbl;0;1;0;1;0.0;mitUnentschieden
6a99d9e5a4272c53be6460ce;2026-09-06;TEF-PBL;toucannon-pbl;alakazam-dudunsparce;1;0;0;1;1.0;mitUnentschieden
6a99d9e5a4272c53be6460ce;2026-09-06;TEF-PBL;alakazam-dudunsparce;grimmsnarl-froslass;0;2;0;2;0.0;mitUnentschieden
6a99d9e5a4272c53be6460ce;2026-09-06;TEF-PBL;grimmsnarl-froslass;alakazam-dudunsparce;2;0;0;2;1.0;mitUnentschieden
6a99d9e5a4272c53be6460ce;2026-09-06;TEF-PBL;festival-lead;festival-lead;1;1;0;2;0.5;mitUnentschieden
6a99d9e5a4272c53be6460ce;2026-09-06;TEF-PBL;hop-zacian;dragapult-ex;1;2;0;3;0.333333;mitUnentschieden
6a99d9e5a4272c53be6460ce;2026-09-06;TEF-PBL;dragapult-ex;hop-zacian;2;1;0;3;0.666667;mitUnentschieden
6a99d9e5a4272c53be6460ce;2026-09-06;TEF-PBL;dragapult-ex;festival-lead;1;1;0;2;0.5;mitUnentschieden
6a99d9e5a4272c53be6460ce;2026-09-06;TEF-PBL;festival-lead;dragapult-ex;0;2;0;2;0.0;mitUnentschieden
6a99d9e5a4272c53be6460ce;2026-09-06;TEF-PBL;basic-box-m;n-zoroark;1;5;0;6;0.166667;mitUnentschieden
6a99d9e5a4272c53be6460ce;2026-09-06;TEF-PBL;n-zoroark;basic-box-m;3;3;0;6;0.5;mitUnentschieden
6a99d9e5a4272c53be6460ce;2026-09-06;TEF-PBL;dragapult-dusknoir;alakazam-dusknoir;1;1;0;2;0.5;mitUnentschieden
6a99d9e5a4272c53be6460ce;2026-09-06;TEF-PBL;alakazam-dusknoir;dragapult-dusknoir;1;1;0;2;0.5;mitUnentschieden
6a99d9e5a4272c53be6460ce;2026-09-06;TEF-PBL;rocket-mewtwo-ex;n-zoroark;2;2;0;4;0.5;mitUnentschieden
6a99d9e5a4272c53be6460ce;2026-09-06;TEF-PBL;n-zoroark;rocket-mewtwo-ex;2;2;0;4;0.5;mitUnentschieden
6a99d9e5a4272c53be6460ce;2026-09-06;TEF-PBL;dhelmise-pbl;alakazam-dudunsparce;3;0;0;3;1.0;mitUnentschieden
6a99d9e5a4272c53be6460ce;2026-09-06;TEF-PBL;alakazam-dudunsparce;dhelmise-pbl;0;3;0;3;0.0;mitUnentschieden
6a99d9e5a4272c53be6460ce;2026-09-06;TEF-PBL;dragapult-ex;n-zoroark;3;5;0;8;0.375;mitUnentschieden
6a99d9e5a4272c53be6460ce;2026-09-06;TEF-PBL;n-zoroark;dragapult-ex;4;4;0;8;0.5;mitUnentschieden
6a99d9e5a4272c53be6460ce;2026-09-06;TEF-PBL;alakazam-dudunsparce;ogerpon-meganium-hydrapple;1;2;0;3;0.333333;mitUnentschieden
6a99d9e5a4272c53be6460ce;2026-09-06;TEF-PBL;ogerpon-meganium-hydrapple;alakazam-dudunsparce;2;1;0;3;0.666667;mitUnentschieden
6a99d9e5a4272c53be6460ce;2026-09-06;TEF-PBL;grimmsnarl-froslass;festival-lead;2;0;0;2;1.0;mitUnentschieden
6a99d9e5a4272c53be6460ce;2026-09-06;TEF-PBL;festival-lead;grimmsnarl-froslass;0;2;0;2;0.0;mitUnentschieden
6a99d9e5a4272c53be6460ce;2026-09-06;TEF-PBL;basic-box-m;archaludon-dudunsparce;1;0;0;1;1.0;mitUnentschieden
6a99d9e5a4272c53be6460ce;2026-09-06;TEF-PBL;archaludon-dudunsparce;basic-box-m;0;1;0;1;0.0;mitUnentschieden
6a99d9e5a4272c53be6460ce;2026-09-06;TEF-PBL;hydreigon-ex;slowking-scr;1;0;0;1;1.0;mitUnentschieden
6a99d9e5a4272c53be6460ce;2026-09-06;TEF-PBL;slowking-scr;hydreigon-ex;0;1;0;1;0.0;mitUnentschieden
6a99d9e5a4272c53be6460ce;2026-09-06;TEF-PBL;slowking-scr;n-zoroark;1;3;0;4;0.25;mitUnentschieden
6a99d9e5a4272c53be6460ce;2026-09-06;TEF-PBL;n-zoroark;slowking-scr;3;1;0;4;0.75;mitUnentschieden
6a99d9e5a4272c53be6460ce;2026-09-06;TEF-PBL;starmie-froslass;mega-lucario-ex;0;1;0;1;0.0;mitUnentschieden
6a99d9e5a4272c53be6460ce;2026-09-06;TEF-PBL;mega-lucario-ex;starmie-froslass;1;0;0;1;1.0;mitUnentschieden
6a99d9e5a4272c53be6460ce;2026-09-06;TEF-PBL;basic-box-m;toxtricity-box;1;1;0;2;0.5;mitUnentschieden
6a99d9e5a4272c53be6460ce;2026-09-06;TEF-PBL;toxtricity-box;basic-box-m;1;1;0;2;0.5;mitUnentschieden
6a99d9e5a4272c53be6460ce;2026-09-06;TEF-PBL;mega-excadrill-ex;festival-lead;2;1;0;3;0.666667;mitUnentschieden
6a99d9e5a4272c53be6460ce;2026-09-06;TEF-PBL;festival-lead;mega-excadrill-ex;1;2;0;3;0.333333;mitUnentschieden
6a99d9e5a4272c53be6460ce;2026-09-06;TEF-PBL;hydreigon-ex;dhelmise-pbl;0;1;0;1;0.0;mitUnentschieden
6a99d9e5a4272c53be6460ce;2026-09-06;TEF-PBL;dhelmise-pbl;hydreigon-ex;1;0;0;1;1.0;mitUnentschieden
6a99d9e5a4272c53be6460ce;2026-09-06;TEF-PBL;alakazam-dudunsparce;toxtricity-pfl;1;0;0;1;1.0;mitUnentschieden
6a99d9e5a4272c53be6460ce;2026-09-06;TEF-PBL;toxtricity-pfl;alakazam-dudunsparce;0;1;0;1;0.0;mitUnentschieden
6a99d9e5a4272c53be6460ce;2026-09-06;TEF-PBL;alakazam-dusknoir;alakazam-dudunsparce;1;1;0;2;0.5;mitUnentschieden
6a99d9e5a4272c53be6460ce;2026-09-06;TEF-PBL;alakazam-dudunsparce;alakazam-dusknoir;1;1;0;2;0.5;mitUnentschieden
6a99d9e5a4272c53be6460ce;2026-09-06;TEF-PBL;alakazam-dudunsparce;beedrill-ex-cri;2;0;0;2;1.0;mitUnentschieden
6a99d9e5a4272c53be6460ce;2026-09-06;TEF-PBL;beedrill-ex-cri;alakazam-dudunsparce;0;2;0;2;0.0;mitUnentschieden
6a99d9e5a4272c53be6460ce;2026-09-06;TEF-PBL;greninja-ex;dragapult-dusknoir;1;1;0;2;0.5;mitUnentschieden
6a99d9e5a4272c53be6460ce;2026-09-06;TEF-PBL;dragapult-dusknoir;greninja-ex;1;1;0;2;0.5;mitUnentschieden
6a99d9e5a4272c53be6460ce;2026-09-06;TEF-PBL;ogerpon-meganium;dragapult-blaziken;0;1;0;1;0.0;mitUnentschieden
6a99d9e5a4272c53be6460ce;2026-09-06;TEF-PBL;dragapult-blaziken;ogerpon-meganium;1;0;0;1;1.0;mitUnentschieden
6a99d9e5a4272c53be6460ce;2026-09-06;TEF-PBL;festival-lead;alakazam-dudunsparce;3;0;0;3;1.0;mitUnentschieden
6a99d9e5a4272c53be6460ce;2026-09-06;TEF-PBL;alakazam-dudunsparce;festival-lead;0;3;0;3;0.0;mitUnentschieden
6a99d9e5a4272c53be6460ce;2026-09-06;TEF-PBL;hydreigon-ex;dragapult-ex;0;3;0;3;0.0;mitUnentschieden
6a99d9e5a4272c53be6460ce;2026-09-06;TEF-PBL;dragapult-ex;hydreigon-ex;1;2;0;3;0.333333;mitUnentschieden
6a99d9e5a4272c53be6460ce;2026-09-06;TEF-PBL;mega-darkrai-ex;greninja-ex;0;1;0;1;0.0;mitUnentschieden
6a99d9e5a4272c53be6460ce;2026-09-06;TEF-PBL;greninja-ex;mega-darkrai-ex;1;0;0;1;1.0;mitUnentschieden
6a99d9e5a4272c53be6460ce;2026-09-06;TEF-PBL;dragapult-ex;basic-box-m;0;4;0;4;0.0;mitUnentschieden
6a99d9e5a4272c53be6460ce;2026-09-06;TEF-PBL;basic-box-m;dragapult-ex;3;1;0;4;0.75;mitUnentschieden
6a99d9e5a4272c53be6460ce;2026-09-06;TEF-PBL;mega-lucario-ex;ogerpon-meganium-arboliva;1;1;0;2;0.5;mitUnentschieden
6a99d9e5a4272c53be6460ce;2026-09-06;TEF-PBL;ogerpon-meganium-arboliva;mega-lucario-ex;1;1;0;2;0.5;mitUnentschieden
6a99d9e5a4272c53be6460ce;2026-09-06;TEF-PBL;greninja-ex;mega-chandelure-ex;0;1;0;1;0.0;mitUnentschieden
6a99d9e5a4272c53be6460ce;2026-09-06;TEF-PBL;mega-chandelure-ex;greninja-ex;1;0;0;1;1.0;mitUnentschieden
6a99d9e5a4272c53be6460ce;2026-09-06;TEF-PBL;alakazam-dudunsparce;basic-box-m;3;2;0;5;0.6;mitUnentschieden
6a99d9e5a4272c53be6460ce;2026-09-06;TEF-PBL;basic-box-m;alakazam-dudunsparce;2;3;0;5;0.4;mitUnentschieden
6a99d9e5a4272c53be6460ce;2026-09-06;TEF-PBL;manectric-eelektrik;grimmsnarl-froslass;0;1;0;1;0.0;mitUnentschieden
6a99d9e5a4272c53be6460ce;2026-09-06;TEF-PBL;grimmsnarl-froslass;manectric-eelektrik;1;0;0;1;1.0;mitUnentschieden
6a99d9e5a4272c53be6460ce;2026-09-06;TEF-PBL;crustle-dri;dragapult-ex;3;1;0;4;0.75;mitUnentschieden
6a99d9e5a4272c53be6460ce;2026-09-06;TEF-PBL;dragapult-ex;crustle-dri;1;3;0;4;0.25;mitUnentschieden
6a99d9e5a4272c53be6460ce;2026-09-06;TEF-PBL;lucario-hariyama;dragapult-ex;0;3;0;3;0.0;mitUnentschieden
6a99d9e5a4272c53be6460ce;2026-09-06;TEF-PBL;dragapult-ex;lucario-hariyama;3;0;0;3;1.0;mitUnentschieden
6a99d9e5a4272c53be6460ce;2026-09-06;TEF-PBL;dragapult-blaziken;mega-lucario-ex;1;0;0;1;1.0;mitUnentschieden
6a99d9e5a4272c53be6460ce;2026-09-06;TEF-PBL;mega-lucario-ex;dragapult-blaziken;0;1;0;1;0.0;mitUnentschieden
6a99d9e5a4272c53be6460ce;2026-09-06;TEF-PBL;dragapult-dudunsparce;dragapult-ex;1;2;0;3;0.333333;mitUnentschieden
6a99d9e5a4272c53be6460ce;2026-09-06;TEF-PBL;dragapult-ex;dragapult-dudunsparce;2;1;0;3;0.666667;mitUnentschieden
6a99d9e5a4272c53be6460ce;2026-09-06;TEF-PBL;slowking-scr;dragapult-ex;3;2;0;5;0.6;mitUnentschieden
6a99d9e5a4272c53be6460ce;2026-09-06;TEF-PBL;dragapult-ex;slowking-scr;2;3;0;5;0.4;mitUnentschieden
6a99d9e5a4272c53be6460ce;2026-09-06;TEF-PBL;grimmsnarl-froslass;mega-froslass-ex;0;1;0;1;0.0;mitUnentschieden
6a99d9e5a4272c53be6460ce;2026-09-06;TEF-PBL;mega-froslass-ex;grimmsnarl-froslass;1;0;0;1;1.0;mitUnentschieden
6a99d9e5a4272c53be6460ce;2026-09-06;TEF-PBL;rocket-mewtwo-ex;lopunny-dudunsparce;0;1;0;1;0.0;mitUnentschieden
6a99d9e5a4272c53be6460ce;2026-09-06;TEF-PBL;lopunny-dudunsparce;rocket-mewtwo-ex;1;0;0;1;1.0;mitUnentschieden
6a99d9e5a4272c53be6460ce;2026-09-06;TEF-PBL;dragapult-dudunsparce;n-zoroark;2;0;0;2;1.0;mitUnentschieden
6a99d9e5a4272c53be6460ce;2026-09-06;TEF-PBL;n-zoroark;dragapult-dudunsparce;0;2;0;2;0.0;mitUnentschieden
6a99d9e5a4272c53be6460ce;2026-09-06;TEF-PBL;n-zoroark;rockets-honchkrow;0;1;0;1;0.0;mitUnentschieden
6a99d9e5a4272c53be6460ce;2026-09-06;TEF-PBL;rockets-honchkrow;n-zoroark;1;0;0;1;1.0;mitUnentschieden
6a99d9e5a4272c53be6460ce;2026-09-06;TEF-PBL;rocket-mewtwo-ex;alakazam-dudunsparce;2;1;0;3;0.666667;mitUnentschieden
6a99d9e5a4272c53be6460ce;2026-09-06;TEF-PBL;alakazam-dudunsparce;rocket-mewtwo-ex;1;2;0;3;0.333333;mitUnentschieden
6a99d9e5a4272c53be6460ce;2026-09-06;TEF-PBL;lopunny-dusknoir;dhelmise-pbl;0;1;0;1;0.0;mitUnentschieden
6a99d9e5a4272c53be6460ce;2026-09-06;TEF-PBL;dhelmise-pbl;lopunny-dusknoir;1;0;0;1;1.0;mitUnentschieden
6a99d9e5a4272c53be6460ce;2026-09-06;TEF-PBL;mega-lopunny-ex;festival-lead;0;1;0;1;0.0;mitUnentschieden
6a99d9e5a4272c53be6460ce;2026-09-06;TEF-PBL;festival-lead;mega-lopunny-ex;1;0;0;1;1.0;mitUnentschieden
6a99d9e5a4272c53be6460ce;2026-09-06;TEF-PBL;dragapult-dudunsparce;cynthia-garchomp-ex;0;1;0;1;0.0;mitUnentschieden
6a99d9e5a4272c53be6460ce;2026-09-06;TEF-PBL;cynthia-garchomp-ex;dragapult-dudunsparce;1;0;0;1;1.0;mitUnentschieden
6a99d9e5a4272c53be6460ce;2026-09-06;TEF-PBL;mega-venusaur-ex;toucannon-pbl;1;0;0;1;1.0;mitUnentschieden
6a99d9e5a4272c53be6460ce;2026-09-06;TEF-PBL;toucannon-pbl;mega-venusaur-ex;0;1;0;1;0.0;mitUnentschieden
6a99d9e5a4272c53be6460ce;2026-09-06;TEF-PBL;raging-bolt-ogerpon;mega-excadrill-ex;1;0;0;1;1.0;mitUnentschieden
6a99d9e5a4272c53be6460ce;2026-09-06;TEF-PBL;mega-excadrill-ex;raging-bolt-ogerpon;0;1;0;1;0.0;mitUnentschieden
6a99d9e5a4272c53be6460ce;2026-09-06;TEF-PBL;alakazam-dusknoir;n-zoroark;4;2;0;6;0.666667;mitUnentschieden
6a99d9e5a4272c53be6460ce;2026-09-06;TEF-PBL;n-zoroark;alakazam-dusknoir;2;4;0;6;0.333333;mitUnentschieden
6a99d9e5a4272c53be6460ce;2026-09-06;TEF-PBL;rockets-honchkrow;hydreigon-ex;0;1;0;1;0.0;mitUnentschieden
6a99d9e5a4272c53be6460ce;2026-09-06;TEF-PBL;hydreigon-ex;rockets-honchkrow;1;0;0;1;1.0;mitUnentschieden
6a99d9e5a4272c53be6460ce;2026-09-06;TEF-PBL;grimmsnarl-froslass;ogerpon-meganium-hydrapple;0;1;0;1;0.0;mitUnentschieden
6a99d9e5a4272c53be6460ce;2026-09-06;TEF-PBL;ogerpon-meganium-hydrapple;grimmsnarl-froslass;1;0;0;1;1.0;mitUnentschieden
6a99d9e5a4272c53be6460ce;2026-09-06;TEF-PBL;mega-excadrill-ex;toxtricity-box;0;1;0;1;0.0;mitUnentschieden
6a99d9e5a4272c53be6460ce;2026-09-06;TEF-PBL;toxtricity-box;mega-excadrill-ex;1;0;0;1;1.0;mitUnentschieden
6a99d9e5a4272c53be6460ce;2026-09-06;TEF-PBL;starmie-froslass;dragapult-ex;1;0;0;1;1.0;mitUnentschieden
6a99d9e5a4272c53be6460ce;2026-09-06;TEF-PBL;dragapult-ex;starmie-froslass;0;1;0;1;0.0;mitUnentschieden
6a99d9e5a4272c53be6460ce;2026-09-06;TEF-PBL;n-zoroark;cinccino-ex;2;1;0;3;0.666667;mitUnentschieden
6a99d9e5a4272c53be6460ce;2026-09-06;TEF-PBL;cinccino-ex;n-zoroark;1;2;0;3;0.333333;mitUnentschieden
6a99d9e5a4272c53be6460ce;2026-09-06;TEF-PBL;rocket-mewtwo-ex;slowking-scr;2;0;0;2;1.0;mitUnentschieden
6a99d9e5a4272c53be6460ce;2026-09-06;TEF-PBL;slowking-scr;rocket-mewtwo-ex;0;2;0;2;0.0;mitUnentschieden
6a99d9e5a4272c53be6460ce;2026-09-06;TEF-PBL;mega-lucario-ex;alakazam-dudunsparce;0;1;0;1;0.0;mitUnentschieden
6a99d9e5a4272c53be6460ce;2026-09-06;TEF-PBL;alakazam-dudunsparce;mega-lucario-ex;1;0;0;1;1.0;mitUnentschieden
6a99d9e5a4272c53be6460ce;2026-09-06;TEF-PBL;mega-venusaur-ex;lopunny-dudunsparce;1;0;0;1;1.0;mitUnentschieden
6a99d9e5a4272c53be6460ce;2026-09-06;TEF-PBL;lopunny-dudunsparce;mega-venusaur-ex;0;1;0;1;0.0;mitUnentschieden
6a99d9e5a4272c53be6460ce;2026-09-06;TEF-PBL;basic-box-m;festival-lead;1;1;1;3;0.333333;mitUnentschieden
6a99d9e5a4272c53be6460ce;2026-09-06;TEF-PBL;festival-lead;basic-box-m;1;1;1;3;0.333333;mitUnentschieden
6a99d9e5a4272c53be6460ce;2026-09-06;TEF-PBL;dragapult-ex;alakazam-dusknoir;2;3;0;5;0.4;mitUnentschieden
6a99d9e5a4272c53be6460ce;2026-09-06;TEF-PBL;alakazam-dusknoir;dragapult-ex;3;2;0;5;0.6;mitUnentschieden
6a99d9e5a4272c53be6460ce;2026-09-06;TEF-PBL;dragapult-ex;mega-froslass-ex;1;0;0;1;1.0;mitUnentschieden
6a99d9e5a4272c53be6460ce;2026-09-06;TEF-PBL;mega-froslass-ex;dragapult-ex;0;1;0;1;0.0;mitUnentschieden
6a99d9e5a4272c53be6460ce;2026-09-06;TEF-PBL;mega-chandelure-ex;n-zoroark;1;1;0;2;0.5;mitUnentschieden
6a99d9e5a4272c53be6460ce;2026-09-06;TEF-PBL;n-zoroark;mega-chandelure-ex;1;1;0;2;0.5;mitUnentschieden
6a99d9e5a4272c53be6460ce;2026-09-06;TEF-PBL;mega-excadrill-ex;dhelmise-pbl;1;1;0;2;0.5;mitUnentschieden
6a99d9e5a4272c53be6460ce;2026-09-06;TEF-PBL;dhelmise-pbl;mega-excadrill-ex;1;1;0;2;0.5;mitUnentschieden
6a99d9e5a4272c53be6460ce;2026-09-06;TEF-PBL;lopunny-dudunsparce;slowking-scr;0;1;0;1;0.0;mitUnentschieden
6a99d9e5a4272c53be6460ce;2026-09-06;TEF-PBL;slowking-scr;lopunny-dudunsparce;1;0;0;1;1.0;mitUnentschieden
6a99d9e5a4272c53be6460ce;2026-09-06;TEF-PBL;mega-abomasnow-ex;seaking-pre;1;0;0;1;1.0;mitUnentschieden
6a99d9e5a4272c53be6460ce;2026-09-06;TEF-PBL;seaking-pre;mega-abomasnow-ex;0;1;0;1;0.0;mitUnentschieden
6a99d9e5a4272c53be6460ce;2026-09-06;TEF-PBL;dragapult-dusknoir;crustle-dri;1;1;0;2;0.5;mitUnentschieden
6a99d9e5a4272c53be6460ce;2026-09-06;TEF-PBL;crustle-dri;dragapult-dusknoir;1;1;0;2;0.5;mitUnentschieden
6a99d9e5a4272c53be6460ce;2026-09-06;TEF-PBL;basic-box-m;greninja-ex;1;1;0;2;0.5;mitUnentschieden
6a99d9e5a4272c53be6460ce;2026-09-06;TEF-PBL;greninja-ex;basic-box-m;1;1;0;2;0.5;mitUnentschieden
6a99d9e5a4272c53be6460ce;2026-09-06;TEF-PBL;doublade-por;dragapult-blaziken;0;1;0;1;0.0;mitUnentschieden
6a99d9e5a4272c53be6460ce;2026-09-06;TEF-PBL;dragapult-blaziken;doublade-por;1;0;0;1;1.0;mitUnentschieden
6a99d9e5a4272c53be6460ce;2026-09-06;TEF-PBL;cynthia-garchomp-ex;festival-lead;1;0;0;1;1.0;mitUnentschieden
6a99d9e5a4272c53be6460ce;2026-09-06;TEF-PBL;festival-lead;cynthia-garchomp-ex;0;1;0;1;0.0;mitUnentschieden
6a99d9e5a4272c53be6460ce;2026-09-06;TEF-PBL;grimmsnarl-froslass;dragapult-dusknoir;1;1;0;2;0.5;mitUnentschieden
6a99d9e5a4272c53be6460ce;2026-09-06;TEF-PBL;dragapult-dusknoir;grimmsnarl-froslass;1;1;0;2;0.5;mitUnentschieden
6a99d9e5a4272c53be6460ce;2026-09-06;TEF-PBL;ogerpon-meganium-arboliva;ethan-typhlosion;1;0;0;1;1.0;mitUnentschieden
6a99d9e5a4272c53be6460ce;2026-09-06;TEF-PBL;ethan-typhlosion;ogerpon-meganium-arboliva;0;1;0;1;0.0;mitUnentschieden
6a99d9e5a4272c53be6460ce;2026-09-06;TEF-PBL;dhelmise-pbl;lucario-hariyama;1;0;0;1;1.0;mitUnentschieden
6a99d9e5a4272c53be6460ce;2026-09-06;TEF-PBL;lucario-hariyama;dhelmise-pbl;0;1;0;1;0.0;mitUnentschieden
6a99d9e5a4272c53be6460ce;2026-09-06;TEF-PBL;toxtricity-box;alakazam-dudunsparce;2;0;0;2;1.0;mitUnentschieden
6a99d9e5a4272c53be6460ce;2026-09-06;TEF-PBL;alakazam-dudunsparce;toxtricity-box;0;2;0;2;0.0;mitUnentschieden
6a99d9e5a4272c53be6460ce;2026-09-06;TEF-PBL;clefairy-ogerpon;ogerpon-meganium-hydrapple;1;0;0;1;1.0;mitUnentschieden
6a99d9e5a4272c53be6460ce;2026-09-06;TEF-PBL;ogerpon-meganium-hydrapple;clefairy-ogerpon;0;1;0;1;0.0;mitUnentschieden
6a99d9e5a4272c53be6460ce;2026-09-06;TEF-PBL;cynthia-garchomp-ex;basic-box-m;1;0;0;1;1.0;mitUnentschieden
6a99d9e5a4272c53be6460ce;2026-09-06;TEF-PBL;basic-box-m;cynthia-garchomp-ex;0;1;0;1;0.0;mitUnentschieden
6a99d9e5a4272c53be6460ce;2026-09-06;TEF-PBL;dragapult-blaziken;dragapult-ex;0;3;0;3;0.0;mitUnentschieden
6a99d9e5a4272c53be6460ce;2026-09-06;TEF-PBL;dragapult-ex;dragapult-blaziken;3;0;0;3;1.0;mitUnentschieden
6a99d9e5a4272c53be6460ce;2026-09-06;TEF-PBL;dragapult-ex;dhelmise-pbl;1;4;0;5;0.2;mitUnentschieden
6a99d9e5a4272c53be6460ce;2026-09-06;TEF-PBL;dhelmise-pbl;dragapult-ex;4;1;0;5;0.8;mitUnentschieden
6a99d9e5a4272c53be6460ce;2026-09-06;TEF-PBL;toucannon-pbl;basic-box-m;0;1;0;1;0.0;mitUnentschieden
6a99d9e5a4272c53be6460ce;2026-09-06;TEF-PBL;basic-box-m;toucannon-pbl;1;0;0;1;1.0;mitUnentschieden
6a99d9e5a4272c53be6460ce;2026-09-06;TEF-PBL;dhelmise-pbl;dhelmise-pbl;2;2;0;4;0.5;mitUnentschieden
6a99d9e5a4272c53be6460ce;2026-09-06;TEF-PBL;rockets-honchkrow;dragapult-ex;0;2;0;2;0.0;mitUnentschieden
6a99d9e5a4272c53be6460ce;2026-09-06;TEF-PBL;dragapult-ex;rockets-honchkrow;2;0;0;2;1.0;mitUnentschieden
6a99d9e5a4272c53be6460ce;2026-09-06;TEF-PBL;mega-excadrill-ex;kangaskhan-bouffalant;1;0;0;1;1.0;mitUnentschieden
6a99d9e5a4272c53be6460ce;2026-09-06;TEF-PBL;kangaskhan-bouffalant;mega-excadrill-ex;0;1;0;1;0.0;mitUnentschieden
6a99d9e5a4272c53be6460ce;2026-09-06;TEF-PBL;crustle-dri;n-zoroark;2;0;0;2;1.0;mitUnentschieden
6a99d9e5a4272c53be6460ce;2026-09-06;TEF-PBL;n-zoroark;crustle-dri;0;2;0;2;0.0;mitUnentschieden
6a99d9e5a4272c53be6460ce;2026-09-06;TEF-PBL;mega-excadrill-ex;alakazam-dudunsparce;1;1;0;2;0.5;mitUnentschieden
6a99d9e5a4272c53be6460ce;2026-09-06;TEF-PBL;alakazam-dudunsparce;mega-excadrill-ex;1;1;0;2;0.5;mitUnentschieden
6a99d9e5a4272c53be6460ce;2026-09-06;TEF-PBL;crustle-dri;dhelmise-pbl;0;1;0;1;0.0;mitUnentschieden
6a99d9e5a4272c53be6460ce;2026-09-06;TEF-PBL;dhelmise-pbl;crustle-dri;1;0;0;1;1.0;mitUnentschieden
6a99d9e5a4272c53be6460ce;2026-09-06;TEF-PBL;lucario-hariyama;festival-lead;1;0;0;1;1.0;mitUnentschieden
6a99d9e5a4272c53be6460ce;2026-09-06;TEF-PBL;festival-lead;lucario-hariyama;0;1;0;1;0.0;mitUnentschieden
6a99d9e5a4272c53be6460ce;2026-09-06;TEF-PBL;basic-box-m;grimmsnarl-froslass;2;2;0;4;0.5;mitUnentschieden
6a99d9e5a4272c53be6460ce;2026-09-06;TEF-PBL;grimmsnarl-froslass;basic-box-m;2;2;0;4;0.5;mitUnentschieden
6a99d9e5a4272c53be6460ce;2026-09-06;TEF-PBL;hop-zacian;grimmsnarl-froslass;0;1;0;1;0.0;mitUnentschieden
6a99d9e5a4272c53be6460ce;2026-09-06;TEF-PBL;grimmsnarl-froslass;hop-zacian;1;0;0;1;1.0;mitUnentschieden
6a99d9e5a4272c53be6460ce;2026-09-06;TEF-PBL;festival-lead;kangaskhan-bouffalant;1;0;0;1;1.0;mitUnentschieden
6a99d9e5a4272c53be6460ce;2026-09-06;TEF-PBL;kangaskhan-bouffalant;festival-lead;0;1;0;1;0.0;mitUnentschieden
6a99d9e5a4272c53be6460ce;2026-09-06;TEF-PBL;alakazam-dudunsparce;greninja-ex;1;2;0;3;0.333333;mitUnentschieden
6a99d9e5a4272c53be6460ce;2026-09-06;TEF-PBL;greninja-ex;alakazam-dudunsparce;2;1;0;3;0.666667;mitUnentschieden
6a99d9e5a4272c53be6460ce;2026-09-06;TEF-PBL;dragapult-ex;lopunny-dudunsparce;1;0;0;1;1.0;mitUnentschieden
6a99d9e5a4272c53be6460ce;2026-09-06;TEF-PBL;lopunny-dudunsparce;dragapult-ex;0;1;0;1;0.0;mitUnentschieden
6a99d9e5a4272c53be6460ce;2026-09-06;TEF-PBL;dragapult-blaziken;dragapult-dudunsparce;0;1;0;1;0.0;mitUnentschieden
6a99d9e5a4272c53be6460ce;2026-09-06;TEF-PBL;dragapult-dudunsparce;dragapult-blaziken;1;0;0;1;1.0;mitUnentschieden
6a99d9e5a4272c53be6460ce;2026-09-06;TEF-PBL;dhelmise-pbl;hops-trevenant;1;0;0;1;1.0;mitUnentschieden
6a99d9e5a4272c53be6460ce;2026-09-06;TEF-PBL;hops-trevenant;dhelmise-pbl;0;1;0;1;0.0;mitUnentschieden
6a99d9e5a4272c53be6460ce;2026-09-06;TEF-PBL;basic-box-m;hydreigon-ex;0;1;0;1;0.0;mitUnentschieden
6a99d9e5a4272c53be6460ce;2026-09-06;TEF-PBL;hydreigon-ex;basic-box-m;1;0;0;1;1.0;mitUnentschieden
6a99d9e5a4272c53be6460ce;2026-09-06;TEF-PBL;n-zoroark;alakazam-dudunsparce;3;2;0;5;0.6;mitUnentschieden
6a99d9e5a4272c53be6460ce;2026-09-06;TEF-PBL;alakazam-dudunsparce;n-zoroark;1;4;0;5;0.2;mitUnentschieden
6a99d9e5a4272c53be6460ce;2026-09-06;TEF-PBL;rocket-mewtwo-ex;dragapult-ex;1;3;0;4;0.25;mitUnentschieden
6a99d9e5a4272c53be6460ce;2026-09-06;TEF-PBL;dragapult-ex;rocket-mewtwo-ex;2;2;0;4;0.5;mitUnentschieden
6a99d9e5a4272c53be6460ce;2026-09-06;TEF-PBL;n-zoroark;hops-trevenant;1;0;0;1;1.0;mitUnentschieden
6a99d9e5a4272c53be6460ce;2026-09-06;TEF-PBL;hops-trevenant;n-zoroark;0;1;0;1;0.0;mitUnentschieden
6a99d9e5a4272c53be6460ce;2026-09-06;TEF-PBL;starmie-froslass;hydreigon-ex;1;0;0;1;1.0;mitUnentschieden
6a99d9e5a4272c53be6460ce;2026-09-06;TEF-PBL;hydreigon-ex;starmie-froslass;0;1;0;1;0.0;mitUnentschieden
6a99d9e5a4272c53be6460ce;2026-09-06;TEF-PBL;dragapult-dusknoir;dragapult-dusknoir;3;3;0;6;0.5;mitUnentschieden
6a99d9e5a4272c53be6460ce;2026-09-06;TEF-PBL;slowking-scr;festival-lead;0;3;0;3;0.0;mitUnentschieden
6a99d9e5a4272c53be6460ce;2026-09-06;TEF-PBL;festival-lead;slowking-scr;2;1;0;3;0.666667;mitUnentschieden
6a99d9e5a4272c53be6460ce;2026-09-06;TEF-PBL;dragapult-ex;alakazam-dudunsparce;3;0;0;3;1.0;mitUnentschieden
6a99d9e5a4272c53be6460ce;2026-09-06;TEF-PBL;alakazam-dudunsparce;dragapult-ex;0;3;0;3;0.0;mitUnentschieden
6a99d9e5a4272c53be6460ce;2026-09-06;TEF-PBL;mega-excadrill-ex;greninja-ex;0;2;0;2;0.0;mitUnentschieden
6a99d9e5a4272c53be6460ce;2026-09-06;TEF-PBL;greninja-ex;mega-excadrill-ex;2;0;0;2;1.0;mitUnentschieden
6a99d9e5a4272c53be6460ce;2026-09-06;TEF-PBL;dragapult-dusknoir;festival-lead;2;0;0;2;1.0;mitUnentschieden
6a99d9e5a4272c53be6460ce;2026-09-06;TEF-PBL;festival-lead;dragapult-dusknoir;0;2;0;2;0.0;mitUnentschieden
6a99d9e5a4272c53be6460ce;2026-09-06;TEF-PBL;dragapult-ex;hops-trevenant;0;2;0;2;0.0;mitUnentschieden
6a99d9e5a4272c53be6460ce;2026-09-06;TEF-PBL;hops-trevenant;dragapult-ex;1;1;0;2;0.5;mitUnentschieden
6a99d9e5a4272c53be6460ce;2026-09-06;TEF-PBL;alakazam-dudunsparce;alakazam-dudunsparce;3;3;0;6;0.5;mitUnentschieden
6a99d9e5a4272c53be6460ce;2026-09-06;TEF-PBL;manectric-eelektrik;festival-lead;0;1;0;1;0.0;mitUnentschieden
6a99d9e5a4272c53be6460ce;2026-09-06;TEF-PBL;festival-lead;manectric-eelektrik;1;0;0;1;1.0;mitUnentschieden
6a99d9e5a4272c53be6460ce;2026-09-06;TEF-PBL;mega-lucario-ex;mega-excadrill-ex;1;1;0;2;0.5;mitUnentschieden
6a99d9e5a4272c53be6460ce;2026-09-06;TEF-PBL;mega-excadrill-ex;mega-lucario-ex;1;1;0;2;0.5;mitUnentschieden
6a99d9e5a4272c53be6460ce;2026-09-06;TEF-PBL;n-zoroark;festival-lead;3;3;0;6;0.5;mitUnentschieden
6a99d9e5a4272c53be6460ce;2026-09-06;TEF-PBL;festival-lead;n-zoroark;3;3;0;6;0.5;mitUnentschieden
6a99d9e5a4272c53be6460ce;2026-09-06;TEF-PBL;slowking-scr;mega-lucario-ex;0;1;0;1;0.0;mitUnentschieden
6a99d9e5a4272c53be6460ce;2026-09-06;TEF-PBL;mega-lucario-ex;slowking-scr;1;0;0;1;1.0;mitUnentschieden
6a99d9e5a4272c53be6460ce;2026-09-06;TEF-PBL;dragapult-dusknoir;mega-darkrai-ex;0;1;0;1;0.0;mitUnentschieden
6a99d9e5a4272c53be6460ce;2026-09-06;TEF-PBL;mega-darkrai-ex;dragapult-dusknoir;1;0;0;1;1.0;mitUnentschieden
6a99d9e5a4272c53be6460ce;2026-09-06;TEF-PBL;crustle-dri;lucario-hariyama;0;1;0;1;0.0;mitUnentschieden
6a99d9e5a4272c53be6460ce;2026-09-06;TEF-PBL;lucario-hariyama;crustle-dri;1;0;0;1;1.0;mitUnentschieden
6a99d9e5a4272c53be6460ce;2026-09-06;TEF-PBL;lopunny-dudunsparce;mega-darkrai-ex;2;0;0;2;1.0;mitUnentschieden
6a99d9e5a4272c53be6460ce;2026-09-06;TEF-PBL;mega-darkrai-ex;lopunny-dudunsparce;0;2;0;2;0.0;mitUnentschieden
6a99d9e5a4272c53be6460ce;2026-09-06;TEF-PBL;mega-lucario-ex;lopunny-dudunsparce;2;1;0;3;0.666667;mitUnentschieden
6a99d9e5a4272c53be6460ce;2026-09-06;TEF-PBL;lopunny-dudunsparce;mega-lucario-ex;1;2;0;3;0.333333;mitUnentschieden
6a99d9e5a4272c53be6460ce;2026-09-06;TEF-PBL;dragapult-dusknoir;beedrill-ex-cri;1;0;0;1;1.0;mitUnentschieden
6a99d9e5a4272c53be6460ce;2026-09-06;TEF-PBL;beedrill-ex-cri;dragapult-dusknoir;0;1;0;1;0.0;mitUnentschieden
6a99d9e5a4272c53be6460ce;2026-09-06;TEF-PBL;toxtricity-box;greninja-ex;0;1;0;1;0.0;mitUnentschieden
6a99d9e5a4272c53be6460ce;2026-09-06;TEF-PBL;greninja-ex;toxtricity-box;1;0;0;1;1.0;mitUnentschieden
6a99d9e5a4272c53be6460ce;2026-09-06;TEF-PBL;n-zoroark;starmie-froslass;3;2;0;5;0.6;mitUnentschieden
6a99d9e5a4272c53be6460ce;2026-09-06;TEF-PBL;starmie-froslass;n-zoroark;2;3;0;5;0.4;mitUnentschieden
6a99d9e5a4272c53be6460ce;2026-09-06;TEF-PBL;slowking-scr;slowking-scr;1;1;0;2;0.5;mitUnentschieden
6a99d9e5a4272c53be6460ce;2026-09-06;TEF-PBL;sylveon-pre;dragapult-dusknoir;0;1;0;1;0.0;mitUnentschieden
6a99d9e5a4272c53be6460ce;2026-09-06;TEF-PBL;dragapult-dusknoir;sylveon-pre;1;0;0;1;1.0;mitUnentschieden
6a99d9e5a4272c53be6460ce;2026-09-06;TEF-PBL;starmie-dusknoir;toxtricity-box;1;0;0;1;1.0;mitUnentschieden
6a99d9e5a4272c53be6460ce;2026-09-06;TEF-PBL;toxtricity-box;starmie-dusknoir;0;1;0;1;0.0;mitUnentschieden
6a99d9e5a4272c53be6460ce;2026-09-06;TEF-PBL;alakazam-dudunsparce;dragapult-dudunsparce;0;1;0;1;0.0;mitUnentschieden
6a99d9e5a4272c53be6460ce;2026-09-06;TEF-PBL;dragapult-dudunsparce;alakazam-dudunsparce;1;0;0;1;1.0;mitUnentschieden
6a99d9e5a4272c53be6460ce;2026-09-06;TEF-PBL;raging-bolt-ogerpon;rocket-mewtwo-ex;1;0;0;1;1.0;mitUnentschieden
6a99d9e5a4272c53be6460ce;2026-09-06;TEF-PBL;rocket-mewtwo-ex;raging-bolt-ogerpon;0;1;0;1;0.0;mitUnentschieden
6a99d9e5a4272c53be6460ce;2026-09-06;TEF-PBL;greninja-ex;ursaluna-lunatone;0;1;0;1;0.0;mitUnentschieden
6a99d9e5a4272c53be6460ce;2026-09-06;TEF-PBL;ursaluna-lunatone;greninja-ex;1;0;0;1;1.0;mitUnentschieden
6a99d9e5a4272c53be6460ce;2026-09-06;TEF-PBL;hop-zacian;alakazam-dudunsparce;1;0;0;1;1.0;mitUnentschieden
6a99d9e5a4272c53be6460ce;2026-09-06;TEF-PBL;alakazam-dudunsparce;hop-zacian;0;1;0;1;0.0;mitUnentschieden
6a99d9e5a4272c53be6460ce;2026-09-06;TEF-PBL;basic-box-m;mega-excadrill-ex;1;1;0;2;0.5;mitUnentschieden
6a99d9e5a4272c53be6460ce;2026-09-06;TEF-PBL;mega-excadrill-ex;basic-box-m;1;1;0;2;0.5;mitUnentschieden
6a99d9e5a4272c53be6460ce;2026-09-06;TEF-PBL;cinccino-ex;mega-excadrill-ex;1;2;0;3;0.333333;mitUnentschieden
6a99d9e5a4272c53be6460ce;2026-09-06;TEF-PBL;mega-excadrill-ex;cinccino-ex;2;1;0;3;0.666667;mitUnentschieden
6a99d9e5a4272c53be6460ce;2026-09-06;TEF-PBL;ogerpon-meganium-arboliva;raging-bolt-ogerpon;1;0;0;1;1.0;mitUnentschieden
6a99d9e5a4272c53be6460ce;2026-09-06;TEF-PBL;raging-bolt-ogerpon;ogerpon-meganium-arboliva;0;1;0;1;0.0;mitUnentschieden
6a99d9e5a4272c53be6460ce;2026-09-06;TEF-PBL;crustle-dri;grimmsnarl-froslass;1;0;0;1;1.0;mitUnentschieden
6a99d9e5a4272c53be6460ce;2026-09-06;TEF-PBL;grimmsnarl-froslass;crustle-dri;0;1;0;1;0.0;mitUnentschieden
6a99d9e5a4272c53be6460ce;2026-09-06;TEF-PBL;clefairy-ogerpon;dragapult-ex;0;1;0;1;0.0;mitUnentschieden
6a99d9e5a4272c53be6460ce;2026-09-06;TEF-PBL;dragapult-ex;clefairy-ogerpon;1;0;0;1;1.0;mitUnentschieden
6a99d9e5a4272c53be6460ce;2026-09-06;TEF-PBL;dhelmise-pbl;basic-box-m;0;3;0;3;0.0;mitUnentschieden
6a99d9e5a4272c53be6460ce;2026-09-06;TEF-PBL;basic-box-m;dhelmise-pbl;3;0;0;3;1.0;mitUnentschieden
6a99d9e5a4272c53be6460ce;2026-09-06;TEF-PBL;dhelmise-pbl;mega-abomasnow-ex;1;0;0;1;1.0;mitUnentschieden
6a99d9e5a4272c53be6460ce;2026-09-06;TEF-PBL;mega-abomasnow-ex;dhelmise-pbl;0;1;0;1;0.0;mitUnentschieden
6a99d9e5a4272c53be6460ce;2026-09-06;TEF-PBL;lucario-hariyama;toxtricity-box;1;1;0;2;0.5;mitUnentschieden
6a99d9e5a4272c53be6460ce;2026-09-06;TEF-PBL;toxtricity-box;lucario-hariyama;1;1;0;2;0.5;mitUnentschieden
6a99d9e5a4272c53be6460ce;2026-09-06;TEF-PBL;cynthia-garchomp-ex;rocket-mewtwo-ex;0;1;0;1;0.0;mitUnentschieden
6a99d9e5a4272c53be6460ce;2026-09-06;TEF-PBL;rocket-mewtwo-ex;cynthia-garchomp-ex;1;0;0;1;1.0;mitUnentschieden
6a99d9e5a4272c53be6460ce;2026-09-06;TEF-PBL;ogerpon-meganium-hydrapple;basic-box-m;0;1;0;1;0.0;mitUnentschieden
6a99d9e5a4272c53be6460ce;2026-09-06;TEF-PBL;basic-box-m;ogerpon-meganium-hydrapple;1;0;0;1;1.0;mitUnentschieden
6a99d9e5a4272c53be6460ce;2026-09-06;TEF-PBL;n-zoroark;dhelmise-pbl;3;0;0;3;1.0;mitUnentschieden
6a99d9e5a4272c53be6460ce;2026-09-06;TEF-PBL;dhelmise-pbl;n-zoroark;0;3;0;3;0.0;mitUnentschieden
6a99d9e5a4272c53be6460ce;2026-09-06;TEF-PBL;n-zoroark;cynthia-garchomp-ex;1;3;0;4;0.25;mitUnentschieden
6a99d9e5a4272c53be6460ce;2026-09-06;TEF-PBL;cynthia-garchomp-ex;n-zoroark;3;1;0;4;0.75;mitUnentschieden
6a99d9e5a4272c53be6460ce;2026-09-06;TEF-PBL;hydreigon-ex;mega-excadrill-ex;0;2;0;2;0.0;mitUnentschieden
6a99d9e5a4272c53be6460ce;2026-09-06;TEF-PBL;mega-excadrill-ex;hydreigon-ex;1;1;0;2;0.5;mitUnentschieden
6a99d9e5a4272c53be6460ce;2026-09-06;TEF-PBL;grimmsnarl-froslass;mega-excadrill-ex;0;1;0;1;0.0;mitUnentschieden
6a99d9e5a4272c53be6460ce;2026-09-06;TEF-PBL;mega-excadrill-ex;grimmsnarl-froslass;1;0;0;1;1.0;mitUnentschieden
6a99d9e5a4272c53be6460ce;2026-09-06;TEF-PBL;dhelmise-pbl;dragapult-blaziken;1;0;0;1;1.0;mitUnentschieden
6a99d9e5a4272c53be6460ce;2026-09-06;TEF-PBL;dragapult-blaziken;dhelmise-pbl;0;1;0;1;0.0;mitUnentschieden
6a99d9e5a4272c53be6460ce;2026-09-06;TEF-PBL;dhelmise-pbl;mega-venusaur-ex;2;0;0;2;1.0;mitUnentschieden
6a99d9e5a4272c53be6460ce;2026-09-06;TEF-PBL;mega-venusaur-ex;dhelmise-pbl;0;2;0;2;0.0;mitUnentschieden
6a99d9e5a4272c53be6460ce;2026-09-06;TEF-PBL;toxtricity-box;grimmsnarl-froslass;0;2;0;2;0.0;mitUnentschieden
6a99d9e5a4272c53be6460ce;2026-09-06;TEF-PBL;grimmsnarl-froslass;toxtricity-box;2;0;0;2;1.0;mitUnentschieden
6a99d9e5a4272c53be6460ce;2026-09-06;TEF-PBL;mega-lucario-ex;greninja-ex;1;0;0;1;1.0;mitUnentschieden
6a99d9e5a4272c53be6460ce;2026-09-06;TEF-PBL;greninja-ex;mega-lucario-ex;0;1;0;1;0.0;mitUnentschieden
6a99d9e5a4272c53be6460ce;2026-09-06;TEF-PBL;rockets-honchkrow;lopunny-dudunsparce;0;1;0;1;0.0;mitUnentschieden
6a99d9e5a4272c53be6460ce;2026-09-06;TEF-PBL;lopunny-dudunsparce;rockets-honchkrow;1;0;0;1;1.0;mitUnentschieden
6a99d9e5a4272c53be6460ce;2026-09-06;TEF-PBL;kangaskhan-bouffalant;alakazam-dusknoir;0;2;0;2;0.0;mitUnentschieden
6a99d9e5a4272c53be6460ce;2026-09-06;TEF-PBL;alakazam-dusknoir;kangaskhan-bouffalant;2;0;0;2;1.0;mitUnentschieden
6a99d9e5a4272c53be6460ce;2026-09-06;TEF-PBL;crustle-dri;rocket-mewtwo-ex;0;1;0;1;0.0;mitUnentschieden
6a99d9e5a4272c53be6460ce;2026-09-06;TEF-PBL;rocket-mewtwo-ex;crustle-dri;1;0;0;1;1.0;mitUnentschieden
6a99d9e5a4272c53be6460ce;2026-09-06;TEF-PBL;crustle-dri;lopunny-dudunsparce;0;1;0;1;0.0;mitUnentschieden
6a99d9e5a4272c53be6460ce;2026-09-06;TEF-PBL;lopunny-dudunsparce;crustle-dri;1;0;0;1;1.0;mitUnentschieden
6a99d9e5a4272c53be6460ce;2026-09-06;TEF-PBL;festival-lead;lopunny-dudunsparce;1;0;0;1;1.0;mitUnentschieden
6a99d9e5a4272c53be6460ce;2026-09-06;TEF-PBL;lopunny-dudunsparce;festival-lead;0;1;0;1;0.0;mitUnentschieden
6a99d9e5a4272c53be6460ce;2026-09-06;TEF-PBL;n-zoroark;toucannon-pbl;1;1;0;2;0.5;mitUnentschieden
6a99d9e5a4272c53be6460ce;2026-09-06;TEF-PBL;toucannon-pbl;n-zoroark;1;1;0;2;0.5;mitUnentschieden
6a99d9e5a4272c53be6460ce;2026-09-06;TEF-PBL;ethan-typhlosion;grimmsnarl-froslass;0;1;0;1;0.0;mitUnentschieden
6a99d9e5a4272c53be6460ce;2026-09-06;TEF-PBL;grimmsnarl-froslass;ethan-typhlosion;1;0;0;1;1.0;mitUnentschieden
6a99d9e5a4272c53be6460ce;2026-09-06;TEF-PBL;mega-excadrill-ex;rockets-honchkrow;1;1;0;2;0.5;mitUnentschieden
6a99d9e5a4272c53be6460ce;2026-09-06;TEF-PBL;rockets-honchkrow;mega-excadrill-ex;1;1;0;2;0.5;mitUnentschieden
6a99d9e5a4272c53be6460ce;2026-09-06;TEF-PBL;toucannon-pbl;dragapult-ex;0;1;0;1;0.0;mitUnentschieden
6a99d9e5a4272c53be6460ce;2026-09-06;TEF-PBL;dragapult-ex;toucannon-pbl;1;0;0;1;1.0;mitUnentschieden
6a99d9e5a4272c53be6460ce;2026-09-06;TEF-PBL;dragapult-dudunsparce;lucario-hariyama;0;1;0;1;0.0;mitUnentschieden
6a99d9e5a4272c53be6460ce;2026-09-06;TEF-PBL;lucario-hariyama;dragapult-dudunsparce;1;0;0;1;1.0;mitUnentschieden
6a99d9e5a4272c53be6460ce;2026-09-06;TEF-PBL;dragapult-blaziken;n-zoroark;0;2;0;2;0.0;mitUnentschieden
6a99d9e5a4272c53be6460ce;2026-09-06;TEF-PBL;n-zoroark;dragapult-blaziken;2;0;0;2;1.0;mitUnentschieden
6a99d9e5a4272c53be6460ce;2026-09-06;TEF-PBL;hop-zacian;mega-excadrill-ex;0;1;0;1;0.0;mitUnentschieden
6a99d9e5a4272c53be6460ce;2026-09-06;TEF-PBL;mega-excadrill-ex;hop-zacian;1;0;0;1;1.0;mitUnentschieden
6a99d9e5a4272c53be6460ce;2026-09-06;TEF-PBL;lopunny-dudunsparce;dragapult-blaziken;0;1;0;1;0.0;mitUnentschieden
6a99d9e5a4272c53be6460ce;2026-09-06;TEF-PBL;dragapult-blaziken;lopunny-dudunsparce;1;0;0;1;1.0;mitUnentschieden
6a99d9e5a4272c53be6460ce;2026-09-06;TEF-PBL;dragapult-dusknoir;slowking-scr;2;0;0;2;1.0;mitUnentschieden
6a99d9e5a4272c53be6460ce;2026-09-06;TEF-PBL;slowking-scr;dragapult-dusknoir;0;2;0;2;0.0;mitUnentschieden
6a99d9e5a4272c53be6460ce;2026-09-06;TEF-PBL;grimmsnarl-froslass;beedrill-ex-cri;1;0;0;1;1.0;mitUnentschieden
6a99d9e5a4272c53be6460ce;2026-09-06;TEF-PBL;beedrill-ex-cri;grimmsnarl-froslass;0;1;0;1;0.0;mitUnentschieden
6a99d9e5a4272c53be6460ce;2026-09-06;TEF-PBL;starmie-dusknoir;mega-darkrai-ex;0;1;0;1;0.0;mitUnentschieden
6a99d9e5a4272c53be6460ce;2026-09-06;TEF-PBL;mega-darkrai-ex;starmie-dusknoir;1;0;0;1;1.0;mitUnentschieden
6a99d9e5a4272c53be6460ce;2026-09-06;TEF-PBL;alakazam-dusknoir;mega-lucario-ex;1;2;0;3;0.333333;mitUnentschieden
6a99d9e5a4272c53be6460ce;2026-09-06;TEF-PBL;mega-lucario-ex;alakazam-dusknoir;2;1;0;3;0.666667;mitUnentschieden
6a99d9e5a4272c53be6460ce;2026-09-06;TEF-PBL;basic-box-m;basic-box-m;3;3;0;6;0.5;mitUnentschieden
6a99d9e5a4272c53be6460ce;2026-09-06;TEF-PBL;n-zoroark;doublade-por;0;1;0;1;0.0;mitUnentschieden
6a99d9e5a4272c53be6460ce;2026-09-06;TEF-PBL;doublade-por;n-zoroark;1;0;0;1;1.0;mitUnentschieden
6a99d9e5a4272c53be6460ce;2026-09-06;TEF-PBL;raging-bolt-ogerpon;ogerpon-meganium-hydrapple;0;1;0;1;0.0;mitUnentschieden
6a99d9e5a4272c53be6460ce;2026-09-06;TEF-PBL;ogerpon-meganium-hydrapple;raging-bolt-ogerpon;1;0;0;1;1.0;mitUnentschieden
6a99d9e5a4272c53be6460ce;2026-09-06;TEF-PBL;crustle-dri;hydreigon-ex;0;1;0;1;0.0;mitUnentschieden
6a99d9e5a4272c53be6460ce;2026-09-06;TEF-PBL;hydreigon-ex;crustle-dri;1;0;0;1;1.0;mitUnentschieden
6a99d9e5a4272c53be6460ce;2026-09-06;TEF-PBL;mega-froslass-ex;alakazam-dudunsparce;0;2;0;2;0.0;mitUnentschieden
6a99d9e5a4272c53be6460ce;2026-09-06;TEF-PBL;alakazam-dudunsparce;mega-froslass-ex;2;0;0;2;1.0;mitUnentschieden
6a99d9e5a4272c53be6460ce;2026-09-06;TEF-PBL;basic-box-m;dragapult-dusknoir;1;2;0;3;0.333333;mitUnentschieden
6a99d9e5a4272c53be6460ce;2026-09-06;TEF-PBL;dragapult-dusknoir;basic-box-m;2;1;0;3;0.666667;mitUnentschieden
6a99d9e5a4272c53be6460ce;2026-09-06;TEF-PBL;alakazam-dudunsparce;manectric-eelektrik;1;1;0;2;0.5;mitUnentschieden
6a99d9e5a4272c53be6460ce;2026-09-06;TEF-PBL;manectric-eelektrik;alakazam-dudunsparce;1;1;0;2;0.5;mitUnentschieden
6a99d9e5a4272c53be6460ce;2026-09-06;TEF-PBL;ogerpon-meganium-hydrapple;hydreigon-ex;2;0;0;2;1.0;mitUnentschieden
6a99d9e5a4272c53be6460ce;2026-09-06;TEF-PBL;hydreigon-ex;ogerpon-meganium-hydrapple;0;2;0;2;0.0;mitUnentschieden
6a99d9e5a4272c53be6460ce;2026-09-06;TEF-PBL;lucario-hariyama;hops-trevenant;1;0;0;1;1.0;mitUnentschieden
6a99d9e5a4272c53be6460ce;2026-09-06;TEF-PBL;hops-trevenant;lucario-hariyama;0;1;0;1;0.0;mitUnentschieden
6a99d9e5a4272c53be6460ce;2026-09-06;TEF-PBL;mega-darkrai-ex;dragapult-ex;1;0;0;1;1.0;mitUnentschieden
6a99d9e5a4272c53be6460ce;2026-09-06;TEF-PBL;dragapult-ex;mega-darkrai-ex;0;1;0;1;0.0;mitUnentschieden
6a99d9e5a4272c53be6460ce;2026-09-06;TEF-PBL;toxtricity-box;dragapult-dusknoir;1;0;0;1;1.0;mitUnentschieden
6a99d9e5a4272c53be6460ce;2026-09-06;TEF-PBL;dragapult-dusknoir;toxtricity-box;0;1;0;1;0.0;mitUnentschieden
6a99d9e5a4272c53be6460ce;2026-09-06;TEF-PBL;dragapult-dusknoir;n-zoroark;1;1;0;2;0.5;mitUnentschieden
6a99d9e5a4272c53be6460ce;2026-09-06;TEF-PBL;n-zoroark;dragapult-dusknoir;1;1;0;2;0.5;mitUnentschieden
6a99d9e5a4272c53be6460ce;2026-09-06;TEF-PBL;hydreigon-ex;festival-lead;0;2;0;2;0.0;mitUnentschieden
6a99d9e5a4272c53be6460ce;2026-09-06;TEF-PBL;festival-lead;hydreigon-ex;0;2;0;2;0.0;mitUnentschieden
6a99d9e5a4272c53be6460ce;2026-09-06;TEF-PBL;cinccino-ex;toxtricity-pfl;1;0;0;1;1.0;mitUnentschieden
6a99d9e5a4272c53be6460ce;2026-09-06;TEF-PBL;toxtricity-pfl;cinccino-ex;0;1;0;1;0.0;mitUnentschieden
6a99d9e5a4272c53be6460ce;2026-09-06;TEF-PBL;basic-box-m;slowking-scr;1;1;0;2;0.5;mitUnentschieden
6a99d9e5a4272c53be6460ce;2026-09-06;TEF-PBL;slowking-scr;basic-box-m;0;2;0;2;0.0;mitUnentschieden
6a99d9e5a4272c53be6460ce;2026-09-06;TEF-PBL;grimmsnarl-froslass;dragapult-ex;2;0;0;2;1.0;mitUnentschieden
6a99d9e5a4272c53be6460ce;2026-09-06;TEF-PBL;dragapult-ex;grimmsnarl-froslass;0;2;0;2;0.0;mitUnentschieden
6a99d9e5a4272c53be6460ce;2026-09-06;TEF-PBL;ogerpon-meganium-arboliva;dragapult-ex;0;1;0;1;0.0;mitUnentschieden
6a99d9e5a4272c53be6460ce;2026-09-06;TEF-PBL;dragapult-ex;ogerpon-meganium-arboliva;1;0;0;1;1.0;mitUnentschieden
6a99d9e5a4272c53be6460ce;2026-09-06;TEF-PBL;mega-excadrill-ex;rocket-mewtwo-ex;0;2;0;2;0.0;mitUnentschieden
6a99d9e5a4272c53be6460ce;2026-09-06;TEF-PBL;rocket-mewtwo-ex;mega-excadrill-ex;1;1;0;2;0.5;mitUnentschieden
6a99d9e5a4272c53be6460ce;2026-09-06;TEF-PBL;dragapult-ex;greninja-ex;1;2;0;3;0.333333;mitUnentschieden
6a99d9e5a4272c53be6460ce;2026-09-06;TEF-PBL;greninja-ex;dragapult-ex;2;1;0;3;0.666667;mitUnentschieden
6a99d9e5a4272c53be6460ce;2026-09-06;TEF-PBL;dhelmise-pbl;grimmsnarl-froslass;0;3;0;3;0.0;mitUnentschieden
6a99d9e5a4272c53be6460ce;2026-09-06;TEF-PBL;grimmsnarl-froslass;dhelmise-pbl;3;0;0;3;1.0;mitUnentschieden
6a99d9e5a4272c53be6460ce;2026-09-06;TEF-PBL;hydreigon-ex;clefairy-ogerpon;0;1;0;1;0.0;mitUnentschieden
6a99d9e5a4272c53be6460ce;2026-09-06;TEF-PBL;clefairy-ogerpon;hydreigon-ex;1;0;0;1;1.0;mitUnentschieden
6a99d9e5a4272c53be6460ce;2026-09-06;TEF-PBL;alakazam-dudunsparce;dragapult-dusknoir;2;3;0;5;0.4;mitUnentschieden
6a99d9e5a4272c53be6460ce;2026-09-06;TEF-PBL;dragapult-dusknoir;alakazam-dudunsparce;3;2;0;5;0.6;mitUnentschieden
6a99d9e5a4272c53be6460ce;2026-09-06;TEF-PBL;dragapult-dusknoir;dragapult-dudunsparce;1;1;0;2;0.5;mitUnentschieden
6a99d9e5a4272c53be6460ce;2026-09-06;TEF-PBL;dragapult-dudunsparce;dragapult-dusknoir;1;1;0;2;0.5;mitUnentschieden
6a99d9e5a4272c53be6460ce;2026-09-06;TEF-PBL;dragapult-ex;mega-abomasnow-ex;1;0;0;1;1.0;mitUnentschieden
6a99d9e5a4272c53be6460ce;2026-09-06;TEF-PBL;mega-abomasnow-ex;dragapult-ex;0;1;0;1;0.0;mitUnentschieden
6a99d9e5a4272c53be6460ce;2026-09-06;TEF-PBL;dragapult-blaziken;lucario-hariyama;1;1;0;2;0.5;mitUnentschieden
6a99d9e5a4272c53be6460ce;2026-09-06;TEF-PBL;lucario-hariyama;dragapult-blaziken;1;1;0;2;0.5;mitUnentschieden
6a99d9e5a4272c53be6460ce;2026-09-06;TEF-PBL;festival-lead;doublade-por;0;2;0;2;0.0;mitUnentschieden
6a99d9e5a4272c53be6460ce;2026-09-06;TEF-PBL;doublade-por;festival-lead;2;0;0;2;1.0;mitUnentschieden
6a99d9e5a4272c53be6460ce;2026-09-06;TEF-PBL;alakazam-dudunsparce;cynthia-garchomp-ex;0;1;0;1;0.0;mitUnentschieden
6a99d9e5a4272c53be6460ce;2026-09-06;TEF-PBL;cynthia-garchomp-ex;alakazam-dudunsparce;1;0;0;1;1.0;mitUnentschieden
6a99d9e5a4272c53be6460ce;2026-09-06;TEF-PBL;rockets-honchkrow;festival-lead;1;0;0;1;1.0;mitUnentschieden
6a99d9e5a4272c53be6460ce;2026-09-06;TEF-PBL;festival-lead;rockets-honchkrow;0;1;0;1;0.0;mitUnentschieden
6a99d9e5a4272c53be6460ce;2026-09-06;TEF-PBL;mega-lucario-ex;ursaluna-lunatone;1;0;0;1;1.0;mitUnentschieden
6a99d9e5a4272c53be6460ce;2026-09-06;TEF-PBL;ursaluna-lunatone;mega-lucario-ex;0;1;0;1;0.0;mitUnentschieden
6a99d9e5a4272c53be6460ce;2026-09-06;TEF-PBL;mega-excadrill-ex;n-zoroark;3;1;0;4;0.75;mitUnentschieden
6a99d9e5a4272c53be6460ce;2026-09-06;TEF-PBL;n-zoroark;mega-excadrill-ex;1;3;0;4;0.25;mitUnentschieden
6a99d9e5a4272c53be6460ce;2026-09-06;TEF-PBL;toxtricity-box;festival-lead;2;0;0;2;1.0;mitUnentschieden
6a99d9e5a4272c53be6460ce;2026-09-06;TEF-PBL;festival-lead;toxtricity-box;0;2;0;2;0.0;mitUnentschieden
6a99d9e5a4272c53be6460ce;2026-09-06;TEF-PBL;mega-lucario-ex;basic-box-m;1;0;0;1;1.0;mitUnentschieden
6a99d9e5a4272c53be6460ce;2026-09-06;TEF-PBL;basic-box-m;mega-lucario-ex;0;1;0;1;0.0;mitUnentschieden
6a99d9e5a4272c53be6460ce;2026-09-06;TEF-PBL;festival-lead;starmie-dusknoir;0;1;0;1;0.0;mitUnentschieden
6a99d9e5a4272c53be6460ce;2026-09-06;TEF-PBL;starmie-dusknoir;festival-lead;1;0;0;1;1.0;mitUnentschieden
6a99d9e5a4272c53be6460ce;2026-09-06;TEF-PBL;raging-bolt-ogerpon;n-zoroark;0;1;0;1;0.0;mitUnentschieden
6a99d9e5a4272c53be6460ce;2026-09-06;TEF-PBL;n-zoroark;raging-bolt-ogerpon;1;0;0;1;1.0;mitUnentschieden
6a99d9e5a4272c53be6460ce;2026-09-06;TEF-PBL;mega-darkrai-ex;lucario-hariyama;0;1;0;1;0.0;mitUnentschieden
6a99d9e5a4272c53be6460ce;2026-09-06;TEF-PBL;lucario-hariyama;mega-darkrai-ex;1;0;0;1;1.0;mitUnentschieden
6a99d9e5a4272c53be6460ce;2026-09-06;TEF-PBL;kangaskhan-bouffalant;alakazam-dudunsparce;1;0;0;1;1.0;mitUnentschieden
6a99d9e5a4272c53be6460ce;2026-09-06;TEF-PBL;alakazam-dudunsparce;kangaskhan-bouffalant;0;1;0;1;0.0;mitUnentschieden
6a99d9e5a4272c53be6460ce;2026-09-06;TEF-PBL;dragapult-blaziken;starmie-froslass;1;0;0;1;1.0;mitUnentschieden
6a99d9e5a4272c53be6460ce;2026-09-06;TEF-PBL;starmie-froslass;dragapult-blaziken;0;1;0;1;0.0;mitUnentschieden
6a99d9e5a4272c53be6460ce;2026-09-06;TEF-PBL;ethan-typhlosion;alakazam-dudunsparce;1;0;0;1;1.0;mitUnentschieden
6a99d9e5a4272c53be6460ce;2026-09-06;TEF-PBL;alakazam-dudunsparce;ethan-typhlosion;0;1;0;1;0.0;mitUnentschieden
6a99d9e5a4272c53be6460ce;2026-09-06;TEF-PBL;lucario-hariyama;ogerpon-meganium-hydrapple;0;1;0;1;0.0;mitUnentschieden
6a99d9e5a4272c53be6460ce;2026-09-06;TEF-PBL;ogerpon-meganium-hydrapple;lucario-hariyama;1;0;0;1;1.0;mitUnentschieden
6a99d9e5a4272c53be6460ce;2026-09-06;TEF-PBL;beedrill-ex-cri;sylveon-pre;0;1;0;1;0.0;mitUnentschieden
6a99d9e5a4272c53be6460ce;2026-09-06;TEF-PBL;sylveon-pre;beedrill-ex-cri;1;0;0;1;1.0;mitUnentschieden
6a99d9e5a4272c53be6460ce;2026-09-06;TEF-PBL;toucannon-pbl;toucannon-pbl;1;1;0;2;0.5;mitUnentschieden
6a99d9e5a4272c53be6460ce;2026-09-06;TEF-PBL;hop-zacian;festival-lead;0;2;0;2;0.0;mitUnentschieden
6a99d9e5a4272c53be6460ce;2026-09-06;TEF-PBL;festival-lead;hop-zacian;0;2;0;2;0.0;mitUnentschieden
6a99d9e5a4272c53be6460ce;2026-09-06;TEF-PBL;dragapult-dusknoir;hydreigon-ex;1;0;0;1;1.0;mitUnentschieden
6a99d9e5a4272c53be6460ce;2026-09-06;TEF-PBL;hydreigon-ex;dragapult-dusknoir;0;1;0;1;0.0;mitUnentschieden
6a99d9e5a4272c53be6460ce;2026-09-06;TEF-PBL;manectric-eelektrik;hops-trevenant;1;0;0;1;1.0;mitUnentschieden
6a99d9e5a4272c53be6460ce;2026-09-06;TEF-PBL;hops-trevenant;manectric-eelektrik;0;1;0;1;0.0;mitUnentschieden
6a99d9e5a4272c53be6460ce;2026-09-06;TEF-PBL;dragapult-dusknoir;mega-lucario-ex;1;1;0;2;0.5;mitUnentschieden
6a99d9e5a4272c53be6460ce;2026-09-06;TEF-PBL;mega-lucario-ex;dragapult-dusknoir;1;1;0;2;0.5;mitUnentschieden
6a99d9e5a4272c53be6460ce;2026-09-06;TEF-PBL;festival-lead;toxtricity-pfl;0;1;0;1;0.0;mitUnentschieden
6a99d9e5a4272c53be6460ce;2026-09-06;TEF-PBL;toxtricity-pfl;festival-lead;1;0;0;1;1.0;mitUnentschieden
6a99d9e5a4272c53be6460ce;2026-09-06;TEF-PBL;starmie-froslass;toxtricity-box;1;0;0;1;1.0;mitUnentschieden
6a99d9e5a4272c53be6460ce;2026-09-06;TEF-PBL;toxtricity-box;starmie-froslass;0;1;0;1;0.0;mitUnentschieden
6a99d9e5a4272c53be6460ce;2026-09-06;TEF-PBL;ogerpon-meganium-hydrapple;dragapult-ex;0;1;0;1;0.0;mitUnentschieden
6a99d9e5a4272c53be6460ce;2026-09-06;TEF-PBL;dragapult-ex;ogerpon-meganium-hydrapple;1;0;0;1;1.0;mitUnentschieden
6a99d9e5a4272c53be6460ce;2026-09-06;TEF-PBL;mega-excadrill-ex;doublade-por;0;1;0;1;0.0;mitUnentschieden
6a99d9e5a4272c53be6460ce;2026-09-06;TEF-PBL;doublade-por;mega-excadrill-ex;1;0;0;1;1.0;mitUnentschieden
6a99d9e5a4272c53be6460ce;2026-09-06;TEF-PBL;festival-lead;alakazam-dusknoir;1;2;0;3;0.333333;mitUnentschieden
6a99d9e5a4272c53be6460ce;2026-09-06;TEF-PBL;alakazam-dusknoir;festival-lead;2;1;0;3;0.666667;mitUnentschieden
6a99d9e5a4272c53be6460ce;2026-09-06;TEF-PBL;slowking-scr;dragapult-blaziken;1;0;0;1;1.0;mitUnentschieden
6a99d9e5a4272c53be6460ce;2026-09-06;TEF-PBL;dragapult-blaziken;slowking-scr;0;1;0;1;0.0;mitUnentschieden
6a99d9e5a4272c53be6460ce;2026-09-06;TEF-PBL;mega-lucario-ex;n-zoroark;1;0;0;1;1.0;mitUnentschieden
6a99d9e5a4272c53be6460ce;2026-09-06;TEF-PBL;n-zoroark;mega-lucario-ex;0;1;0;1;0.0;mitUnentschieden
6a99d9e5a4272c53be6460ce;2026-09-06;TEF-PBL;dragapult-dusknoir;clefairy-ogerpon;0;1;0;1;0.0;mitUnentschieden
6a99d9e5a4272c53be6460ce;2026-09-06;TEF-PBL;clefairy-ogerpon;dragapult-dusknoir;1;0;0;1;1.0;mitUnentschieden
6a99d9e5a4272c53be6460ce;2026-09-06;TEF-PBL;dragapult-ex;cynthia-garchomp-ex;1;1;0;2;0.5;mitUnentschieden
6a99d9e5a4272c53be6460ce;2026-09-06;TEF-PBL;cynthia-garchomp-ex;dragapult-ex;1;1;0;2;0.5;mitUnentschieden
6a99d9e5a4272c53be6460ce;2026-09-06;TEF-PBL;dhelmise-pbl;cynthia-garchomp-ex;1;0;0;1;1.0;mitUnentschieden
6a99d9e5a4272c53be6460ce;2026-09-06;TEF-PBL;cynthia-garchomp-ex;dhelmise-pbl;0;1;0;1;0.0;mitUnentschieden
6a99d9e5a4272c53be6460ce;2026-09-06;TEF-PBL;cinccino-ex;ogerpon-meganium-arboliva;0;1;0;1;0.0;mitUnentschieden
6a99d9e5a4272c53be6460ce;2026-09-06;TEF-PBL;ogerpon-meganium-arboliva;cinccino-ex;1;0;0;1;1.0;mitUnentschieden
6a99d9e5a4272c53be6460ce;2026-09-06;TEF-PBL;dhelmise-pbl;slowking-scr;1;0;0;1;1.0;mitUnentschieden
6a99d9e5a4272c53be6460ce;2026-09-06;TEF-PBL;slowking-scr;dhelmise-pbl;0;1;0;1;0.0;mitUnentschieden
6a99d9e5a4272c53be6460ce;2026-09-06;TEF-PBL;mega-lucario-ex;rockets-honchkrow;1;0;0;1;1.0;mitUnentschieden
6a99d9e5a4272c53be6460ce;2026-09-06;TEF-PBL;rockets-honchkrow;mega-lucario-ex;0;1;0;1;0.0;mitUnentschieden
6a99d9e5a4272c53be6460ce;2026-09-06;TEF-PBL;ursaluna-lunatone;hydreigon-ex;1;0;0;1;1.0;mitUnentschieden
6a99d9e5a4272c53be6460ce;2026-09-06;TEF-PBL;hydreigon-ex;ursaluna-lunatone;0;1;0;1;0.0;mitUnentschieden
6a99d9e5a4272c53be6460ce;2026-09-06;TEF-PBL;sylveon-pre;n-zoroark;1;0;0;1;1.0;mitUnentschieden
6a99d9e5a4272c53be6460ce;2026-09-06;TEF-PBL;n-zoroark;sylveon-pre;0;1;0;1;0.0;mitUnentschieden
6a99d9e5a4272c53be6460ce;2026-09-06;TEF-PBL;greninja-ex;lucario-hariyama;1;0;0;1;1.0;mitUnentschieden
6a99d9e5a4272c53be6460ce;2026-09-06;TEF-PBL;lucario-hariyama;greninja-ex;0;1;0;1;0.0;mitUnentschieden
6a99d9e5a4272c53be6460ce;2026-09-06;TEF-PBL;rocket-mewtwo-ex;mega-abomasnow-ex;1;0;0;1;1.0;mitUnentschieden
6a99d9e5a4272c53be6460ce;2026-09-06;TEF-PBL;mega-abomasnow-ex;rocket-mewtwo-ex;0;1;0;1;0.0;mitUnentschieden
6a99d9e5a4272c53be6460ce;2026-09-06;TEF-PBL;toxtricity-box;toucannon-pbl;0;1;0;1;0.0;mitUnentschieden
6a99d9e5a4272c53be6460ce;2026-09-06;TEF-PBL;toucannon-pbl;toxtricity-box;1;0;0;1;1.0;mitUnentschieden
6a99d9e5a4272c53be6460ce;2026-09-06;TEF-PBL;n-zoroark;mega-venusaur-ex;1;1;0;2;0.5;mitUnentschieden
6a99d9e5a4272c53be6460ce;2026-09-06;TEF-PBL;mega-venusaur-ex;n-zoroark;1;1;0;2;0.5;mitUnentschieden
6a99d9e5a4272c53be6460ce;2026-09-06;TEF-PBL;kangaskhan-bouffalant;n-zoroark;1;0;0;1;1.0;mitUnentschieden
6a99d9e5a4272c53be6460ce;2026-09-06;TEF-PBL;n-zoroark;kangaskhan-bouffalant;0;1;0;1;0.0;mitUnentschieden
6a99d9e5a4272c53be6460ce;2026-09-06;TEF-PBL;dragapult-blaziken;hydreigon-ex;0;1;0;1;0.0;mitUnentschieden
6a99d9e5a4272c53be6460ce;2026-09-06;TEF-PBL;hydreigon-ex;dragapult-blaziken;0;1;0;1;0.0;mitUnentschieden
6a99d9e5a4272c53be6460ce;2026-09-06;TEF-PBL;lucario-hariyama;basic-box-m;0;1;0;1;0.0;mitUnentschieden
6a99d9e5a4272c53be6460ce;2026-09-06;TEF-PBL;basic-box-m;lucario-hariyama;1;0;0;1;1.0;mitUnentschieden
6a99d9e5a4272c53be6460ce;2026-09-06;TEF-PBL;grimmsnarl-froslass;lopunny-dudunsparce;1;0;0;1;1.0;mitUnentschieden
6a99d9e5a4272c53be6460ce;2026-09-06;TEF-PBL;lopunny-dudunsparce;grimmsnarl-froslass;0;1;0;1;0.0;mitUnentschieden
6a99d9e5a4272c53be6460ce;2026-09-06;TEF-PBL;ethan-typhlosion;mega-darkrai-ex;1;0;0;1;1.0;mitUnentschieden
6a99d9e5a4272c53be6460ce;2026-09-06;TEF-PBL;mega-darkrai-ex;ethan-typhlosion;0;1;0;1;0.0;mitUnentschieden
6a99d9e5a4272c53be6460ce;2026-09-06;TEF-PBL;mega-excadrill-ex;dragapult-blaziken;0;1;0;1;0.0;mitUnentschieden
6a99d9e5a4272c53be6460ce;2026-09-06;TEF-PBL;dragapult-blaziken;mega-excadrill-ex;1;0;0;1;1.0;mitUnentschieden
6a99d9e5a4272c53be6460ce;2026-09-06;TEF-PBL;starmie-dusknoir;starmie-froslass;1;0;0;1;1.0;mitUnentschieden
6a99d9e5a4272c53be6460ce;2026-09-06;TEF-PBL;starmie-froslass;starmie-dusknoir;0;1;0;1;0.0;mitUnentschieden
6a99d9e5a4272c53be6460ce;2026-09-06;TEF-PBL;festival-lead;mega-froslass-ex;1;0;0;1;1.0;mitUnentschieden
6a99d9e5a4272c53be6460ce;2026-09-06;TEF-PBL;mega-froslass-ex;festival-lead;0;1;0;1;0.0;mitUnentschieden
6a99d9e5a4272c53be6460ce;2026-09-06;TEF-PBL;lucario-hariyama;toxtricity-pfl;1;0;0;1;1.0;mitUnentschieden
6a99d9e5a4272c53be6460ce;2026-09-06;TEF-PBL;toxtricity-pfl;lucario-hariyama;0;1;0;1;0.0;mitUnentschieden
6a99d9e5a4272c53be6460ce;2026-09-06;TEF-PBL;rockets-honchkrow;cinccino-ex;0;1;0;1;0.0;mitUnentschieden
6a99d9e5a4272c53be6460ce;2026-09-06;TEF-PBL;cinccino-ex;rockets-honchkrow;1;0;0;1;1.0;mitUnentschieden
6a99d9e5a4272c53be6460ce;2026-09-06;TEF-PBL;greninja-ex;manectric-eelektrik;1;0;0;1;1.0;mitUnentschieden
6a99d9e5a4272c53be6460ce;2026-09-06;TEF-PBL;manectric-eelektrik;greninja-ex;0;1;0;1;0.0;mitUnentschieden
6a99d9e5a4272c53be6460ce;2026-09-06;TEF-PBL;rocket-mewtwo-ex;hops-trevenant;0;1;0;1;0.0;mitUnentschieden
6a99d9e5a4272c53be6460ce;2026-09-06;TEF-PBL;hops-trevenant;rocket-mewtwo-ex;0;1;0;1;0.0;mitUnentschieden
6a99d9e5a4272c53be6460ce;2026-09-06;TEF-PBL;hydreigon-ex;hydreigon-ex;0;2;0;2;0.0;mitUnentschieden
6a99d9e5a4272c53be6460ce;2026-09-06;TEF-PBL;ogerpon-meganium-arboliva;rocket-mewtwo-ex;0;1;0;1;0.0;mitUnentschieden
6a99d9e5a4272c53be6460ce;2026-09-06;TEF-PBL;rocket-mewtwo-ex;ogerpon-meganium-arboliva;1;0;0;1;1.0;mitUnentschieden
6a99d9e5a4272c53be6460ce;2026-09-06;TEF-PBL;n-zoroark;toxtricity-box;0;2;0;2;0.0;mitUnentschieden
6a99d9e5a4272c53be6460ce;2026-09-06;TEF-PBL;toxtricity-box;n-zoroark;2;0;0;2;1.0;mitUnentschieden
6a99d9e5a4272c53be6460ce;2026-09-06;TEF-PBL;clefairy-ogerpon;dhelmise-pbl;1;0;0;1;1.0;mitUnentschieden
6a99d9e5a4272c53be6460ce;2026-09-06;TEF-PBL;dhelmise-pbl;clefairy-ogerpon;0;1;0;1;0.0;mitUnentschieden
6a99d9e5a4272c53be6460ce;2026-09-06;TEF-PBL;alakazam-dusknoir;toxtricity-box;1;0;0;1;1.0;mitUnentschieden
6a99d9e5a4272c53be6460ce;2026-09-06;TEF-PBL;toxtricity-box;alakazam-dusknoir;0;1;0;1;0.0;mitUnentschieden
6a99d9e5a4272c53be6460ce;2026-09-06;TEF-PBL;sylveon-pre;grimmsnarl-froslass;0;1;0;1;0.0;mitUnentschieden
6a99d9e5a4272c53be6460ce;2026-09-06;TEF-PBL;grimmsnarl-froslass;sylveon-pre;1;0;0;1;1.0;mitUnentschieden
6a99d9e5a4272c53be6460ce;2026-09-06;TEF-PBL;rocket-mewtwo-ex;ethan-typhlosion;1;1;0;2;0.5;mitUnentschieden
6a99d9e5a4272c53be6460ce;2026-09-06;TEF-PBL;ethan-typhlosion;rocket-mewtwo-ex;1;1;0;2;0.5;mitUnentschieden
6a99d9e5a4272c53be6460ce;2026-09-06;TEF-PBL;kangaskhan-bouffalant;dragapult-blaziken;1;0;0;1;1.0;mitUnentschieden
6a99d9e5a4272c53be6460ce;2026-09-06;TEF-PBL;dragapult-blaziken;kangaskhan-bouffalant;0;1;0;1;0.0;mitUnentschieden
6a99d9e5a4272c53be6460ce;2026-09-06;TEF-PBL;ursaluna-lunatone;grimmsnarl-froslass;0;1;0;1;0.0;mitUnentschieden
6a99d9e5a4272c53be6460ce;2026-09-06;TEF-PBL;grimmsnarl-froslass;ursaluna-lunatone;1;0;0;1;1.0;mitUnentschieden
6a99d9e5a4272c53be6460ce;2026-09-06;TEF-PBL;alakazam-dusknoir;grimmsnarl-froslass;1;0;0;1;1.0;mitUnentschieden
6a99d9e5a4272c53be6460ce;2026-09-06;TEF-PBL;grimmsnarl-froslass;alakazam-dusknoir;0;1;0;1;0.0;mitUnentschieden
6a99d9e5a4272c53be6460ce;2026-09-06;TEF-PBL;ogerpon-meganium-hydrapple;toucannon-pbl;1;0;0;1;1.0;mitUnentschieden
6a99d9e5a4272c53be6460ce;2026-09-06;TEF-PBL;toucannon-pbl;ogerpon-meganium-hydrapple;0;1;0;1;0.0;mitUnentschieden
6a99d9e5a4272c53be6460ce;2026-09-06;TEF-PBL;greninja-ex;rocket-mewtwo-ex;0;1;0;1;0.0;mitUnentschieden
6a99d9e5a4272c53be6460ce;2026-09-06;TEF-PBL;rocket-mewtwo-ex;greninja-ex;1;0;0;1;1.0;mitUnentschieden
6a99d9e5a4272c53be6460ce;2026-09-06;TEF-PBL;hydreigon-ex;alakazam-dudunsparce;0;1;0;1;0.0;mitUnentschieden
6a99d9e5a4272c53be6460ce;2026-09-06;TEF-PBL;alakazam-dudunsparce;hydreigon-ex;1;0;0;1;1.0;mitUnentschieden
6a99d9e5a4272c53be6460ce;2026-09-06;TEF-PBL;mega-abomasnow-ex;lucario-hariyama;0;1;0;1;0.0;mitUnentschieden
6a99d9e5a4272c53be6460ce;2026-09-06;TEF-PBL;lucario-hariyama;mega-abomasnow-ex;1;0;0;1;1.0;mitUnentschieden
6a99d9e5a4272c53be6460ce;2026-09-06;TEF-PBL;starmie-froslass;lopunny-dudunsparce;1;0;0;1;1.0;mitUnentschieden
6a99d9e5a4272c53be6460ce;2026-09-06;TEF-PBL;lopunny-dudunsparce;starmie-froslass;0;1;0;1;0.0;mitUnentschieden
6a99d9e5a4272c53be6460ce;2026-09-06;TEF-PBL;toucannon-pbl;starmie-froslass;1;0;0;1;1.0;mitUnentschieden
6a99d9e5a4272c53be6460ce;2026-09-06;TEF-PBL;starmie-froslass;toucannon-pbl;0;1;0;1;0.0;mitUnentschieden
6a99d9e5a4272c53be6460ce;2026-09-06;TEF-PBL;dragapult-dusknoir;cinccino-ex;0;1;0;1;0.0;mitUnentschieden
6a99d9e5a4272c53be6460ce;2026-09-06;TEF-PBL;cinccino-ex;dragapult-dusknoir;1;0;0;1;1.0;mitUnentschieden
6a99d9e5a4272c53be6460ce;2026-09-06;TEF-PBL;basic-box-m;manectric-eelektrik;0;1;0;1;0.0;mitUnentschieden
6a99d9e5a4272c53be6460ce;2026-09-06;TEF-PBL;manectric-eelektrik;basic-box-m;1;0;0;1;1.0;mitUnentschieden
6a99d9e5a4272c53be6460ce;2026-09-06;TEF-PBL;rockets-honchkrow;mega-froslass-ex;1;0;0;1;1.0;mitUnentschieden
6a99d9e5a4272c53be6460ce;2026-09-06;TEF-PBL;mega-froslass-ex;rockets-honchkrow;0;1;0;1;0.0;mitUnentschieden
6a99d9e5a4272c53be6460ce;2026-09-06;TEF-PBL;hop-zacian;hydreigon-ex;0;1;0;1;0.0;mitUnentschieden
6a99d9e5a4272c53be6460ce;2026-09-06;TEF-PBL;hydreigon-ex;hop-zacian;0;1;0;1;0.0;mitUnentschieden
6a99d9e5a4272c53be6460ce;2026-09-06;TEF-PBL;mega-excadrill-ex;hops-trevenant;0;1;0;1;0.0;mitUnentschieden
6a99d9e5a4272c53be6460ce;2026-09-06;TEF-PBL;hops-trevenant;mega-excadrill-ex;0;1;0;1;0.0;mitUnentschieden
6a99d9e5a4272c53be6460ce;2026-09-06;TEF-PBL;festival-lead;rocket-mewtwo-ex;0;2;0;2;0.0;mitUnentschieden
6a99d9e5a4272c53be6460ce;2026-09-06;TEF-PBL;rocket-mewtwo-ex;festival-lead;1;1;0;2;0.5;mitUnentschieden
6a99d9e5a4272c53be6460ce;2026-09-06;TEF-PBL;basic-box-m;crustle-dri;0;1;0;1;0.0;mitUnentschieden
6a99d9e5a4272c53be6460ce;2026-09-06;TEF-PBL;crustle-dri;basic-box-m;1;0;0;1;1.0;mitUnentschieden
6a99d9e5a4272c53be6460ce;2026-09-06;TEF-PBL;dhelmise-pbl;mega-lucario-ex;1;0;0;1;1.0;mitUnentschieden
6a99d9e5a4272c53be6460ce;2026-09-06;TEF-PBL;mega-lucario-ex;dhelmise-pbl;0;1;0;1;0.0;mitUnentschieden
6a99d9e5a4272c53be6460ce;2026-09-06;TEF-PBL;doublade-por;dragapult-ex;0;1;0;1;0.0;mitUnentschieden
6a99d9e5a4272c53be6460ce;2026-09-06;TEF-PBL;dragapult-ex;doublade-por;1;0;0;1;1.0;mitUnentschieden
6a99d9e5a4272c53be6460ce;2026-09-06;TEF-PBL;mega-lucario-ex;clefairy-ogerpon;0;1;0;1;0.0;mitUnentschieden
6a99d9e5a4272c53be6460ce;2026-09-06;TEF-PBL;clefairy-ogerpon;mega-lucario-ex;1;0;0;1;1.0;mitUnentschieden
6a99d9e5a4272c53be6460ce;2026-09-06;TEF-PBL;grimmsnarl-froslass;kangaskhan-bouffalant;1;0;0;1;1.0;mitUnentschieden
6a99d9e5a4272c53be6460ce;2026-09-06;TEF-PBL;kangaskhan-bouffalant;grimmsnarl-froslass;0;1;0;1;0.0;mitUnentschieden
6a99d9e5a4272c53be6460ce;2026-09-06;TEF-PBL;n-zoroark;starmie-dusknoir;0;1;0;1;0.0;mitUnentschieden
6a99d9e5a4272c53be6460ce;2026-09-06;TEF-PBL;starmie-dusknoir;n-zoroark;1;0;0;1;1.0;mitUnentschieden
6a99d9e5a4272c53be6460ce;2026-09-06;TEF-PBL;ogerpon-meganium-hydrapple;ogerpon-meganium-arboliva;0;1;0;1;0.0;mitUnentschieden
6a99d9e5a4272c53be6460ce;2026-09-06;TEF-PBL;ogerpon-meganium-arboliva;ogerpon-meganium-hydrapple;1;0;0;1;1.0;mitUnentschieden
6a99d9e5a4272c53be6460ce;2026-09-06;TEF-PBL;lopunny-dudunsparce;alakazam-dusknoir;1;0;0;1;1.0;mitUnentschieden
6a99d9e5a4272c53be6460ce;2026-09-06;TEF-PBL;alakazam-dusknoir;lopunny-dudunsparce;0;1;0;1;0.0;mitUnentschieden
6a99d9e5a4272c53be6460ce;2026-09-06;TEF-PBL;greninja-ex;n-zoroark;0;1;0;1;0.0;mitUnentschieden
6a99d9e5a4272c53be6460ce;2026-09-06;TEF-PBL;n-zoroark;greninja-ex;1;0;0;1;1.0;mitUnentschieden
6a99d9e5a4272c53be6460ce;2026-09-06;TEF-PBL;toucannon-pbl;mega-excadrill-ex;0;1;0;1;0.0;mitUnentschieden
6a99d9e5a4272c53be6460ce;2026-09-06;TEF-PBL;mega-excadrill-ex;toucannon-pbl;1;0;0;1;1.0;mitUnentschieden
6a99d9e5a4272c53be6460ce;2026-09-06;TEF-PBL;festival-lead;toucannon-pbl;1;0;0;1;1.0;mitUnentschieden
6a99d9e5a4272c53be6460ce;2026-09-06;TEF-PBL;toucannon-pbl;festival-lead;0;1;0;1;0.0;mitUnentschieden
6a99d9e5a4272c53be6460ce;2026-09-06;TEF-PBL;mega-excadrill-ex;sylveon-pre;1;0;0;1;1.0;mitUnentschieden
6a99d9e5a4272c53be6460ce;2026-09-06;TEF-PBL;sylveon-pre;mega-excadrill-ex;0;1;0;1;0.0;mitUnentschieden
6a99d9e5a4272c53be6460ce;2026-09-06;TEF-PBL;cinccino-ex;dragapult-ex;1;0;0;1;1.0;mitUnentschieden
6a99d9e5a4272c53be6460ce;2026-09-06;TEF-PBL;dragapult-ex;cinccino-ex;0;1;0;1;0.0;mitUnentschieden
6a99d9e5a4272c53be6460ce;2026-09-06;TEF-PBL;rockets-honchkrow;mega-abomasnow-ex;1;0;0;1;1.0;mitUnentschieden
6a99d9e5a4272c53be6460ce;2026-09-06;TEF-PBL;mega-abomasnow-ex;rockets-honchkrow;0;1;0;1;0.0;mitUnentschieden
6a99d9e5a4272c53be6460ce;2026-09-06;TEF-PBL;mega-froslass-ex;hydreigon-ex;0;1;0;1;0.0;mitUnentschieden
6a99d9e5a4272c53be6460ce;2026-09-06;TEF-PBL;hydreigon-ex;mega-froslass-ex;0;1;0;1;0.0;mitUnentschieden
6a99d9e5a4272c53be6460ce;2026-09-06;TEF-PBL;starmie-froslass;basic-box-m;0;1;0;1;0.0;mitUnentschieden
6a99d9e5a4272c53be6460ce;2026-09-06;TEF-PBL;basic-box-m;starmie-froslass;1;0;0;1;1.0;mitUnentschieden
6a99d9e5a4272c53be6460ce;2026-09-06;TEF-PBL;clefairy-ogerpon;cynthia-garchomp-ex;0;1;0;1;0.0;mitUnentschieden
6a99d9e5a4272c53be6460ce;2026-09-06;TEF-PBL;cynthia-garchomp-ex;clefairy-ogerpon;1;0;0;1;1.0;mitUnentschieden
6a99d9e5a4272c53be6460ce;2026-09-06;TEF-PBL;doublade-por;lopunny-dudunsparce;0;1;0;1;0.0;mitUnentschieden
6a99d9e5a4272c53be6460ce;2026-09-06;TEF-PBL;lopunny-dudunsparce;doublade-por;1;0;0;1;1.0;mitUnentschieden
6a99d9e5a4272c53be6460ce;2026-09-06;TEF-PBL;starmie-dusknoir;dragapult-ex;0;1;0;1;0.0;mitUnentschieden
6a99d9e5a4272c53be6460ce;2026-09-06;TEF-PBL;dragapult-ex;starmie-dusknoir;1;0;0;1;1.0;mitUnentschieden
6a99d9e5a4272c53be6460ce;2026-09-06;TEF-PBL;dragapult-dusknoir;starmie-froslass;1;0;0;1;1.0;mitUnentschieden
6a99d9e5a4272c53be6460ce;2026-09-06;TEF-PBL;starmie-froslass;dragapult-dusknoir;0;1;0;1;0.0;mitUnentschieden
6a99d9e5a4272c53be6460ce;2026-09-06;TEF-PBL;ogerpon-meganium-hydrapple;n-zoroark;1;0;0;1;1.0;mitUnentschieden
6a99d9e5a4272c53be6460ce;2026-09-06;TEF-PBL;n-zoroark;ogerpon-meganium-hydrapple;0;1;0;1;0.0;mitUnentschieden
6a99d9e5a4272c53be6460ce;2026-09-06;TEF-PBL;alakazam-dudunsparce;rockets-honchkrow;1;0;0;1;1.0;mitUnentschieden
6a99d9e5a4272c53be6460ce;2026-09-06;TEF-PBL;rockets-honchkrow;alakazam-dudunsparce;0;1;0;1;0.0;mitUnentschieden
6a99d9e5a4272c53be6460ce;2026-09-06;TEF-PBL;dragapult-blaziken;sylveon-pre;1;0;0;1;1.0;mitUnentschieden
6a99d9e5a4272c53be6460ce;2026-09-06;TEF-PBL;sylveon-pre;dragapult-blaziken;0;1;0;1;0.0;mitUnentschieden
6a99d9e5a4272c53be6460ce;2026-09-06;TEF-PBL;toucannon-pbl;grimmsnarl-froslass;1;0;0;1;1.0;mitUnentschieden
6a99d9e5a4272c53be6460ce;2026-09-06;TEF-PBL;grimmsnarl-froslass;toucannon-pbl;0;1;0;1;0.0;mitUnentschieden
6a99d9e5a4272c53be6460ce;2026-09-06;TEF-PBL;n-zoroark;mega-abomasnow-ex;0;1;0;1;0.0;mitUnentschieden
6a99d9e5a4272c53be6460ce;2026-09-06;TEF-PBL;mega-abomasnow-ex;n-zoroark;0;1;0;1;0.0;mitUnentschieden
6a99d9e5a4272c53be6460ce;2026-09-06;TEF-PBL;festival-lead;hops-trevenant;0;1;0;1;0.0;mitUnentschieden
6a99d9e5a4272c53be6460ce;2026-09-06;TEF-PBL;hops-trevenant;festival-lead;1;0;0;1;1.0;mitUnentschieden
6a99d9e5a4272c53be6460ce;2026-09-06;TEF-PBL;mega-froslass-ex;hop-zacian;0;1;0;1;0.0;mitUnentschieden
6a99d9e5a4272c53be6460ce;2026-09-06;TEF-PBL;hop-zacian;mega-froslass-ex;0;1;0;1;0.0;mitUnentschieden
6a99d9e5a4272c53be6460ce;2026-09-06;TEF-PBL;hydreigon-ex;rocket-mewtwo-ex;0;1;0;1;0.0;mitUnentschieden
6a99d9e5a4272c53be6460ce;2026-09-06;TEF-PBL;rocket-mewtwo-ex;hydreigon-ex;0;1;0;1;0.0;mitUnentschieden
6a9cdee2ab080c8c957fb8ae;2026-09-06;TEF-PBL;greninja-ex;mega-sharpedo-ex;1;0;0;1;1.0;mitUnentschieden
6a9cdee2ab080c8c957fb8ae;2026-09-06;TEF-PBL;mega-sharpedo-ex;greninja-ex;0;1;0;1;0.0;mitUnentschieden
6a9cdee2ab080c8c957fb8ae;2026-09-06;TEF-PBL;toxtricity-box;mega-excadrill-ex;1;1;0;2;0.5;mitUnentschieden
6a9cdee2ab080c8c957fb8ae;2026-09-06;TEF-PBL;mega-excadrill-ex;toxtricity-box;1;1;0;2;0.5;mitUnentschieden
6a9cdee2ab080c8c957fb8ae;2026-09-06;TEF-PBL;ogerpon-meganium-arboliva;alakazam-dudunsparce;1;0;0;1;1.0;mitUnentschieden
6a9cdee2ab080c8c957fb8ae;2026-09-06;TEF-PBL;alakazam-dudunsparce;ogerpon-meganium-arboliva;0;1;0;1;0.0;mitUnentschieden
6a9cdee2ab080c8c957fb8ae;2026-09-06;TEF-PBL;alakazam-dudunsparce;n-zoroark;1;0;0;1;1.0;mitUnentschieden
6a9cdee2ab080c8c957fb8ae;2026-09-06;TEF-PBL;n-zoroark;alakazam-dudunsparce;0;1;0;1;0.0;mitUnentschieden
6a9cdee2ab080c8c957fb8ae;2026-09-06;TEF-PBL;crustle-dri;stevens-metagross;1;0;0;1;1.0;mitUnentschieden
6a9cdee2ab080c8c957fb8ae;2026-09-06;TEF-PBL;stevens-metagross;crustle-dri;0;1;0;1;0.0;mitUnentschieden
6a9cdee2ab080c8c957fb8ae;2026-09-06;TEF-PBL;dragapult-dusknoir;rockets-honchkrow;1;0;0;1;1.0;mitUnentschieden
6a9cdee2ab080c8c957fb8ae;2026-09-06;TEF-PBL;rockets-honchkrow;dragapult-dusknoir;0;1;0;1;0.0;mitUnentschieden
6a9cdee2ab080c8c957fb8ae;2026-09-06;TEF-PBL;alakazam-dusknoir;basic-box-m;2;0;0;2;1.0;mitUnentschieden
6a9cdee2ab080c8c957fb8ae;2026-09-06;TEF-PBL;basic-box-m;alakazam-dusknoir;0;2;0;2;0.0;mitUnentschieden
6a9cdee2ab080c8c957fb8ae;2026-09-06;TEF-PBL;n-zoroark;dragapult-blaziken;2;2;0;4;0.5;mitUnentschieden
6a9cdee2ab080c8c957fb8ae;2026-09-06;TEF-PBL;dragapult-blaziken;n-zoroark;2;2;0;4;0.5;mitUnentschieden
6a9cdee2ab080c8c957fb8ae;2026-09-06;TEF-PBL;dragapult-blaziken;ogerpon-meganium-hydrapple;2;0;0;2;1.0;mitUnentschieden
6a9cdee2ab080c8c957fb8ae;2026-09-06;TEF-PBL;ogerpon-meganium-hydrapple;dragapult-blaziken;0;2;0;2;0.0;mitUnentschieden
6a9cdee2ab080c8c957fb8ae;2026-09-06;TEF-PBL;mega-starmie-ex;seaking-pre;1;0;0;1;1.0;mitUnentschieden
6a9cdee2ab080c8c957fb8ae;2026-09-06;TEF-PBL;seaking-pre;mega-starmie-ex;0;1;0;1;0.0;mitUnentschieden
6a9cdee2ab080c8c957fb8ae;2026-09-06;TEF-PBL;n-zoroark;lopunny-dudunsparce;1;0;0;1;1.0;mitUnentschieden
6a9cdee2ab080c8c957fb8ae;2026-09-06;TEF-PBL;lopunny-dudunsparce;n-zoroark;0;1;0;1;0.0;mitUnentschieden
6a9cdee2ab080c8c957fb8ae;2026-09-06;TEF-PBL;crustle-dri;dragapult-blaziken;2;0;0;2;1.0;mitUnentschieden
6a9cdee2ab080c8c957fb8ae;2026-09-06;TEF-PBL;dragapult-blaziken;crustle-dri;0;2;0;2;0.0;mitUnentschieden
6a9cdee2ab080c8c957fb8ae;2026-09-06;TEF-PBL;n-zoroark;ogerpon-meganium-hydrapple;0;2;0;2;0.0;mitUnentschieden
6a9cdee2ab080c8c957fb8ae;2026-09-06;TEF-PBL;ogerpon-meganium-hydrapple;n-zoroark;2;0;0;2;1.0;mitUnentschieden
6a9cdee2ab080c8c957fb8ae;2026-09-06;TEF-PBL;marnie-grimmsnarl-ex;dragapult-blaziken;1;1;0;2;0.5;mitUnentschieden
6a9cdee2ab080c8c957fb8ae;2026-09-06;TEF-PBL;dragapult-blaziken;marnie-grimmsnarl-ex;1;1;0;2;0.5;mitUnentschieden
6a9cdee2ab080c8c957fb8ae;2026-09-06;TEF-PBL;cynthia-garchomp-ex;dragapult-dusknoir;2;2;0;4;0.5;mitUnentschieden
6a9cdee2ab080c8c957fb8ae;2026-09-06;TEF-PBL;dragapult-dusknoir;cynthia-garchomp-ex;2;2;0;4;0.5;mitUnentschieden
6a9cdee2ab080c8c957fb8ae;2026-09-06;TEF-PBL;mega-starmie-ex;crustle-dri;2;0;0;2;1.0;mitUnentschieden
6a9cdee2ab080c8c957fb8ae;2026-09-06;TEF-PBL;crustle-dri;mega-starmie-ex;0;2;0;2;0.0;mitUnentschieden
6a9cdee2ab080c8c957fb8ae;2026-09-06;TEF-PBL;dragapult-blaziken;dhelmise-pbl;1;1;0;2;0.5;mitUnentschieden
6a9cdee2ab080c8c957fb8ae;2026-09-06;TEF-PBL;dhelmise-pbl;dragapult-blaziken;1;1;0;2;0.5;mitUnentschieden
6a9cdee2ab080c8c957fb8ae;2026-09-06;TEF-PBL;lucario-hariyama;hop-zacian;1;0;0;1;1.0;mitUnentschieden
6a9cdee2ab080c8c957fb8ae;2026-09-06;TEF-PBL;hop-zacian;lucario-hariyama;0;1;0;1;0.0;mitUnentschieden
6a9cdee2ab080c8c957fb8ae;2026-09-06;TEF-PBL;clefairy-ogerpon;dragapult-dudunsparce;1;0;0;1;1.0;mitUnentschieden
6a9cdee2ab080c8c957fb8ae;2026-09-06;TEF-PBL;dragapult-dudunsparce;clefairy-ogerpon;0;1;0;1;0.0;mitUnentschieden
6a9cdee2ab080c8c957fb8ae;2026-09-06;TEF-PBL;toucannon-pbl;cynthia-garchomp-ex;0;1;0;1;0.0;mitUnentschieden
6a9cdee2ab080c8c957fb8ae;2026-09-06;TEF-PBL;cynthia-garchomp-ex;toucannon-pbl;1;0;0;1;1.0;mitUnentschieden
6a9cdee2ab080c8c957fb8ae;2026-09-06;TEF-PBL;dragapult-ex;basic-box-m;0;6;0;6;0.0;mitUnentschieden
6a9cdee2ab080c8c957fb8ae;2026-09-06;TEF-PBL;basic-box-m;dragapult-ex;4;2;0;6;0.666667;mitUnentschieden
6a9cdee2ab080c8c957fb8ae;2026-09-06;TEF-PBL;dragapult-ex;erikas-victreebel;1;0;0;1;1.0;mitUnentschieden
6a9cdee2ab080c8c957fb8ae;2026-09-06;TEF-PBL;erikas-victreebel;dragapult-ex;0;1;0;1;0.0;mitUnentschieden
6a9cdee2ab080c8c957fb8ae;2026-09-06;TEF-PBL;lucario-hariyama;basic-box-m;1;2;0;3;0.333333;mitUnentschieden
6a9cdee2ab080c8c957fb8ae;2026-09-06;TEF-PBL;basic-box-m;lucario-hariyama;1;2;0;3;0.333333;mitUnentschieden
6a9cdee2ab080c8c957fb8ae;2026-09-06;TEF-PBL;dragapult-dusknoir;dragapult-ex;2;0;0;2;1.0;mitUnentschieden
6a9cdee2ab080c8c957fb8ae;2026-09-06;TEF-PBL;dragapult-ex;dragapult-dusknoir;0;2;0;2;0.0;mitUnentschieden
6a9cdee2ab080c8c957fb8ae;2026-09-06;TEF-PBL;dragapult-dusknoir;dragapult-blaziken;2;0;0;2;1.0;mitUnentschieden
6a9cdee2ab080c8c957fb8ae;2026-09-06;TEF-PBL;dragapult-blaziken;dragapult-dusknoir;0;2;0;2;0.0;mitUnentschieden
6a9cdee2ab080c8c957fb8ae;2026-09-06;TEF-PBL;dragapult-ex;crustle-dri;0;5;0;5;0.0;mitUnentschieden
6a9cdee2ab080c8c957fb8ae;2026-09-06;TEF-PBL;crustle-dri;dragapult-ex;5;0;0;5;1.0;mitUnentschieden
6a9cdee2ab080c8c957fb8ae;2026-09-06;TEF-PBL;slowking-scr;dragapult-iron-thorns;0;1;0;1;0.0;mitUnentschieden
6a9cdee2ab080c8c957fb8ae;2026-09-06;TEF-PBL;dragapult-iron-thorns;slowking-scr;1;0;0;1;1.0;mitUnentschieden
6a9cdee2ab080c8c957fb8ae;2026-09-06;TEF-PBL;lopunny-dusknoir;dragapult-ex;0;1;0;1;0.0;mitUnentschieden
6a9cdee2ab080c8c957fb8ae;2026-09-06;TEF-PBL;dragapult-ex;lopunny-dusknoir;1;0;0;1;1.0;mitUnentschieden
6a9cdee2ab080c8c957fb8ae;2026-09-06;TEF-PBL;dragapult-ex;dragapult-ex;5;7;0;12;0.416667;mitUnentschieden
6a9cdee2ab080c8c957fb8ae;2026-09-06;TEF-PBL;beedrill-ex-cri;mega-lucario-ex;1;0;0;1;1.0;mitUnentschieden
6a9cdee2ab080c8c957fb8ae;2026-09-06;TEF-PBL;mega-lucario-ex;beedrill-ex-cri;0;1;0;1;0.0;mitUnentschieden
6a9cdee2ab080c8c957fb8ae;2026-09-06;TEF-PBL;toxtricity-box;crustle-dri;1;0;0;1;1.0;mitUnentschieden
6a9cdee2ab080c8c957fb8ae;2026-09-06;TEF-PBL;crustle-dri;toxtricity-box;0;1;0;1;0.0;mitUnentschieden
6a9cdee2ab080c8c957fb8ae;2026-09-06;TEF-PBL;dragapult-ex;dragapult-blaziken;3;2;0;5;0.6;mitUnentschieden
6a9cdee2ab080c8c957fb8ae;2026-09-06;TEF-PBL;dragapult-blaziken;dragapult-ex;1;4;0;5;0.2;mitUnentschieden
6a9cdee2ab080c8c957fb8ae;2026-09-06;TEF-PBL;dragapult-ex;galvantula-ex;1;0;0;1;1.0;mitUnentschieden
6a9cdee2ab080c8c957fb8ae;2026-09-06;TEF-PBL;galvantula-ex;dragapult-ex;0;1;0;1;0.0;mitUnentschieden
6a9cdee2ab080c8c957fb8ae;2026-09-06;TEF-PBL;alakazam-dudunsparce;lopunny-dudunsparce;1;1;0;2;0.5;mitUnentschieden
6a9cdee2ab080c8c957fb8ae;2026-09-06;TEF-PBL;lopunny-dudunsparce;alakazam-dudunsparce;1;1;0;2;0.5;mitUnentschieden
6a9cdee2ab080c8c957fb8ae;2026-09-06;TEF-PBL;mega-excadrill-ex;lucario-hariyama;0;3;0;3;0.0;mitUnentschieden
6a9cdee2ab080c8c957fb8ae;2026-09-06;TEF-PBL;lucario-hariyama;mega-excadrill-ex;3;0;0;3;1.0;mitUnentschieden
6a9cdee2ab080c8c957fb8ae;2026-09-06;TEF-PBL;crustle-dri;dhelmise-pbl;2;0;0;2;1.0;mitUnentschieden
6a9cdee2ab080c8c957fb8ae;2026-09-06;TEF-PBL;dhelmise-pbl;crustle-dri;0;2;0;2;0.0;mitUnentschieden
6a9cdee2ab080c8c957fb8ae;2026-09-06;TEF-PBL;seaking-pre;basic-box-m;1;0;0;1;1.0;mitUnentschieden
6a9cdee2ab080c8c957fb8ae;2026-09-06;TEF-PBL;basic-box-m;seaking-pre;0;1;0;1;0.0;mitUnentschieden
6a9cdee2ab080c8c957fb8ae;2026-09-06;TEF-PBL;basic-box-m;alakazam-dudunsparce;1;3;0;4;0.25;mitUnentschieden
6a9cdee2ab080c8c957fb8ae;2026-09-06;TEF-PBL;alakazam-dudunsparce;basic-box-m;3;1;0;4;0.75;mitUnentschieden
6a9cdee2ab080c8c957fb8ae;2026-09-06;TEF-PBL;azumarill-ssp;dragapult-ex;0;1;0;1;0.0;mitUnentschieden
6a9cdee2ab080c8c957fb8ae;2026-09-06;TEF-PBL;dragapult-ex;azumarill-ssp;1;0;0;1;1.0;mitUnentschieden
6a9cdee2ab080c8c957fb8ae;2026-09-06;TEF-PBL;dragapult-dusknoir;starmie-dusknoir;0;2;0;2;0.0;mitUnentschieden
6a9cdee2ab080c8c957fb8ae;2026-09-06;TEF-PBL;starmie-dusknoir;dragapult-dusknoir;2;0;0;2;1.0;mitUnentschieden
6a9cdee2ab080c8c957fb8ae;2026-09-06;TEF-PBL;mega-lucario-ex;dhelmise-pbl;0;2;0;2;0.0;mitUnentschieden
6a9cdee2ab080c8c957fb8ae;2026-09-06;TEF-PBL;dhelmise-pbl;mega-lucario-ex;2;0;0;2;1.0;mitUnentschieden
6a9cdee2ab080c8c957fb8ae;2026-09-06;TEF-PBL;alakazam-dudunsparce;lucario-hariyama;4;3;0;7;0.571429;mitUnentschieden
6a9cdee2ab080c8c957fb8ae;2026-09-06;TEF-PBL;lucario-hariyama;alakazam-dudunsparce;2;5;0;7;0.285714;mitUnentschieden
6a9cdee2ab080c8c957fb8ae;2026-09-06;TEF-PBL;slowking-scr;lucario-hariyama;1;3;0;4;0.25;mitUnentschieden
6a9cdee2ab080c8c957fb8ae;2026-09-06;TEF-PBL;lucario-hariyama;slowking-scr;2;2;0;4;0.5;mitUnentschieden
6a9cdee2ab080c8c957fb8ae;2026-09-06;TEF-PBL;alakazam-dudunsparce;mega-excadrill-ex;2;0;0;2;1.0;mitUnentschieden
6a9cdee2ab080c8c957fb8ae;2026-09-06;TEF-PBL;mega-excadrill-ex;alakazam-dudunsparce;0;2;0;2;0.0;mitUnentschieden
6a9cdee2ab080c8c957fb8ae;2026-09-06;TEF-PBL;dragapult-dusknoir;alakazam-dudunsparce;4;1;0;5;0.8;mitUnentschieden
6a9cdee2ab080c8c957fb8ae;2026-09-06;TEF-PBL;alakazam-dudunsparce;dragapult-dusknoir;1;4;0;5;0.2;mitUnentschieden
6a9cdee2ab080c8c957fb8ae;2026-09-06;TEF-PBL;ogerpon-meganium-hydrapple;festival-lead;1;2;0;3;0.333333;mitUnentschieden
6a9cdee2ab080c8c957fb8ae;2026-09-06;TEF-PBL;festival-lead;ogerpon-meganium-hydrapple;0;3;0;3;0.0;mitUnentschieden
6a9cdee2ab080c8c957fb8ae;2026-09-06;TEF-PBL;seaking-pre;lucario-hariyama;1;1;0;2;0.5;mitUnentschieden
6a9cdee2ab080c8c957fb8ae;2026-09-06;TEF-PBL;lucario-hariyama;seaking-pre;0;2;0;2;0.0;mitUnentschieden
6a9cdee2ab080c8c957fb8ae;2026-09-06;TEF-PBL;cinccino-ex;dragapult-dusknoir;0;1;0;1;0.0;mitUnentschieden
6a9cdee2ab080c8c957fb8ae;2026-09-06;TEF-PBL;dragapult-dusknoir;cinccino-ex;1;0;0;1;1.0;mitUnentschieden
6a9cdee2ab080c8c957fb8ae;2026-09-06;TEF-PBL;slowking-scr;alakazam-dudunsparce;1;0;0;1;1.0;mitUnentschieden
6a9cdee2ab080c8c957fb8ae;2026-09-06;TEF-PBL;alakazam-dudunsparce;slowking-scr;0;1;0;1;0.0;mitUnentschieden
6a9cdee2ab080c8c957fb8ae;2026-09-06;TEF-PBL;n-zoroark;mega-lucario-ex;1;0;0;1;1.0;mitUnentschieden
6a9cdee2ab080c8c957fb8ae;2026-09-06;TEF-PBL;mega-lucario-ex;n-zoroark;0;1;0;1;0.0;mitUnentschieden
6a9cdee2ab080c8c957fb8ae;2026-09-06;TEF-PBL;dragapult-blaziken;raging-bolt-ogerpon;0;1;0;1;0.0;mitUnentschieden
6a9cdee2ab080c8c957fb8ae;2026-09-06;TEF-PBL;raging-bolt-ogerpon;dragapult-blaziken;1;0;0;1;1.0;mitUnentschieden
6a9cdee2ab080c8c957fb8ae;2026-09-06;TEF-PBL;dhelmise-pbl;festival-lead;1;0;0;1;1.0;mitUnentschieden
6a9cdee2ab080c8c957fb8ae;2026-09-06;TEF-PBL;festival-lead;dhelmise-pbl;0;1;0;1;0.0;mitUnentschieden
6a9cdee2ab080c8c957fb8ae;2026-09-06;TEF-PBL;mega-excadrill-ex;wailord-ex;1;0;0;1;1.0;mitUnentschieden
6a9cdee2ab080c8c957fb8ae;2026-09-06;TEF-PBL;wailord-ex;mega-excadrill-ex;0;1;0;1;0.0;mitUnentschieden
6a9cdee2ab080c8c957fb8ae;2026-09-06;TEF-PBL;alakazam-dusknoir;bronzong-tef;0;1;0;1;0.0;mitUnentschieden
6a9cdee2ab080c8c957fb8ae;2026-09-06;TEF-PBL;bronzong-tef;alakazam-dusknoir;1;0;0;1;1.0;mitUnentschieden
6a9cdee2ab080c8c957fb8ae;2026-09-06;TEF-PBL;ogerpon-meganium-arboliva;lucario-hariyama;1;1;0;2;0.5;mitUnentschieden
6a9cdee2ab080c8c957fb8ae;2026-09-06;TEF-PBL;lucario-hariyama;ogerpon-meganium-arboliva;1;1;0;2;0.5;mitUnentschieden
6a9cdee2ab080c8c957fb8ae;2026-09-06;TEF-PBL;n-zoroark;lucario-hariyama;1;1;0;2;0.5;mitUnentschieden
6a9cdee2ab080c8c957fb8ae;2026-09-06;TEF-PBL;lucario-hariyama;n-zoroark;1;1;0;2;0.5;mitUnentschieden
6a9cdee2ab080c8c957fb8ae;2026-09-06;TEF-PBL;seaking-pre;dragapult-dusknoir;0;2;0;2;0.0;mitUnentschieden
6a9cdee2ab080c8c957fb8ae;2026-09-06;TEF-PBL;dragapult-dusknoir;seaking-pre;2;0;0;2;1.0;mitUnentschieden
6a9cdee2ab080c8c957fb8ae;2026-09-06;TEF-PBL;starmie-froslass;dragapult-dudunsparce;0;1;0;1;0.0;mitUnentschieden
6a9cdee2ab080c8c957fb8ae;2026-09-06;TEF-PBL;dragapult-dudunsparce;starmie-froslass;1;0;0;1;1.0;mitUnentschieden
6a9cdee2ab080c8c957fb8ae;2026-09-06;TEF-PBL;dragapult-dusknoir;toxtricity-pfl;1;0;0;1;1.0;mitUnentschieden
6a9cdee2ab080c8c957fb8ae;2026-09-06;TEF-PBL;toxtricity-pfl;dragapult-dusknoir;0;1;0;1;0.0;mitUnentschieden
6a9cdee2ab080c8c957fb8ae;2026-09-06;TEF-PBL;alakazam-dudunsparce;dragapult-ex;4;4;0;8;0.5;mitUnentschieden
6a9cdee2ab080c8c957fb8ae;2026-09-06;TEF-PBL;dragapult-ex;alakazam-dudunsparce;4;4;0;8;0.5;mitUnentschieden
6a9cdee2ab080c8c957fb8ae;2026-09-06;TEF-PBL;raging-bolt-ogerpon;ogerpon-meganium-arboliva;0;1;0;1;0.0;mitUnentschieden
6a9cdee2ab080c8c957fb8ae;2026-09-06;TEF-PBL;ogerpon-meganium-arboliva;raging-bolt-ogerpon;1;0;0;1;1.0;mitUnentschieden
6a9cdee2ab080c8c957fb8ae;2026-09-06;TEF-PBL;grimmsnarl-froslass;dragapult-ex;0;1;0;1;0.0;mitUnentschieden
6a9cdee2ab080c8c957fb8ae;2026-09-06;TEF-PBL;dragapult-ex;grimmsnarl-froslass;1;0;0;1;1.0;mitUnentschieden
6a9cdee2ab080c8c957fb8ae;2026-09-06;TEF-PBL;slowking-scr;dhelmise-pbl;0;1;0;1;0.0;mitUnentschieden
6a9cdee2ab080c8c957fb8ae;2026-09-06;TEF-PBL;dhelmise-pbl;slowking-scr;1;0;0;1;1.0;mitUnentschieden
6a9cdee2ab080c8c957fb8ae;2026-09-06;TEF-PBL;alakazam-dudunsparce;cynthia-garchomp-ex;0;3;0;3;0.0;mitUnentschieden
6a9cdee2ab080c8c957fb8ae;2026-09-06;TEF-PBL;cynthia-garchomp-ex;alakazam-dudunsparce;3;0;0;3;1.0;mitUnentschieden
6a9cdee2ab080c8c957fb8ae;2026-09-06;TEF-PBL;bronzong-tef;dragapult-ex;0;1;0;1;0.0;mitUnentschieden
6a9cdee2ab080c8c957fb8ae;2026-09-06;TEF-PBL;dragapult-ex;bronzong-tef;1;0;0;1;1.0;mitUnentschieden
6a9cdee2ab080c8c957fb8ae;2026-09-06;TEF-PBL;tyranitar-jtg;ogerpon-meganium-arboliva;1;0;0;1;1.0;mitUnentschieden
6a9cdee2ab080c8c957fb8ae;2026-09-06;TEF-PBL;ogerpon-meganium-arboliva;tyranitar-jtg;0;1;0;1;0.0;mitUnentschieden
6a9cdee2ab080c8c957fb8ae;2026-09-06;TEF-PBL;alakazam-dudunsparce;raging-bolt-ogerpon;1;0;0;1;1.0;mitUnentschieden
6a9cdee2ab080c8c957fb8ae;2026-09-06;TEF-PBL;raging-bolt-ogerpon;alakazam-dudunsparce;0;1;0;1;0.0;mitUnentschieden
6a9cdee2ab080c8c957fb8ae;2026-09-06;TEF-PBL;lucario-hariyama;ogerpon-meganium-hydrapple;0;4;0;4;0.0;mitUnentschieden
6a9cdee2ab080c8c957fb8ae;2026-09-06;TEF-PBL;ogerpon-meganium-hydrapple;lucario-hariyama;3;1;0;4;0.75;mitUnentschieden
6a9cdee2ab080c8c957fb8ae;2026-09-06;TEF-PBL;greninja-ex;dragapult-dusknoir;0;1;0;1;0.0;mitUnentschieden
6a9cdee2ab080c8c957fb8ae;2026-09-06;TEF-PBL;dragapult-dusknoir;greninja-ex;1;0;0;1;1.0;mitUnentschieden
6a9cdee2ab080c8c957fb8ae;2026-09-06;TEF-PBL;toxtricity-box;lucario-hariyama;1;1;0;2;0.5;mitUnentschieden
6a9cdee2ab080c8c957fb8ae;2026-09-06;TEF-PBL;lucario-hariyama;toxtricity-box;1;1;0;2;0.5;mitUnentschieden
6a9cdee2ab080c8c957fb8ae;2026-09-06;TEF-PBL;toxtricity-box;dragapult-ex;4;1;0;5;0.8;mitUnentschieden
6a9cdee2ab080c8c957fb8ae;2026-09-06;TEF-PBL;dragapult-ex;toxtricity-box;1;4;0;5;0.2;mitUnentschieden
6a9cdee2ab080c8c957fb8ae;2026-09-06;TEF-PBL;n-zoroark;dragapult-ex;1;1;0;2;0.5;mitUnentschieden
6a9cdee2ab080c8c957fb8ae;2026-09-06;TEF-PBL;dragapult-ex;n-zoroark;1;1;0;2;0.5;mitUnentschieden
6a9cdee2ab080c8c957fb8ae;2026-09-06;TEF-PBL;slowking-scr;crustle-dri;2;0;0;2;1.0;mitUnentschieden
6a9cdee2ab080c8c957fb8ae;2026-09-06;TEF-PBL;crustle-dri;slowking-scr;0;2;0;2;0.0;mitUnentschieden
6a9cdee2ab080c8c957fb8ae;2026-09-06;TEF-PBL;n-zoroark;cynthia-garchomp-ex;0;2;0;2;0.0;mitUnentschieden
6a9cdee2ab080c8c957fb8ae;2026-09-06;TEF-PBL;cynthia-garchomp-ex;n-zoroark;2;0;0;2;1.0;mitUnentschieden
6a9cdee2ab080c8c957fb8ae;2026-09-06;TEF-PBL;dhelmise-pbl;beedrill-ex-cri;0;1;0;1;0.0;mitUnentschieden
6a9cdee2ab080c8c957fb8ae;2026-09-06;TEF-PBL;beedrill-ex-cri;dhelmise-pbl;1;0;0;1;1.0;mitUnentschieden
6a9cdee2ab080c8c957fb8ae;2026-09-06;TEF-PBL;mega-starmie-ex;dragapult-ex;0;2;0;2;0.0;mitUnentschieden
6a9cdee2ab080c8c957fb8ae;2026-09-06;TEF-PBL;dragapult-ex;mega-starmie-ex;2;0;0;2;1.0;mitUnentschieden
6a9cdee2ab080c8c957fb8ae;2026-09-06;TEF-PBL;dragapult-blaziken;ogerpon-meganium-arboliva;0;2;0;2;0.0;mitUnentschieden
6a9cdee2ab080c8c957fb8ae;2026-09-06;TEF-PBL;ogerpon-meganium-arboliva;dragapult-blaziken;2;0;0;2;1.0;mitUnentschieden
6a9cdee2ab080c8c957fb8ae;2026-09-06;TEF-PBL;dragapult-iron-thorns;dragapult-dudunsparce;0;1;0;1;0.0;mitUnentschieden
6a9cdee2ab080c8c957fb8ae;2026-09-06;TEF-PBL;dragapult-dudunsparce;dragapult-iron-thorns;1;0;0;1;1.0;mitUnentschieden
6a9cdee2ab080c8c957fb8ae;2026-09-06;TEF-PBL;basic-box-m;slowking-scr;1;2;0;3;0.333333;mitUnentschieden
6a9cdee2ab080c8c957fb8ae;2026-09-06;TEF-PBL;slowking-scr;basic-box-m;1;2;0;3;0.333333;mitUnentschieden
6a9cdee2ab080c8c957fb8ae;2026-09-06;TEF-PBL;dragapult-dusknoir;dhelmise-pbl;1;1;0;2;0.5;mitUnentschieden
6a9cdee2ab080c8c957fb8ae;2026-09-06;TEF-PBL;dhelmise-pbl;dragapult-dusknoir;1;1;0;2;0.5;mitUnentschieden
6a9cdee2ab080c8c957fb8ae;2026-09-06;TEF-PBL;clefairy-ogerpon;dragapult-dusknoir;2;0;0;2;1.0;mitUnentschieden
6a9cdee2ab080c8c957fb8ae;2026-09-06;TEF-PBL;dragapult-dusknoir;clefairy-ogerpon;0;2;0;2;0.0;mitUnentschieden
6a9cdee2ab080c8c957fb8ae;2026-09-06;TEF-PBL;basic-box-m;dragapult-blaziken;2;2;0;4;0.5;mitUnentschieden
6a9cdee2ab080c8c957fb8ae;2026-09-06;TEF-PBL;dragapult-blaziken;basic-box-m;1;3;0;4;0.25;mitUnentschieden
6a9cdee2ab080c8c957fb8ae;2026-09-06;TEF-PBL;ogerpon-meganium-hydrapple;dragapult-ex;1;1;0;2;0.5;mitUnentschieden
6a9cdee2ab080c8c957fb8ae;2026-09-06;TEF-PBL;dragapult-ex;ogerpon-meganium-hydrapple;1;1;0;2;0.5;mitUnentschieden
6a9cdee2ab080c8c957fb8ae;2026-09-06;TEF-PBL;crustle-dri;lucario-hariyama;0;2;0;2;0.0;mitUnentschieden
6a9cdee2ab080c8c957fb8ae;2026-09-06;TEF-PBL;lucario-hariyama;crustle-dri;2;0;0;2;1.0;mitUnentschieden
6a9cdee2ab080c8c957fb8ae;2026-09-06;TEF-PBL;mega-excadrill-ex;dhelmise-pbl;0;1;0;1;0.0;mitUnentschieden
6a9cdee2ab080c8c957fb8ae;2026-09-06;TEF-PBL;dhelmise-pbl;mega-excadrill-ex;1;0;0;1;1.0;mitUnentschieden
6a9cdee2ab080c8c957fb8ae;2026-09-06;TEF-PBL;alakazam-dudunsparce;alakazam-dudunsparce;2;2;0;4;0.5;mitUnentschieden
6a9cdee2ab080c8c957fb8ae;2026-09-06;TEF-PBL;dragapult-dusknoir;alakazam-dusknoir;2;0;0;2;1.0;mitUnentschieden
6a9cdee2ab080c8c957fb8ae;2026-09-06;TEF-PBL;alakazam-dusknoir;dragapult-dusknoir;0;2;0;2;0.0;mitUnentschieden
6a9cdee2ab080c8c957fb8ae;2026-09-06;TEF-PBL;mega-starmie-ex;n-zoroark;1;0;0;1;1.0;mitUnentschieden
6a9cdee2ab080c8c957fb8ae;2026-09-06;TEF-PBL;n-zoroark;mega-starmie-ex;0;1;0;1;0.0;mitUnentschieden
6a9cdee2ab080c8c957fb8ae;2026-09-06;TEF-PBL;bronzong-tef;seaking-pre;1;0;0;1;1.0;mitUnentschieden
6a9cdee2ab080c8c957fb8ae;2026-09-06;TEF-PBL;seaking-pre;bronzong-tef;0;1;0;1;0.0;mitUnentschieden
6a9cdee2ab080c8c957fb8ae;2026-09-06;TEF-PBL;dragapult-dusknoir;lucario-hariyama;0;4;0;4;0.0;mitUnentschieden
6a9cdee2ab080c8c957fb8ae;2026-09-06;TEF-PBL;lucario-hariyama;dragapult-dusknoir;4;0;0;4;1.0;mitUnentschieden
6a9cdee2ab080c8c957fb8ae;2026-09-06;TEF-PBL;n-zoroark;starmie-dusknoir;1;0;0;1;1.0;mitUnentschieden
6a9cdee2ab080c8c957fb8ae;2026-09-06;TEF-PBL;starmie-dusknoir;n-zoroark;0;1;0;1;0.0;mitUnentschieden
6a9cdee2ab080c8c957fb8ae;2026-09-06;TEF-PBL;mega-excadrill-ex;dragapult-dusknoir;1;1;0;2;0.5;mitUnentschieden
6a9cdee2ab080c8c957fb8ae;2026-09-06;TEF-PBL;dragapult-dusknoir;mega-excadrill-ex;1;1;0;2;0.5;mitUnentschieden
6a9cdee2ab080c8c957fb8ae;2026-09-06;TEF-PBL;seaking-pre;crustle-dri;1;0;0;1;1.0;mitUnentschieden
6a9cdee2ab080c8c957fb8ae;2026-09-06;TEF-PBL;crustle-dri;seaking-pre;0;1;0;1;0.0;mitUnentschieden
6a9cdee2ab080c8c957fb8ae;2026-09-06;TEF-PBL;dragapult-ex;lopunny-dudunsparce;1;0;0;1;1.0;mitUnentschieden
6a9cdee2ab080c8c957fb8ae;2026-09-06;TEF-PBL;lopunny-dudunsparce;dragapult-ex;0;1;0;1;0.0;mitUnentschieden
6a9cdee2ab080c8c957fb8ae;2026-09-06;TEF-PBL;toucannon-pbl;dragapult-dudunsparce;0;1;0;1;0.0;mitUnentschieden
6a9cdee2ab080c8c957fb8ae;2026-09-06;TEF-PBL;dragapult-dudunsparce;toucannon-pbl;1;0;0;1;1.0;mitUnentschieden
6a9cdee2ab080c8c957fb8ae;2026-09-06;TEF-PBL;rockets-honchkrow;dhelmise-pbl;0;1;0;1;0.0;mitUnentschieden
6a9cdee2ab080c8c957fb8ae;2026-09-06;TEF-PBL;dhelmise-pbl;rockets-honchkrow;1;0;0;1;1.0;mitUnentschieden
6a9cdee2ab080c8c957fb8ae;2026-09-06;TEF-PBL;festival-lead;n-zoroark;0;2;0;2;0.0;mitUnentschieden
6a9cdee2ab080c8c957fb8ae;2026-09-06;TEF-PBL;n-zoroark;festival-lead;1;1;0;2;0.5;mitUnentschieden
6a9cdee2ab080c8c957fb8ae;2026-09-06;TEF-PBL;lucario-hariyama;starmie-froslass;0;1;0;1;0.0;mitUnentschieden
6a9cdee2ab080c8c957fb8ae;2026-09-06;TEF-PBL;starmie-froslass;lucario-hariyama;1;0;0;1;1.0;mitUnentschieden
6a9cdee2ab080c8c957fb8ae;2026-09-06;TEF-PBL;marnie-grimmsnarl-ex;slowking-scr;2;0;0;2;1.0;mitUnentschieden
6a9cdee2ab080c8c957fb8ae;2026-09-06;TEF-PBL;slowking-scr;marnie-grimmsnarl-ex;0;2;0;2;0.0;mitUnentschieden
6a9cdee2ab080c8c957fb8ae;2026-09-06;TEF-PBL;raging-bolt-ogerpon;slowking-scr;0;1;0;1;0.0;mitUnentschieden
6a9cdee2ab080c8c957fb8ae;2026-09-06;TEF-PBL;slowking-scr;raging-bolt-ogerpon;1;0;0;1;1.0;mitUnentschieden
6a9cdee2ab080c8c957fb8ae;2026-09-06;TEF-PBL;cinccino-ex;lopunny-dusknoir;1;0;0;1;1.0;mitUnentschieden
6a9cdee2ab080c8c957fb8ae;2026-09-06;TEF-PBL;lopunny-dusknoir;cinccino-ex;0;1;0;1;0.0;mitUnentschieden
6a9cdee2ab080c8c957fb8ae;2026-09-06;TEF-PBL;basic-box-m;dragapult-dusknoir;1;3;0;4;0.25;mitUnentschieden
6a9cdee2ab080c8c957fb8ae;2026-09-06;TEF-PBL;dragapult-dusknoir;basic-box-m;3;1;0;4;0.75;mitUnentschieden
6a9cdee2ab080c8c957fb8ae;2026-09-06;TEF-PBL;toxtricity-pfl;ogerpon-meganium-arboliva;0;1;0;1;0.0;mitUnentschieden
6a9cdee2ab080c8c957fb8ae;2026-09-06;TEF-PBL;ogerpon-meganium-arboliva;toxtricity-pfl;1;0;0;1;1.0;mitUnentschieden
6a9cdee2ab080c8c957fb8ae;2026-09-06;TEF-PBL;lucario-hariyama;alakazam-dusknoir;1;1;0;2;0.5;mitUnentschieden
6a9cdee2ab080c8c957fb8ae;2026-09-06;TEF-PBL;alakazam-dusknoir;lucario-hariyama;1;1;0;2;0.5;mitUnentschieden
6a9cdee2ab080c8c957fb8ae;2026-09-06;TEF-PBL;dragapult-ex;seaking-pre;0;1;0;1;0.0;mitUnentschieden
6a9cdee2ab080c8c957fb8ae;2026-09-06;TEF-PBL;seaking-pre;dragapult-ex;1;0;0;1;1.0;mitUnentschieden
6a9cdee2ab080c8c957fb8ae;2026-09-06;TEF-PBL;mega-lucario-ex;cynthia-garchomp-ex;0;1;0;1;0.0;mitUnentschieden
6a9cdee2ab080c8c957fb8ae;2026-09-06;TEF-PBL;cynthia-garchomp-ex;mega-lucario-ex;1;0;0;1;1.0;mitUnentschieden
6a9cdee2ab080c8c957fb8ae;2026-09-06;TEF-PBL;hop-zacian;slowking-scr;0;1;0;1;0.0;mitUnentschieden
6a9cdee2ab080c8c957fb8ae;2026-09-06;TEF-PBL;slowking-scr;hop-zacian;1;0;0;1;1.0;mitUnentschieden
6a9cdee2ab080c8c957fb8ae;2026-09-06;TEF-PBL;dragapult-blaziken;seaking-pre;1;0;0;1;1.0;mitUnentschieden
6a9cdee2ab080c8c957fb8ae;2026-09-06;TEF-PBL;seaking-pre;dragapult-blaziken;0;1;0;1;0.0;mitUnentschieden
6a9cdee2ab080c8c957fb8ae;2026-09-06;TEF-PBL;dragapult-dusknoir;slowking-scr;1;0;0;1;1.0;mitUnentschieden
6a9cdee2ab080c8c957fb8ae;2026-09-06;TEF-PBL;slowking-scr;dragapult-dusknoir;0;1;0;1;0.0;mitUnentschieden
6a9cdee2ab080c8c957fb8ae;2026-09-06;TEF-PBL;erikas-victreebel;azumarill-ssp;1;0;0;1;1.0;mitUnentschieden
6a9cdee2ab080c8c957fb8ae;2026-09-06;TEF-PBL;azumarill-ssp;erikas-victreebel;0;1;0;1;0.0;mitUnentschieden
6a9cdee2ab080c8c957fb8ae;2026-09-06;TEF-PBL;dragapult-blaziken;alakazam-dudunsparce;1;3;0;4;0.25;mitUnentschieden
6a9cdee2ab080c8c957fb8ae;2026-09-06;TEF-PBL;alakazam-dudunsparce;dragapult-blaziken;3;1;0;4;0.75;mitUnentschieden
6a9cdee2ab080c8c957fb8ae;2026-09-06;TEF-PBL;dragapult-blaziken;alakazam-dusknoir;1;1;0;2;0.5;mitUnentschieden
6a9cdee2ab080c8c957fb8ae;2026-09-06;TEF-PBL;alakazam-dusknoir;dragapult-blaziken;1;1;0;2;0.5;mitUnentschieden
6a9cdee2ab080c8c957fb8ae;2026-09-06;TEF-PBL;lucario-hariyama;lopunny-dudunsparce;0;1;0;1;0.0;mitUnentschieden
6a9cdee2ab080c8c957fb8ae;2026-09-06;TEF-PBL;lopunny-dudunsparce;lucario-hariyama;1;0;0;1;1.0;mitUnentschieden
6a9cdee2ab080c8c957fb8ae;2026-09-06;TEF-PBL;toxtricity-box;dragapult-blaziken;1;1;1;3;0.333333;mitUnentschieden
6a9cdee2ab080c8c957fb8ae;2026-09-06;TEF-PBL;dragapult-blaziken;toxtricity-box;1;1;1;3;0.333333;mitUnentschieden
6a9cdee2ab080c8c957fb8ae;2026-09-06;TEF-PBL;cynthia-garchomp-ex;lucario-hariyama;0;2;0;2;0.0;mitUnentschieden
6a9cdee2ab080c8c957fb8ae;2026-09-06;TEF-PBL;lucario-hariyama;cynthia-garchomp-ex;2;0;0;2;1.0;mitUnentschieden
6a9cdee2ab080c8c957fb8ae;2026-09-06;TEF-PBL;slowking-scr;ogerpon-meganium-arboliva;0;1;0;1;0.0;mitUnentschieden
6a9cdee2ab080c8c957fb8ae;2026-09-06;TEF-PBL;ogerpon-meganium-arboliva;slowking-scr;1;0;0;1;1.0;mitUnentschieden
6a9cdee2ab080c8c957fb8ae;2026-09-06;TEF-PBL;n-zoroark;toxtricity-box;0;1;0;1;0.0;mitUnentschieden
6a9cdee2ab080c8c957fb8ae;2026-09-06;TEF-PBL;toxtricity-box;n-zoroark;1;0;0;1;1.0;mitUnentschieden
6a9cdee2ab080c8c957fb8ae;2026-09-06;TEF-PBL;alakazam-dudunsparce;mega-starmie-ex;0;1;0;1;0.0;mitUnentschieden
6a9cdee2ab080c8c957fb8ae;2026-09-06;TEF-PBL;mega-starmie-ex;alakazam-dudunsparce;1;0;0;1;1.0;mitUnentschieden
6a9cdee2ab080c8c957fb8ae;2026-09-06;TEF-PBL;beedrill-ex-cri;lucario-hariyama;1;0;0;1;1.0;mitUnentschieden
6a9cdee2ab080c8c957fb8ae;2026-09-06;TEF-PBL;lucario-hariyama;beedrill-ex-cri;0;1;0;1;0.0;mitUnentschieden
6a9cdee2ab080c8c957fb8ae;2026-09-06;TEF-PBL;cynthia-garchomp-ex;crustle-dri;1;1;0;2;0.5;mitUnentschieden
6a9cdee2ab080c8c957fb8ae;2026-09-06;TEF-PBL;crustle-dri;cynthia-garchomp-ex;1;1;0;2;0.5;mitUnentschieden
6a9cdee2ab080c8c957fb8ae;2026-09-06;TEF-PBL;bronzong-tef;tyranitar-jtg;0;1;0;1;0.0;mitUnentschieden
6a9cdee2ab080c8c957fb8ae;2026-09-06;TEF-PBL;tyranitar-jtg;bronzong-tef;1;0;0;1;1.0;mitUnentschieden
6a9cdee2ab080c8c957fb8ae;2026-09-06;TEF-PBL;cynthia-garchomp-ex;dragapult-dudunsparce;1;0;0;1;1.0;mitUnentschieden
6a9cdee2ab080c8c957fb8ae;2026-09-06;TEF-PBL;dragapult-dudunsparce;cynthia-garchomp-ex;0;1;0;1;0.0;mitUnentschieden
6a9cdee2ab080c8c957fb8ae;2026-09-06;TEF-PBL;dhelmise-pbl;lucario-hariyama;1;1;0;2;0.5;mitUnentschieden
6a9cdee2ab080c8c957fb8ae;2026-09-06;TEF-PBL;lucario-hariyama;dhelmise-pbl;1;1;0;2;0.5;mitUnentschieden
6a9cdee2ab080c8c957fb8ae;2026-09-06;TEF-PBL;dragapult-ex;dhelmise-pbl;3;4;0;7;0.428571;mitUnentschieden
6a9cdee2ab080c8c957fb8ae;2026-09-06;TEF-PBL;dhelmise-pbl;dragapult-ex;4;3;0;7;0.571429;mitUnentschieden
6a9cdee2ab080c8c957fb8ae;2026-09-06;TEF-PBL;seaking-pre;mega-excadrill-ex;1;0;0;1;1.0;mitUnentschieden
6a9cdee2ab080c8c957fb8ae;2026-09-06;TEF-PBL;mega-excadrill-ex;seaking-pre;0;1;0;1;0.0;mitUnentschieden
6a9cdee2ab080c8c957fb8ae;2026-09-06;TEF-PBL;ogerpon-meganium-arboliva;starmie-froslass;1;0;0;1;1.0;mitUnentschieden
6a9cdee2ab080c8c957fb8ae;2026-09-06;TEF-PBL;starmie-froslass;ogerpon-meganium-arboliva;0;1;0;1;0.0;mitUnentschieden
6a9cdee2ab080c8c957fb8ae;2026-09-06;TEF-PBL;dhelmise-pbl;lopunny-dudunsparce;0;1;0;1;0.0;mitUnentschieden
6a9cdee2ab080c8c957fb8ae;2026-09-06;TEF-PBL;lopunny-dudunsparce;dhelmise-pbl;1;0;0;1;1.0;mitUnentschieden
6a9cdee2ab080c8c957fb8ae;2026-09-06;TEF-PBL;dhelmise-pbl;alakazam-dusknoir;1;0;0;1;1.0;mitUnentschieden
6a9cdee2ab080c8c957fb8ae;2026-09-06;TEF-PBL;alakazam-dusknoir;dhelmise-pbl;0;1;0;1;0.0;mitUnentschieden
6a9cdee2ab080c8c957fb8ae;2026-09-06;TEF-PBL;raging-bolt-ogerpon;alakazam-dusknoir;0;1;0;1;0.0;mitUnentschieden
6a9cdee2ab080c8c957fb8ae;2026-09-06;TEF-PBL;alakazam-dusknoir;raging-bolt-ogerpon;1;0;0;1;1.0;mitUnentschieden
6a9cdee2ab080c8c957fb8ae;2026-09-06;TEF-PBL;dragapult-blaziken;lucario-hariyama;3;2;0;5;0.6;mitUnentschieden
6a9cdee2ab080c8c957fb8ae;2026-09-06;TEF-PBL;lucario-hariyama;dragapult-blaziken;2;3;0;5;0.4;mitUnentschieden
6a9cdee2ab080c8c957fb8ae;2026-09-06;TEF-PBL;dragapult-dudunsparce;toxtricity-box;0;1;0;1;0.0;mitUnentschieden
6a9cdee2ab080c8c957fb8ae;2026-09-06;TEF-PBL;toxtricity-box;dragapult-dudunsparce;1;0;0;1;1.0;mitUnentschieden
6a9cdee2ab080c8c957fb8ae;2026-09-06;TEF-PBL;ogerpon-meganium-arboliva;dragapult-ex;0;2;0;2;0.0;mitUnentschieden
6a9cdee2ab080c8c957fb8ae;2026-09-06;TEF-PBL;dragapult-ex;ogerpon-meganium-arboliva;2;0;0;2;1.0;mitUnentschieden
6a9cdee2ab080c8c957fb8ae;2026-09-06;TEF-PBL;dragapult-blaziken;starmie-dusknoir;0;1;0;1;0.0;mitUnentschieden
6a9cdee2ab080c8c957fb8ae;2026-09-06;TEF-PBL;starmie-dusknoir;dragapult-blaziken;1;0;0;1;1.0;mitUnentschieden
6a9cdee2ab080c8c957fb8ae;2026-09-06;TEF-PBL;n-zoroark;seaking-pre;1;0;0;1;1.0;mitUnentschieden
6a9cdee2ab080c8c957fb8ae;2026-09-06;TEF-PBL;seaking-pre;n-zoroark;0;1;0;1;0.0;mitUnentschieden
6a9cdee2ab080c8c957fb8ae;2026-09-06;TEF-PBL;crustle-dri;cinccino-ex;1;0;0;1;1.0;mitUnentschieden
6a9cdee2ab080c8c957fb8ae;2026-09-06;TEF-PBL;cinccino-ex;crustle-dri;0;1;0;1;0.0;mitUnentschieden
6a9cdee2ab080c8c957fb8ae;2026-09-06;TEF-PBL;dragapult-dusknoir;crustle-dri;0;1;0;1;0.0;mitUnentschieden
6a9cdee2ab080c8c957fb8ae;2026-09-06;TEF-PBL;crustle-dri;dragapult-dusknoir;1;0;0;1;1.0;mitUnentschieden
6a9cdee2ab080c8c957fb8ae;2026-09-06;TEF-PBL;dragapult-dusknoir;erikas-victreebel;2;1;0;3;0.666667;mitUnentschieden
6a9cdee2ab080c8c957fb8ae;2026-09-06;TEF-PBL;erikas-victreebel;dragapult-dusknoir;1;2;0;3;0.333333;mitUnentschieden
6a9cdee2ab080c8c957fb8ae;2026-09-06;TEF-PBL;dragapult-blaziken;mega-lucario-ex;1;0;0;1;1.0;mitUnentschieden
6a9cdee2ab080c8c957fb8ae;2026-09-06;TEF-PBL;mega-lucario-ex;dragapult-blaziken;0;1;0;1;0.0;mitUnentschieden
6a9cdee2ab080c8c957fb8ae;2026-09-06;TEF-PBL;toxtricity-box;ursaluna-lunatone;1;0;0;1;1.0;mitUnentschieden
6a9cdee2ab080c8c957fb8ae;2026-09-06;TEF-PBL;ursaluna-lunatone;toxtricity-box;0;1;0;1;0.0;mitUnentschieden
6a9cdee2ab080c8c957fb8ae;2026-09-06;TEF-PBL;mega-lucario-ex;dragapult-ex;2;2;0;4;0.5;mitUnentschieden
6a9cdee2ab080c8c957fb8ae;2026-09-06;TEF-PBL;dragapult-ex;mega-lucario-ex;2;2;0;4;0.5;mitUnentschieden
6a9cdee2ab080c8c957fb8ae;2026-09-06;TEF-PBL;dragapult-blaziken;toucannon-pbl;1;1;0;2;0.5;mitUnentschieden
6a9cdee2ab080c8c957fb8ae;2026-09-06;TEF-PBL;toucannon-pbl;dragapult-blaziken;1;1;0;2;0.5;mitUnentschieden
6a9cdee2ab080c8c957fb8ae;2026-09-06;TEF-PBL;mega-excadrill-ex;slowking-scr;0;1;0;1;0.0;mitUnentschieden
6a9cdee2ab080c8c957fb8ae;2026-09-06;TEF-PBL;slowking-scr;mega-excadrill-ex;1;0;0;1;1.0;mitUnentschieden
6a9cdee2ab080c8c957fb8ae;2026-09-06;TEF-PBL;azumarill-ssp;lucario-hariyama;0;1;0;1;0.0;mitUnentschieden
6a9cdee2ab080c8c957fb8ae;2026-09-06;TEF-PBL;lucario-hariyama;azumarill-ssp;0;1;0;1;0.0;mitUnentschieden
6a9cdee2ab080c8c957fb8ae;2026-09-06;TEF-PBL;festival-lead;lucario-hariyama;0;1;0;1;0.0;mitUnentschieden
6a9cdee2ab080c8c957fb8ae;2026-09-06;TEF-PBL;lucario-hariyama;festival-lead;1;0;0;1;1.0;mitUnentschieden
6a9cdee2ab080c8c957fb8ae;2026-09-06;TEF-PBL;alakazam-dudunsparce;toxtricity-pfl;0;1;0;1;0.0;mitUnentschieden
6a9cdee2ab080c8c957fb8ae;2026-09-06;TEF-PBL;toxtricity-pfl;alakazam-dudunsparce;0;1;0;1;0.0;mitUnentschieden
6a9cdee2ab080c8c957fb8ae;2026-09-06;TEF-PBL;mega-excadrill-ex;ogerpon-meganium-hydrapple;1;0;0;1;1.0;mitUnentschieden
6a9cdee2ab080c8c957fb8ae;2026-09-06;TEF-PBL;ogerpon-meganium-hydrapple;mega-excadrill-ex;0;1;0;1;0.0;mitUnentschieden
6a9cdee2ab080c8c957fb8ae;2026-09-06;TEF-PBL;lucario-hariyama;mega-lucario-ex;0;2;0;2;0.0;mitUnentschieden
6a9cdee2ab080c8c957fb8ae;2026-09-06;TEF-PBL;mega-lucario-ex;lucario-hariyama;1;1;0;2;0.5;mitUnentschieden
6a9cdee2ab080c8c957fb8ae;2026-09-06;TEF-PBL;toxtricity-box;beedrill-ex-cri;1;0;0;1;1.0;mitUnentschieden
6a9cdee2ab080c8c957fb8ae;2026-09-06;TEF-PBL;beedrill-ex-cri;toxtricity-box;0;1;0;1;0.0;mitUnentschieden
6a9cdee2ab080c8c957fb8ae;2026-09-06;TEF-PBL;dragapult-dusknoir;ogerpon-meganium-arboliva;0;1;0;1;0.0;mitUnentschieden
6a9cdee2ab080c8c957fb8ae;2026-09-06;TEF-PBL;ogerpon-meganium-arboliva;dragapult-dusknoir;1;0;0;1;1.0;mitUnentschieden
6a9cdee2ab080c8c957fb8ae;2026-09-06;TEF-PBL;dragapult-ex;clefairy-ogerpon;1;0;0;1;1.0;mitUnentschieden
6a9cdee2ab080c8c957fb8ae;2026-09-06;TEF-PBL;clefairy-ogerpon;dragapult-ex;0;1;0;1;0.0;mitUnentschieden
6a9cdee2ab080c8c957fb8ae;2026-09-06;TEF-PBL;lucario-hariyama;tyranitar-jtg;1;0;0;1;1.0;mitUnentschieden
6a9cdee2ab080c8c957fb8ae;2026-09-06;TEF-PBL;tyranitar-jtg;lucario-hariyama;0;1;0;1;0.0;mitUnentschieden
6a9cdee2ab080c8c957fb8ae;2026-09-06;TEF-PBL;slowking-scr;dragapult-ex;0;3;0;3;0.0;mitUnentschieden
6a9cdee2ab080c8c957fb8ae;2026-09-06;TEF-PBL;dragapult-ex;slowking-scr;2;1;0;3;0.666667;mitUnentschieden
6a9cdee2ab080c8c957fb8ae;2026-09-06;TEF-PBL;alakazam-dudunsparce;dragapult-dudunsparce;0;1;0;1;0.0;mitUnentschieden
6a9cdee2ab080c8c957fb8ae;2026-09-06;TEF-PBL;dragapult-dudunsparce;alakazam-dudunsparce;1;0;0;1;1.0;mitUnentschieden
6a9cdee2ab080c8c957fb8ae;2026-09-06;TEF-PBL;dragapult-blaziken;mega-excadrill-ex;1;0;0;1;1.0;mitUnentschieden
6a9cdee2ab080c8c957fb8ae;2026-09-06;TEF-PBL;mega-excadrill-ex;dragapult-blaziken;0;1;0;1;0.0;mitUnentschieden
6a9cdee2ab080c8c957fb8ae;2026-09-06;TEF-PBL;slowking-scr;greninja-ex;0;1;0;1;0.0;mitUnentschieden
6a9cdee2ab080c8c957fb8ae;2026-09-06;TEF-PBL;greninja-ex;slowking-scr;1;0;0;1;1.0;mitUnentschieden
6a9cdee2ab080c8c957fb8ae;2026-09-06;TEF-PBL;dragapult-blaziken;cynthia-garchomp-ex;1;0;0;1;1.0;mitUnentschieden
6a9cdee2ab080c8c957fb8ae;2026-09-06;TEF-PBL;cynthia-garchomp-ex;dragapult-blaziken;0;1;0;1;0.0;mitUnentschieden
6a9cdee2ab080c8c957fb8ae;2026-09-06;TEF-PBL;ogerpon-meganium-arboliva;toxtricity-box;3;0;0;3;1.0;mitUnentschieden
6a9cdee2ab080c8c957fb8ae;2026-09-06;TEF-PBL;toxtricity-box;ogerpon-meganium-arboliva;0;3;0;3;0.0;mitUnentschieden
6a9cdee2ab080c8c957fb8ae;2026-09-06;TEF-PBL;seaking-pre;erikas-victreebel;0;2;0;2;0.0;mitUnentschieden
6a9cdee2ab080c8c957fb8ae;2026-09-06;TEF-PBL;erikas-victreebel;seaking-pre;2;0;0;2;1.0;mitUnentschieden
6a9cdee2ab080c8c957fb8ae;2026-09-06;TEF-PBL;crustle-dri;crustle-dri;1;1;0;2;0.5;mitUnentschieden
6a9cdee2ab080c8c957fb8ae;2026-09-06;TEF-PBL;dhelmise-pbl;n-zoroark;2;0;0;2;1.0;mitUnentschieden
6a9cdee2ab080c8c957fb8ae;2026-09-06;TEF-PBL;n-zoroark;dhelmise-pbl;0;2;0;2;0.0;mitUnentschieden
6a9cdee2ab080c8c957fb8ae;2026-09-06;TEF-PBL;dragapult-blaziken;starmie-froslass;1;0;0;1;1.0;mitUnentschieden
6a9cdee2ab080c8c957fb8ae;2026-09-06;TEF-PBL;starmie-froslass;dragapult-blaziken;0;1;0;1;0.0;mitUnentschieden
6a9cdee2ab080c8c957fb8ae;2026-09-06;TEF-PBL;lucario-hariyama;dragapult-ex;0;2;0;2;0.0;mitUnentschieden
6a9cdee2ab080c8c957fb8ae;2026-09-06;TEF-PBL;dragapult-ex;lucario-hariyama;2;0;0;2;1.0;mitUnentschieden
6a9cdee2ab080c8c957fb8ae;2026-09-06;TEF-PBL;dragapult-dudunsparce;mega-excadrill-ex;1;0;0;1;1.0;mitUnentschieden
6a9cdee2ab080c8c957fb8ae;2026-09-06;TEF-PBL;mega-excadrill-ex;dragapult-dudunsparce;0;1;0;1;0.0;mitUnentschieden
6a9cdee2ab080c8c957fb8ae;2026-09-06;TEF-PBL;mega-lucario-ex;slowking-scr;2;0;0;2;1.0;mitUnentschieden
6a9cdee2ab080c8c957fb8ae;2026-09-06;TEF-PBL;slowking-scr;mega-lucario-ex;0;2;0;2;0.0;mitUnentschieden
6a9cdee2ab080c8c957fb8ae;2026-09-06;TEF-PBL;n-zoroark;basic-box-m;2;0;0;2;1.0;mitUnentschieden
6a9cdee2ab080c8c957fb8ae;2026-09-06;TEF-PBL;basic-box-m;n-zoroark;0;2;0;2;0.0;mitUnentschieden
6a9cdee2ab080c8c957fb8ae;2026-09-06;TEF-PBL;slowking-scr;alakazam-dusknoir;0;1;0;1;0.0;mitUnentschieden
6a9cdee2ab080c8c957fb8ae;2026-09-06;TEF-PBL;alakazam-dusknoir;slowking-scr;1;0;0;1;1.0;mitUnentschieden
6a9cdee2ab080c8c957fb8ae;2026-09-06;TEF-PBL;azumarill-ssp;toucannon-pbl;0;1;0;1;0.0;mitUnentschieden
6a9cdee2ab080c8c957fb8ae;2026-09-06;TEF-PBL;toucannon-pbl;azumarill-ssp;1;0;0;1;1.0;mitUnentschieden
6a9cdee2ab080c8c957fb8ae;2026-09-06;TEF-PBL;lucario-hariyama;toxtricity-pfl;0;1;0;1;0.0;mitUnentschieden
6a9cdee2ab080c8c957fb8ae;2026-09-06;TEF-PBL;toxtricity-pfl;lucario-hariyama;0;1;0;1;0.0;mitUnentschieden
6a9cdee2ab080c8c957fb8ae;2026-09-06;TEF-PBL;seaking-pre;mega-lucario-ex;1;1;0;2;0.5;mitUnentschieden
6a9cdee2ab080c8c957fb8ae;2026-09-06;TEF-PBL;mega-lucario-ex;seaking-pre;0;2;0;2;0.0;mitUnentschieden
6a9cdee2ab080c8c957fb8ae;2026-09-06;TEF-PBL;lucario-hariyama;ursaluna-lunatone;0;1;0;1;0.0;mitUnentschieden
6a9cdee2ab080c8c957fb8ae;2026-09-06;TEF-PBL;ursaluna-lunatone;lucario-hariyama;0;1;0;1;0.0;mitUnentschieden
6a9cdee2ab080c8c957fb8ae;2026-09-06;TEF-PBL;mega-lucario-ex;festival-lead;1;1;0;2;0.5;mitUnentschieden
6a9cdee2ab080c8c957fb8ae;2026-09-06;TEF-PBL;festival-lead;mega-lucario-ex;0;2;0;2;0.0;mitUnentschieden
6a9cdee2ab080c8c957fb8ae;2026-09-06;TEF-PBL;alakazam-dudunsparce;mega-lucario-ex;1;2;0;3;0.333333;mitUnentschieden
6a9cdee2ab080c8c957fb8ae;2026-09-06;TEF-PBL;mega-lucario-ex;alakazam-dudunsparce;1;2;0;3;0.333333;mitUnentschieden
6a9cdee2ab080c8c957fb8ae;2026-09-06;TEF-PBL;cynthia-garchomp-ex;ogerpon-meganium-hydrapple;0;1;0;1;0.0;mitUnentschieden
6a9cdee2ab080c8c957fb8ae;2026-09-06;TEF-PBL;ogerpon-meganium-hydrapple;cynthia-garchomp-ex;1;0;0;1;1.0;mitUnentschieden
6a9cdee2ab080c8c957fb8ae;2026-09-06;TEF-PBL;dragapult-dudunsparce;dhelmise-pbl;1;0;0;1;1.0;mitUnentschieden
6a9cdee2ab080c8c957fb8ae;2026-09-06;TEF-PBL;dhelmise-pbl;dragapult-dudunsparce;0;1;0;1;0.0;mitUnentschieden
6a9cdee2ab080c8c957fb8ae;2026-09-06;TEF-PBL;alakazam-dudunsparce;dhelmise-pbl;1;1;0;2;0.5;mitUnentschieden
6a9cdee2ab080c8c957fb8ae;2026-09-06;TEF-PBL;dhelmise-pbl;alakazam-dudunsparce;1;1;0;2;0.5;mitUnentschieden
6a9cdee2ab080c8c957fb8ae;2026-09-06;TEF-PBL;tyranitar-jtg;cynthia-garchomp-ex;0;1;0;1;0.0;mitUnentschieden
6a9cdee2ab080c8c957fb8ae;2026-09-06;TEF-PBL;cynthia-garchomp-ex;tyranitar-jtg;1;0;0;1;1.0;mitUnentschieden
6a9cdee2ab080c8c957fb8ae;2026-09-06;TEF-PBL;greninja-ex;seaking-pre;1;0;0;1;1.0;mitUnentschieden
6a9cdee2ab080c8c957fb8ae;2026-09-06;TEF-PBL;seaking-pre;greninja-ex;0;1;0;1;0.0;mitUnentschieden
6a9cdee2ab080c8c957fb8ae;2026-09-06;TEF-PBL;crustle-dri;clefairy-ogerpon;1;0;0;1;1.0;mitUnentschieden
6a9cdee2ab080c8c957fb8ae;2026-09-06;TEF-PBL;clefairy-ogerpon;crustle-dri;0;1;0;1;0.0;mitUnentschieden
6a9cdee2ab080c8c957fb8ae;2026-09-06;TEF-PBL;ogerpon-meganium-hydrapple;crustle-dri;1;0;0;1;1.0;mitUnentschieden
6a9cdee2ab080c8c957fb8ae;2026-09-06;TEF-PBL;crustle-dri;ogerpon-meganium-hydrapple;0;1;0;1;0.0;mitUnentschieden
6a9cdee2ab080c8c957fb8ae;2026-09-06;TEF-PBL;marnie-grimmsnarl-ex;beedrill-ex-cri;0;1;0;1;0.0;mitUnentschieden
6a9cdee2ab080c8c957fb8ae;2026-09-06;TEF-PBL;beedrill-ex-cri;marnie-grimmsnarl-ex;1;0;0;1;1.0;mitUnentschieden
6a9cdee2ab080c8c957fb8ae;2026-09-06;TEF-PBL;starmie-dusknoir;ogerpon-meganium-arboliva;0;1;0;1;0.0;mitUnentschieden
6a9cdee2ab080c8c957fb8ae;2026-09-06;TEF-PBL;ogerpon-meganium-arboliva;starmie-dusknoir;1;0;0;1;1.0;mitUnentschieden
6a9cdee2ab080c8c957fb8ae;2026-09-06;TEF-PBL;lopunny-dudunsparce;dragapult-blaziken;2;0;0;2;1.0;mitUnentschieden
6a9cdee2ab080c8c957fb8ae;2026-09-06;TEF-PBL;dragapult-blaziken;lopunny-dudunsparce;0;2;0;2;0.0;mitUnentschieden
6a9cdee2ab080c8c957fb8ae;2026-09-06;TEF-PBL;dragapult-dudunsparce;dragapult-ex;2;1;0;3;0.666667;mitUnentschieden
6a9cdee2ab080c8c957fb8ae;2026-09-06;TEF-PBL;dragapult-ex;dragapult-dudunsparce;1;2;0;3;0.333333;mitUnentschieden
6a9cdee2ab080c8c957fb8ae;2026-09-06;TEF-PBL;crustle-dri;alakazam-dusknoir;0;1;0;1;0.0;mitUnentschieden
6a9cdee2ab080c8c957fb8ae;2026-09-06;TEF-PBL;alakazam-dusknoir;crustle-dri;1;0;0;1;1.0;mitUnentschieden
6a9cdee2ab080c8c957fb8ae;2026-09-06;TEF-PBL;mega-lucario-ex;crustle-dri;0;1;0;1;0.0;mitUnentschieden
6a9cdee2ab080c8c957fb8ae;2026-09-06;TEF-PBL;crustle-dri;mega-lucario-ex;1;0;0;1;1.0;mitUnentschieden
6a9cdee2ab080c8c957fb8ae;2026-09-06;TEF-PBL;n-zoroark;toucannon-pbl;1;0;0;1;1.0;mitUnentschieden
6a9cdee2ab080c8c957fb8ae;2026-09-06;TEF-PBL;toucannon-pbl;n-zoroark;0;1;0;1;0.0;mitUnentschieden
6a9cdee2ab080c8c957fb8ae;2026-09-06;TEF-PBL;mega-lucario-ex;azumarill-ssp;1;1;0;2;0.5;mitUnentschieden
6a9cdee2ab080c8c957fb8ae;2026-09-06;TEF-PBL;azumarill-ssp;mega-lucario-ex;0;2;0;2;0.0;mitUnentschieden
6a9cdee2ab080c8c957fb8ae;2026-09-06;TEF-PBL;festival-lead;ursaluna-lunatone;0;2;0;2;0.0;mitUnentschieden
6a9cdee2ab080c8c957fb8ae;2026-09-06;TEF-PBL;ursaluna-lunatone;festival-lead;0;2;0;2;0.0;mitUnentschieden
6a9cdee2ab080c8c957fb8ae;2026-09-06;TEF-PBL;ogerpon-meganium-hydrapple;seaking-pre;0;1;0;1;0.0;mitUnentschieden
6a9cdee2ab080c8c957fb8ae;2026-09-06;TEF-PBL;seaking-pre;ogerpon-meganium-hydrapple;0;1;0;1;0.0;mitUnentschieden
6a9cdee2ab080c8c957fb8ae;2026-09-06;TEF-PBL;festival-lead;alakazam-dudunsparce;0;1;0;1;0.0;mitUnentschieden
6a9cdee2ab080c8c957fb8ae;2026-09-06;TEF-PBL;alakazam-dudunsparce;festival-lead;0;1;0;1;0.0;mitUnentschieden
6a9cdee2ab080c8c957fb8ae;2026-09-06;TEF-PBL;ogerpon-meganium-hydrapple;ogerpon-meganium-arboliva;1;0;0;1;1.0;mitUnentschieden
6a9cdee2ab080c8c957fb8ae;2026-09-06;TEF-PBL;ogerpon-meganium-arboliva;ogerpon-meganium-hydrapple;0;1;0;1;0.0;mitUnentschieden
6a9cdee2ab080c8c957fb8ae;2026-09-06;TEF-PBL;toxtricity-box;dragapult-dusknoir;1;0;0;1;1.0;mitUnentschieden
6a9cdee2ab080c8c957fb8ae;2026-09-06;TEF-PBL;dragapult-dusknoir;toxtricity-box;0;1;0;1;0.0;mitUnentschieden
6a9cdee2ab080c8c957fb8ae;2026-09-06;TEF-PBL;beedrill-ex-cri;crustle-dri;1;1;0;2;0.5;mitUnentschieden
6a9cdee2ab080c8c957fb8ae;2026-09-06;TEF-PBL;crustle-dri;beedrill-ex-cri;1;1;0;2;0.5;mitUnentschieden
6a9cdee2ab080c8c957fb8ae;2026-09-06;TEF-PBL;cynthia-garchomp-ex;greninja-ex;1;0;0;1;1.0;mitUnentschieden
6a9cdee2ab080c8c957fb8ae;2026-09-06;TEF-PBL;greninja-ex;cynthia-garchomp-ex;0;1;0;1;0.0;mitUnentschieden
6a9cdee2ab080c8c957fb8ae;2026-09-06;TEF-PBL;alakazam-dusknoir;n-zoroark;1;0;0;1;1.0;mitUnentschieden
6a9cdee2ab080c8c957fb8ae;2026-09-06;TEF-PBL;n-zoroark;alakazam-dusknoir;0;1;0;1;0.0;mitUnentschieden
6a9cdee2ab080c8c957fb8ae;2026-09-06;TEF-PBL;crustle-dri;alakazam-dudunsparce;1;0;0;1;1.0;mitUnentschieden
6a9cdee2ab080c8c957fb8ae;2026-09-06;TEF-PBL;alakazam-dudunsparce;crustle-dri;0;1;0;1;0.0;mitUnentschieden
6a9cdee2ab080c8c957fb8ae;2026-09-06;TEF-PBL;lucario-hariyama;clefairy-ogerpon;0;1;0;1;0.0;mitUnentschieden
6a9cdee2ab080c8c957fb8ae;2026-09-06;TEF-PBL;clefairy-ogerpon;lucario-hariyama;1;0;0;1;1.0;mitUnentschieden
6a9cdee2ab080c8c957fb8ae;2026-09-06;TEF-PBL;dragapult-dudunsparce;tyranitar-jtg;1;0;0;1;1.0;mitUnentschieden
6a9cdee2ab080c8c957fb8ae;2026-09-06;TEF-PBL;tyranitar-jtg;dragapult-dudunsparce;0;1;0;1;0.0;mitUnentschieden
6a9cdee2ab080c8c957fb8ae;2026-09-06;TEF-PBL;basic-box-m;crustle-dri;1;1;0;2;0.5;mitUnentschieden
6a9cdee2ab080c8c957fb8ae;2026-09-06;TEF-PBL;crustle-dri;basic-box-m;0;2;0;2;0.0;mitUnentschieden
6a9cdee2ab080c8c957fb8ae;2026-09-06;TEF-PBL;toxtricity-box;alakazam-dudunsparce;2;0;0;2;1.0;mitUnentschieden
6a9cdee2ab080c8c957fb8ae;2026-09-06;TEF-PBL;alakazam-dudunsparce;toxtricity-box;0;2;0;2;0.0;mitUnentschieden
6a9cdee2ab080c8c957fb8ae;2026-09-06;TEF-PBL;mega-lucario-ex;basic-box-m;0;1;0;1;0.0;mitUnentschieden
6a9cdee2ab080c8c957fb8ae;2026-09-06;TEF-PBL;basic-box-m;mega-lucario-ex;1;0;0;1;1.0;mitUnentschieden
6a9cdee2ab080c8c957fb8ae;2026-09-06;TEF-PBL;slowking-scr;dragapult-blaziken;0;1;0;1;0.0;mitUnentschieden
6a9cdee2ab080c8c957fb8ae;2026-09-06;TEF-PBL;dragapult-blaziken;slowking-scr;0;1;0;1;0.0;mitUnentschieden
6a9cdee2ab080c8c957fb8ae;2026-09-06;TEF-PBL;toucannon-pbl;lucario-hariyama;1;0;0;1;1.0;mitUnentschieden
6a9cdee2ab080c8c957fb8ae;2026-09-06;TEF-PBL;lucario-hariyama;toucannon-pbl;0;1;0;1;0.0;mitUnentschieden
6a9cdee2ab080c8c957fb8ae;2026-09-06;TEF-PBL;ogerpon-meganium-hydrapple;azumarill-ssp;0;1;0;1;0.0;mitUnentschieden
6a9cdee2ab080c8c957fb8ae;2026-09-06;TEF-PBL;azumarill-ssp;ogerpon-meganium-hydrapple;0;1;0;1;0.0;mitUnentschieden
6a9cdee2ab080c8c957fb8ae;2026-09-06;TEF-PBL;festival-lead;seaking-pre;0;2;0;2;0.0;mitUnentschieden
6a9cdee2ab080c8c957fb8ae;2026-09-06;TEF-PBL;seaking-pre;festival-lead;0;2;0;2;0.0;mitUnentschieden
6a9cdee2ab080c8c957fb8ae;2026-09-06;TEF-PBL;lopunny-dudunsparce;ogerpon-meganium-arboliva;0;1;0;1;0.0;mitUnentschieden
6a9cdee2ab080c8c957fb8ae;2026-09-06;TEF-PBL;ogerpon-meganium-arboliva;lopunny-dudunsparce;1;0;0;1;1.0;mitUnentschieden
6a9cdee2ab080c8c957fb8ae;2026-09-06;TEF-PBL;dragapult-dudunsparce;dragapult-dusknoir;2;0;0;2;1.0;mitUnentschieden
6a9cdee2ab080c8c957fb8ae;2026-09-06;TEF-PBL;dragapult-dusknoir;dragapult-dudunsparce;0;2;0;2;0.0;mitUnentschieden
6a9cdee2ab080c8c957fb8ae;2026-09-06;TEF-PBL;alakazam-dusknoir;clefairy-ogerpon;0;1;0;1;0.0;mitUnentschieden
6a9cdee2ab080c8c957fb8ae;2026-09-06;TEF-PBL;clefairy-ogerpon;alakazam-dusknoir;1;0;0;1;1.0;mitUnentschieden
6a9cdee2ab080c8c957fb8ae;2026-09-06;TEF-PBL;greninja-ex;erikas-victreebel;0;1;0;1;0.0;mitUnentschieden
6a9cdee2ab080c8c957fb8ae;2026-09-06;TEF-PBL;erikas-victreebel;greninja-ex;1;0;0;1;1.0;mitUnentschieden
6a9cdee2ab080c8c957fb8ae;2026-09-06;TEF-PBL;ogerpon-meganium-arboliva;dhelmise-pbl;0;1;0;1;0.0;mitUnentschieden
6a9cdee2ab080c8c957fb8ae;2026-09-06;TEF-PBL;dhelmise-pbl;ogerpon-meganium-arboliva;1;0;0;1;1.0;mitUnentschieden
6a9cdee2ab080c8c957fb8ae;2026-09-06;TEF-PBL;cynthia-garchomp-ex;dhelmise-pbl;1;0;0;1;1.0;mitUnentschieden
6a9cdee2ab080c8c957fb8ae;2026-09-06;TEF-PBL;dhelmise-pbl;cynthia-garchomp-ex;0;1;0;1;0.0;mitUnentschieden
6a9cdee2ab080c8c957fb8ae;2026-09-06;TEF-PBL;toucannon-pbl;alakazam-dudunsparce;0;1;0;1;0.0;mitUnentschieden
6a9cdee2ab080c8c957fb8ae;2026-09-06;TEF-PBL;alakazam-dudunsparce;toucannon-pbl;0;1;0;1;0.0;mitUnentschieden
6a9cdee2ab080c8c957fb8ae;2026-09-06;TEF-PBL;ursaluna-lunatone;alakazam-dudunsparce;0;1;0;1;0.0;mitUnentschieden
6a9cdee2ab080c8c957fb8ae;2026-09-06;TEF-PBL;alakazam-dudunsparce;ursaluna-lunatone;0;1;0;1;0.0;mitUnentschieden
6a9cdee2ab080c8c957fb8ae;2026-09-06;TEF-PBL;ogerpon-meganium-arboliva;dragapult-dudunsparce;0;0;1;1;0.0;mitUnentschieden
6a9cdee2ab080c8c957fb8ae;2026-09-06;TEF-PBL;dragapult-dudunsparce;ogerpon-meganium-arboliva;0;0;1;1;0.0;mitUnentschieden
6a9cdee2ab080c8c957fb8ae;2026-09-06;TEF-PBL;toxtricity-box;cynthia-garchomp-ex;1;0;0;1;1.0;mitUnentschieden
6a9cdee2ab080c8c957fb8ae;2026-09-06;TEF-PBL;cynthia-garchomp-ex;toxtricity-box;0;1;0;1;0.0;mitUnentschieden
6a9cdee2ab080c8c957fb8ae;2026-09-06;TEF-PBL;beedrill-ex-cri;lopunny-dudunsparce;1;0;0;1;1.0;mitUnentschieden
6a9cdee2ab080c8c957fb8ae;2026-09-06;TEF-PBL;lopunny-dudunsparce;beedrill-ex-cri;0;1;0;1;0.0;mitUnentschieden
6a9cdee2ab080c8c957fb8ae;2026-09-06;TEF-PBL;alakazam-dudunsparce;clefairy-ogerpon;1;0;0;1;1.0;mitUnentschieden
6a9cdee2ab080c8c957fb8ae;2026-09-06;TEF-PBL;clefairy-ogerpon;alakazam-dudunsparce;0;1;0;1;0.0;mitUnentschieden
6a9cdee2ab080c8c957fb8ae;2026-09-06;TEF-PBL;cynthia-garchomp-ex;alakazam-dusknoir;1;0;0;1;1.0;mitUnentschieden
6a9cdee2ab080c8c957fb8ae;2026-09-06;TEF-PBL;alakazam-dusknoir;cynthia-garchomp-ex;0;1;0;1;0.0;mitUnentschieden
6a9cdee2ab080c8c957fb8ae;2026-09-06;TEF-PBL;seaking-pre;toxtricity-box;0;1;0;1;0.0;mitUnentschieden
6a9cdee2ab080c8c957fb8ae;2026-09-06;TEF-PBL;toxtricity-box;seaking-pre;1;0;0;1;1.0;mitUnentschieden
6a9cdee2ab080c8c957fb8ae;2026-09-06;TEF-PBL;greninja-ex;dragapult-blaziken;0;1;0;1;0.0;mitUnentschieden
6a9cdee2ab080c8c957fb8ae;2026-09-06;TEF-PBL;dragapult-blaziken;greninja-ex;0;1;0;1;0.0;mitUnentschieden
6a9cdee2ab080c8c957fb8ae;2026-09-06;TEF-PBL;basic-box-m;ursaluna-lunatone;0;1;0;1;0.0;mitUnentschieden
6a9cdee2ab080c8c957fb8ae;2026-09-06;TEF-PBL;ursaluna-lunatone;basic-box-m;0;1;0;1;0.0;mitUnentschieden
6a9cdee2ab080c8c957fb8ae;2026-09-06;TEF-PBL;festival-lead;azumarill-ssp;0;1;0;1;0.0;mitUnentschieden
6a9cdee2ab080c8c957fb8ae;2026-09-06;TEF-PBL;azumarill-ssp;festival-lead;0;1;0;1;0.0;mitUnentschieden
6a9cdee2ab080c8c957fb8ae;2026-09-06;TEF-PBL;seaking-pre;alakazam-dudunsparce;0;1;0;1;0.0;mitUnentschieden
6a9cdee2ab080c8c957fb8ae;2026-09-06;TEF-PBL;alakazam-dudunsparce;seaking-pre;0;1;0;1;0.0;mitUnentschieden
6a9cdee2ab080c8c957fb8ae;2026-09-06;TEF-PBL;lucario-hariyama;dragapult-dudunsparce;1;0;0;1;1.0;mitUnentschieden
6a9cdee2ab080c8c957fb8ae;2026-09-06;TEF-PBL;dragapult-dudunsparce;lucario-hariyama;0;1;0;1;0.0;mitUnentschieden
6a9cdee2ab080c8c957fb8ae;2026-09-06;TEF-PBL;ogerpon-meganium-arboliva;cynthia-garchomp-ex;1;0;0;1;1.0;mitUnentschieden
6a9cdee2ab080c8c957fb8ae;2026-09-06;TEF-PBL;cynthia-garchomp-ex;ogerpon-meganium-arboliva;0;1;0;1;0.0;mitUnentschieden
